claim_id,user_id,batch_id,store_id,claimed_at,channel_used,discount_at_claim_pct,fulfillment_type,completed,completed_at
CLM-0000005,USR-00220,BAT-000027,STR-001,2024-12-21T13:34:00,WhatsApp,10.0,delivery,True,2024-12-21T14:26:00
CLM-0000008,USR-00222,BAT-000161,STR-001,2024-10-09T15:05:00,WhatsApp,0.0,pickup,False,
CLM-0000013,USR-00207,BAT-000154,STR-001,2024-12-18T14:06:00,reply-YES,0.0,pickup,False,
CLM-0000039,USR-00371,BAT-000326,STR-001,2025-01-04T13:05:00,reply-YES,0.0,delivery,True,2025-01-04T13:29:00
CLM-0000075,USR-00189,BAT-000300,STR-001,2024-11-13T18:35:00,WhatsApp,0.0,pickup,True,2024-11-13T19:09:00
CLM-0000077,USR-00306,BAT-000214,STR-001,2024-10-25T15:17:00,WhatsApp,0.0,delivery,True,2024-10-25T16:30:00
CLM-0000091,USR-00251,BAT-000398,STR-001,2025-03-28T16:12:00,WhatsApp,0.0,delivery,True,2025-03-28T17:03:00
CLM-0000096,USR-00092,BAT-000208,STR-001,2025-03-14T15:28:00,SMS,0.0,delivery,True,2025-03-14T16:00:00
CLM-0000106,USR-00092,BAT-000189,STR-001,2024-11-15T10:13:00,SMS,0.0,pickup,True,2024-11-15T10:51:00
CLM-0000127,USR-00415,BAT-000261,STR-001,2025-01-25T16:04:00,reply-YES,0.0,delivery,True,2025-01-25T17:28:00
CLM-0000141,USR-00283,BAT-000192,STR-001,2025-03-04T13:02:00,SMS,0.0,pickup,False,
CLM-0000146,USR-00466,BAT-000190,STR-001,2025-01-23T20:14:00,WhatsApp,0.0,pickup,False,
CLM-0000153,USR-00271,BAT-000299,STR-001,2025-01-13T14:10:00,WhatsApp,26.9,delivery,True,2025-01-13T14:48:00
CLM-0000154,USR-00258,BAT-000221,STR-001,2025-03-06T15:05:00,reply-YES,0.0,pickup,True,2025-03-06T15:32:00
CLM-0000170,USR-00474,BAT-000417,STR-001,2024-10-31T11:07:00,WhatsApp,0.0,pickup,True,2024-10-31T11:34:00
CLM-0000172,USR-00081,BAT-000411,STR-001,2024-12-10T13:04:00,SMS,0.0,pickup,True,2024-12-10T14:14:00
CLM-0000173,USR-00189,BAT-000196,STR-001,2024-12-07T17:19:00,SMS,0.0,pickup,False,
CLM-0000194,USR-00096,BAT-000267,STR-001,2024-11-17T09:25:00,WhatsApp,0.0,delivery,False,
CLM-0000196,USR-00313,BAT-000312,STR-001,2025-03-31T20:13:00,WhatsApp,0.0,delivery,True,2025-03-31T21:07:00
CLM-0000202,USR-00037,BAT-000152,STR-001,2024-12-31T15:18:00,WhatsApp,22.0,pickup,False,
CLM-0000220,USR-00035,BAT-000062,STR-001,2024-11-14T20:03:00,reply-YES,10.0,delivery,True,2024-11-14T20:48:00
CLM-0000221,USR-00391,BAT-000163,STR-001,2025-01-29T16:30:00,SMS,0.0,delivery,False,
CLM-0000245,USR-00475,BAT-000310,STR-001,2025-03-24T15:02:00,WhatsApp,0.0,delivery,True,2025-03-24T16:50:00
CLM-0000253,USR-00267,BAT-000299,STR-001,2025-01-08T15:05:00,reply-YES,26.9,delivery,True,2025-01-08T15:32:00
CLM-0000255,USR-00147,BAT-000243,STR-001,2025-01-04T12:24:00,reply-YES,0.0,delivery,True,2025-01-04T13:03:00
CLM-0000269,USR-00160,BAT-000399,STR-001,2025-03-17T21:01:00,WhatsApp,0.0,pickup,False,
CLM-0000271,USR-00273,BAT-000335,STR-001,2025-02-15T21:40:00,SMS,0.0,delivery,False,
CLM-0000288,USR-00377,BAT-000214,STR-001,2024-11-02T11:10:00,SMS,0.0,pickup,False,
CLM-0000289,USR-00033,BAT-000449,STR-001,2024-10-16T18:14:00,WhatsApp,10.0,delivery,True,2024-10-16T20:11:00
CLM-0000296,USR-00052,BAT-000445,STR-001,2025-03-07T13:43:00,WhatsApp,33.0,delivery,True,2025-03-07T14:48:00
CLM-0000298,USR-00421,BAT-000210,STR-001,2025-01-27T12:07:00,SMS,0.0,pickup,True,2025-01-27T13:25:00
CLM-0000319,USR-00195,BAT-000280,STR-001,2025-03-17T18:04:00,SMS,22.6,delivery,True,2025-03-17T19:12:00
CLM-0000320,USR-00359,BAT-000290,STR-001,2025-03-16T09:12:00,reply-YES,0.0,delivery,True,2025-03-16T10:23:00
CLM-0000327,USR-00386,BAT-000105,STR-001,2025-02-14T14:15:00,reply-YES,0.0,delivery,True,2025-02-14T14:34:00
CLM-0000337,USR-00352,BAT-000244,STR-001,2024-11-24T12:03:00,SMS,0.0,pickup,True,2024-11-24T13:14:00
CLM-0000343,USR-00152,BAT-000252,STR-001,2025-02-16T19:19:00,SMS,0.0,delivery,True,2025-02-16T20:27:00
CLM-0000360,USR-00117,BAT-000249,STR-001,2024-12-03T17:10:00,WhatsApp,0.0,delivery,True,2024-12-03T18:26:00
CLM-0000390,USR-00190,BAT-000104,STR-001,2025-01-02T17:01:00,SMS,0.0,pickup,True,2025-01-02T17:55:00
CLM-0000397,USR-00031,BAT-000130,STR-001,2024-11-28T14:02:00,reply-YES,0.0,pickup,True,2024-11-28T14:52:00
CLM-0000412,USR-00091,BAT-000240,STR-001,2024-11-12T12:08:00,WhatsApp,0.0,pickup,True,2024-11-12T13:01:00
CLM-0000437,USR-00011,BAT-000429,STR-001,2025-01-26T19:21:00,WhatsApp,0.0,delivery,True,2025-01-26T19:43:00
CLM-0000445,USR-00495,BAT-000108,STR-001,2025-02-28T14:03:00,reply-YES,0.0,pickup,True,2025-02-28T15:05:00
CLM-0000449,USR-00180,BAT-000107,STR-001,2025-01-09T12:01:00,WhatsApp,10.0,pickup,False,
CLM-0000466,USR-00405,BAT-000389,STR-001,2025-03-18T10:12:00,reply-YES,0.0,delivery,True,2025-03-18T10:34:00
CLM-0000479,USR-00389,BAT-000354,STR-001,2025-03-27T19:07:00,SMS,10.0,pickup,True,2025-03-27T21:05:00
CLM-0000508,USR-00316,BAT-000127,STR-001,2024-11-15T13:12:00,WhatsApp,10.0,delivery,True,2024-11-15T14:13:00
CLM-0000512,USR-00288,BAT-000319,STR-001,2024-12-31T13:03:00,WhatsApp,0.0,pickup,True,2024-12-31T14:21:00
CLM-0000519,USR-00174,BAT-000169,STR-001,2024-12-12T20:02:00,SMS,0.0,pickup,True,2024-12-12T20:47:00
CLM-0000521,USR-00189,BAT-000327,STR-001,2025-02-24T17:25:00,WhatsApp,0.0,delivery,True,2025-02-24T18:11:00
CLM-0000533,USR-00328,BAT-000285,STR-001,2025-02-16T12:33:00,SMS,0.0,pickup,True,2025-02-16T14:29:00
CLM-0000584,USR-00403,BAT-000266,STR-001,2025-02-15T19:05:00,reply-YES,0.0,pickup,False,
CLM-0000593,USR-00179,BAT-000332,STR-001,2025-01-02T13:20:00,SMS,0.0,pickup,True,2025-01-02T13:59:00
CLM-0000599,USR-00315,BAT-000032,STR-001,2024-11-22T20:13:00,reply-YES,10.0,delivery,False,
CLM-0000602,USR-00281,BAT-000427,STR-001,2024-12-29T11:06:00,SMS,0.0,delivery,True,2024-12-29T12:35:00
CLM-0000613,USR-00291,BAT-000222,STR-001,2025-03-31T14:04:00,WhatsApp,0.0,pickup,False,
CLM-0000616,USR-00356,BAT-000239,STR-001,2025-03-14T18:27:00,SMS,0.0,delivery,False,
CLM-0000629,USR-00295,BAT-000151,STR-001,2025-03-02T13:04:00,WhatsApp,0.0,delivery,True,2025-03-02T15:00:00
CLM-0000634,USR-00003,BAT-000212,STR-001,2025-01-14T18:06:00,WhatsApp,23.0,delivery,True,2025-01-14T19:43:00
CLM-0000650,USR-00070,BAT-000346,STR-001,2025-02-28T21:34:00,WhatsApp,20.0,delivery,True,2025-02-28T23:24:00
CLM-0000670,USR-00092,BAT-000290,STR-001,2025-03-06T10:26:00,reply-YES,0.0,pickup,True,2025-03-06T10:47:00
CLM-0000717,USR-00336,BAT-000191,STR-001,2025-01-07T11:06:00,SMS,0.0,pickup,True,2025-01-07T12:27:00
CLM-0000725,USR-00394,BAT-000273,STR-001,2025-01-04T16:01:00,reply-YES,39.3,pickup,True,2025-01-04T17:21:00
CLM-0000740,USR-00497,BAT-000317,STR-001,2025-01-08T20:13:00,reply-YES,0.0,delivery,True,2025-01-08T21:52:00
CLM-0000748,USR-00429,BAT-000170,STR-001,2025-01-27T18:20:00,WhatsApp,0.0,pickup,True,2025-01-27T19:50:00
CLM-0000751,USR-00282,BAT-000174,STR-001,2024-11-13T15:14:00,SMS,0.0,delivery,True,2024-11-13T16:10:00
CLM-0000761,USR-00027,BAT-000271,STR-001,2025-01-13T11:02:00,SMS,0.0,pickup,True,2025-01-13T12:44:00
CLM-0000768,USR-00122,BAT-000280,STR-001,2025-03-23T19:12:00,SMS,22.6,delivery,True,2025-03-23T19:46:00
CLM-0000784,USR-00177,BAT-000152,STR-001,2025-01-17T21:01:00,SMS,22.0,pickup,True,2025-01-17T21:16:00
CLM-0000789,USR-00321,BAT-000224,STR-001,2025-01-30T18:05:00,SMS,0.0,pickup,True,2025-01-30T18:28:00
CLM-0000800,USR-00108,BAT-000417,STR-001,2024-10-28T09:01:00,SMS,0.0,pickup,False,
CLM-0000814,USR-00399,BAT-000188,STR-001,2024-11-24T11:09:00,reply-YES,0.0,delivery,False,
CLM-0000820,USR-00060,BAT-000263,STR-001,2024-12-05T09:08:00,WhatsApp,0.0,delivery,True,2024-12-05T10:39:00
CLM-0000821,USR-00136,BAT-000062,STR-001,2024-11-12T12:05:00,SMS,10.0,delivery,True,2024-11-12T13:41:00
CLM-0000826,USR-00287,BAT-000083,STR-001,2025-03-01T17:06:00,WhatsApp,10.0,delivery,True,2025-03-01T18:52:00
CLM-0000833,USR-00178,BAT-000145,STR-001,2025-01-31T09:06:00,WhatsApp,0.0,delivery,False,
CLM-0000834,USR-00069,BAT-000215,STR-001,2025-02-11T10:14:00,WhatsApp,0.0,delivery,False,
CLM-0000835,USR-00395,BAT-000299,STR-001,2025-01-02T12:26:00,reply-YES,26.9,delivery,True,2025-01-02T13:41:00
CLM-0000839,USR-00364,BAT-000399,STR-001,2025-03-18T13:17:00,WhatsApp,0.0,delivery,False,
CLM-0000842,USR-00410,BAT-000210,STR-001,2025-02-13T15:00:00,SMS,0.0,pickup,True,2025-02-13T16:38:00
CLM-0000843,USR-00038,BAT-000432,STR-001,2024-12-15T17:16:00,reply-YES,0.0,delivery,False,
CLM-0000847,USR-00365,BAT-000177,STR-001,2025-01-23T21:01:00,SMS,33.9,delivery,True,2025-01-23T21:55:00
CLM-0000870,USR-00016,BAT-000225,STR-001,2024-12-16T11:25:00,reply-YES,30.2,pickup,True,2024-12-16T12:23:00
CLM-0000886,USR-00479,BAT-000241,STR-001,2024-12-26T20:20:00,reply-YES,0.0,pickup,True,2024-12-26T21:55:00
CLM-0000888,USR-00158,BAT-000277,STR-001,2025-02-24T13:15:00,SMS,0.0,pickup,True,2025-02-24T14:58:00
CLM-0000903,USR-00293,BAT-000424,STR-001,2025-02-15T11:04:00,SMS,0.0,pickup,True,2025-02-15T11:25:00
CLM-0000904,USR-00380,BAT-000162,STR-001,2025-01-21T10:02:00,reply-YES,0.0,delivery,True,2025-01-21T10:27:00
CLM-0000931,USR-00350,BAT-000428,STR-001,2024-11-27T17:40:00,reply-YES,0.0,pickup,True,2024-11-27T18:55:00
CLM-0000939,USR-00265,BAT-000420,STR-001,2025-02-10T20:03:00,reply-YES,0.0,pickup,True,2025-02-10T21:40:00
CLM-0000940,USR-00131,BAT-000179,STR-001,2024-11-19T18:17:00,WhatsApp,0.0,pickup,True,2024-11-19T19:48:00
CLM-0000956,USR-00383,BAT-000291,STR-001,2024-10-24T13:05:00,WhatsApp,0.0,delivery,True,2024-10-24T14:57:00
CLM-0000961,USR-00348,BAT-000015,STR-001,2025-02-03T13:29:00,reply-YES,0.0,pickup,True,2025-02-03T13:57:00
CLM-0000969,USR-00356,BAT-000238,STR-001,2025-01-19T18:12:00,WhatsApp,0.0,pickup,True,2025-01-19T19:04:00
CLM-0000990,USR-00437,BAT-000258,STR-001,2024-12-19T15:06:00,WhatsApp,0.0,delivery,True,2024-12-19T16:34:00
CLM-0001001,USR-00148,BAT-000190,STR-001,2025-02-04T14:01:00,WhatsApp,0.0,pickup,False,
CLM-0001010,USR-00385,BAT-000325,STR-001,2025-01-26T16:12:00,WhatsApp,0.0,pickup,True,2025-01-26T16:29:00
CLM-0001016,USR-00467,BAT-000167,STR-001,2025-03-08T11:11:00,reply-YES,25.9,pickup,True,2025-03-08T11:33:00
CLM-0001023,USR-00473,BAT-000287,STR-001,2024-10-19T12:01:00,WhatsApp,0.0,delivery,True,2024-10-19T12:19:00
CLM-0001033,USR-00018,BAT-000335,STR-001,2025-02-18T15:11:00,WhatsApp,0.0,pickup,False,
CLM-0001047,USR-00417,BAT-000158,STR-001,2025-01-08T18:02:00,SMS,0.0,delivery,True,2025-01-08T18:36:00
CLM-0001059,USR-00401,BAT-000241,STR-001,2024-12-10T15:27:00,SMS,0.0,pickup,True,2024-12-10T16:38:00
CLM-0001068,USR-00013,BAT-000181,STR-001,2024-11-12T20:10:00,SMS,0.0,delivery,True,2024-11-12T21:41:00
CLM-0001077,USR-00250,BAT-000307,STR-001,2025-01-26T09:02:00,WhatsApp,0.0,pickup,True,2025-01-26T09:27:00
CLM-0001107,USR-00470,BAT-000193,STR-001,2024-12-07T09:05:00,SMS,0.0,pickup,True,2024-12-07T09:22:00
CLM-0001114,USR-00399,BAT-000198,STR-001,2025-03-15T16:06:00,reply-YES,0.0,delivery,True,2025-03-15T16:39:00
CLM-0001121,USR-00272,BAT-000286,STR-001,2025-02-24T20:00:00,SMS,0.0,delivery,True,2025-02-24T21:40:00
CLM-0001128,USR-00037,BAT-000160,STR-001,2025-03-25T11:01:00,reply-YES,0.0,pickup,False,
CLM-0001141,USR-00020,BAT-000214,STR-001,2024-10-26T13:02:00,reply-YES,0.0,delivery,True,2024-10-26T14:21:00
CLM-0001143,USR-00012,BAT-000180,STR-001,2024-11-11T11:09:00,SMS,0.0,pickup,False,
CLM-0001156,USR-00485,BAT-000273,STR-001,2024-12-30T10:17:00,reply-YES,39.3,delivery,False,
CLM-0001179,USR-00075,BAT-000150,STR-001,2025-02-26T09:25:00,WhatsApp,24.8,delivery,True,2025-02-26T11:10:00
CLM-0001183,USR-00039,BAT-000191,STR-001,2025-01-03T19:18:00,reply-YES,0.0,pickup,True,2025-01-03T19:35:00
CLM-0001193,USR-00439,BAT-000181,STR-001,2024-11-25T18:04:00,reply-YES,0.0,delivery,True,2024-11-25T19:40:00
CLM-0001199,USR-00236,BAT-000300,STR-001,2024-11-20T18:10:00,SMS,0.0,pickup,True,2024-11-20T19:15:00
CLM-0001218,USR-00167,BAT-000184,STR-001,2024-10-31T18:13:00,SMS,0.0,pickup,True,2024-10-31T20:10:00
CLM-0001227,USR-00184,BAT-000046,STR-001,2025-03-16T11:00:00,WhatsApp,0.0,pickup,False,
CLM-0001234,USR-00342,BAT-000293,STR-001,2025-02-08T14:33:00,WhatsApp,0.0,pickup,True,2025-02-08T15:56:00
CLM-0001239,USR-00131,BAT-000148,STR-001,2024-11-12T19:08:00,reply-YES,36.0,pickup,True,2024-11-12T19:38:00
CLM-0001246,USR-00353,BAT-000180,STR-001,2024-11-12T13:16:00,SMS,0.0,delivery,True,2024-11-12T14:29:00
CLM-0001247,USR-00268,BAT-000293,STR-001,2025-02-10T21:26:00,reply-YES,0.0,pickup,True,2025-02-10T22:46:00
CLM-0001251,USR-00099,BAT-000427,STR-001,2025-01-17T16:07:00,SMS,0.0,pickup,True,2025-01-17T17:24:00
CLM-0001254,USR-00084,BAT-000146,STR-001,2025-03-27T09:11:00,reply-YES,0.0,pickup,False,
CLM-0001268,USR-00056,BAT-000171,STR-001,2025-02-06T15:12:00,WhatsApp,30.9,pickup,False,
CLM-0001273,USR-00474,BAT-000415,STR-001,2025-02-05T12:08:00,WhatsApp,0.0,delivery,False,
CLM-0001282,USR-00250,BAT-000239,STR-001,2025-03-20T10:03:00,WhatsApp,0.0,delivery,True,2025-03-20T11:30:00
CLM-0001286,USR-00261,BAT-000036,STR-001,2024-10-26T16:09:00,SMS,25.3,pickup,True,2024-10-26T17:50:00
CLM-0001290,USR-00360,BAT-000322,STR-001,2025-01-29T17:12:00,WhatsApp,0.0,delivery,True,2025-01-29T18:32:00
CLM-0001294,USR-00207,BAT-000287,STR-001,2024-10-28T18:19:00,reply-YES,0.0,pickup,True,2024-10-28T18:48:00
CLM-0001317,USR-00039,BAT-000200,STR-001,2024-10-16T20:11:00,WhatsApp,0.0,delivery,True,2024-10-16T20:56:00
CLM-0001322,USR-00030,BAT-000176,STR-001,2024-12-28T17:11:00,WhatsApp,33.1,pickup,True,2024-12-28T17:39:00
CLM-0001340,USR-00384,BAT-000320,STR-001,2024-10-18T09:24:00,reply-YES,0.0,pickup,True,2024-10-18T10:03:00
CLM-0001366,USR-00366,BAT-000183,STR-001,2025-03-13T15:33:00,SMS,0.0,pickup,False,
CLM-0001376,USR-00260,BAT-000236,STR-001,2025-02-24T12:06:00,SMS,0.0,delivery,True,2025-02-24T13:38:00
CLM-0001391,USR-00060,BAT-000090,STR-001,2025-03-18T16:30:00,WhatsApp,10.0,pickup,True,2025-03-18T17:05:00
CLM-0001410,USR-00431,BAT-000328,STR-001,2024-11-28T14:02:00,WhatsApp,0.0,delivery,True,2024-11-28T15:42:00
CLM-0001413,USR-00462,BAT-000330,STR-001,2024-11-28T14:00:00,WhatsApp,0.0,pickup,True,2024-11-28T15:44:00
CLM-0001414,USR-00257,BAT-000442,STR-001,2024-10-23T12:07:00,WhatsApp,0.0,pickup,True,2024-10-23T13:27:00
CLM-0001415,USR-00176,BAT-000229,STR-001,2025-02-12T18:00:00,WhatsApp,0.0,pickup,False,
CLM-0001423,USR-00098,BAT-000267,STR-001,2024-11-18T16:19:00,reply-YES,0.0,pickup,False,
CLM-0001435,USR-00254,BAT-000263,STR-001,2024-12-11T09:10:00,reply-YES,0.0,delivery,True,2024-12-11T11:10:00
CLM-0001442,USR-00361,BAT-000394,STR-001,2024-10-18T11:33:00,SMS,35.9,pickup,False,
CLM-0001470,USR-00390,BAT-000010,STR-001,2024-11-18T11:10:00,reply-YES,0.0,delivery,True,2024-11-18T13:04:00
CLM-0001476,USR-00121,BAT-000129,STR-001,2024-11-03T18:05:00,SMS,10.0,pickup,True,2024-11-03T18:35:00
CLM-0001492,USR-00328,BAT-000191,STR-001,2024-12-30T11:16:00,reply-YES,0.0,pickup,True,2024-12-30T11:31:00
CLM-0001494,USR-00192,BAT-000158,STR-001,2025-01-05T15:26:00,reply-YES,0.0,pickup,True,2025-01-05T16:55:00
CLM-0001497,USR-00387,BAT-000206,STR-001,2024-10-12T17:14:00,SMS,22.1,delivery,True,2024-10-12T17:52:00
CLM-0001508,USR-00144,BAT-000263,STR-001,2024-11-23T13:07:00,reply-YES,0.0,pickup,False,
CLM-0001515,USR-00225,BAT-000213,STR-001,2025-01-07T11:14:00,SMS,0.0,delivery,True,2025-01-07T11:47:00
CLM-0001533,USR-00438,BAT-000258,STR-001,2024-12-04T21:26:00,reply-YES,0.0,pickup,False,
CLM-0001534,USR-00279,BAT-000174,STR-001,2024-10-31T21:07:00,reply-YES,0.0,delivery,True,2024-10-31T21:38:00
CLM-0001540,USR-00400,BAT-000172,STR-001,2024-12-08T21:08:00,SMS,0.0,delivery,True,2024-12-08T21:35:00
CLM-0001557,USR-00222,BAT-000240,STR-001,2024-11-15T21:04:00,WhatsApp,0.0,delivery,False,
CLM-0001578,USR-00232,BAT-000447,STR-001,2025-03-12T15:00:00,SMS,30.0,delivery,True,2025-03-12T16:29:00
CLM-0001582,USR-00218,BAT-000220,STR-001,2025-02-06T15:17:00,SMS,0.0,delivery,False,
CLM-0001589,USR-00104,BAT-000320,STR-001,2024-10-08T12:03:00,SMS,0.0,pickup,False,
CLM-0001598,USR-00162,BAT-000327,STR-001,2025-03-12T19:31:00,WhatsApp,0.0,pickup,True,2025-03-12T21:15:00
CLM-0001622,USR-00477,BAT-000378,STR-001,2024-10-13T16:20:00,SMS,32.9,pickup,False,
CLM-0001625,USR-00242,BAT-000251,STR-001,2024-10-29T17:08:00,reply-YES,0.0,delivery,False,
CLM-0001637,USR-00054,BAT-000393,STR-001,2025-03-01T19:18:00,SMS,0.0,pickup,True,2025-03-01T20:52:00
CLM-0001639,USR-00100,BAT-000303,STR-001,2025-02-12T19:03:00,SMS,0.0,delivery,True,2025-02-12T20:22:00
CLM-0001641,USR-00104,BAT-000415,STR-001,2025-02-23T18:06:00,WhatsApp,0.0,delivery,False,
CLM-0001655,USR-00482,BAT-000321,STR-001,2025-01-16T21:01:00,WhatsApp,25.1,pickup,True,2025-01-16T22:37:00
CLM-0001666,USR-00268,BAT-000274,STR-001,2025-02-16T13:06:00,SMS,0.0,pickup,True,2025-02-16T14:06:00
CLM-0001668,USR-00353,BAT-000289,STR-001,2024-12-16T21:33:00,SMS,0.0,pickup,True,2024-12-16T23:32:00
CLM-0001675,USR-00320,BAT-000260,STR-001,2025-02-04T14:13:00,WhatsApp,0.0,delivery,False,
CLM-0001683,USR-00317,BAT-000176,STR-001,2025-01-05T13:05:00,SMS,33.1,delivery,False,
CLM-0001689,USR-00153,BAT-000407,STR-001,2025-02-08T14:01:00,SMS,0.0,delivery,True,2025-02-08T14:52:00
CLM-0001690,USR-00162,BAT-000436,STR-001,2024-12-21T11:24:00,WhatsApp,21.9,pickup,True,2024-12-21T11:48:00
CLM-0001694,USR-00316,BAT-000055,STR-001,2024-11-29T19:15:00,SMS,10.0,delivery,False,
CLM-0001699,USR-00434,BAT-000166,STR-001,2025-03-18T18:02:00,WhatsApp,0.0,pickup,True,2025-03-18T19:38:00
CLM-0001722,USR-00424,BAT-000263,STR-001,2024-12-10T11:10:00,SMS,0.0,delivery,True,2024-12-10T13:00:00
CLM-0001726,USR-00084,BAT-000315,STR-001,2025-01-06T16:09:00,WhatsApp,0.0,pickup,False,
CLM-0001727,USR-00087,BAT-000387,STR-001,2025-03-02T18:03:00,reply-YES,0.0,delivery,True,2025-03-02T19:27:00
CLM-0001743,USR-00444,BAT-000137,STR-001,2024-12-20T15:18:00,SMS,10.0,pickup,True,2024-12-20T16:33:00
CLM-0001757,USR-00439,BAT-000267,STR-001,2024-11-22T15:10:00,SMS,0.0,pickup,True,2024-11-22T16:16:00
CLM-0001765,USR-00030,BAT-000263,STR-001,2024-11-25T15:06:00,SMS,0.0,pickup,True,2024-11-25T15:36:00
CLM-0001777,USR-00352,BAT-000249,STR-001,2024-11-29T19:05:00,WhatsApp,0.0,delivery,True,2024-11-29T21:00:00
CLM-0001782,USR-00274,BAT-000423,STR-001,2025-03-07T09:02:00,SMS,0.0,pickup,True,2025-03-07T09:36:00
CLM-0001790,USR-00410,BAT-000240,STR-001,2024-11-07T14:31:00,SMS,0.0,pickup,True,2024-11-07T15:04:00
CLM-0001803,USR-00134,BAT-000135,STR-001,2025-03-09T20:28:00,WhatsApp,0.0,delivery,True,2025-03-09T22:17:00
CLM-0001806,USR-00096,BAT-000287,STR-001,2024-10-30T10:05:00,reply-YES,0.0,pickup,True,2024-10-30T10:50:00
CLM-0001818,USR-00392,BAT-000285,STR-001,2025-02-23T13:17:00,WhatsApp,0.0,delivery,True,2025-02-23T14:22:00
CLM-0001838,USR-00162,BAT-000263,STR-001,2024-12-09T11:30:00,SMS,0.0,delivery,True,2024-12-09T13:18:00
CLM-0001844,USR-00093,BAT-000158,STR-001,2025-01-07T13:15:00,reply-YES,0.0,delivery,True,2025-01-07T13:48:00
CLM-0001852,USR-00302,BAT-000334,STR-001,2024-10-23T15:07:00,reply-YES,0.0,delivery,True,2024-10-23T16:31:00
CLM-0001857,USR-00316,BAT-000122,STR-001,2024-10-27T16:13:00,WhatsApp,20.0,delivery,True,2024-10-27T17:59:00
CLM-0001860,USR-00097,BAT-000252,STR-001,2025-02-21T15:16:00,SMS,0.0,pickup,True,2025-02-21T16:10:00
CLM-0001864,USR-00106,BAT-000237,STR-001,2025-01-05T19:16:00,WhatsApp,0.0,delivery,True,2025-01-05T19:53:00
CLM-0001866,USR-00325,BAT-000209,STR-001,2024-10-08T09:01:00,reply-YES,0.0,delivery,True,2024-10-08T09:16:00
CLM-0001875,USR-00078,BAT-000395,STR-001,2025-03-30T18:03:00,reply-YES,0.0,delivery,False,
CLM-0001896,USR-00371,BAT-000243,STR-001,2025-01-05T17:27:00,WhatsApp,0.0,delivery,True,2025-01-05T18:18:00
CLM-0001903,USR-00038,BAT-000412,STR-001,2025-01-21T19:03:00,reply-YES,0.0,delivery,False,
CLM-0001923,USR-00011,BAT-000427,STR-001,2025-01-14T20:04:00,SMS,0.0,delivery,True,2025-01-14T21:37:00
CLM-0001933,USR-00146,BAT-000417,STR-001,2024-11-09T15:02:00,reply-YES,0.0,pickup,True,2024-11-09T16:52:00
CLM-0001954,USR-00323,BAT-000193,STR-001,2024-12-08T16:01:00,WhatsApp,0.0,pickup,True,2024-12-08T17:17:00
CLM-0001964,USR-00107,BAT-000056,STR-001,2025-03-01T10:11:00,SMS,10.0,delivery,False,
CLM-0001988,USR-00322,BAT-000418,STR-001,2024-10-12T14:09:00,WhatsApp,0.0,pickup,True,2024-10-12T15:14:00
CLM-0001991,USR-00213,BAT-000228,STR-001,2024-10-30T21:12:00,WhatsApp,0.0,delivery,False,
CLM-0001997,USR-00242,BAT-000379,STR-001,2025-02-11T13:03:00,reply-YES,22.0,pickup,False,
CLM-0001999,USR-00401,BAT-000249,STR-001,2024-12-05T17:33:00,reply-YES,0.0,delivery,True,2024-12-05T19:01:00
CLM-0002011,USR-00267,BAT-000189,STR-001,2024-10-30T09:04:00,SMS,0.0,pickup,True,2024-10-30T09:38:00
CLM-0002041,USR-00325,BAT-000250,STR-001,2024-12-01T20:02:00,reply-YES,0.0,pickup,True,2024-12-01T20:47:00
CLM-0002053,USR-00180,BAT-000302,STR-001,2025-02-15T12:11:00,reply-YES,0.0,pickup,False,
CLM-0002070,USR-00401,BAT-000408,STR-001,2024-12-31T16:24:00,SMS,0.0,delivery,True,2024-12-31T16:48:00
CLM-0002073,USR-00311,BAT-000275,STR-001,2025-02-17T14:25:00,WhatsApp,0.0,delivery,False,
CLM-0002085,USR-00026,BAT-000176,STR-001,2025-01-06T10:18:00,WhatsApp,33.1,delivery,True,2025-01-06T11:28:00
CLM-0002114,USR-00486,BAT-000220,STR-001,2025-02-14T12:08:00,SMS,0.0,pickup,True,2025-02-14T13:29:00
CLM-0002119,USR-00466,BAT-000198,STR-001,2025-03-02T10:04:00,WhatsApp,0.0,pickup,True,2025-03-02T10:46:00
CLM-0002125,USR-00352,BAT-000155,STR-001,2024-10-14T13:02:00,WhatsApp,23.9,pickup,False,
CLM-0002128,USR-00335,BAT-000157,STR-001,2025-01-30T12:27:00,SMS,39.1,pickup,True,2025-01-30T12:46:00
CLM-0002148,USR-00210,BAT-000218,STR-001,2025-03-08T21:05:00,WhatsApp,0.0,delivery,True,2025-03-08T22:31:00
CLM-0002158,USR-00375,BAT-000013,STR-001,2024-11-21T15:22:00,reply-YES,0.0,pickup,True,2024-11-21T16:50:00
CLM-0002235,USR-00083,BAT-000171,STR-001,2025-01-27T15:14:00,reply-YES,30.9,pickup,False,
CLM-0002241,USR-00476,BAT-000327,STR-001,2025-02-22T18:04:00,SMS,0.0,delivery,True,2025-02-22T19:00:00
CLM-0002257,USR-00229,BAT-000180,STR-001,2024-11-06T20:24:00,SMS,0.0,pickup,True,2024-11-06T21:50:00
CLM-0002274,USR-00136,BAT-000307,STR-001,2025-02-01T09:00:00,reply-YES,0.0,delivery,True,2025-02-01T10:19:00
CLM-0002288,USR-00495,BAT-000260,STR-001,2025-01-30T15:02:00,WhatsApp,0.0,pickup,True,2025-01-30T16:18:00
CLM-0002300,USR-00391,BAT-000171,STR-001,2025-01-22T12:23:00,reply-YES,30.9,pickup,False,
CLM-0002304,USR-00026,BAT-000181,STR-001,2024-11-07T10:13:00,WhatsApp,0.0,pickup,True,2024-11-07T11:52:00
CLM-0002318,USR-00365,BAT-000409,STR-001,2024-10-30T17:13:00,SMS,0.0,pickup,True,2024-10-30T18:13:00
CLM-0002325,USR-00080,BAT-000227,STR-001,2024-11-04T13:18:00,SMS,0.0,pickup,True,2024-11-04T13:43:00
CLM-0002331,USR-00497,BAT-000306,STR-001,2024-10-23T16:09:00,WhatsApp,0.0,delivery,True,2024-10-23T18:00:00
CLM-0002387,USR-00372,BAT-000182,STR-001,2025-01-23T16:06:00,WhatsApp,0.0,pickup,False,
CLM-0002388,USR-00250,BAT-000389,STR-001,2025-03-26T10:00:00,SMS,0.0,delivery,True,2025-03-26T10:43:00
CLM-0002393,USR-00386,BAT-000040,STR-001,2025-02-24T13:04:00,reply-YES,20.9,pickup,False,
CLM-0002416,USR-00355,BAT-000424,STR-001,2025-02-17T14:12:00,SMS,0.0,delivery,True,2025-02-17T15:03:00
CLM-0002424,USR-00418,BAT-000220,STR-001,2025-02-16T21:29:00,SMS,0.0,delivery,True,2025-02-16T23:15:00
CLM-0002433,USR-00224,BAT-000252,STR-001,2025-02-27T10:40:00,SMS,0.0,pickup,True,2025-02-27T12:17:00
CLM-0002438,USR-00375,BAT-000150,STR-001,2025-03-02T13:20:00,SMS,24.8,delivery,True,2025-03-02T15:06:00
CLM-0002462,USR-00140,BAT-000417,STR-001,2024-10-27T13:17:00,reply-YES,0.0,pickup,True,2024-10-27T15:04:00
CLM-0002464,USR-00414,BAT-000427,STR-001,2025-01-01T18:15:00,SMS,0.0,pickup,True,2025-01-01T19:02:00
CLM-0002481,USR-00006,BAT-000270,STR-001,2024-10-23T14:06:00,reply-YES,0.0,delivery,False,
CLM-0002515,USR-00327,BAT-000189,STR-001,2024-11-08T20:04:00,WhatsApp,0.0,delivery,False,
CLM-0002518,USR-00230,BAT-000284,STR-001,2025-03-26T19:08:00,reply-YES,20.8,delivery,False,
CLM-0002528,USR-00165,BAT-000162,STR-001,2025-01-28T21:21:00,reply-YES,0.0,delivery,False,
CLM-0002536,USR-00485,BAT-000278,STR-001,2024-11-05T13:22:00,SMS,0.0,pickup,True,2024-11-05T13:46:00
CLM-0002544,USR-00296,BAT-000297,STR-001,2025-02-11T19:21:00,SMS,0.0,pickup,True,2025-02-11T20:12:00
CLM-0002549,USR-00126,BAT-000212,STR-001,2025-01-21T19:23:00,reply-YES,23.0,delivery,True,2025-01-21T20:00:00
CLM-0002562,USR-00349,BAT-000158,STR-001,2025-01-09T16:02:00,SMS,0.0,delivery,True,2025-01-09T16:45:00
CLM-0002564,USR-00029,BAT-000043,STR-001,2024-10-22T15:08:00,WhatsApp,31.0,delivery,True,2024-10-22T15:47:00
CLM-0002565,USR-00001,BAT-000174,STR-001,2024-10-30T20:12:00,WhatsApp,0.0,pickup,True,2024-10-30T21:15:00
CLM-0002570,USR-00112,BAT-000392,STR-001,2024-11-19T18:18:00,SMS,0.0,delivery,True,2024-11-19T20:00:00
CLM-0002588,USR-00313,BAT-000234,STR-001,2024-10-24T17:14:00,reply-YES,0.0,pickup,True,2024-10-24T18:50:00
CLM-0002611,USR-00061,BAT-000183,STR-001,2025-03-30T14:03:00,SMS,0.0,pickup,False,
CLM-0002617,USR-00398,BAT-000335,STR-001,2025-02-12T17:05:00,WhatsApp,0.0,delivery,False,
CLM-0002620,USR-00144,BAT-000299,STR-001,2025-01-22T18:05:00,SMS,26.9,pickup,True,2025-01-22T19:37:00
CLM-0002634,USR-00479,BAT-000233,STR-001,2024-11-21T10:09:00,SMS,0.0,pickup,False,
CLM-0002638,USR-00435,BAT-000295,STR-001,2024-10-23T21:05:00,reply-YES,0.0,delivery,True,2024-10-23T22:09:00
CLM-0002651,USR-00307,BAT-000158,STR-001,2025-01-11T09:09:00,WhatsApp,0.0,pickup,True,2025-01-11T10:44:00
CLM-0002661,USR-00410,BAT-000242,STR-001,2024-11-16T18:01:00,SMS,27.4,pickup,True,2024-11-16T19:04:00
CLM-0002662,USR-00452,BAT-000307,STR-001,2025-02-02T15:09:00,WhatsApp,0.0,delivery,True,2025-02-02T17:03:00
CLM-0002664,USR-00045,BAT-000071,STR-001,2025-03-13T10:14:00,reply-YES,10.0,delivery,True,2025-03-13T11:18:00
CLM-0002678,USR-00266,BAT-000165,STR-001,2025-03-12T11:20:00,WhatsApp,0.0,pickup,False,
CLM-0002686,USR-00484,BAT-000223,STR-001,2025-03-12T19:17:00,WhatsApp,0.0,delivery,True,2025-03-12T20:47:00
CLM-0002705,USR-00118,BAT-000319,STR-001,2025-01-07T15:05:00,SMS,0.0,pickup,False,
CLM-0002706,USR-00387,BAT-000301,STR-001,2025-02-03T20:12:00,reply-YES,0.0,delivery,False,
CLM-0002767,USR-00391,BAT-000201,STR-001,2024-11-28T14:19:00,reply-YES,0.0,pickup,False,
CLM-0002770,USR-00478,BAT-000014,STR-001,2025-02-04T09:29:00,WhatsApp,0.0,delivery,True,2025-02-04T11:22:00
CLM-0002772,USR-00283,BAT-000278,STR-001,2024-11-19T09:24:00,SMS,0.0,delivery,True,2024-11-19T10:37:00
CLM-0002773,USR-00430,BAT-000401,STR-001,2024-12-27T09:00:00,SMS,0.0,pickup,True,2024-12-27T09:33:00
CLM-0002780,USR-00015,BAT-000281,STR-001,2025-03-11T13:11:00,SMS,30.2,pickup,True,2025-03-11T13:27:00
CLM-0002782,USR-00078,BAT-000286,STR-001,2025-02-21T19:15:00,SMS,0.0,delivery,True,2025-02-21T19:53:00
CLM-0002787,USR-00060,BAT-000181,STR-001,2024-11-02T11:20:00,SMS,0.0,pickup,False,
CLM-0002827,USR-00295,BAT-000355,STR-001,2025-02-02T15:05:00,WhatsApp,20.0,pickup,True,2025-02-02T16:04:00
CLM-0002837,USR-00351,BAT-000167,STR-001,2025-03-09T20:00:00,reply-YES,25.9,pickup,True,2025-03-09T21:07:00
CLM-0002866,USR-00480,BAT-000003,STR-001,2025-01-29T10:02:00,SMS,10.0,delivery,True,2025-01-29T11:38:00
CLM-0002872,USR-00018,BAT-000189,STR-001,2024-11-21T13:04:00,WhatsApp,0.0,delivery,True,2024-11-21T14:22:00
CLM-0002885,USR-00243,BAT-000216,STR-001,2025-01-08T14:04:00,SMS,0.0,pickup,True,2025-01-08T15:43:00
CLM-0002891,USR-00283,BAT-000419,STR-001,2024-11-21T20:08:00,reply-YES,0.0,delivery,False,
CLM-0002900,USR-00366,BAT-000046,STR-001,2025-03-14T20:05:00,SMS,0.0,pickup,False,
CLM-0002903,USR-00224,BAT-000203,STR-001,2024-11-16T17:19:00,reply-YES,0.0,pickup,True,2024-11-16T18:57:00
CLM-0002904,USR-00427,BAT-000145,STR-001,2025-01-28T12:02:00,WhatsApp,0.0,pickup,True,2025-01-28T12:26:00
CLM-0002911,USR-00470,BAT-000189,STR-001,2024-10-29T12:01:00,reply-YES,0.0,pickup,True,2024-10-29T13:23:00
CLM-0002934,USR-00244,BAT-000297,STR-001,2025-02-18T11:10:00,reply-YES,0.0,pickup,True,2025-02-18T13:04:00
CLM-0002957,USR-00061,BAT-000228,STR-001,2024-11-06T10:25:00,SMS,0.0,pickup,True,2024-11-06T10:50:00
CLM-0002964,USR-00014,BAT-000421,STR-001,2024-12-16T12:37:00,WhatsApp,29.0,delivery,False,
CLM-0003000,USR-00402,BAT-000278,STR-001,2024-11-01T09:17:00,reply-YES,0.0,delivery,True,2024-11-01T10:06:00
CLM-0003007,USR-00169,BAT-000072,STR-001,2024-11-12T18:18:00,SMS,10.0,pickup,True,2024-11-12T18:33:00
CLM-0003018,USR-00095,BAT-000210,STR-001,2025-02-17T21:20:00,reply-YES,0.0,pickup,False,
CLM-0003047,USR-00186,BAT-000334,STR-001,2024-10-22T16:19:00,reply-YES,0.0,delivery,False,
CLM-0003061,USR-00039,BAT-000207,STR-001,2024-12-25T11:23:00,WhatsApp,0.0,pickup,True,2024-12-25T12:44:00
CLM-0003062,USR-00339,BAT-000407,STR-001,2025-02-11T09:34:00,SMS,0.0,pickup,True,2025-02-11T11:04:00
CLM-0003063,USR-00466,BAT-000051,STR-001,2025-03-27T18:09:00,reply-YES,10.0,pickup,False,
CLM-0003106,USR-00216,BAT-000278,STR-001,2024-11-17T13:07:00,SMS,0.0,delivery,True,2024-11-17T14:23:00
CLM-0003119,USR-00384,BAT-000230,STR-001,2024-10-14T16:12:00,reply-YES,0.0,delivery,True,2024-10-14T17:56:00
CLM-0003128,USR-00288,BAT-000150,STR-001,2025-02-24T10:08:00,reply-YES,24.8,pickup,True,2025-02-24T11:47:00
CLM-0003161,USR-00422,BAT-000190,STR-001,2025-01-27T13:24:00,WhatsApp,0.0,delivery,True,2025-01-27T15:15:00
CLM-0003169,USR-00150,BAT-000207,STR-001,2025-01-05T18:11:00,reply-YES,0.0,pickup,True,2025-01-05T18:40:00
CLM-0003171,USR-00059,BAT-000115,STR-001,2025-02-26T19:09:00,reply-YES,10.0,delivery,True,2025-02-26T21:06:00
CLM-0003182,USR-00486,BAT-000226,STR-001,2025-02-07T16:04:00,SMS,33.0,delivery,True,2025-02-07T17:05:00
CLM-0003183,USR-00082,BAT-000258,STR-001,2024-12-18T13:02:00,SMS,0.0,delivery,True,2024-12-18T14:38:00
CLM-0003201,USR-00409,BAT-000018,STR-001,2025-01-05T14:00:00,reply-YES,0.0,delivery,True,2025-01-05T14:15:00
CLM-0003211,USR-00223,BAT-000258,STR-001,2024-12-01T13:00:00,SMS,0.0,delivery,True,2024-12-01T14:32:00
CLM-0003238,USR-00471,BAT-000058,STR-001,2025-02-12T15:26:00,WhatsApp,10.0,pickup,True,2025-02-12T17:03:00
CLM-0003239,USR-00334,BAT-000415,STR-001,2025-02-14T15:09:00,reply-YES,0.0,pickup,True,2025-02-14T16:16:00
CLM-0003258,USR-00086,BAT-000207,STR-001,2024-12-23T15:09:00,WhatsApp,0.0,pickup,True,2024-12-23T15:32:00
CLM-0003259,USR-00435,BAT-000309,STR-001,2025-01-09T18:14:00,WhatsApp,0.0,delivery,True,2025-01-09T19:15:00
CLM-0003265,USR-00178,BAT-000423,STR-001,2025-03-08T20:04:00,reply-YES,0.0,pickup,False,
CLM-0003270,USR-00427,BAT-000299,STR-001,2025-01-25T20:00:00,SMS,26.9,delivery,True,2025-01-25T21:17:00
CLM-0003273,USR-00059,BAT-000429,STR-001,2025-01-13T18:24:00,SMS,0.0,pickup,True,2025-01-13T19:44:00
CLM-0003294,USR-00312,BAT-000251,STR-001,2024-10-30T16:21:00,WhatsApp,0.0,delivery,False,
CLM-0003300,USR-00483,BAT-000326,STR-001,2025-01-10T20:03:00,SMS,0.0,pickup,True,2025-01-10T21:46:00
CLM-0003328,USR-00430,BAT-000332,STR-001,2025-01-19T19:04:00,SMS,0.0,pickup,True,2025-01-19T21:03:00
CLM-0003347,USR-00273,BAT-000310,STR-001,2025-03-26T10:31:00,WhatsApp,0.0,delivery,False,
CLM-0003355,USR-00339,BAT-000273,STR-001,2025-01-05T21:09:00,reply-YES,39.3,delivery,True,2025-01-05T21:28:00
CLM-0003362,USR-00232,BAT-000177,STR-001,2025-01-21T19:05:00,reply-YES,33.9,pickup,True,2025-01-21T20:05:00
CLM-0003382,USR-00005,BAT-000152,STR-001,2024-12-30T14:02:00,reply-YES,22.0,pickup,True,2024-12-30T15:01:00
CLM-0003383,USR-00066,BAT-000172,STR-001,2024-12-19T09:00:00,reply-YES,0.0,delivery,True,2024-12-19T09:31:00
CLM-0003392,USR-00035,BAT-000247,STR-001,2025-03-27T12:00:00,reply-YES,27.3,pickup,True,2025-03-27T12:23:00
CLM-0003394,USR-00098,BAT-000192,STR-001,2025-03-09T09:13:00,WhatsApp,0.0,delivery,False,
CLM-0003404,USR-00314,BAT-000393,STR-001,2025-02-22T21:15:00,WhatsApp,0.0,pickup,True,2025-02-22T22:08:00
CLM-0003412,USR-00006,BAT-000191,STR-001,2025-01-01T21:02:00,WhatsApp,0.0,pickup,True,2025-01-01T21:52:00
CLM-0003436,USR-00419,BAT-000401,STR-001,2024-12-26T10:24:00,WhatsApp,0.0,delivery,True,2024-12-26T12:15:00
CLM-0003444,USR-00095,BAT-000444,STR-001,2024-10-21T20:14:00,SMS,0.0,pickup,True,2024-10-21T20:56:00
CLM-0003453,USR-00047,BAT-000246,STR-001,2024-12-26T09:11:00,WhatsApp,0.0,pickup,True,2024-12-26T11:06:00
CLM-0003470,USR-00366,BAT-000263,STR-001,2024-12-07T18:26:00,SMS,0.0,delivery,True,2024-12-07T20:08:00
CLM-0003484,USR-00376,BAT-000312,STR-001,2025-03-27T11:03:00,WhatsApp,0.0,pickup,True,2025-03-27T11:30:00
CLM-0003505,USR-00292,BAT-000273,STR-001,2025-01-02T10:06:00,reply-YES,39.3,pickup,True,2025-01-02T10:56:00
CLM-0003521,USR-00212,BAT-000248,STR-001,2025-01-03T19:03:00,SMS,0.0,delivery,True,2025-01-03T20:04:00
CLM-0003524,USR-00160,BAT-000256,STR-001,2025-03-17T18:05:00,SMS,0.0,pickup,False,
CLM-0003525,USR-00071,BAT-000146,STR-001,2025-03-31T15:15:00,WhatsApp,0.0,delivery,True,2025-03-31T15:43:00
CLM-0003528,USR-00241,BAT-000262,STR-001,2025-01-26T18:19:00,SMS,0.0,delivery,True,2025-01-26T19:59:00
CLM-0003530,USR-00261,BAT-000157,STR-001,2025-01-19T21:03:00,reply-YES,39.1,delivery,False,
CLM-0003565,USR-00435,BAT-000243,STR-001,2024-12-26T13:13:00,SMS,0.0,pickup,True,2024-12-26T14:16:00
CLM-0003572,USR-00445,BAT-000334,STR-001,2024-10-28T16:30:00,SMS,0.0,delivery,False,
CLM-0003575,USR-00232,BAT-000082,STR-001,2024-12-09T10:01:00,WhatsApp,10.0,pickup,True,2024-12-09T10:20:00
CLM-0003576,USR-00036,BAT-000046,STR-001,2025-03-12T11:04:00,reply-YES,0.0,delivery,True,2025-03-12T11:20:00
CLM-0003580,USR-00259,BAT-000242,STR-001,2024-11-10T13:30:00,WhatsApp,27.4,pickup,True,2024-11-10T15:09:00
CLM-0003581,USR-00140,BAT-000274,STR-001,2025-02-10T18:03:00,SMS,0.0,delivery,False,
CLM-0003582,USR-00467,BAT-000252,STR-001,2025-02-26T15:30:00,WhatsApp,0.0,delivery,False,
CLM-0003590,USR-00025,BAT-000238,STR-001,2024-12-27T15:27:00,reply-YES,0.0,delivery,True,2024-12-27T16:00:00
CLM-0003597,USR-00426,BAT-000308,STR-001,2025-03-28T19:11:00,WhatsApp,0.0,pickup,False,
CLM-0003619,USR-00242,BAT-000164,STR-001,2025-03-07T21:06:00,reply-YES,34.3,pickup,True,2025-03-07T22:01:00
CLM-0003621,USR-00018,BAT-000309,STR-001,2025-01-06T18:18:00,reply-YES,0.0,pickup,True,2025-01-06T19:09:00
CLM-0003625,USR-00232,BAT-000407,STR-001,2025-02-04T18:01:00,reply-YES,0.0,delivery,False,
CLM-0003629,USR-00326,BAT-000358,STR-001,2024-10-30T20:00:00,SMS,35.0,pickup,True,2024-10-30T21:33:00
CLM-0003646,USR-00383,BAT-000152,STR-001,2025-01-11T09:03:00,SMS,22.0,delivery,True,2025-01-11T10:24:00
CLM-0003665,USR-00136,BAT-000401,STR-001,2025-01-02T16:08:00,SMS,0.0,delivery,True,2025-01-02T16:54:00
CLM-0003666,USR-00064,BAT-000228,STR-001,2024-11-14T11:13:00,WhatsApp,0.0,pickup,True,2024-11-14T11:41:00
CLM-0003689,USR-00098,BAT-000041,STR-001,2024-11-24T17:06:00,reply-YES,0.0,delivery,False,
CLM-0003707,USR-00459,BAT-000270,STR-001,2024-10-30T13:24:00,WhatsApp,0.0,pickup,True,2024-10-30T13:45:00
CLM-0003726,USR-00356,BAT-000400,STR-001,2024-12-20T17:22:00,WhatsApp,0.0,pickup,True,2024-12-20T18:48:00
CLM-0003729,USR-00291,BAT-000277,STR-001,2025-03-06T14:06:00,reply-YES,0.0,delivery,False,
CLM-0003745,USR-00217,BAT-000209,STR-001,2024-10-12T20:03:00,WhatsApp,0.0,delivery,True,2024-10-12T21:42:00
CLM-0003758,USR-00041,BAT-000283,STR-001,2025-01-09T16:22:00,WhatsApp,0.0,pickup,True,2025-01-09T17:18:00
CLM-0003767,USR-00430,BAT-000406,STR-001,2025-01-09T09:15:00,SMS,0.0,delivery,False,
CLM-0003768,USR-00233,BAT-000400,STR-001,2024-12-27T18:06:00,WhatsApp,0.0,pickup,True,2024-12-27T19:45:00
CLM-0003770,USR-00226,BAT-000300,STR-001,2024-11-06T09:00:00,WhatsApp,0.0,pickup,True,2024-11-06T09:38:00
CLM-0003799,USR-00456,BAT-000277,STR-001,2025-02-25T16:16:00,SMS,0.0,pickup,True,2025-02-25T16:48:00
CLM-0003807,USR-00343,BAT-000240,STR-001,2024-11-10T17:26:00,SMS,0.0,pickup,True,2024-11-10T17:55:00
CLM-0003831,USR-00434,BAT-000297,STR-001,2025-02-23T15:00:00,WhatsApp,0.0,pickup,True,2025-02-23T16:22:00
CLM-0003855,USR-00356,BAT-000263,STR-001,2024-12-19T10:28:00,WhatsApp,0.0,delivery,True,2024-12-19T11:44:00
CLM-0003862,USR-00451,BAT-000250,STR-001,2024-11-29T20:17:00,reply-YES,0.0,delivery,True,2024-11-29T22:14:00
CLM-0003867,USR-00303,BAT-000106,STR-001,2024-11-19T11:12:00,SMS,10.0,delivery,False,
CLM-0003871,USR-00173,BAT-000229,STR-001,2025-02-01T17:20:00,reply-YES,0.0,delivery,False,
CLM-0003883,USR-00355,BAT-000148,STR-001,2024-11-10T20:08:00,reply-YES,36.0,delivery,True,2024-11-10T21:19:00
CLM-0003889,USR-00404,BAT-000289,STR-001,2024-12-20T13:09:00,reply-YES,0.0,pickup,True,2024-12-20T13:34:00
CLM-0003895,USR-00285,BAT-000203,STR-001,2024-11-22T18:15:00,reply-YES,0.0,pickup,True,2024-11-22T20:10:00
CLM-0003918,USR-00084,BAT-000319,STR-001,2024-12-30T15:23:00,reply-YES,0.0,delivery,True,2024-12-30T15:38:00
CLM-0003924,USR-00005,BAT-000408,STR-001,2024-12-15T12:04:00,WhatsApp,0.0,pickup,True,2024-12-15T12:32:00
CLM-0003929,USR-00415,BAT-000292,STR-001,2025-03-19T12:04:00,WhatsApp,0.0,delivery,True,2025-03-19T13:15:00
CLM-0003933,USR-00101,BAT-000430,STR-001,2025-01-16T19:33:00,WhatsApp,20.2,delivery,True,2025-01-16T20:12:00
CLM-0003934,USR-00065,BAT-000026,STR-001,2024-11-22T12:22:00,WhatsApp,10.0,pickup,True,2024-11-22T13:54:00
CLM-0003961,USR-00059,BAT-000404,STR-001,2025-01-19T15:25:00,WhatsApp,0.0,delivery,True,2025-01-19T15:48:00
CLM-0003966,USR-00132,BAT-000328,STR-001,2024-12-02T16:04:00,reply-YES,0.0,delivery,False,
CLM-0003972,USR-00011,BAT-000396,STR-001,2024-11-22T20:19:00,reply-YES,0.0,pickup,False,
CLM-0003981,USR-00297,BAT-000408,STR-001,2024-12-24T21:01:00,SMS,0.0,pickup,False,
CLM-0003986,USR-00061,BAT-000134,STR-001,2025-03-14T16:11:00,SMS,35.2,delivery,False,
CLM-0004004,USR-00231,BAT-000344,STR-001,2025-02-20T17:10:00,WhatsApp,35.0,pickup,False,
CLM-0004008,USR-00056,BAT-000258,STR-001,2024-12-16T12:00:00,SMS,0.0,delivery,False,
CLM-0004017,USR-00167,BAT-000273,STR-001,2024-12-27T21:02:00,WhatsApp,39.3,delivery,True,2024-12-27T21:54:00
CLM-0004042,USR-00359,BAT-000150,STR-001,2025-02-25T14:24:00,SMS,24.8,delivery,False,
CLM-0004045,USR-00032,BAT-000248,STR-001,2025-01-05T16:29:00,reply-YES,0.0,delivery,False,
CLM-0004052,USR-00408,BAT-000241,STR-001,2024-12-05T11:38:00,reply-YES,0.0,delivery,True,2024-12-05T12:31:00
CLM-0004056,USR-00281,BAT-000186,STR-001,2024-12-23T15:01:00,WhatsApp,0.0,delivery,True,2024-12-23T15:30:00
CLM-0004063,USR-00076,BAT-000189,STR-001,2024-11-10T16:18:00,reply-YES,0.0,delivery,False,
CLM-0004094,USR-00237,BAT-000143,STR-001,2025-02-04T09:31:00,WhatsApp,10.0,delivery,True,2025-02-04T11:22:00
CLM-0004095,USR-00152,BAT-000234,STR-001,2024-11-02T18:21:00,SMS,0.0,delivery,True,2024-11-02T20:19:00
CLM-0004097,USR-00082,BAT-000246,STR-001,2025-01-01T14:08:00,reply-YES,0.0,pickup,True,2025-01-01T15:07:00
CLM-0004103,USR-00093,BAT-000235,STR-001,2024-12-13T09:17:00,WhatsApp,0.0,pickup,True,2024-12-13T10:16:00
CLM-0004106,USR-00074,BAT-000276,STR-001,2024-10-08T16:04:00,SMS,0.0,pickup,True,2024-10-08T16:53:00
CLM-0004109,USR-00227,BAT-000191,STR-001,2024-12-21T21:17:00,reply-YES,0.0,delivery,True,2024-12-21T22:37:00
CLM-0004110,USR-00175,BAT-000236,STR-001,2025-02-14T12:08:00,reply-YES,0.0,delivery,True,2025-02-14T13:49:00
CLM-0004135,USR-00396,BAT-000311,STR-001,2025-03-31T11:00:00,SMS,0.0,delivery,True,2025-03-31T12:15:00
CLM-0004151,USR-00075,BAT-000287,STR-001,2024-10-31T11:08:00,SMS,0.0,delivery,False,
CLM-0004163,USR-00262,BAT-000426,STR-001,2025-03-19T09:37:00,SMS,0.0,pickup,False,
CLM-0004165,USR-00065,BAT-000332,STR-001,2025-01-07T11:13:00,SMS,0.0,pickup,False,
CLM-0004207,USR-00069,BAT-000236,STR-001,2025-03-02T16:08:00,WhatsApp,0.0,pickup,True,2025-03-02T17:19:00
CLM-0004214,USR-00049,BAT-000402,STR-001,2025-02-06T11:05:00,SMS,0.0,delivery,True,2025-02-06T11:23:00
CLM-0004235,USR-00352,BAT-000388,STR-001,2025-03-19T21:03:00,SMS,0.0,pickup,True,2025-03-19T22:58:00
CLM-0004273,USR-00004,BAT-000278,STR-001,2024-11-07T17:13:00,reply-YES,0.0,pickup,True,2024-11-07T17:56:00
CLM-0004281,USR-00075,BAT-000195,STR-001,2025-02-25T09:27:00,WhatsApp,0.0,delivery,True,2025-02-25T10:45:00
CLM-0004299,USR-00441,BAT-000196,STR-001,2024-12-15T19:09:00,WhatsApp,0.0,delivery,True,2024-12-15T20:51:00
CLM-0004300,USR-00395,BAT-000246,STR-001,2024-12-28T15:11:00,WhatsApp,0.0,delivery,False,
CLM-0004346,USR-00215,BAT-000283,STR-001,2025-01-03T19:00:00,reply-YES,0.0,pickup,True,2025-01-03T20:37:00
CLM-0004360,USR-00124,BAT-000340,STR-001,2025-02-07T14:03:00,WhatsApp,35.0,delivery,True,2025-02-07T15:09:00
CLM-0004371,USR-00123,BAT-000241,STR-001,2024-12-24T15:01:00,WhatsApp,0.0,pickup,True,2024-12-24T15:44:00
CLM-0004376,USR-00226,BAT-000221,STR-001,2025-03-10T19:03:00,reply-YES,0.0,pickup,False,
CLM-0004378,USR-00012,BAT-000156,STR-001,2025-03-07T12:01:00,reply-YES,35.1,delivery,True,2025-03-07T12:35:00
CLM-0004386,USR-00145,BAT-000166,STR-001,2025-03-17T10:24:00,SMS,0.0,pickup,True,2025-03-17T12:07:00
CLM-0004401,USR-00348,BAT-000385,STR-001,2025-01-22T21:31:00,WhatsApp,0.0,pickup,False,
CLM-0004402,USR-00171,BAT-000262,STR-001,2025-01-20T14:39:00,WhatsApp,0.0,pickup,True,2025-01-20T16:15:00
CLM-0004432,USR-00389,BAT-000029,STR-001,2024-12-16T09:05:00,reply-YES,0.0,pickup,True,2024-12-16T10:57:00
CLM-0004457,USR-00081,BAT-000399,STR-001,2025-03-26T16:00:00,SMS,0.0,delivery,True,2025-03-26T17:12:00
CLM-0004506,USR-00037,BAT-000189,STR-001,2024-10-31T16:22:00,WhatsApp,0.0,delivery,True,2024-10-31T16:54:00
CLM-0004518,USR-00318,BAT-000327,STR-001,2025-03-05T13:05:00,WhatsApp,0.0,delivery,True,2025-03-05T14:53:00
CLM-0004542,USR-00004,BAT-000250,STR-001,2024-11-27T13:11:00,WhatsApp,0.0,delivery,True,2024-11-27T14:29:00
CLM-0004546,USR-00084,BAT-000167,STR-001,2025-03-17T20:32:00,SMS,25.9,pickup,False,
CLM-0004589,USR-00066,BAT-000292,STR-001,2025-03-16T10:01:00,reply-YES,0.0,delivery,True,2025-03-16T10:46:00
CLM-0004591,USR-00495,BAT-000042,STR-001,2024-10-22T13:00:00,WhatsApp,0.0,pickup,True,2024-10-22T14:29:00
CLM-0004594,USR-00445,BAT-000290,STR-001,2025-03-04T14:16:00,WhatsApp,0.0,pickup,True,2025-03-04T15:22:00
CLM-0004604,USR-00265,BAT-000401,STR-001,2024-12-28T19:05:00,SMS,0.0,delivery,True,2024-12-28T20:10:00
CLM-0004607,USR-00259,BAT-000387,STR-001,2025-02-27T12:11:00,SMS,0.0,delivery,True,2025-02-27T13:55:00
CLM-0004608,USR-00091,BAT-000157,STR-001,2025-01-22T17:09:00,reply-YES,39.1,pickup,True,2025-01-22T18:10:00
CLM-0004620,USR-00399,BAT-000242,STR-001,2024-11-13T15:04:00,reply-YES,27.4,pickup,False,
CLM-0004626,USR-00166,BAT-000193,STR-001,2024-11-20T17:06:00,reply-YES,0.0,delivery,True,2024-11-20T19:02:00
CLM-0004638,USR-00407,BAT-000277,STR-001,2025-02-26T14:12:00,reply-YES,0.0,delivery,True,2025-02-26T14:33:00
CLM-0004649,USR-00052,BAT-000401,STR-001,2024-12-23T14:29:00,reply-YES,0.0,pickup,True,2024-12-23T15:32:00
CLM-0004650,USR-00354,BAT-000170,STR-001,2025-01-19T12:21:00,SMS,0.0,delivery,False,
CLM-0004666,USR-00488,BAT-000319,STR-001,2024-12-29T19:00:00,WhatsApp,0.0,delivery,False,
CLM-0004676,USR-00283,BAT-000430,STR-001,2025-01-19T18:14:00,WhatsApp,20.2,delivery,True,2025-01-19T19:30:00
CLM-0004685,USR-00028,BAT-000234,STR-001,2024-10-31T16:00:00,reply-YES,0.0,delivery,True,2024-10-31T17:25:00
CLM-0004704,USR-00500,BAT-000010,STR-001,2024-11-20T14:23:00,SMS,0.0,delivery,True,2024-11-20T15:48:00
CLM-0004732,USR-00312,BAT-000362,STR-001,2024-11-11T15:36:00,SMS,20.0,delivery,True,2024-11-11T16:12:00
CLM-0004736,USR-00483,BAT-000402,STR-001,2025-02-18T10:07:00,WhatsApp,0.0,delivery,False,
CLM-0004740,USR-00459,BAT-000394,STR-001,2024-10-29T21:33:00,SMS,35.9,pickup,False,
CLM-0004742,USR-00423,BAT-000273,STR-001,2025-01-07T14:02:00,SMS,39.3,delivery,True,2025-01-07T15:11:00
CLM-0004746,USR-00346,BAT-000241,STR-001,2024-12-17T16:08:00,SMS,0.0,delivery,False,
CLM-0004758,USR-00140,BAT-000169,STR-001,2024-12-05T15:19:00,SMS,0.0,pickup,True,2024-12-05T16:28:00
CLM-0004761,USR-00010,BAT-000051,STR-001,2025-03-28T17:12:00,WhatsApp,10.0,delivery,False,
CLM-0004763,USR-00340,BAT-000255,STR-001,2024-11-15T20:18:00,SMS,0.0,pickup,True,2024-11-15T21:02:00
CLM-0004787,USR-00340,BAT-000006,STR-001,2025-03-04T11:04:00,reply-YES,10.0,pickup,True,2025-03-04T11:26:00
CLM-0004794,USR-00335,BAT-000183,STR-001,2025-03-11T16:19:00,reply-YES,0.0,delivery,True,2025-03-11T16:38:00
CLM-0004795,USR-00041,BAT-000414,STR-001,2025-01-26T21:22:00,WhatsApp,0.0,delivery,True,2025-01-26T23:15:00
CLM-0004812,USR-00101,BAT-000426,STR-001,2025-03-28T14:28:00,reply-YES,0.0,delivery,True,2025-03-28T16:21:00
CLM-0004823,USR-00452,BAT-000330,STR-001,2024-12-01T13:03:00,SMS,0.0,delivery,False,
CLM-0004842,USR-00292,BAT-000389,STR-001,2025-03-09T15:11:00,SMS,0.0,delivery,True,2025-03-09T15:32:00
CLM-0004845,USR-00431,BAT-000301,STR-001,2025-01-31T21:00:00,SMS,0.0,delivery,True,2025-01-31T21:39:00
CLM-0004864,USR-00034,BAT-000235,STR-001,2024-12-08T17:24:00,reply-YES,0.0,delivery,True,2024-12-08T17:56:00
CLM-0004869,USR-00332,BAT-000333,STR-001,2025-02-26T11:24:00,WhatsApp,0.0,delivery,True,2025-02-26T12:42:00
CLM-0004874,USR-00199,BAT-000299,STR-001,2025-01-16T19:16:00,reply-YES,26.9,delivery,False,
CLM-0004882,USR-00327,BAT-000324,STR-001,2024-10-21T15:00:00,WhatsApp,0.0,pickup,True,2024-10-21T16:58:00
CLM-0004887,USR-00083,BAT-000418,STR-001,2024-10-18T12:10:00,WhatsApp,0.0,pickup,False,
CLM-0004892,USR-00367,BAT-000443,STR-001,2025-01-04T15:10:00,SMS,0.0,pickup,True,2025-01-04T16:26:00
CLM-0004901,USR-00296,BAT-000012,STR-001,2025-03-31T21:01:00,WhatsApp,0.0,delivery,True,2025-03-31T22:40:00
CLM-0004915,USR-00319,BAT-000263,STR-001,2024-12-01T11:02:00,SMS,0.0,pickup,False,
CLM-0004972,USR-00092,BAT-000332,STR-001,2025-01-14T10:00:00,SMS,0.0,delivery,True,2025-01-14T11:27:00
CLM-0004976,USR-00406,BAT-000400,STR-001,2024-12-12T17:03:00,WhatsApp,0.0,pickup,True,2024-12-12T17:28:00
CLM-0004989,USR-00093,BAT-000316,STR-001,2024-10-27T14:04:00,reply-YES,0.0,pickup,True,2024-10-27T15:21:00
CLM-0004993,USR-00282,BAT-000128,STR-001,2024-12-18T09:24:00,reply-YES,10.0,pickup,True,2024-12-18T11:00:00
CLM-0004997,USR-00301,BAT-000277,STR-001,2025-03-07T19:07:00,SMS,0.0,delivery,True,2025-03-07T19:41:00
CLM-0005007,USR-00163,BAT-000271,STR-001,2025-01-10T13:09:00,SMS,0.0,pickup,True,2025-01-10T14:59:00
CLM-0005042,USR-00044,BAT-000332,STR-001,2025-01-22T15:11:00,WhatsApp,0.0,pickup,False,
CLM-0005061,USR-00478,BAT-000292,STR-001,2025-03-22T17:24:00,WhatsApp,0.0,pickup,False,
CLM-0005067,USR-00101,BAT-000165,STR-001,2025-03-04T15:31:00,SMS,0.0,delivery,True,2025-03-04T15:50:00
CLM-0005085,USR-00176,BAT-000432,STR-001,2024-12-20T14:25:00,reply-YES,0.0,delivery,False,
CLM-0005089,USR-00379,BAT-000249,STR-001,2024-12-02T10:09:00,SMS,0.0,delivery,True,2024-12-02T11:56:00
CLM-0005091,USR-00339,BAT-000241,STR-001,2024-12-06T13:38:00,WhatsApp,0.0,delivery,True,2024-12-06T15:07:00
CLM-0005123,USR-00336,BAT-000432,STR-001,2024-12-19T17:08:00,WhatsApp,0.0,delivery,True,2024-12-19T19:02:00
CLM-0005132,USR-00168,BAT-000008,STR-001,2025-01-31T20:06:00,WhatsApp,20.0,pickup,True,2025-01-31T21:11:00
CLM-0005137,USR-00220,BAT-000268,STR-001,2024-11-15T10:22:00,SMS,22.0,delivery,True,2024-11-15T11:20:00
CLM-0005147,USR-00343,BAT-000318,STR-001,2025-03-03T18:30:00,WhatsApp,0.0,delivery,True,2025-03-03T20:24:00
CLM-0005156,USR-00043,BAT-000008,STR-001,2025-01-29T15:05:00,WhatsApp,10.0,delivery,False,
CLM-0005159,USR-00037,BAT-000175,STR-001,2024-11-15T21:12:00,WhatsApp,21.1,pickup,False,
CLM-0005191,USR-00098,BAT-000265,STR-001,2025-01-26T18:14:00,SMS,0.0,pickup,True,2025-01-26T19:43:00
CLM-0005206,USR-00125,BAT-000182,STR-001,2025-02-05T15:04:00,SMS,0.0,pickup,True,2025-02-05T15:29:00
CLM-0005218,USR-00105,BAT-000230,STR-001,2024-10-15T15:32:00,SMS,0.0,delivery,True,2024-10-15T17:13:00
CLM-0005235,USR-00152,BAT-000225,STR-001,2024-12-18T14:12:00,reply-YES,30.2,pickup,True,2024-12-18T15:26:00
CLM-0005237,USR-00108,BAT-000419,STR-001,2024-11-20T12:02:00,SMS,0.0,pickup,True,2024-11-20T13:56:00
CLM-0005243,USR-00238,BAT-000353,STR-001,2025-03-26T14:10:00,WhatsApp,10.0,pickup,False,
CLM-0005244,USR-00172,BAT-000320,STR-001,2024-11-04T17:26:00,WhatsApp,0.0,pickup,True,2024-11-04T18:27:00
CLM-0005249,USR-00022,BAT-000278,STR-001,2024-10-31T14:06:00,WhatsApp,0.0,delivery,True,2024-10-31T15:50:00
CLM-0005273,USR-00231,BAT-000018,STR-001,2025-01-09T16:22:00,WhatsApp,0.0,pickup,False,
CLM-0005274,USR-00352,BAT-000216,STR-001,2025-01-04T11:04:00,SMS,0.0,delivery,True,2025-01-04T12:06:00
CLM-0005275,USR-00432,BAT-000265,STR-001,2025-01-11T12:10:00,SMS,0.0,pickup,True,2025-01-11T13:48:00
CLM-0005296,USR-00175,BAT-000310,STR-001,2025-03-20T19:14:00,reply-YES,0.0,pickup,False,
CLM-0005308,USR-00196,BAT-000078,STR-001,2024-11-09T12:09:00,SMS,10.0,delivery,True,2024-11-09T14:05:00
CLM-0005312,USR-00080,BAT-000444,STR-001,2024-10-17T13:20:00,WhatsApp,0.0,pickup,True,2024-10-17T15:19:00
CLM-0005314,USR-00436,BAT-000166,STR-001,2025-03-16T09:15:00,SMS,0.0,delivery,True,2025-03-16T09:32:00
CLM-0005322,USR-00251,BAT-000415,STR-001,2025-02-13T18:18:00,reply-YES,0.0,pickup,True,2025-02-13T19:45:00
CLM-0005335,USR-00199,BAT-000439,STR-001,2025-01-05T16:01:00,reply-YES,20.0,delivery,True,2025-01-05T16:17:00
CLM-0005338,USR-00241,BAT-000243,STR-001,2024-12-29T18:13:00,SMS,0.0,pickup,True,2024-12-29T19:09:00
CLM-0005348,USR-00355,BAT-000255,STR-001,2024-11-17T15:06:00,WhatsApp,0.0,delivery,True,2024-11-17T16:08:00
CLM-0005378,USR-00115,BAT-000182,STR-001,2025-01-27T11:08:00,WhatsApp,0.0,pickup,True,2025-01-27T11:40:00
CLM-0005379,USR-00479,BAT-000228,STR-001,2024-11-11T13:05:00,WhatsApp,0.0,pickup,True,2024-11-11T14:33:00
CLM-0005383,USR-00247,BAT-000299,STR-001,2025-01-10T09:07:00,SMS,26.9,delivery,True,2025-01-10T09:57:00
CLM-0005389,USR-00321,BAT-000197,STR-001,2025-01-20T10:03:00,reply-YES,0.0,delivery,True,2025-01-20T11:37:00
CLM-0005406,USR-00250,BAT-000009,STR-001,2024-12-29T15:06:00,WhatsApp,10.0,pickup,False,
CLM-0005436,USR-00149,BAT-000077,STR-001,2025-02-04T13:10:00,SMS,20.0,pickup,True,2025-02-04T13:59:00
CLM-0005439,USR-00332,BAT-000027,STR-001,2024-12-18T15:00:00,reply-YES,0.0,pickup,True,2024-12-18T15:57:00
CLM-0005466,USR-00377,BAT-000302,STR-001,2025-02-10T19:18:00,reply-YES,0.0,delivery,False,
CLM-0005470,USR-00185,BAT-000300,STR-001,2024-11-04T21:17:00,SMS,0.0,pickup,False,
CLM-0005476,USR-00055,BAT-000171,STR-001,2025-01-16T16:18:00,SMS,30.9,pickup,True,2025-01-16T16:45:00
CLM-0005504,USR-00086,BAT-000186,STR-001,2025-01-02T13:05:00,WhatsApp,0.0,pickup,False,
CLM-0005549,USR-00204,BAT-000418,STR-001,2024-10-13T10:00:00,WhatsApp,0.0,delivery,True,2024-10-13T10:55:00
CLM-0005550,USR-00121,BAT-000227,STR-001,2024-10-26T13:01:00,SMS,0.0,delivery,True,2024-10-26T14:32:00
CLM-0005560,USR-00121,BAT-000208,STR-001,2025-03-20T11:06:00,WhatsApp,0.0,pickup,True,2025-03-20T11:53:00
CLM-0005562,USR-00042,BAT-000265,STR-001,2025-01-06T09:23:00,reply-YES,0.0,delivery,False,
CLM-0005571,USR-00056,BAT-000402,STR-001,2025-02-15T11:00:00,WhatsApp,0.0,delivery,True,2025-02-15T11:49:00
CLM-0005601,USR-00022,BAT-000239,STR-001,2025-03-19T10:03:00,WhatsApp,0.0,pickup,True,2025-03-19T10:18:00
CLM-0005612,USR-00128,BAT-000416,STR-001,2025-01-02T21:19:00,WhatsApp,0.0,pickup,True,2025-01-02T21:49:00
CLM-0005619,USR-00179,BAT-000316,STR-001,2024-10-10T14:09:00,WhatsApp,0.0,pickup,True,2024-10-10T14:27:00
CLM-0005621,USR-00353,BAT-000157,STR-001,2025-01-27T14:26:00,SMS,39.1,delivery,True,2025-01-27T15:25:00
CLM-0005649,USR-00297,BAT-000258,STR-001,2024-12-10T15:04:00,WhatsApp,0.0,pickup,True,2024-12-10T16:32:00
CLM-0005660,USR-00183,BAT-000166,STR-001,2025-03-03T10:03:00,reply-YES,0.0,pickup,True,2025-03-03T11:34:00
CLM-0005673,USR-00465,BAT-000417,STR-001,2024-11-15T11:21:00,SMS,0.0,pickup,False,
CLM-0005677,USR-00229,BAT-000432,STR-001,2024-12-16T20:02:00,reply-YES,0.0,delivery,True,2024-12-16T21:31:00
CLM-0005681,USR-00308,BAT-000255,STR-001,2024-11-19T18:11:00,WhatsApp,0.0,delivery,False,
CLM-0005697,USR-00043,BAT-000328,STR-001,2024-11-22T18:13:00,reply-YES,0.0,delivery,False,
CLM-0005702,USR-00230,BAT-000418,STR-001,2024-10-14T21:12:00,SMS,0.0,pickup,False,
CLM-0005720,USR-00391,BAT-000442,STR-001,2024-11-06T11:26:00,reply-YES,0.0,pickup,False,
CLM-0005740,USR-00188,BAT-000277,STR-001,2025-03-17T18:02:00,WhatsApp,0.0,delivery,True,2025-03-17T19:02:00
CLM-0005748,USR-00292,BAT-000399,STR-001,2025-03-21T21:10:00,WhatsApp,0.0,pickup,True,2025-03-21T21:53:00
CLM-0005750,USR-00055,BAT-000145,STR-001,2025-01-23T11:12:00,SMS,0.0,pickup,True,2025-01-23T11:41:00
CLM-0005767,USR-00357,BAT-000216,STR-001,2025-01-24T15:10:00,SMS,0.0,delivery,True,2025-01-24T16:47:00
CLM-0005768,USR-00260,BAT-000243,STR-001,2025-01-12T13:01:00,SMS,0.0,delivery,True,2025-01-12T13:50:00
CLM-0005787,USR-00274,BAT-000405,STR-001,2024-11-12T15:00:00,reply-YES,20.8,pickup,True,2024-11-12T15:59:00
CLM-0005789,USR-00409,BAT-000186,STR-001,2024-12-22T21:03:00,WhatsApp,0.0,delivery,True,2024-12-22T22:22:00
CLM-0005795,USR-00072,BAT-000320,STR-001,2024-10-19T14:06:00,reply-YES,0.0,delivery,False,
CLM-0005802,USR-00123,BAT-000186,STR-001,2024-12-20T11:02:00,SMS,0.0,delivery,False,
CLM-0005804,USR-00036,BAT-000188,STR-001,2024-11-11T11:17:00,reply-YES,0.0,delivery,True,2024-11-11T12:59:00
CLM-0005808,USR-00062,BAT-000054,STR-001,2024-12-24T20:06:00,SMS,10.0,pickup,False,
CLM-0005862,USR-00276,BAT-000288,STR-001,2024-12-16T17:06:00,SMS,24.2,pickup,False,
CLM-0005871,USR-00282,BAT-000412,STR-001,2025-01-17T21:15:00,WhatsApp,0.0,pickup,True,2025-01-17T21:34:00
CLM-0005881,USR-00079,BAT-000390,STR-001,2025-03-29T11:00:00,reply-YES,21.3,delivery,True,2025-03-29T11:26:00
CLM-0005887,USR-00262,BAT-000210,STR-001,2025-02-21T13:10:00,SMS,0.0,pickup,False,
CLM-0005926,USR-00298,BAT-000259,STR-001,2025-01-24T14:13:00,SMS,0.0,delivery,True,2025-01-24T16:04:00
CLM-0005932,USR-00317,BAT-000248,STR-001,2025-01-06T15:04:00,WhatsApp,0.0,delivery,True,2025-01-06T16:24:00
CLM-0005941,USR-00480,BAT-000289,STR-001,2024-12-29T10:24:00,SMS,0.0,pickup,False,
CLM-0005957,USR-00319,BAT-000448,STR-001,2024-10-17T19:02:00,reply-YES,32.0,delivery,True,2024-10-17T19:52:00
CLM-0005958,USR-00212,BAT-000394,STR-001,2024-10-19T17:05:00,reply-YES,35.9,pickup,False,
CLM-0005964,USR-00385,BAT-000288,STR-001,2024-12-05T20:32:00,SMS,24.2,delivery,True,2024-12-05T21:36:00
CLM-0005972,USR-00002,BAT-000047,STR-001,2025-01-22T12:01:00,WhatsApp,0.0,pickup,True,2025-01-22T12:22:00
CLM-0005975,USR-00161,BAT-000158,STR-001,2025-01-21T10:00:00,reply-YES,0.0,pickup,False,
CLM-0005990,USR-00344,BAT-000187,STR-001,2024-11-19T14:13:00,SMS,0.0,pickup,True,2024-11-19T15:23:00
CLM-0005996,USR-00403,BAT-000298,STR-001,2025-02-05T12:01:00,SMS,26.9,pickup,True,2025-02-05T13:24:00
CLM-0006001,USR-00464,BAT-000225,STR-001,2024-12-24T21:02:00,SMS,30.2,delivery,True,2024-12-24T21:36:00
CLM-0006007,USR-00351,BAT-000208,STR-001,2025-03-27T12:01:00,reply-YES,0.0,pickup,True,2025-03-27T12:56:00
CLM-0006013,USR-00257,BAT-000186,STR-001,2024-12-25T18:07:00,reply-YES,0.0,pickup,True,2024-12-25T19:02:00
CLM-0006041,USR-00342,BAT-000409,STR-001,2024-11-12T21:32:00,WhatsApp,0.0,pickup,True,2024-11-12T23:31:00
CLM-0006052,USR-00022,BAT-000206,STR-001,2024-10-17T10:15:00,reply-YES,22.1,delivery,False,
CLM-0006056,USR-00052,BAT-000269,STR-001,2025-01-30T21:14:00,SMS,0.0,delivery,True,2025-01-30T21:33:00
CLM-0006057,USR-00012,BAT-000399,STR-001,2025-03-09T16:18:00,SMS,0.0,delivery,True,2025-03-09T16:57:00
CLM-0006072,USR-00071,BAT-000422,STR-001,2024-12-26T17:02:00,SMS,0.0,delivery,True,2024-12-26T17:57:00
CLM-0006104,USR-00029,BAT-000328,STR-001,2024-11-18T14:15:00,reply-YES,0.0,delivery,False,
CLM-0006120,USR-00318,BAT-000041,STR-001,2024-11-30T18:14:00,SMS,0.0,pickup,True,2024-11-30T19:23:00
CLM-0006139,USR-00474,BAT-000243,STR-001,2024-12-31T20:00:00,WhatsApp,0.0,delivery,False,
CLM-0006144,USR-00364,BAT-000388,STR-001,2025-03-11T18:01:00,reply-YES,0.0,pickup,False,
CLM-0006145,USR-00318,BAT-000278,STR-001,2024-11-26T17:20:00,WhatsApp,0.0,pickup,True,2024-11-26T19:12:00
CLM-0006149,USR-00161,BAT-000216,STR-001,2025-01-01T16:02:00,SMS,0.0,delivery,False,
CLM-0006160,USR-00213,BAT-000009,STR-001,2024-12-27T17:16:00,reply-YES,10.0,delivery,True,2024-12-27T18:48:00
CLM-0006168,USR-00457,BAT-000188,STR-001,2024-11-12T21:19:00,WhatsApp,0.0,pickup,False,
CLM-0006175,USR-00180,BAT-000402,STR-001,2025-02-14T17:03:00,WhatsApp,0.0,delivery,True,2025-02-14T18:38:00
CLM-0006190,USR-00344,BAT-000287,STR-001,2024-11-04T17:13:00,WhatsApp,0.0,pickup,True,2024-11-04T18:44:00
CLM-0006193,USR-00214,BAT-000206,STR-001,2024-10-18T10:04:00,WhatsApp,22.1,pickup,True,2024-10-18T10:57:00
CLM-0006194,USR-00300,BAT-000184,STR-001,2024-10-26T15:05:00,reply-YES,0.0,pickup,True,2024-10-26T16:48:00
CLM-0006215,USR-00455,BAT-000102,STR-001,2024-11-14T09:41:00,SMS,20.0,pickup,True,2024-11-14T11:05:00
CLM-0006232,USR-00092,BAT-000285,STR-001,2025-03-03T11:02:00,WhatsApp,0.0,delivery,False,
CLM-0006235,USR-00393,BAT-000148,STR-001,2024-11-03T17:00:00,SMS,36.0,delivery,True,2024-11-03T17:25:00
CLM-0006238,USR-00434,BAT-000212,STR-001,2025-01-19T12:02:00,WhatsApp,23.0,delivery,True,2025-01-19T12:34:00
CLM-0006264,USR-00066,BAT-000259,STR-001,2025-01-27T12:13:00,SMS,0.0,delivery,True,2025-01-27T12:53:00
CLM-0006274,USR-00460,BAT-000339,STR-001,2024-11-17T16:22:00,WhatsApp,35.0,delivery,True,2024-11-17T18:22:00
CLM-0006284,USR-00030,BAT-000104,STR-001,2025-01-03T16:11:00,reply-YES,10.0,delivery,True,2025-01-03T17:42:00
CLM-0006287,USR-00261,BAT-000395,STR-001,2025-03-29T11:09:00,reply-YES,0.0,pickup,True,2025-03-29T12:41:00
CLM-0006315,USR-00126,BAT-000393,STR-001,2025-02-26T12:16:00,WhatsApp,0.0,delivery,True,2025-02-26T13:21:00
CLM-0006323,USR-00278,BAT-000249,STR-001,2024-11-25T21:14:00,reply-YES,0.0,pickup,True,2024-11-25T23:13:00
CLM-0006334,USR-00309,BAT-000316,STR-001,2024-10-21T13:04:00,reply-YES,0.0,delivery,False,
CLM-0006339,USR-00486,BAT-000220,STR-001,2025-02-15T13:03:00,reply-YES,0.0,delivery,True,2025-02-15T14:34:00
CLM-0006342,USR-00329,BAT-000328,STR-001,2024-11-13T21:37:00,WhatsApp,0.0,pickup,False,
CLM-0006349,USR-00075,BAT-000220,STR-001,2025-02-21T11:27:00,SMS,0.0,pickup,True,2025-02-21T12:07:00
CLM-0006386,USR-00379,BAT-000262,STR-001,2025-01-17T21:25:00,SMS,0.0,delivery,True,2025-01-17T23:07:00
CLM-0006388,USR-00016,BAT-000332,STR-001,2025-01-12T13:10:00,reply-YES,0.0,pickup,True,2025-01-12T13:52:00
CLM-0006393,USR-00029,BAT-000151,STR-001,2025-03-06T16:11:00,reply-YES,0.0,pickup,True,2025-03-06T18:07:00
CLM-0006426,USR-00488,BAT-000270,STR-001,2024-10-28T20:06:00,SMS,0.0,pickup,False,
CLM-0006430,USR-00462,BAT-000321,STR-001,2025-01-17T16:06:00,SMS,25.1,delivery,False,
CLM-0006435,USR-00399,BAT-000332,STR-001,2025-01-03T11:10:00,reply-YES,0.0,pickup,False,
CLM-0006449,USR-00039,BAT-000414,STR-001,2025-02-04T16:01:00,SMS,0.0,pickup,False,
CLM-0006451,USR-00459,BAT-000186,STR-001,2024-12-27T15:16:00,WhatsApp,0.0,delivery,False,
CLM-0006452,USR-00384,BAT-000245,STR-001,2024-12-27T17:06:00,reply-YES,0.0,delivery,True,2024-12-27T17:42:00
CLM-0006461,USR-00359,BAT-000027,STR-001,2024-12-22T20:04:00,SMS,20.0,pickup,True,2024-12-22T21:57:00
CLM-0006465,USR-00364,BAT-000244,STR-001,2024-11-10T11:36:00,WhatsApp,0.0,delivery,True,2024-11-10T13:01:00
CLM-0006484,USR-00023,BAT-000289,STR-001,2024-12-23T16:22:00,WhatsApp,0.0,delivery,False,
CLM-0006513,USR-00214,BAT-000229,STR-001,2025-02-02T18:01:00,SMS,0.0,pickup,True,2025-02-02T18:38:00
CLM-0006515,USR-00310,BAT-000273,STR-001,2024-12-26T20:01:00,SMS,39.3,delivery,True,2024-12-26T20:18:00
CLM-0006529,USR-00298,BAT-000159,STR-001,2025-02-07T09:20:00,WhatsApp,0.0,delivery,True,2025-02-07T09:46:00
CLM-0006541,USR-00252,BAT-000239,STR-001,2025-03-15T19:05:00,WhatsApp,0.0,pickup,False,
CLM-0006565,USR-00209,BAT-000415,STR-001,2025-02-10T14:18:00,WhatsApp,0.0,pickup,False,
CLM-0006582,USR-00005,BAT-000179,STR-001,2024-11-29T18:04:00,SMS,0.0,delivery,True,2024-11-29T20:02:00
CLM-0006591,USR-00109,BAT-000444,STR-001,2024-10-26T09:00:00,WhatsApp,0.0,delivery,True,2024-10-26T10:24:00
CLM-0006592,USR-00044,BAT-000324,STR-001,2024-10-29T09:12:00,WhatsApp,0.0,pickup,True,2024-10-29T10:02:00
CLM-0006609,USR-00484,BAT-000266,STR-001,2025-02-14T18:14:00,reply-YES,0.0,delivery,False,
CLM-0006630,USR-00430,BAT-000015,STR-001,2025-02-01T17:02:00,SMS,0.0,delivery,True,2025-02-01T18:48:00
CLM-0006631,USR-00051,BAT-000184,STR-001,2024-10-08T16:18:00,WhatsApp,0.0,delivery,False,
CLM-0006634,USR-00367,BAT-000237,STR-001,2025-01-17T17:15:00,reply-YES,0.0,pickup,False,
CLM-0006639,USR-00208,BAT-000417,STR-001,2024-11-07T13:01:00,WhatsApp,0.0,delivery,True,2024-11-07T13:22:00
CLM-0006643,USR-00237,BAT-000174,STR-001,2024-11-19T17:05:00,WhatsApp,0.0,pickup,True,2024-11-19T18:14:00
CLM-0006645,USR-00134,BAT-000408,STR-001,2024-12-28T17:26:00,SMS,0.0,delivery,True,2024-12-28T18:32:00
CLM-0006652,USR-00041,BAT-000429,STR-001,2025-01-24T14:04:00,WhatsApp,0.0,delivery,True,2025-01-24T14:43:00
CLM-0006655,USR-00498,BAT-000261,STR-001,2025-02-05T11:04:00,reply-YES,0.0,pickup,True,2025-02-05T11:38:00
CLM-0006659,USR-00477,BAT-000392,STR-001,2024-11-22T13:05:00,reply-YES,0.0,pickup,False,
CLM-0006739,USR-00056,BAT-000203,STR-001,2024-11-20T16:11:00,WhatsApp,0.0,delivery,False,
CLM-0006743,USR-00085,BAT-000331,STR-001,2024-11-07T09:15:00,reply-YES,0.0,pickup,True,2024-11-07T10:19:00
CLM-0006754,USR-00184,BAT-000182,STR-001,2025-02-08T15:00:00,WhatsApp,0.0,pickup,True,2025-02-08T15:39:00
CLM-0006758,USR-00357,BAT-000315,STR-001,2025-01-07T11:02:00,reply-YES,0.0,pickup,True,2025-01-07T11:17:00
CLM-0006786,USR-00331,BAT-000165,STR-001,2025-03-19T17:02:00,SMS,0.0,delivery,True,2025-03-19T18:00:00
CLM-0006802,USR-00076,BAT-000414,STR-001,2025-02-07T14:23:00,reply-YES,0.0,delivery,False,
CLM-0006808,USR-00492,BAT-000396,STR-001,2024-11-19T14:13:00,reply-YES,0.0,pickup,False,
CLM-0006813,USR-00135,BAT-000199,STR-001,2024-10-21T10:05:00,WhatsApp,0.0,pickup,False,
CLM-0006824,USR-00402,BAT-000414,STR-001,2025-01-19T15:06:00,reply-YES,0.0,pickup,True,2025-01-19T15:38:00
CLM-0006826,USR-00164,BAT-000180,STR-001,2024-11-08T17:10:00,WhatsApp,0.0,delivery,True,2024-11-08T18:48:00
CLM-0006840,USR-00069,BAT-000316,STR-001,2024-10-17T21:08:00,reply-YES,0.0,delivery,False,
CLM-0006845,USR-00050,BAT-000100,STR-001,2024-10-25T21:21:00,SMS,10.0,delivery,True,2024-10-25T23:10:00
CLM-0006854,USR-00123,BAT-000445,STR-001,2025-03-05T19:11:00,SMS,33.0,pickup,True,2025-03-05T20:51:00
CLM-0006861,USR-00337,BAT-000401,STR-001,2025-01-04T10:07:00,WhatsApp,0.0,pickup,False,
CLM-0006875,USR-00108,BAT-000297,STR-001,2025-02-20T16:01:00,WhatsApp,0.0,delivery,False,
CLM-0006888,USR-00099,BAT-000203,STR-001,2024-11-18T17:04:00,SMS,0.0,delivery,True,2024-11-18T18:03:00
CLM-0006890,USR-00105,BAT-000277,STR-001,2025-03-04T17:29:00,reply-YES,0.0,pickup,True,2025-03-04T18:35:00
CLM-0006894,USR-00272,BAT-000417,STR-001,2024-11-04T20:12:00,WhatsApp,0.0,pickup,False,
CLM-0006897,USR-00280,BAT-000264,STR-001,2024-12-07T15:01:00,SMS,0.0,delivery,True,2024-12-07T16:03:00
CLM-0006926,USR-00329,BAT-000310,STR-001,2025-03-14T19:26:00,WhatsApp,0.0,delivery,False,
CLM-0006928,USR-00239,BAT-000209,STR-001,2024-10-21T10:13:00,WhatsApp,0.0,pickup,True,2024-10-21T10:59:00
CLM-0006950,USR-00451,BAT-000426,STR-001,2025-03-20T17:02:00,WhatsApp,0.0,delivery,True,2025-03-20T18:56:00
CLM-0006955,USR-00057,BAT-000099,STR-001,2025-03-28T20:17:00,reply-YES,10.0,pickup,True,2025-03-28T22:00:00
CLM-0006962,USR-00051,BAT-000380,STR-001,2024-12-25T19:29:00,reply-YES,35.0,delivery,True,2024-12-25T20:32:00
CLM-0006966,USR-00291,BAT-000315,STR-001,2025-01-13T11:10:00,reply-YES,0.0,delivery,True,2025-01-13T11:52:00
CLM-0006981,USR-00195,BAT-000204,STR-001,2024-12-13T18:04:00,reply-YES,0.0,pickup,True,2024-12-13T19:38:00
CLM-0006988,USR-00280,BAT-000424,STR-001,2025-02-08T20:01:00,WhatsApp,0.0,delivery,True,2025-02-08T21:31:00
CLM-0007004,USR-00442,BAT-000201,STR-001,2024-11-14T13:07:00,reply-YES,0.0,delivery,False,
CLM-0007018,USR-00124,BAT-000430,STR-001,2025-01-12T14:05:00,WhatsApp,20.2,delivery,True,2025-01-12T14:23:00
CLM-0007021,USR-00471,BAT-000427,STR-001,2024-12-31T10:26:00,WhatsApp,0.0,pickup,True,2024-12-31T11:22:00
CLM-0007030,USR-00022,BAT-000187,STR-001,2024-11-07T18:04:00,reply-YES,0.0,pickup,True,2024-11-07T19:54:00
CLM-0007057,USR-00318,BAT-000232,STR-001,2025-02-07T17:02:00,SMS,0.0,delivery,True,2025-02-07T18:15:00
CLM-0007062,USR-00151,BAT-000162,STR-001,2025-01-25T15:12:00,WhatsApp,0.0,delivery,True,2025-01-25T16:13:00
CLM-0007068,USR-00135,BAT-000407,STR-001,2025-02-02T14:01:00,reply-YES,0.0,delivery,False,
CLM-0007083,USR-00444,BAT-000443,STR-001,2025-01-07T20:19:00,WhatsApp,0.0,pickup,True,2025-01-07T21:58:00
CLM-0007091,USR-00298,BAT-000158,STR-001,2025-01-20T09:14:00,WhatsApp,0.0,pickup,True,2025-01-20T11:09:00
CLM-0007100,USR-00297,BAT-000328,STR-001,2024-11-11T20:37:00,reply-YES,0.0,delivery,True,2024-11-11T21:07:00
CLM-0007131,USR-00344,BAT-000168,STR-001,2025-03-31T21:02:00,SMS,0.0,delivery,True,2025-03-31T22:06:00
CLM-0007135,USR-00479,BAT-000396,STR-001,2024-11-17T19:08:00,SMS,0.0,pickup,True,2024-11-17T21:07:00
CLM-0007137,USR-00088,BAT-000423,STR-001,2025-02-23T18:08:00,SMS,0.0,pickup,True,2025-02-23T18:27:00
CLM-0007154,USR-00294,BAT-000305,STR-001,2024-11-26T21:02:00,SMS,0.0,pickup,True,2024-11-26T21:40:00
CLM-0007181,USR-00285,BAT-000173,STR-001,2025-01-31T15:13:00,reply-YES,38.0,pickup,True,2025-01-31T16:34:00
CLM-0007193,USR-00049,BAT-000388,STR-001,2025-03-10T12:37:00,reply-YES,0.0,delivery,True,2025-03-10T13:20:00
CLM-0007196,USR-00450,BAT-000052,STR-001,2025-02-08T14:22:00,reply-YES,10.0,delivery,True,2025-02-08T15:08:00
CLM-0007208,USR-00150,BAT-000174,STR-001,2024-11-15T19:09:00,reply-YES,0.0,pickup,True,2024-11-15T20:21:00
CLM-0007214,USR-00424,BAT-000209,STR-001,2024-10-15T20:09:00,SMS,0.0,pickup,True,2024-10-15T21:18:00
CLM-0007217,USR-00323,BAT-000244,STR-001,2024-11-21T18:06:00,SMS,0.0,pickup,True,2024-11-21T18:47:00
CLM-0007220,USR-00349,BAT-000269,STR-001,2025-02-09T17:01:00,WhatsApp,0.0,pickup,True,2025-02-09T17:39:00
CLM-0007232,USR-00440,BAT-000278,STR-001,2024-11-10T18:06:00,SMS,0.0,pickup,False,
CLM-0007245,USR-00445,BAT-000307,STR-001,2025-01-27T17:14:00,WhatsApp,0.0,pickup,False,
CLM-0007248,USR-00492,BAT-000307,STR-001,2025-01-25T10:01:00,WhatsApp,0.0,pickup,True,2025-01-25T10:58:00
CLM-0007250,USR-00034,BAT-000190,STR-001,2025-01-19T10:05:00,SMS,0.0,delivery,True,2025-01-19T10:54:00
CLM-0007253,USR-00306,BAT-000411,STR-001,2024-12-15T09:03:00,reply-YES,0.0,delivery,True,2024-12-15T10:24:00
CLM-0007256,USR-00045,BAT-000425,STR-001,2024-11-05T09:08:00,WhatsApp,0.0,pickup,False,
CLM-0007264,USR-00250,BAT-000214,STR-001,2024-10-29T13:00:00,reply-YES,0.0,delivery,True,2024-10-29T14:58:00
CLM-0007265,USR-00280,BAT-000245,STR-001,2025-01-02T19:04:00,reply-YES,0.0,pickup,True,2025-01-02T19:56:00
CLM-0007266,USR-00115,BAT-000098,STR-001,2025-02-04T16:11:00,WhatsApp,38.8,pickup,True,2025-02-04T18:00:00
CLM-0007275,USR-00288,BAT-000147,STR-001,2025-01-03T20:08:00,reply-YES,0.0,pickup,False,
CLM-0007283,USR-00489,BAT-000236,STR-001,2025-02-22T17:20:00,WhatsApp,0.0,pickup,True,2025-02-22T18:43:00
CLM-0007288,USR-00456,BAT-000137,STR-001,2024-12-18T09:08:00,WhatsApp,10.0,pickup,True,2024-12-18T10:04:00
CLM-0007290,USR-00324,BAT-000288,STR-001,2024-12-11T15:13:00,reply-YES,24.2,delivery,True,2024-12-11T15:58:00
CLM-0007291,USR-00219,BAT-000038,STR-001,2025-02-15T15:04:00,reply-YES,10.0,delivery,True,2025-02-15T16:17:00
CLM-0007295,USR-00113,BAT-000197,STR-001,2025-01-26T16:13:00,SMS,0.0,pickup,False,
CLM-0007303,USR-00411,BAT-000400,STR-001,2024-12-24T18:04:00,reply-YES,0.0,pickup,True,2024-12-24T19:56:00
CLM-0007307,USR-00452,BAT-000388,STR-001,2025-03-09T19:00:00,reply-YES,0.0,delivery,False,
CLM-0007312,USR-00354,BAT-000223,STR-001,2025-03-11T17:00:00,reply-YES,0.0,pickup,True,2025-03-11T17:48:00
CLM-0007316,USR-00270,BAT-000152,STR-001,2024-12-25T16:13:00,SMS,22.0,pickup,True,2024-12-25T17:34:00
CLM-0007336,USR-00006,BAT-000281,STR-001,2025-03-14T21:06:00,WhatsApp,30.2,delivery,True,2025-03-14T22:37:00
CLM-0007359,USR-00161,BAT-000202,STR-001,2024-11-01T09:04:00,SMS,0.0,pickup,False,
CLM-0007361,USR-00201,BAT-000234,STR-001,2024-11-10T14:15:00,reply-YES,0.0,delivery,True,2024-11-10T16:04:00
CLM-0007369,USR-00430,BAT-000388,STR-001,2025-03-18T13:13:00,reply-YES,0.0,pickup,True,2025-03-18T14:15:00
CLM-0007387,USR-00132,BAT-000166,STR-001,2025-03-15T09:07:00,reply-YES,0.0,pickup,False,
CLM-0007404,USR-00169,BAT-000018,STR-001,2025-01-04T18:02:00,SMS,0.0,delivery,False,
CLM-0007436,USR-00121,BAT-000157,STR-001,2025-01-18T15:01:00,SMS,39.1,delivery,True,2025-01-18T16:52:00
CLM-0007441,USR-00291,BAT-000032,STR-001,2024-11-19T21:04:00,SMS,0.0,pickup,False,
CLM-0007458,USR-00056,BAT-000291,STR-001,2024-10-19T14:19:00,WhatsApp,0.0,pickup,True,2024-10-19T15:36:00
CLM-0007461,USR-00090,BAT-000014,STR-001,2025-02-10T12:12:00,reply-YES,0.0,pickup,True,2025-02-10T13:45:00
CLM-0007473,USR-00487,BAT-000035,STR-001,2024-10-18T14:29:00,SMS,28.9,delivery,True,2024-10-18T16:10:00
CLM-0007484,USR-00299,BAT-000389,STR-001,2025-03-31T21:18:00,reply-YES,0.0,delivery,False,
CLM-0007485,USR-00352,BAT-000442,STR-001,2024-10-27T20:05:00,SMS,0.0,pickup,True,2024-10-27T21:57:00
CLM-0007488,USR-00050,BAT-000301,STR-001,2025-01-22T15:02:00,reply-YES,0.0,delivery,False,
CLM-0007502,USR-00086,BAT-000300,STR-001,2024-11-26T10:10:00,reply-YES,0.0,delivery,True,2024-11-26T11:01:00
CLM-0007525,USR-00422,BAT-000405,STR-001,2024-11-10T13:20:00,reply-YES,20.8,pickup,True,2024-11-10T14:23:00
CLM-0007533,USR-00372,BAT-000233,STR-001,2024-11-16T12:07:00,WhatsApp,0.0,pickup,True,2024-11-16T12:55:00
CLM-0007548,USR-00292,BAT-000170,STR-001,2025-01-28T15:06:00,SMS,0.0,pickup,False,
CLM-0007550,USR-00369,BAT-000400,STR-001,2024-12-19T14:11:00,reply-YES,0.0,delivery,False,
CLM-0007565,USR-00026,BAT-000181,STR-001,2024-11-10T14:08:00,SMS,0.0,delivery,False,
CLM-0007573,USR-00292,BAT-000426,STR-001,2025-03-17T21:11:00,reply-YES,0.0,pickup,True,2025-03-17T22:57:00
CLM-0007575,USR-00006,BAT-000289,STR-001,2024-12-03T18:05:00,WhatsApp,0.0,pickup,False,
CLM-0007577,USR-00375,BAT-000189,STR-001,2024-10-25T17:13:00,WhatsApp,0.0,delivery,False,
CLM-0007582,USR-00274,BAT-000408,STR-001,2024-12-27T20:00:00,WhatsApp,0.0,pickup,False,
CLM-0007586,USR-00032,BAT-000181,STR-001,2024-11-18T11:31:00,SMS,0.0,pickup,False,
CLM-0007596,USR-00306,BAT-000277,STR-001,2025-02-23T19:13:00,SMS,0.0,pickup,True,2025-02-23T20:02:00
CLM-0007628,USR-00395,BAT-000322,STR-001,2025-01-26T20:18:00,SMS,0.0,delivery,True,2025-01-26T20:42:00
CLM-0007632,USR-00287,BAT-000397,STR-001,2025-02-26T11:04:00,WhatsApp,0.0,pickup,True,2025-02-26T12:54:00
CLM-0007653,USR-00181,BAT-000258,STR-001,2024-12-02T18:06:00,WhatsApp,0.0,delivery,True,2024-12-02T18:41:00
CLM-0007658,USR-00303,BAT-000241,STR-001,2024-12-31T13:28:00,WhatsApp,0.0,pickup,False,
CLM-0007664,USR-00415,BAT-000220,STR-001,2025-02-11T15:01:00,reply-YES,0.0,delivery,True,2025-02-11T15:44:00
CLM-0007684,USR-00166,BAT-000236,STR-001,2025-02-13T19:04:00,SMS,0.0,delivery,True,2025-02-13T20:26:00
CLM-0007695,USR-00119,BAT-000225,STR-001,2024-12-11T20:02:00,WhatsApp,30.2,pickup,True,2024-12-11T21:24:00
CLM-0007699,USR-00446,BAT-000182,STR-001,2025-02-02T11:01:00,reply-YES,0.0,pickup,True,2025-02-02T12:01:00
CLM-0007709,USR-00009,BAT-000300,STR-001,2024-12-01T19:05:00,SMS,0.0,pickup,False,
CLM-0007726,USR-00314,BAT-000273,STR-001,2024-12-29T16:09:00,WhatsApp,39.3,delivery,True,2024-12-29T17:40:00
CLM-0007730,USR-00299,BAT-000008,STR-001,2025-01-28T11:05:00,SMS,10.0,pickup,True,2025-01-28T12:51:00
CLM-0007738,USR-00243,BAT-000317,STR-001,2025-01-04T15:02:00,SMS,0.0,delivery,True,2025-01-04T15:29:00
CLM-0007743,USR-00373,BAT-000341,STR-001,2024-11-10T17:07:00,reply-YES,35.0,delivery,True,2024-11-10T18:57:00
CLM-0007752,USR-00020,BAT-000302,STR-001,2025-02-24T11:02:00,WhatsApp,0.0,pickup,True,2025-02-24T11:55:00
CLM-0007772,USR-00002,BAT-000293,STR-001,2025-02-23T09:01:00,WhatsApp,0.0,pickup,True,2025-02-23T10:24:00
CLM-0007785,USR-00282,BAT-000172,STR-001,2024-12-09T20:03:00,reply-YES,0.0,delivery,True,2024-12-09T21:36:00
CLM-0007792,USR-00397,BAT-000315,STR-001,2025-01-18T16:00:00,WhatsApp,0.0,delivery,True,2025-01-18T16:40:00
CLM-0007798,USR-00168,BAT-000191,STR-001,2025-01-12T16:01:00,WhatsApp,0.0,pickup,True,2025-01-12T16:30:00
CLM-0007803,USR-00089,BAT-000016,STR-001,2024-10-10T19:35:00,SMS,0.0,delivery,False,
CLM-0007807,USR-00138,BAT-000428,STR-001,2024-11-21T18:20:00,reply-YES,0.0,delivery,True,2024-11-21T18:59:00
CLM-0007837,USR-00426,BAT-000130,STR-001,2024-11-30T18:07:00,WhatsApp,10.0,pickup,False,
CLM-0007861,USR-00421,BAT-000416,STR-001,2025-01-03T15:30:00,WhatsApp,0.0,pickup,True,2025-01-03T16:06:00
CLM-0007866,USR-00010,BAT-000177,STR-001,2025-01-24T21:10:00,WhatsApp,33.9,delivery,True,2025-01-24T23:09:00
CLM-0007871,USR-00318,BAT-000082,STR-001,2024-12-10T17:01:00,reply-YES,20.0,pickup,True,2024-12-10T17:55:00
CLM-0007874,USR-00111,BAT-000219,STR-001,2024-10-29T20:01:00,reply-YES,0.0,delivery,True,2024-10-29T21:47:00
CLM-0007876,USR-00326,BAT-000324,STR-001,2024-11-05T16:03:00,SMS,0.0,pickup,True,2024-11-05T17:29:00
CLM-0007898,USR-00318,BAT-000002,STR-001,2025-01-19T16:13:00,WhatsApp,20.7,delivery,True,2025-01-19T16:45:00
CLM-0007927,USR-00499,BAT-000290,STR-001,2025-03-07T19:13:00,reply-YES,0.0,delivery,True,2025-03-07T20:13:00
CLM-0007963,USR-00116,BAT-000318,STR-001,2025-02-25T20:08:00,reply-YES,0.0,pickup,True,2025-02-25T21:26:00
CLM-0007967,USR-00274,BAT-000373,STR-001,2025-02-08T21:00:00,WhatsApp,10.0,delivery,True,2025-02-08T22:32:00
CLM-0007980,USR-00386,BAT-000326,STR-001,2025-01-11T12:08:00,WhatsApp,0.0,pickup,False,
CLM-0007984,USR-00268,BAT-000401,STR-001,2024-12-22T18:36:00,SMS,0.0,pickup,False,
CLM-0007986,USR-00113,BAT-000049,STR-001,2024-10-18T21:06:00,SMS,10.0,delivery,True,2024-10-18T22:49:00
CLM-0007990,USR-00437,BAT-000231,STR-001,2025-03-19T11:08:00,SMS,0.0,pickup,True,2025-03-19T11:27:00
CLM-0008000,USR-00007,BAT-000204,STR-001,2024-12-08T14:26:00,reply-YES,0.0,delivery,False,
CLM-0008022,USR-00243,BAT-000277,STR-001,2025-03-18T20:05:00,SMS,0.0,pickup,False,
CLM-0008024,USR-00146,BAT-000175,STR-001,2024-11-11T12:05:00,WhatsApp,21.1,delivery,True,2024-11-11T13:05:00
CLM-0008028,USR-00488,BAT-000289,STR-001,2024-12-15T18:24:00,reply-YES,0.0,pickup,True,2024-12-15T18:56:00
CLM-0008036,USR-00314,BAT-000185,STR-001,2025-03-28T21:15:00,WhatsApp,34.9,pickup,True,2025-03-28T23:01:00
CLM-0008038,USR-00396,BAT-000317,STR-001,2025-01-18T14:05:00,WhatsApp,0.0,delivery,True,2025-01-18T15:24:00
CLM-0008052,USR-00346,BAT-000180,STR-001,2024-11-04T18:24:00,reply-YES,0.0,delivery,True,2024-11-04T19:29:00
CLM-0008074,USR-00312,BAT-000282,STR-001,2024-11-16T13:16:00,reply-YES,0.0,delivery,True,2024-11-16T13:51:00
CLM-0008077,USR-00119,BAT-000427,STR-001,2025-01-22T12:01:00,WhatsApp,0.0,delivery,True,2025-01-22T12:19:00
CLM-0008084,USR-00400,BAT-000397,STR-001,2025-03-05T10:07:00,WhatsApp,0.0,delivery,True,2025-03-05T10:58:00
CLM-0008087,USR-00023,BAT-000013,STR-001,2024-11-20T19:25:00,reply-YES,0.0,delivery,True,2024-11-20T20:56:00
CLM-0008099,USR-00466,BAT-000425,STR-001,2024-11-07T17:21:00,SMS,0.0,delivery,True,2024-11-07T18:10:00
CLM-0008100,USR-00452,BAT-000244,STR-001,2024-11-18T15:08:00,SMS,0.0,delivery,True,2024-11-18T16:00:00
CLM-0008101,USR-00454,BAT-000087,STR-001,2024-12-04T11:04:00,SMS,20.0,pickup,False,
CLM-0008105,USR-00123,BAT-000196,STR-001,2024-12-16T21:01:00,WhatsApp,0.0,pickup,True,2024-12-16T21:43:00
CLM-0008114,USR-00042,BAT-000210,STR-001,2025-02-19T13:02:00,WhatsApp,0.0,delivery,False,
CLM-0008118,USR-00004,BAT-000275,STR-001,2025-02-11T14:16:00,SMS,0.0,delivery,True,2025-02-11T15:31:00
CLM-0008119,USR-00023,BAT-000288,STR-001,2024-12-15T20:12:00,WhatsApp,24.2,delivery,True,2024-12-15T21:02:00
CLM-0008122,USR-00063,BAT-000263,STR-001,2024-11-27T17:15:00,reply-YES,0.0,pickup,False,
CLM-0008173,USR-00100,BAT-000396,STR-001,2024-11-26T15:12:00,WhatsApp,0.0,delivery,True,2024-11-26T16:14:00
CLM-0008183,USR-00163,BAT-000416,STR-001,2025-01-01T20:08:00,WhatsApp,0.0,delivery,True,2025-01-01T21:19:00
CLM-0008190,USR-00282,BAT-000223,STR-001,2025-03-20T14:14:00,reply-YES,0.0,delivery,True,2025-03-20T15:35:00
CLM-0008202,USR-00221,BAT-000295,STR-001,2024-10-15T11:00:00,SMS,0.0,pickup,True,2024-10-15T12:43:00
CLM-0008204,USR-00188,BAT-000240,STR-001,2024-11-04T21:00:00,reply-YES,0.0,delivery,True,2024-11-04T22:45:00
CLM-0008215,USR-00006,BAT-000258,STR-001,2024-12-12T12:11:00,reply-YES,0.0,delivery,True,2024-12-12T13:36:00
CLM-0008218,USR-00390,BAT-000335,STR-001,2025-02-01T20:03:00,reply-YES,0.0,delivery,True,2025-02-01T21:00:00
CLM-0008233,USR-00167,BAT-000190,STR-001,2025-01-30T16:11:00,reply-YES,0.0,delivery,True,2025-01-30T16:49:00
CLM-0008239,USR-00329,BAT-000226,STR-001,2025-01-28T09:12:00,SMS,33.0,pickup,False,
CLM-0008240,USR-00282,BAT-000409,STR-001,2024-10-29T18:18:00,WhatsApp,0.0,delivery,True,2024-10-29T19:30:00
CLM-0008262,USR-00157,BAT-000191,STR-001,2025-01-06T16:03:00,reply-YES,0.0,pickup,True,2025-01-06T16:44:00
CLM-0008270,USR-00357,BAT-000389,STR-001,2025-03-29T16:02:00,reply-YES,0.0,pickup,False,
CLM-0008272,USR-00120,BAT-000254,STR-001,2025-03-15T19:03:00,WhatsApp,0.0,pickup,True,2025-03-15T20:37:00
CLM-0008274,USR-00022,BAT-000263,STR-001,2024-12-02T10:14:00,WhatsApp,0.0,delivery,True,2024-12-02T11:18:00
CLM-0008283,USR-00308,BAT-000222,STR-001,2025-03-21T20:02:00,WhatsApp,0.0,pickup,True,2025-03-21T20:19:00
CLM-0008294,USR-00059,BAT-000442,STR-001,2024-10-29T09:10:00,reply-YES,0.0,pickup,False,
CLM-0008305,USR-00256,BAT-000425,STR-001,2024-11-03T16:24:00,reply-YES,0.0,pickup,True,2024-11-03T17:18:00
CLM-0008309,USR-00113,BAT-000196,STR-001,2024-12-12T10:15:00,WhatsApp,0.0,delivery,True,2024-12-12T10:39:00
CLM-0008320,USR-00237,BAT-000320,STR-001,2024-10-12T17:26:00,WhatsApp,0.0,pickup,True,2024-10-12T18:40:00
CLM-0008331,USR-00032,BAT-000387,STR-001,2025-03-04T14:16:00,WhatsApp,0.0,delivery,True,2025-03-04T15:49:00
CLM-0008339,USR-00230,BAT-000212,STR-001,2025-01-13T13:00:00,reply-YES,23.0,delivery,True,2025-01-13T13:30:00
CLM-0008366,USR-00467,BAT-000431,STR-001,2024-12-27T15:16:00,reply-YES,32.2,pickup,True,2024-12-27T16:18:00
CLM-0008373,USR-00138,BAT-000334,STR-001,2024-10-29T17:06:00,WhatsApp,0.0,pickup,True,2024-10-29T18:11:00
CLM-0008378,USR-00169,BAT-000409,STR-001,2024-11-09T17:22:00,reply-YES,0.0,delivery,True,2024-11-09T17:43:00
CLM-0008382,USR-00154,BAT-000276,STR-001,2024-10-14T19:03:00,SMS,0.0,delivery,True,2024-10-14T20:52:00
CLM-0008394,USR-00151,BAT-000411,STR-001,2024-12-03T15:12:00,SMS,0.0,delivery,True,2024-12-03T15:28:00
CLM-0008395,USR-00039,BAT-000327,STR-001,2025-02-21T19:04:00,WhatsApp,0.0,pickup,False,
CLM-0008412,USR-00172,BAT-000372,STR-001,2025-01-02T18:12:00,reply-YES,20.0,pickup,False,
CLM-0008442,USR-00435,BAT-000177,STR-001,2025-01-29T18:32:00,reply-YES,33.9,pickup,True,2025-01-29T19:15:00
CLM-0008461,USR-00283,BAT-000218,STR-001,2025-03-09T12:23:00,reply-YES,0.0,delivery,True,2025-03-09T12:44:00
CLM-0008464,USR-00395,BAT-000402,STR-001,2025-02-16T18:36:00,SMS,0.0,pickup,True,2025-02-16T19:23:00
CLM-0008466,USR-00271,BAT-000324,STR-001,2024-11-07T20:16:00,WhatsApp,0.0,delivery,True,2024-11-07T21:16:00
CLM-0008499,USR-00019,BAT-000229,STR-001,2025-02-16T11:10:00,WhatsApp,0.0,delivery,True,2025-02-16T11:49:00
CLM-0008505,USR-00379,BAT-000316,STR-001,2024-10-30T20:03:00,WhatsApp,0.0,delivery,True,2024-10-30T21:04:00
CLM-0008524,USR-00494,BAT-000388,STR-001,2025-03-15T14:01:00,reply-YES,0.0,pickup,True,2025-03-15T15:34:00
CLM-0008535,USR-00285,BAT-000193,STR-001,2024-11-12T21:17:00,WhatsApp,0.0,delivery,True,2024-11-12T23:02:00
CLM-0008543,USR-00138,BAT-000332,STR-001,2025-01-20T18:22:00,SMS,0.0,delivery,False,
CLM-0008549,USR-00347,BAT-000171,STR-001,2025-02-04T15:10:00,reply-YES,30.9,pickup,True,2025-02-04T16:42:00
CLM-0008565,USR-00398,BAT-000156,STR-001,2025-03-01T18:02:00,WhatsApp,35.1,pickup,True,2025-03-01T18:46:00
CLM-0008585,USR-00011,BAT-000312,STR-001,2025-03-28T18:27:00,reply-YES,0.0,pickup,True,2025-03-28T19:13:00
CLM-0008612,USR-00492,BAT-000449,STR-001,2024-10-17T12:05:00,WhatsApp,10.0,pickup,True,2024-10-17T12:34:00
CLM-0008623,USR-00053,BAT-000285,STR-001,2025-02-14T12:24:00,reply-YES,0.0,pickup,True,2025-02-14T13:00:00
CLM-0008625,USR-00122,BAT-000016,STR-001,2024-10-08T12:07:00,SMS,0.0,delivery,True,2024-10-08T13:14:00
CLM-0008653,USR-00213,BAT-000326,STR-001,2025-01-15T21:08:00,reply-YES,0.0,delivery,True,2025-01-15T22:02:00
CLM-0008665,USR-00142,BAT-000335,STR-001,2025-02-06T14:34:00,WhatsApp,0.0,delivery,True,2025-02-06T15:29:00
CLM-0008666,USR-00394,BAT-000184,STR-001,2024-10-15T14:00:00,reply-YES,0.0,pickup,False,
CLM-0008679,USR-00192,BAT-000260,STR-001,2025-02-09T16:11:00,WhatsApp,0.0,delivery,False,
CLM-0008682,USR-00167,BAT-000306,STR-001,2024-10-31T15:05:00,WhatsApp,0.0,pickup,False,
CLM-0008685,USR-00072,BAT-000196,STR-001,2024-12-05T17:01:00,WhatsApp,0.0,delivery,False,
CLM-0008688,USR-00169,BAT-000210,STR-001,2025-02-11T10:30:00,reply-YES,0.0,delivery,False,
CLM-0008702,USR-00043,BAT-000414,STR-001,2025-01-20T14:05:00,reply-YES,0.0,delivery,True,2025-01-20T14:32:00
CLM-0008715,USR-00050,BAT-000001,STR-001,2025-03-20T14:17:00,reply-YES,26.7,delivery,True,2025-03-20T14:50:00
CLM-0008719,USR-00415,BAT-000289,STR-001,2024-12-17T11:03:00,reply-YES,0.0,delivery,True,2024-12-17T13:03:00
CLM-0008722,USR-00480,BAT-000390,STR-001,2025-03-25T11:11:00,reply-YES,21.3,delivery,False,
CLM-0008727,USR-00214,BAT-000176,STR-001,2025-01-13T16:02:00,WhatsApp,33.1,delivery,True,2025-01-13T17:40:00
CLM-0008728,USR-00031,BAT-000294,STR-001,2024-11-06T09:03:00,WhatsApp,0.0,pickup,True,2024-11-06T09:36:00
CLM-0008741,USR-00274,BAT-000305,STR-001,2024-11-18T18:04:00,WhatsApp,0.0,delivery,True,2024-11-18T18:58:00
CLM-0008784,USR-00467,BAT-000277,STR-001,2025-02-20T21:15:00,SMS,0.0,pickup,True,2025-02-20T23:12:00
CLM-0008806,USR-00042,BAT-000222,STR-001,2025-03-15T20:26:00,reply-YES,0.0,pickup,False,
CLM-0008817,USR-00283,BAT-000195,STR-001,2025-02-13T17:28:00,WhatsApp,0.0,pickup,True,2025-02-13T19:23:00
CLM-0008821,USR-00401,BAT-000147,STR-001,2025-01-06T13:15:00,WhatsApp,0.0,pickup,True,2025-01-06T13:54:00
CLM-0008822,USR-00092,BAT-000185,STR-001,2025-03-30T20:11:00,SMS,34.9,pickup,True,2025-03-30T20:37:00
CLM-0008828,USR-00296,BAT-000221,STR-001,2025-03-08T13:17:00,WhatsApp,0.0,pickup,True,2025-03-08T14:38:00
CLM-0008832,USR-00122,BAT-000194,STR-001,2024-10-25T12:18:00,reply-YES,0.0,pickup,False,
CLM-0008870,USR-00477,BAT-000408,STR-001,2024-12-19T16:11:00,reply-YES,0.0,delivery,True,2024-12-19T17:16:00
CLM-0008874,USR-00070,BAT-000137,STR-001,2024-12-19T17:35:00,SMS,10.0,pickup,False,
CLM-0008876,USR-00289,BAT-000319,STR-001,2025-01-13T18:29:00,reply-YES,0.0,pickup,True,2025-01-13T19:40:00
CLM-0008881,USR-00424,BAT-000182,STR-001,2025-02-09T20:17:00,SMS,0.0,delivery,True,2025-02-09T21:21:00
CLM-0008897,USR-00450,BAT-000417,STR-001,2024-11-03T09:36:00,reply-YES,0.0,delivery,True,2024-11-03T09:57:00
CLM-0008900,USR-00043,BAT-000412,STR-001,2025-01-23T09:12:00,WhatsApp,0.0,delivery,True,2025-01-23T10:11:00
CLM-0008912,USR-00114,BAT-000159,STR-001,2025-02-18T16:03:00,SMS,0.0,delivery,False,
CLM-0008916,USR-00104,BAT-000124,STR-001,2024-11-06T17:06:00,WhatsApp,10.0,delivery,True,2024-11-06T17:34:00
CLM-0008928,USR-00303,BAT-000318,STR-001,2025-03-01T15:35:00,WhatsApp,0.0,pickup,False,
CLM-0008949,USR-00267,BAT-000151,STR-001,2025-03-11T19:03:00,WhatsApp,0.0,delivery,True,2025-03-11T21:00:00
CLM-0008957,USR-00024,BAT-000222,STR-001,2025-03-27T17:12:00,WhatsApp,0.0,pickup,True,2025-03-27T18:40:00
CLM-0008963,USR-00476,BAT-000321,STR-001,2025-01-23T18:10:00,WhatsApp,25.1,pickup,True,2025-01-23T20:05:00
CLM-0008973,USR-00107,BAT-000244,STR-001,2024-11-22T18:09:00,WhatsApp,0.0,delivery,True,2024-11-22T18:45:00
CLM-0008975,USR-00284,BAT-000270,STR-001,2024-10-22T18:01:00,reply-YES,0.0,pickup,False,
CLM-0008982,USR-00333,BAT-000265,STR-001,2025-01-12T19:01:00,SMS,0.0,pickup,False,
CLM-0009001,USR-00260,BAT-000282,STR-001,2024-11-08T10:16:00,reply-YES,0.0,delivery,True,2024-11-08T11:33:00
CLM-0009020,USR-00435,BAT-000430,STR-001,2025-01-27T15:15:00,reply-YES,20.2,pickup,False,
CLM-0009032,USR-00373,BAT-000195,STR-001,2025-02-18T09:04:00,reply-YES,0.0,delivery,True,2025-02-18T10:06:00
CLM-0009033,USR-00401,BAT-000094,STR-001,2024-10-23T15:08:00,WhatsApp,20.0,delivery,True,2024-10-23T17:06:00
CLM-0009042,USR-00051,BAT-000212,STR-001,2025-01-18T10:17:00,reply-YES,23.0,delivery,True,2025-01-18T11:47:00
CLM-0009045,USR-00020,BAT-000276,STR-001,2024-10-07T09:02:00,WhatsApp,0.0,pickup,True,2024-10-07T09:48:00
CLM-0009051,USR-00373,BAT-000271,STR-001,2025-01-09T15:12:00,reply-YES,0.0,delivery,True,2025-01-09T15:36:00
CLM-0009062,USR-00344,BAT-000435,STR-001,2024-11-12T13:04:00,WhatsApp,10.0,pickup,False,
CLM-0009075,USR-00450,BAT-000442,STR-001,2024-10-31T09:19:00,reply-YES,0.0,pickup,True,2024-10-31T10:25:00
CLM-0009077,USR-00353,BAT-000179,STR-001,2024-12-04T20:29:00,WhatsApp,0.0,pickup,True,2024-12-04T20:44:00
CLM-0009090,USR-00367,BAT-000195,STR-001,2025-02-24T17:16:00,SMS,0.0,pickup,True,2025-02-24T18:33:00
CLM-0009095,USR-00383,BAT-000223,STR-001,2025-03-13T20:05:00,WhatsApp,0.0,delivery,True,2025-03-13T22:01:00
CLM-0009106,USR-00087,BAT-000442,STR-001,2024-11-03T11:13:00,reply-YES,0.0,pickup,True,2024-11-03T12:15:00
CLM-0009112,USR-00468,BAT-000411,STR-001,2024-12-07T12:11:00,reply-YES,0.0,pickup,True,2024-12-07T13:06:00
CLM-0009118,USR-00108,BAT-000445,STR-001,2025-03-04T19:01:00,SMS,33.0,pickup,True,2025-03-04T20:33:00
CLM-0009125,USR-00094,BAT-000230,STR-001,2024-10-22T12:22:00,SMS,0.0,delivery,True,2024-10-22T13:18:00
CLM-0009126,USR-00255,BAT-000158,STR-001,2025-01-22T14:10:00,SMS,0.0,delivery,True,2025-01-22T15:19:00
CLM-0009184,USR-00459,BAT-000422,STR-001,2025-01-06T11:19:00,reply-YES,0.0,delivery,True,2025-01-06T12:55:00
CLM-0009185,USR-00439,BAT-000165,STR-001,2025-03-09T11:20:00,SMS,0.0,pickup,True,2025-03-09T13:16:00
CLM-0009186,USR-00097,BAT-000382,STR-001,2024-12-27T11:04:00,WhatsApp,35.0,pickup,True,2024-12-27T11:57:00
CLM-0009197,USR-00155,BAT-000223,STR-001,2025-03-23T17:21:00,WhatsApp,0.0,delivery,False,
CLM-0009204,USR-00384,BAT-000409,STR-001,2024-10-31T17:30:00,reply-YES,0.0,pickup,True,2024-10-31T18:15:00
CLM-0009211,USR-00333,BAT-000136,STR-001,2024-11-27T09:01:00,SMS,23.8,delivery,True,2024-11-27T09:23:00
CLM-0009224,USR-00040,BAT-000447,STR-001,2025-03-02T18:00:00,SMS,30.0,delivery,False,
CLM-0009253,USR-00026,BAT-000420,STR-001,2025-02-05T14:15:00,reply-YES,0.0,pickup,True,2025-02-05T15:48:00
CLM-0009263,USR-00155,BAT-000248,STR-001,2025-01-04T10:25:00,reply-YES,0.0,delivery,True,2025-01-04T10:51:00
CLM-0009264,USR-00060,BAT-000276,STR-001,2024-10-17T12:08:00,WhatsApp,0.0,pickup,True,2024-10-17T13:45:00
CLM-0009268,USR-00074,BAT-000222,STR-001,2025-03-22T15:02:00,WhatsApp,0.0,pickup,True,2025-03-22T15:48:00
CLM-0009269,USR-00364,BAT-000405,STR-001,2024-11-09T21:08:00,WhatsApp,20.8,pickup,False,
CLM-0009270,USR-00167,BAT-000397,STR-001,2025-02-25T16:21:00,SMS,0.0,delivery,True,2025-02-25T17:46:00
CLM-0009272,USR-00113,BAT-000233,STR-001,2024-10-29T09:17:00,WhatsApp,0.0,pickup,True,2024-10-29T11:15:00
CLM-0009304,USR-00500,BAT-000283,STR-001,2025-01-05T18:20:00,WhatsApp,0.0,pickup,True,2025-01-05T18:59:00
CLM-0009305,USR-00493,BAT-000447,STR-001,2025-03-06T19:25:00,reply-YES,30.0,pickup,True,2025-03-06T19:57:00
CLM-0009312,USR-00179,BAT-000286,STR-001,2025-02-20T19:09:00,reply-YES,0.0,pickup,True,2025-02-20T19:43:00
CLM-0009315,USR-00099,BAT-000269,STR-001,2025-02-03T10:07:00,reply-YES,0.0,pickup,True,2025-02-03T11:36:00
CLM-0009316,USR-00397,BAT-000219,STR-001,2024-10-26T21:02:00,SMS,0.0,delivery,True,2024-10-26T22:34:00
CLM-0009324,USR-00223,BAT-000210,STR-001,2025-01-28T11:05:00,reply-YES,0.0,delivery,True,2025-01-28T12:14:00
CLM-0009348,USR-00326,BAT-000407,STR-001,2025-02-10T15:03:00,WhatsApp,0.0,delivery,True,2025-02-10T16:08:00
CLM-0009353,USR-00358,BAT-000430,STR-001,2025-01-26T17:02:00,WhatsApp,20.2,delivery,True,2025-01-26T18:54:00
CLM-0009375,USR-00012,BAT-000366,STR-001,2024-12-02T18:19:00,WhatsApp,10.0,delivery,True,2024-12-02T19:13:00
CLM-0009387,USR-00338,BAT-000052,STR-001,2025-02-09T11:05:00,reply-YES,10.0,pickup,True,2025-02-09T12:48:00
CLM-0009391,USR-00344,BAT-000430,STR-001,2025-01-20T12:11:00,reply-YES,20.2,delivery,True,2025-01-20T13:13:00
CLM-0009394,USR-00347,BAT-000232,STR-001,2025-02-08T16:16:00,WhatsApp,0.0,delivery,True,2025-02-08T17:31:00
CLM-0009395,USR-00089,BAT-000233,STR-001,2024-11-23T17:41:00,SMS,0.0,delivery,True,2024-11-23T19:36:00
CLM-0009401,USR-00363,BAT-000308,STR-001,2025-03-31T20:12:00,reply-YES,0.0,delivery,True,2025-03-31T20:43:00
CLM-0009419,USR-00060,BAT-000233,STR-001,2024-11-10T15:29:00,reply-YES,0.0,delivery,False,
CLM-0009431,USR-00071,BAT-000333,STR-001,2025-02-24T20:07:00,SMS,0.0,delivery,True,2025-02-24T21:26:00
CLM-0009443,USR-00022,BAT-000427,STR-001,2025-01-10T14:14:00,reply-YES,0.0,delivery,True,2025-01-10T15:53:00
CLM-0009446,USR-00375,BAT-000028,STR-001,2024-12-14T17:32:00,WhatsApp,10.0,pickup,True,2024-12-14T18:25:00
CLM-0009455,USR-00379,BAT-000235,STR-001,2024-12-17T17:22:00,SMS,0.0,pickup,True,2024-12-17T19:18:00
CLM-0009458,USR-00378,BAT-000188,STR-001,2024-11-27T09:19:00,reply-YES,0.0,delivery,True,2024-11-27T09:55:00
CLM-0009484,USR-00117,BAT-000278,STR-001,2024-11-14T21:00:00,WhatsApp,0.0,pickup,True,2024-11-14T21:24:00
CLM-0009490,USR-00198,BAT-000311,STR-001,2025-03-22T18:12:00,SMS,0.0,delivery,True,2025-03-22T19:17:00
CLM-0009503,USR-00022,BAT-000415,STR-001,2025-02-07T12:15:00,WhatsApp,0.0,delivery,True,2025-02-07T13:59:00
CLM-0009530,USR-00154,BAT-000181,STR-001,2024-11-21T13:05:00,SMS,0.0,delivery,False,
CLM-0009571,USR-00182,BAT-000300,STR-001,2024-11-25T19:19:00,WhatsApp,0.0,pickup,True,2024-11-25T19:55:00
CLM-0009596,USR-00290,BAT-000278,STR-001,2024-11-03T16:15:00,reply-YES,0.0,delivery,True,2024-11-03T17:23:00
CLM-0009607,USR-00253,BAT-000385,STR-001,2025-01-16T13:14:00,reply-YES,0.0,pickup,True,2025-01-16T14:01:00
CLM-0009614,USR-00016,BAT-000154,STR-001,2024-12-12T15:06:00,reply-YES,0.0,delivery,True,2024-12-12T17:06:00
CLM-0009626,USR-00096,BAT-000077,STR-001,2025-02-02T13:29:00,SMS,10.0,pickup,True,2025-02-02T13:53:00
CLM-0009635,USR-00281,BAT-000235,STR-001,2024-12-15T14:03:00,WhatsApp,0.0,delivery,True,2024-12-15T15:23:00
CLM-0009647,USR-00435,BAT-000443,STR-001,2025-01-06T20:35:00,SMS,0.0,delivery,True,2025-01-06T22:31:00
CLM-0009661,USR-00265,BAT-000037,STR-001,2025-03-04T17:06:00,SMS,10.0,delivery,True,2025-03-04T17:36:00
CLM-0009669,USR-00074,BAT-000191,STR-001,2025-01-13T09:00:00,WhatsApp,0.0,delivery,True,2025-01-13T09:22:00
CLM-0009739,USR-00081,BAT-000162,STR-001,2025-01-23T17:05:00,WhatsApp,0.0,pickup,True,2025-01-23T17:55:00
CLM-0009740,USR-00449,BAT-000404,STR-001,2025-01-15T14:37:00,SMS,0.0,delivery,False,
CLM-0009768,USR-00345,BAT-000177,STR-001,2025-02-06T15:10:00,reply-YES,33.9,delivery,True,2025-02-06T16:43:00
CLM-0009782,USR-00155,BAT-000197,STR-001,2025-01-27T13:00:00,WhatsApp,0.0,delivery,True,2025-01-27T14:58:00
CLM-0009788,USR-00283,BAT-000368,STR-001,2025-03-19T10:28:00,SMS,20.0,delivery,False,
CLM-0009795,USR-00404,BAT-000153,STR-001,2024-12-18T14:05:00,WhatsApp,0.0,pickup,True,2024-12-18T15:07:00
CLM-0009812,USR-00497,BAT-000094,STR-001,2024-10-22T16:01:00,SMS,10.0,delivery,False,
CLM-0009813,USR-00275,BAT-000313,STR-001,2025-03-24T17:05:00,SMS,0.0,delivery,False,
CLM-0009817,USR-00390,BAT-000199,STR-001,2024-10-15T21:07:00,SMS,0.0,delivery,False,
CLM-0009821,USR-00146,BAT-000284,STR-001,2025-03-28T09:06:00,reply-YES,20.8,delivery,False,
CLM-0009823,USR-00363,BAT-000274,STR-001,2025-02-18T16:16:00,SMS,0.0,delivery,False,
CLM-0009833,USR-00008,BAT-000261,STR-001,2025-02-07T14:08:00,WhatsApp,0.0,delivery,False,
CLM-0009839,USR-00081,BAT-000164,STR-001,2025-03-09T18:06:00,reply-YES,34.3,pickup,True,2025-03-09T18:35:00
CLM-0009850,USR-00092,BAT-000291,STR-001,2024-10-22T13:16:00,WhatsApp,0.0,delivery,True,2024-10-22T14:19:00
CLM-0009864,USR-00019,BAT-000227,STR-001,2024-11-10T17:05:00,WhatsApp,0.0,delivery,False,
CLM-0009869,USR-00307,BAT-000225,STR-001,2024-12-12T20:10:00,reply-YES,30.2,delivery,True,2024-12-12T21:45:00
CLM-0009871,USR-00337,BAT-000398,STR-001,2025-03-26T14:16:00,WhatsApp,0.0,pickup,True,2025-03-26T15:59:00
CLM-0009880,USR-00209,BAT-000315,STR-001,2025-01-03T10:03:00,SMS,0.0,pickup,False,
CLM-0009888,USR-00141,BAT-000293,STR-001,2025-02-07T16:04:00,reply-YES,0.0,pickup,True,2025-02-07T16:47:00
CLM-0009904,USR-00081,BAT-000230,STR-001,2024-10-26T21:24:00,SMS,0.0,delivery,True,2024-10-26T22:37:00
CLM-0009920,USR-00308,BAT-000274,STR-001,2025-02-06T15:01:00,reply-YES,0.0,delivery,True,2025-02-06T15:54:00
CLM-0009922,USR-00191,BAT-000239,STR-001,2025-03-27T13:14:00,reply-YES,0.0,delivery,True,2025-03-27T14:28:00
CLM-0009929,USR-00427,BAT-000214,STR-001,2024-11-03T11:00:00,reply-YES,0.0,delivery,True,2024-11-03T11:16:00
CLM-0009947,USR-00386,BAT-000409,STR-001,2024-11-14T09:00:00,reply-YES,0.0,pickup,True,2024-11-14T09:49:00
CLM-0009971,USR-00324,BAT-000293,STR-001,2025-02-21T21:12:00,WhatsApp,0.0,pickup,False,
CLM-0009981,USR-00248,BAT-000299,STR-001,2025-01-06T16:04:00,reply-YES,26.9,pickup,False,
CLM-0010011,USR-00202,BAT-000406,STR-001,2024-12-29T15:02:00,WhatsApp,0.0,pickup,True,2024-12-29T16:35:00
CLM-0010027,USR-00491,BAT-000335,STR-001,2025-02-20T19:02:00,WhatsApp,0.0,delivery,True,2025-02-20T19:25:00
CLM-0010038,USR-00208,BAT-000450,STR-001,2024-12-19T19:06:00,reply-YES,34.7,delivery,False,
CLM-0010049,USR-00467,BAT-000216,STR-001,2025-01-02T16:34:00,reply-YES,0.0,pickup,True,2025-01-02T17:47:00
CLM-0010070,USR-00029,BAT-000191,STR-001,2024-12-25T09:04:00,WhatsApp,0.0,pickup,False,
CLM-0010087,USR-00199,BAT-000058,STR-001,2025-02-13T16:12:00,reply-YES,10.0,pickup,False,
CLM-0010090,USR-00253,BAT-000024,STR-001,2025-02-05T19:12:00,reply-YES,0.0,delivery,True,2025-02-05T20:51:00
CLM-0010106,USR-00361,BAT-000332,STR-001,2025-01-18T09:02:00,SMS,0.0,delivery,True,2025-01-18T09:24:00
CLM-0010108,USR-00210,BAT-000329,STR-001,2025-03-15T19:16:00,SMS,0.0,pickup,True,2025-03-15T21:06:00
CLM-0010119,USR-00285,BAT-000220,STR-001,2025-02-09T09:04:00,WhatsApp,0.0,delivery,True,2025-02-09T10:00:00
CLM-0010125,USR-00441,BAT-000195,STR-001,2025-02-14T11:03:00,SMS,0.0,delivery,False,
CLM-0010169,USR-00300,BAT-000313,STR-001,2025-03-26T11:03:00,SMS,0.0,pickup,True,2025-03-26T12:38:00
CLM-0010197,USR-00209,BAT-000099,STR-001,2025-03-26T13:15:00,SMS,0.0,delivery,True,2025-03-26T14:38:00
CLM-0010199,USR-00312,BAT-000394,STR-001,2024-10-26T15:03:00,reply-YES,35.9,delivery,True,2024-10-26T15:44:00
CLM-0010200,USR-00381,BAT-000412,STR-001,2025-01-18T09:17:00,reply-YES,0.0,pickup,True,2025-01-18T11:00:00
CLM-0010212,USR-00190,BAT-000162,STR-001,2025-01-17T14:01:00,SMS,0.0,pickup,True,2025-01-17T14:25:00
CLM-0010215,USR-00414,BAT-000023,STR-001,2025-03-28T20:08:00,SMS,0.0,pickup,True,2025-03-28T21:00:00
CLM-0010221,USR-00031,BAT-000128,STR-001,2024-12-16T11:05:00,SMS,0.0,delivery,True,2024-12-16T12:18:00
CLM-0010230,USR-00471,BAT-000112,STR-001,2024-12-19T17:39:00,WhatsApp,10.0,pickup,False,
CLM-0010232,USR-00465,BAT-000236,STR-001,2025-02-19T19:06:00,SMS,0.0,pickup,True,2025-02-19T19:33:00
CLM-0010237,USR-00495,BAT-000198,STR-001,2025-03-21T10:01:00,WhatsApp,0.0,pickup,True,2025-03-21T11:33:00
CLM-0010238,USR-00005,BAT-000229,STR-001,2025-02-18T12:00:00,SMS,0.0,delivery,True,2025-02-18T12:31:00
CLM-0010247,USR-00332,BAT-000148,STR-001,2024-11-11T20:04:00,reply-YES,36.0,pickup,True,2024-11-11T21:26:00
CLM-0010250,USR-00407,BAT-000410,STR-001,2024-12-03T21:00:00,reply-YES,0.0,pickup,True,2024-12-03T21:27:00
CLM-0010262,USR-00168,BAT-000295,STR-001,2024-10-12T14:02:00,WhatsApp,0.0,delivery,True,2024-10-12T15:54:00
CLM-0010264,USR-00205,BAT-000196,STR-001,2024-12-20T12:09:00,WhatsApp,0.0,delivery,True,2024-12-20T13:39:00
CLM-0010274,USR-00263,BAT-000297,STR-001,2025-02-21T20:11:00,WhatsApp,0.0,pickup,False,
CLM-0010278,USR-00463,BAT-000183,STR-001,2025-03-20T10:19:00,reply-YES,0.0,delivery,True,2025-03-20T12:18:00
CLM-0010282,USR-00392,BAT-000326,STR-001,2025-01-13T13:08:00,reply-YES,0.0,pickup,True,2025-01-13T13:56:00
CLM-0010283,USR-00487,BAT-000183,STR-001,2025-03-29T11:21:00,WhatsApp,0.0,delivery,True,2025-03-29T12:51:00
CLM-0010299,USR-00071,BAT-000443,STR-001,2025-01-03T20:10:00,WhatsApp,0.0,delivery,True,2025-01-03T21:59:00
CLM-0010311,USR-00284,BAT-000305,STR-001,2024-11-27T15:00:00,WhatsApp,0.0,pickup,False,
CLM-0010337,USR-00121,BAT-000224,STR-001,2025-02-06T12:05:00,WhatsApp,0.0,pickup,False,
CLM-0010340,USR-00185,BAT-000101,STR-001,2025-03-14T12:19:00,SMS,20.0,pickup,False,
CLM-0010348,USR-00101,BAT-000401,STR-001,2025-01-09T09:19:00,SMS,0.0,pickup,True,2025-01-09T10:24:00
CLM-0010355,USR-00393,BAT-000245,STR-001,2024-12-30T09:04:00,SMS,0.0,pickup,True,2024-12-30T09:20:00
CLM-0010368,USR-00080,BAT-000015,STR-001,2025-02-05T20:05:00,reply-YES,0.0,delivery,True,2025-02-05T21:43:00
CLM-0010373,USR-00296,BAT-000336,STR-001,2025-03-02T15:07:00,WhatsApp,33.9,delivery,True,2025-03-02T15:28:00
CLM-0010381,USR-00052,BAT-000277,STR-001,2025-02-28T19:20:00,SMS,0.0,delivery,True,2025-02-28T20:33:00
CLM-0010390,USR-00250,BAT-000027,STR-001,2024-12-19T15:01:00,reply-YES,10.0,pickup,True,2024-12-19T15:36:00
CLM-0010392,USR-00377,BAT-000119,STR-001,2024-11-29T09:16:00,SMS,0.0,delivery,True,2024-11-29T10:09:00
CLM-0010400,USR-00086,BAT-000332,STR-001,2025-01-13T10:07:00,SMS,0.0,pickup,True,2025-01-13T11:50:00
CLM-0010402,USR-00156,BAT-000406,STR-001,2025-01-13T10:03:00,SMS,0.0,pickup,True,2025-01-13T11:58:00
CLM-0010412,USR-00116,BAT-000150,STR-001,2025-02-28T12:02:00,SMS,24.8,pickup,False,
CLM-0010424,USR-00061,BAT-000274,STR-001,2025-02-25T21:18:00,SMS,0.0,delivery,True,2025-02-25T21:46:00
CLM-0010435,USR-00298,BAT-000326,STR-001,2025-01-03T14:18:00,reply-YES,0.0,delivery,True,2025-01-03T15:00:00
CLM-0010440,USR-00471,BAT-000227,STR-001,2024-10-27T10:04:00,SMS,0.0,pickup,True,2024-10-27T10:52:00
CLM-0010467,USR-00066,BAT-000293,STR-001,2025-02-16T09:00:00,reply-YES,0.0,delivery,True,2025-02-16T09:31:00
CLM-0010473,USR-00277,BAT-000233,STR-001,2024-10-31T19:08:00,SMS,0.0,pickup,True,2024-10-31T20:19:00
CLM-0010476,USR-00302,BAT-000252,STR-001,2025-03-08T11:10:00,WhatsApp,0.0,delivery,True,2025-03-08T11:52:00
CLM-0010478,USR-00061,BAT-000401,STR-001,2024-12-30T11:00:00,WhatsApp,0.0,pickup,True,2024-12-30T12:51:00
CLM-0010496,USR-00026,BAT-000260,STR-001,2025-01-31T16:05:00,WhatsApp,0.0,delivery,True,2025-01-31T17:24:00
CLM-0010509,USR-00202,BAT-000228,STR-001,2024-11-02T20:02:00,reply-YES,0.0,pickup,True,2024-11-02T21:44:00
CLM-0010559,USR-00046,BAT-000406,STR-001,2025-01-05T11:09:00,reply-YES,0.0,delivery,False,
CLM-0010576,USR-00274,BAT-000328,STR-001,2024-11-12T09:01:00,reply-YES,0.0,pickup,True,2024-11-12T09:44:00
CLM-0010584,USR-00007,BAT-000198,STR-001,2025-03-14T14:15:00,SMS,0.0,delivery,False,
CLM-0010595,USR-00191,BAT-000210,STR-001,2025-01-31T13:05:00,reply-YES,0.0,pickup,True,2025-01-31T14:16:00
CLM-0010602,USR-00276,BAT-000414,STR-001,2025-02-02T17:01:00,reply-YES,0.0,delivery,True,2025-02-02T17:46:00
CLM-0010628,USR-00430,BAT-000222,STR-001,2025-03-17T18:01:00,reply-YES,0.0,delivery,True,2025-03-17T18:24:00
CLM-0010650,USR-00180,BAT-000311,STR-001,2025-03-29T21:03:00,reply-YES,0.0,pickup,True,2025-03-29T21:21:00
CLM-0010689,USR-00351,BAT-000190,STR-001,2025-01-28T20:03:00,reply-YES,0.0,pickup,True,2025-01-28T21:10:00
CLM-0010691,USR-00379,BAT-000445,STR-001,2025-03-01T21:03:00,WhatsApp,33.0,delivery,True,2025-03-01T21:55:00
CLM-0010704,USR-00116,BAT-000042,STR-001,2024-10-29T19:03:00,SMS,0.0,pickup,True,2024-10-29T19:24:00
CLM-0010707,USR-00021,BAT-000193,STR-001,2024-11-18T09:22:00,WhatsApp,0.0,delivery,True,2024-11-18T10:46:00
CLM-0010715,USR-00148,BAT-000283,STR-001,2024-12-31T11:03:00,SMS,0.0,pickup,True,2024-12-31T12:00:00
CLM-0010759,USR-00315,BAT-000388,STR-001,2025-03-07T13:05:00,WhatsApp,0.0,delivery,True,2025-03-07T15:02:00
CLM-0010765,USR-00058,BAT-000240,STR-001,2024-11-14T13:23:00,reply-YES,0.0,delivery,True,2024-11-14T13:38:00
CLM-0010789,USR-00010,BAT-000193,STR-001,2024-11-25T20:16:00,reply-YES,0.0,pickup,False,
CLM-0010797,USR-00402,BAT-000171,STR-001,2025-02-05T18:03:00,reply-YES,30.9,pickup,True,2025-02-05T19:24:00
CLM-0010799,USR-00305,BAT-000387,STR-001,2025-02-28T16:21:00,WhatsApp,0.0,pickup,True,2025-02-28T17:35:00
CLM-0010804,USR-00093,BAT-000133,STR-001,2025-03-24T13:09:00,SMS,10.0,delivery,True,2025-03-24T13:33:00
CLM-0010814,USR-00276,BAT-000116,STR-001,2024-10-09T13:22:00,SMS,20.0,delivery,True,2024-10-09T15:22:00
CLM-0010815,USR-00275,BAT-000325,STR-001,2025-01-25T16:05:00,SMS,0.0,delivery,False,
CLM-0010821,USR-00434,BAT-000291,STR-001,2024-10-16T11:00:00,WhatsApp,0.0,pickup,True,2024-10-16T12:24:00
CLM-0010828,USR-00429,BAT-000425,STR-001,2024-10-30T10:00:00,WhatsApp,0.0,delivery,False,
CLM-0010841,USR-00429,BAT-000035,STR-001,2024-10-19T14:09:00,reply-YES,28.9,delivery,True,2024-10-19T14:32:00
CLM-0010849,USR-00274,BAT-000251,STR-001,2024-10-22T18:00:00,reply-YES,0.0,pickup,True,2024-10-22T18:33:00
CLM-0010870,USR-00206,BAT-000319,STR-001,2025-01-02T18:09:00,reply-YES,0.0,delivery,True,2025-01-02T19:35:00
CLM-0010872,USR-00258,BAT-000256,STR-001,2025-03-15T16:17:00,reply-YES,0.0,pickup,True,2025-03-15T17:25:00
CLM-0010873,USR-00357,BAT-000295,STR-001,2024-10-11T13:07:00,SMS,0.0,pickup,True,2024-10-11T14:34:00
CLM-0010874,USR-00041,BAT-000380,STR-001,2024-12-24T17:18:00,SMS,20.0,delivery,True,2024-12-24T18:38:00
CLM-0010885,USR-00020,BAT-000268,STR-001,2024-11-18T15:01:00,SMS,22.0,pickup,True,2024-11-18T16:45:00
CLM-0010900,USR-00033,BAT-000111,STR-001,2024-10-21T16:12:00,reply-YES,10.0,delivery,True,2024-10-21T16:36:00
CLM-0010904,USR-00096,BAT-000256,STR-001,2025-03-19T09:24:00,reply-YES,0.0,delivery,True,2025-03-19T09:56:00
CLM-0010910,USR-00382,BAT-000297,STR-001,2025-02-25T10:27:00,SMS,0.0,delivery,True,2025-02-25T11:07:00
CLM-0010914,USR-00089,BAT-000427,STR-001,2025-01-02T11:01:00,SMS,0.0,pickup,False,
CLM-0010927,USR-00410,BAT-000251,STR-001,2024-11-02T12:15:00,WhatsApp,0.0,delivery,True,2024-11-02T12:54:00
CLM-0010929,USR-00491,BAT-000086,STR-001,2025-01-28T18:00:00,reply-YES,20.0,delivery,True,2025-01-28T19:37:00
CLM-0010934,USR-00495,BAT-000392,STR-001,2024-11-13T13:01:00,reply-YES,0.0,delivery,True,2024-11-13T14:58:00
CLM-0010940,USR-00001,BAT-000178,STR-001,2025-01-04T21:12:00,WhatsApp,0.0,pickup,True,2025-01-04T22:35:00
CLM-0010945,USR-00092,BAT-000258,STR-001,2024-12-13T11:00:00,reply-YES,0.0,delivery,True,2024-12-13T11:32:00
CLM-0010952,USR-00300,BAT-000305,STR-001,2024-11-24T10:05:00,SMS,0.0,pickup,False,
CLM-0010987,USR-00437,BAT-000131,STR-001,2025-02-21T13:05:00,reply-YES,32.0,pickup,True,2025-02-21T14:25:00
CLM-0010992,USR-00155,BAT-000214,STR-001,2024-11-07T17:26:00,reply-YES,0.0,pickup,False,
CLM-0010993,USR-00299,BAT-000303,STR-001,2025-02-19T15:17:00,WhatsApp,0.0,delivery,True,2025-02-19T15:44:00
CLM-0011003,USR-00070,BAT-000399,STR-001,2025-03-14T10:34:00,reply-YES,0.0,pickup,True,2025-03-14T11:36:00
CLM-0011004,USR-00144,BAT-000300,STR-001,2024-11-17T16:05:00,WhatsApp,0.0,pickup,False,
CLM-0011013,USR-00123,BAT-000285,STR-001,2025-02-26T10:07:00,SMS,0.0,pickup,False,
CLM-0011015,USR-00345,BAT-000240,STR-001,2024-11-02T12:30:00,SMS,0.0,pickup,True,2024-11-02T13:37:00
CLM-0011026,USR-00344,BAT-000226,STR-001,2025-02-04T17:24:00,WhatsApp,33.0,delivery,True,2025-02-04T17:48:00
CLM-0011064,USR-00025,BAT-000332,STR-001,2025-01-05T15:24:00,SMS,0.0,delivery,True,2025-01-05T16:18:00
CLM-0011072,USR-00379,BAT-000285,STR-001,2025-02-24T15:18:00,reply-YES,0.0,delivery,False,
CLM-0011087,USR-00295,BAT-000316,STR-001,2024-10-16T15:14:00,reply-YES,0.0,delivery,True,2024-10-16T15:31:00
CLM-0011106,USR-00389,BAT-000176,STR-001,2024-12-26T19:08:00,reply-YES,33.1,pickup,True,2024-12-26T19:34:00
CLM-0011112,USR-00283,BAT-000157,STR-001,2025-01-29T09:06:00,SMS,39.1,pickup,True,2025-01-29T10:06:00
CLM-0011131,USR-00183,BAT-000276,STR-001,2024-10-15T15:09:00,reply-YES,0.0,delivery,True,2024-10-15T15:26:00
CLM-0011133,USR-00440,BAT-000287,STR-001,2024-10-20T16:11:00,WhatsApp,0.0,delivery,False,
CLM-0011141,USR-00252,BAT-000175,STR-001,2024-11-22T14:17:00,reply-YES,21.1,delivery,False,
CLM-0011147,USR-00480,BAT-000266,STR-001,2025-02-12T19:19:00,reply-YES,0.0,pickup,False,
CLM-0011151,USR-00274,BAT-000262,STR-001,2025-01-18T16:04:00,reply-YES,0.0,delivery,True,2025-01-18T16:53:00
CLM-0011173,USR-00376,BAT-000044,STR-001,2025-01-31T14:01:00,reply-YES,34.0,delivery,True,2025-01-31T15:05:00
CLM-0011177,USR-00141,BAT-000174,STR-001,2024-11-03T19:00:00,reply-YES,0.0,delivery,True,2024-11-03T21:00:00
CLM-0011179,USR-00219,BAT-000444,STR-001,2024-11-01T18:04:00,WhatsApp,0.0,pickup,False,
CLM-0011185,USR-00057,BAT-000426,STR-001,2025-03-21T19:12:00,SMS,0.0,delivery,True,2025-03-21T19:41:00
CLM-0011193,USR-00292,BAT-000316,STR-001,2024-10-12T16:06:00,reply-YES,0.0,pickup,True,2024-10-12T17:17:00
CLM-0011221,USR-00190,BAT-000422,STR-001,2025-01-04T17:02:00,WhatsApp,0.0,delivery,True,2025-01-04T17:38:00
CLM-0011227,USR-00408,BAT-000419,STR-001,2024-11-16T16:25:00,SMS,0.0,pickup,True,2024-11-16T17:28:00
CLM-0011231,USR-00209,BAT-000402,STR-001,2025-02-08T19:17:00,reply-YES,0.0,pickup,True,2025-02-08T20:45:00
CLM-0011242,USR-00424,BAT-000222,STR-001,2025-03-19T21:19:00,WhatsApp,0.0,delivery,True,2025-03-19T22:36:00
CLM-0011246,USR-00294,BAT-000435,STR-001,2024-11-11T20:20:00,SMS,10.0,pickup,False,
CLM-0011247,USR-00039,BAT-000177,STR-001,2025-01-20T11:34:00,SMS,33.9,delivery,False,
CLM-0011260,USR-00272,BAT-000172,STR-001,2024-12-15T11:04:00,reply-YES,0.0,delivery,True,2024-12-15T11:28:00
CLM-0011297,USR-00113,BAT-000317,STR-001,2025-01-07T15:19:00,WhatsApp,0.0,pickup,True,2025-01-07T17:02:00
CLM-0011306,USR-00007,BAT-000333,STR-001,2025-02-27T18:39:00,reply-YES,0.0,delivery,False,
CLM-0011308,USR-00160,BAT-000409,STR-001,2024-11-10T17:02:00,WhatsApp,0.0,delivery,False,
CLM-0011312,USR-00447,BAT-000325,STR-001,2025-01-28T09:02:00,WhatsApp,0.0,pickup,False,
CLM-0011318,USR-00421,BAT-000262,STR-001,2025-01-21T15:13:00,WhatsApp,0.0,delivery,False,
CLM-0011320,USR-00297,BAT-000301,STR-001,2025-02-06T11:36:00,reply-YES,0.0,delivery,True,2025-02-06T13:05:00
CLM-0011329,USR-00286,BAT-000232,STR-001,2025-02-12T17:11:00,WhatsApp,0.0,delivery,True,2025-02-12T18:37:00
CLM-0011354,USR-00251,BAT-000184,STR-001,2024-10-09T11:13:00,reply-YES,0.0,delivery,True,2024-10-09T12:29:00
CLM-0011359,USR-00325,BAT-000358,STR-001,2024-10-29T14:07:00,WhatsApp,20.0,delivery,True,2024-10-29T15:50:00
CLM-0011363,USR-00179,BAT-000196,STR-001,2024-12-04T09:01:00,SMS,0.0,delivery,True,2024-12-04T10:37:00
CLM-0011373,USR-00160,BAT-000232,STR-001,2025-02-09T12:09:00,reply-YES,0.0,pickup,True,2025-02-09T12:46:00
CLM-0011377,USR-00316,BAT-000268,STR-001,2024-11-12T11:12:00,WhatsApp,22.0,delivery,False,
CLM-0011386,USR-00239,BAT-000389,STR-001,2025-03-10T14:02:00,reply-YES,0.0,delivery,True,2025-03-10T15:46:00
CLM-0011389,USR-00207,BAT-000181,STR-001,2024-11-16T17:13:00,SMS,0.0,delivery,False,
CLM-0011398,USR-00149,BAT-000326,STR-001,2025-01-01T09:15:00,WhatsApp,0.0,delivery,False,
CLM-0011421,USR-00249,BAT-000394,STR-001,2024-10-27T09:05:00,SMS,35.9,pickup,True,2024-10-27T10:10:00
CLM-0011423,USR-00189,BAT-000314,STR-001,2024-11-04T10:04:00,WhatsApp,0.0,pickup,True,2024-11-04T10:56:00
CLM-0011434,USR-00048,BAT-000054,STR-001,2024-12-23T14:01:00,reply-YES,10.0,pickup,True,2024-12-23T15:46:00
CLM-0011435,USR-00392,BAT-000220,STR-001,2025-02-22T10:21:00,WhatsApp,0.0,pickup,True,2025-02-22T11:07:00
CLM-0011456,USR-00035,BAT-000347,STR-001,2025-03-05T19:01:00,WhatsApp,10.0,pickup,False,
CLM-0011460,USR-00281,BAT-000159,STR-001,2025-02-09T21:00:00,WhatsApp,0.0,pickup,True,2025-02-09T21:40:00
CLM-0011465,USR-00207,BAT-000388,STR-001,2025-03-06T14:15:00,reply-YES,0.0,delivery,False,
CLM-0011477,USR-00228,BAT-000135,STR-001,2025-03-11T18:39:00,SMS,10.0,pickup,True,2025-03-11T19:15:00
CLM-0011498,USR-00179,BAT-000395,STR-001,2025-03-23T14:12:00,SMS,0.0,pickup,True,2025-03-23T15:07:00
CLM-0011500,USR-00498,BAT-000302,STR-001,2025-02-19T10:01:00,SMS,0.0,pickup,False,
CLM-0011506,USR-00371,BAT-000216,STR-001,2025-01-13T13:29:00,WhatsApp,0.0,pickup,True,2025-01-13T14:51:00
CLM-0011514,USR-00493,BAT-000165,STR-001,2025-03-08T09:27:00,SMS,0.0,delivery,True,2025-03-08T10:16:00
CLM-0011547,USR-00064,BAT-000190,STR-001,2025-02-01T10:17:00,WhatsApp,0.0,delivery,True,2025-02-01T10:50:00
CLM-0011582,USR-00046,BAT-000427,STR-001,2025-01-03T09:13:00,SMS,0.0,pickup,True,2025-01-03T10:57:00
CLM-0011595,USR-00260,BAT-000274,STR-001,2025-02-24T16:09:00,reply-YES,0.0,pickup,True,2025-02-24T17:03:00
CLM-0011604,USR-00048,BAT-000126,STR-001,2025-02-19T18:19:00,reply-YES,10.0,pickup,True,2025-02-19T19:18:00
CLM-0011605,USR-00257,BAT-000377,STR-001,2025-03-05T16:32:00,WhatsApp,10.0,delivery,True,2025-03-05T18:18:00
CLM-0011614,USR-00401,BAT-000032,STR-001,2024-11-21T14:01:00,SMS,10.0,pickup,False,
CLM-0011619,USR-00238,BAT-000245,STR-001,2025-01-09T13:20:00,reply-YES,0.0,pickup,True,2025-01-09T14:52:00
CLM-0011626,USR-00343,BAT-000190,STR-001,2025-01-24T18:29:00,reply-YES,0.0,pickup,False,
CLM-0011635,USR-00162,BAT-000191,STR-001,2025-01-04T19:11:00,reply-YES,0.0,delivery,True,2025-01-04T20:38:00
CLM-0011636,USR-00213,BAT-000423,STR-001,2025-02-21T12:18:00,SMS,0.0,delivery,False,
CLM-0011637,USR-00134,BAT-000321,STR-001,2025-01-25T10:28:00,SMS,25.1,delivery,False,
CLM-0011644,USR-00254,BAT-000313,STR-001,2025-03-28T19:12:00,reply-YES,0.0,delivery,True,2025-03-28T19:28:00
CLM-0011650,USR-00323,BAT-000405,STR-001,2024-11-15T20:01:00,WhatsApp,20.8,pickup,True,2024-11-15T20:35:00
CLM-0011652,USR-00265,BAT-000180,STR-001,2024-11-05T20:07:00,SMS,0.0,pickup,True,2024-11-05T22:02:00
CLM-0011657,USR-00226,BAT-000201,STR-001,2024-11-19T12:01:00,SMS,0.0,pickup,False,
CLM-0011658,USR-00199,BAT-000312,STR-001,2025-03-26T19:23:00,SMS,0.0,delivery,True,2025-03-26T20:22:00
CLM-0011669,USR-00451,BAT-000008,STR-001,2025-01-30T17:13:00,SMS,10.0,pickup,True,2025-01-30T18:14:00
CLM-0011673,USR-00373,BAT-000401,STR-001,2024-12-21T15:16:00,reply-YES,0.0,pickup,False,
CLM-0011711,USR-00181,BAT-000279,STR-001,2024-11-06T19:26:00,reply-YES,0.0,delivery,True,2024-11-06T21:17:00
CLM-0011726,USR-00423,BAT-000189,STR-001,2024-11-18T18:02:00,reply-YES,0.0,delivery,True,2024-11-18T19:25:00
CLM-0011731,USR-00206,BAT-000168,STR-001,2025-03-23T17:13:00,reply-YES,0.0,delivery,True,2025-03-23T17:31:00
CLM-0011755,USR-00420,BAT-000107,STR-001,2025-01-08T21:06:00,SMS,10.0,pickup,True,2025-01-08T22:38:00
CLM-0011775,USR-00018,BAT-000401,STR-001,2024-12-18T19:08:00,SMS,0.0,delivery,True,2024-12-18T20:29:00
CLM-0011783,USR-00156,BAT-000200,STR-001,2024-10-17T12:04:00,SMS,0.0,pickup,True,2024-10-17T12:40:00
CLM-0011794,USR-00200,BAT-000169,STR-001,2024-12-04T10:08:00,SMS,0.0,pickup,True,2024-12-04T11:14:00
CLM-0011797,USR-00377,BAT-000398,STR-001,2025-03-29T21:01:00,reply-YES,0.0,delivery,False,
CLM-0011807,USR-00385,BAT-000302,STR-001,2025-02-18T15:24:00,WhatsApp,0.0,pickup,False,
CLM-0011808,USR-00286,BAT-000310,STR-001,2025-03-27T21:08:00,SMS,0.0,delivery,True,2025-03-27T22:33:00
CLM-0011819,USR-00400,BAT-000305,STR-001,2024-12-05T21:02:00,WhatsApp,0.0,delivery,True,2024-12-05T21:52:00
CLM-0011838,USR-00494,BAT-000233,STR-001,2024-11-09T21:00:00,WhatsApp,0.0,pickup,True,2024-11-09T22:36:00
CLM-0011872,USR-00442,BAT-000021,STR-001,2024-12-01T16:05:00,reply-YES,0.0,delivery,True,2024-12-01T17:59:00
CLM-0011875,USR-00225,BAT-000258,STR-001,2024-12-03T20:21:00,reply-YES,0.0,pickup,True,2024-12-03T20:39:00
CLM-0011878,USR-00217,BAT-000229,STR-001,2025-02-07T12:05:00,SMS,0.0,pickup,True,2025-02-07T14:02:00
CLM-0011890,USR-00460,BAT-000173,STR-001,2025-02-02T14:03:00,SMS,38.0,pickup,False,
CLM-0011891,USR-00237,BAT-000179,STR-001,2024-11-27T21:23:00,SMS,0.0,pickup,True,2024-11-27T22:34:00
CLM-0011893,USR-00042,BAT-000415,STR-001,2025-02-08T16:06:00,reply-YES,0.0,pickup,True,2025-02-08T17:05:00
CLM-0011898,USR-00308,BAT-000442,STR-001,2024-11-10T13:15:00,SMS,0.0,delivery,True,2024-11-10T14:31:00
CLM-0011901,USR-00199,BAT-000230,STR-001,2024-10-16T17:05:00,SMS,0.0,delivery,False,
CLM-0011917,USR-00425,BAT-000103,STR-001,2024-10-16T12:00:00,reply-YES,10.0,delivery,True,2024-10-16T13:52:00
CLM-0011923,USR-00380,BAT-000213,STR-001,2024-12-28T15:03:00,WhatsApp,0.0,pickup,True,2024-12-28T16:59:00
CLM-0011926,USR-00443,BAT-000110,STR-001,2025-01-30T21:00:00,WhatsApp,10.0,delivery,True,2025-01-30T21:42:00
CLM-0011935,USR-00085,BAT-000217,STR-001,2024-11-08T16:33:00,WhatsApp,35.1,pickup,True,2024-11-08T18:33:00
CLM-0011939,USR-00150,BAT-000397,STR-001,2025-02-22T11:00:00,SMS,0.0,delivery,True,2025-02-22T12:42:00
CLM-0011949,USR-00173,BAT-000191,STR-001,2024-12-28T18:24:00,SMS,0.0,pickup,True,2024-12-28T19:24:00
CLM-0011972,USR-00172,BAT-000191,STR-001,2024-12-31T19:14:00,SMS,0.0,delivery,False,
CLM-0011976,USR-00193,BAT-000215,STR-001,2025-02-17T20:28:00,WhatsApp,0.0,delivery,False,
CLM-0011985,USR-00233,BAT-000310,STR-001,2025-03-19T10:02:00,SMS,0.0,delivery,True,2025-03-19T11:09:00
CLM-0012005,USR-00400,BAT-000301,STR-001,2025-02-05T11:08:00,WhatsApp,0.0,pickup,True,2025-02-05T12:00:00
CLM-0012013,USR-00220,BAT-000218,STR-001,2025-03-12T10:20:00,SMS,0.0,pickup,True,2025-03-12T10:57:00
CLM-0012016,USR-00303,BAT-000220,STR-001,2025-02-08T11:03:00,reply-YES,0.0,pickup,True,2025-02-08T12:02:00
CLM-0012028,USR-00260,BAT-000165,STR-001,2025-03-14T09:14:00,SMS,0.0,delivery,False,
CLM-0012031,USR-00046,BAT-000332,STR-001,2025-01-04T18:07:00,reply-YES,0.0,delivery,False,
CLM-0012032,USR-00342,BAT-000289,STR-001,2024-12-12T10:26:00,WhatsApp,0.0,delivery,True,2024-12-12T12:11:00
CLM-0012042,USR-00226,BAT-000195,STR-001,2025-02-10T11:03:00,WhatsApp,0.0,pickup,False,
CLM-0012047,USR-00397,BAT-000333,STR-001,2025-02-22T15:03:00,reply-YES,0.0,delivery,False,
CLM-0012058,USR-00142,BAT-000302,STR-001,2025-02-13T16:29:00,SMS,0.0,delivery,True,2025-02-13T17:57:00
CLM-0012062,USR-00024,BAT-000430,STR-001,2025-01-23T17:11:00,reply-YES,20.2,pickup,True,2025-01-23T18:35:00
CLM-0012074,USR-00083,BAT-000442,STR-001,2024-11-08T20:16:00,SMS,0.0,delivery,True,2024-11-08T21:48:00
CLM-0012079,USR-00081,BAT-000260,STR-001,2025-02-02T16:18:00,WhatsApp,0.0,pickup,True,2025-02-02T17:27:00
CLM-0012081,USR-00056,BAT-000238,STR-001,2024-12-31T20:10:00,SMS,0.0,pickup,True,2024-12-31T20:54:00
CLM-0012087,USR-00112,BAT-000288,STR-001,2024-12-14T15:24:00,SMS,24.2,delivery,True,2024-12-14T16:31:00
CLM-0012109,USR-00220,BAT-000335,STR-001,2025-02-08T12:03:00,reply-YES,0.0,delivery,True,2025-02-08T13:43:00
CLM-0012114,USR-00233,BAT-000063,STR-001,2024-12-16T12:01:00,WhatsApp,10.0,pickup,True,2024-12-16T12:36:00
CLM-0012117,USR-00309,BAT-000201,STR-001,2024-11-23T16:04:00,WhatsApp,0.0,delivery,True,2024-11-23T16:29:00
CLM-0012125,USR-00114,BAT-000075,STR-001,2024-11-10T12:06:00,reply-YES,20.0,pickup,False,
CLM-0012127,USR-00342,BAT-000038,STR-001,2025-02-14T11:27:00,WhatsApp,10.0,pickup,False,
CLM-0012134,USR-00020,BAT-000332,STR-001,2025-01-09T09:01:00,WhatsApp,0.0,delivery,True,2025-01-09T10:54:00
CLM-0012138,USR-00289,BAT-000299,STR-001,2025-01-12T09:26:00,reply-YES,26.9,delivery,True,2025-01-12T10:03:00
CLM-0012141,USR-00418,BAT-000252,STR-001,2025-03-03T09:34:00,reply-YES,0.0,pickup,True,2025-03-03T10:58:00
CLM-0012148,USR-00006,BAT-000022,STR-001,2024-11-05T21:06:00,SMS,0.0,delivery,True,2024-11-05T21:29:00
CLM-0012154,USR-00401,BAT-000408,STR-001,2024-12-18T15:10:00,reply-YES,0.0,delivery,True,2024-12-18T16:09:00
CLM-0012167,USR-00370,BAT-000154,STR-001,2024-12-21T18:02:00,reply-YES,0.0,pickup,True,2024-12-21T18:29:00
CLM-0012175,USR-00290,BAT-000235,STR-001,2024-12-06T20:03:00,SMS,0.0,delivery,True,2024-12-06T21:56:00
CLM-0012180,USR-00005,BAT-000204,STR-001,2024-12-01T09:02:00,SMS,0.0,delivery,True,2024-12-01T09:47:00
CLM-0012185,USR-00031,BAT-000417,STR-001,2024-11-17T21:10:00,reply-YES,0.0,pickup,True,2024-11-17T23:03:00
CLM-0012196,USR-00373,BAT-000228,STR-001,2024-10-31T16:17:00,reply-YES,0.0,pickup,True,2024-10-31T17:16:00
CLM-0012218,USR-00223,BAT-000325,STR-001,2025-01-27T15:03:00,reply-YES,0.0,pickup,True,2025-01-27T16:42:00
CLM-0012229,USR-00368,BAT-000066,STR-001,2025-02-11T20:02:00,reply-YES,20.0,delivery,True,2025-02-11T21:57:00
CLM-0012236,USR-00171,BAT-000042,STR-001,2024-10-25T16:43:00,reply-YES,0.0,delivery,True,2024-10-25T17:03:00
CLM-0012239,USR-00118,BAT-000324,STR-001,2024-10-22T21:21:00,reply-YES,0.0,pickup,True,2024-10-22T22:33:00
CLM-0012246,USR-00097,BAT-000198,STR-001,2025-03-13T13:11:00,reply-YES,0.0,pickup,True,2025-03-13T15:03:00
CLM-0012253,USR-00336,BAT-000184,STR-001,2024-10-19T11:01:00,SMS,0.0,delivery,True,2024-10-19T11:53:00
CLM-0012255,USR-00028,BAT-000175,STR-001,2024-11-18T15:09:00,SMS,21.1,delivery,True,2024-11-18T15:35:00
CLM-0012267,USR-00268,BAT-000195,STR-001,2025-02-19T18:12:00,WhatsApp,0.0,delivery,False,
CLM-0012285,USR-00259,BAT-000415,STR-001,2025-02-02T21:31:00,WhatsApp,0.0,delivery,False,
CLM-0012288,USR-00264,BAT-000429,STR-001,2025-01-23T18:14:00,SMS,0.0,pickup,True,2025-01-23T20:14:00
CLM-0012336,USR-00368,BAT-000201,STR-001,2024-12-03T19:06:00,SMS,0.0,pickup,False,
CLM-0012349,USR-00215,BAT-000071,STR-001,2025-03-12T09:02:00,WhatsApp,10.0,pickup,False,
CLM-0012350,USR-00367,BAT-000105,STR-001,2025-02-15T09:14:00,WhatsApp,0.0,delivery,True,2025-02-15T10:01:00
CLM-0012353,USR-00188,BAT-000161,STR-001,2024-10-10T16:00:00,SMS,0.0,delivery,True,2024-10-10T17:33:00
CLM-0012363,USR-00458,BAT-000241,STR-001,2024-12-08T20:12:00,WhatsApp,0.0,pickup,True,2024-12-08T21:12:00
CLM-0012365,USR-00398,BAT-000276,STR-001,2024-10-06T14:00:00,reply-YES,0.0,delivery,True,2024-10-06T15:38:00
CLM-0012372,USR-00429,BAT-000246,STR-001,2024-12-27T09:05:00,reply-YES,0.0,pickup,True,2024-12-27T10:41:00
CLM-0012405,USR-00429,BAT-000295,STR-001,2024-10-22T21:39:00,reply-YES,0.0,pickup,True,2024-10-22T23:29:00
CLM-0012414,USR-00091,BAT-000274,STR-001,2025-02-22T21:19:00,WhatsApp,0.0,delivery,True,2025-02-22T22:25:00
CLM-0012419,USR-00346,BAT-000404,STR-001,2025-01-17T18:27:00,SMS,0.0,delivery,False,
CLM-0012427,USR-00342,BAT-000411,STR-001,2024-11-29T20:24:00,reply-YES,0.0,pickup,True,2024-11-29T21:30:00
CLM-0012437,USR-00038,BAT-000317,STR-001,2025-01-13T16:12:00,SMS,0.0,pickup,True,2025-01-13T17:50:00
CLM-0012438,USR-00393,BAT-000310,STR-001,2025-03-31T11:02:00,reply-YES,0.0,delivery,False,
CLM-0012446,USR-00233,BAT-000307,STR-001,2025-01-24T12:05:00,SMS,0.0,pickup,True,2025-01-24T13:02:00
CLM-0012452,USR-00305,BAT-000317,STR-001,2025-01-17T13:17:00,WhatsApp,0.0,delivery,True,2025-01-17T14:48:00
CLM-0012453,USR-00199,BAT-000235,STR-001,2024-12-11T13:23:00,WhatsApp,0.0,delivery,True,2024-12-11T14:56:00
CLM-0012456,USR-00249,BAT-000305,STR-001,2024-11-29T15:18:00,WhatsApp,0.0,pickup,False,
CLM-0012463,USR-00166,BAT-000228,STR-001,2024-11-13T12:05:00,WhatsApp,0.0,delivery,True,2024-11-13T13:36:00
CLM-0012464,USR-00488,BAT-000154,STR-001,2024-12-25T15:07:00,WhatsApp,0.0,delivery,False,
CLM-0012512,USR-00203,BAT-000392,STR-001,2024-11-10T18:00:00,WhatsApp,0.0,pickup,True,2024-11-10T19:22:00
CLM-0012525,USR-00192,BAT-000208,STR-001,2025-03-31T21:26:00,SMS,0.0,pickup,True,2025-03-31T23:19:00
CLM-0012618,USR-00404,BAT-000192,STR-001,2025-03-06T21:08:00,reply-YES,0.0,pickup,True,2025-03-06T22:35:00
CLM-0012647,USR-00305,BAT-000184,STR-001,2024-10-20T19:14:00,SMS,0.0,delivery,True,2024-10-20T20:56:00
CLM-0012654,USR-00500,BAT-000108,STR-001,2025-03-01T21:06:00,SMS,10.0,delivery,True,2025-03-01T22:32:00
CLM-0012675,USR-00484,BAT-000187,STR-001,2024-11-28T18:15:00,SMS,0.0,pickup,True,2024-11-28T19:06:00
CLM-0012678,USR-00282,BAT-000281,STR-001,2025-03-06T11:06:00,reply-YES,30.2,pickup,True,2025-03-06T12:54:00
CLM-0012684,USR-00298,BAT-000281,STR-001,2025-03-12T12:21:00,reply-YES,30.2,delivery,True,2025-03-12T13:30:00
CLM-0012704,USR-00222,BAT-000285,STR-001,2025-03-06T09:02:00,SMS,0.0,delivery,True,2025-03-06T09:51:00
CLM-0012726,USR-00095,BAT-000180,STR-001,2024-11-13T18:19:00,WhatsApp,0.0,pickup,True,2024-11-13T18:44:00
CLM-0012731,USR-00193,BAT-000229,STR-001,2025-02-19T10:08:00,SMS,0.0,pickup,True,2025-02-19T11:52:00
CLM-0012742,USR-00146,BAT-000051,STR-001,2025-03-29T16:00:00,WhatsApp,20.0,pickup,True,2025-03-29T16:38:00
CLM-0012750,USR-00198,BAT-000304,STR-001,2025-01-23T19:23:00,reply-YES,0.0,delivery,True,2025-01-23T20:54:00
CLM-0012752,USR-00134,BAT-000414,STR-001,2025-01-31T14:18:00,SMS,0.0,delivery,True,2025-01-31T15:44:00
CLM-0012753,USR-00145,BAT-000427,STR-001,2025-01-06T11:11:00,WhatsApp,0.0,pickup,True,2025-01-06T12:50:00
CLM-0012763,USR-00455,BAT-000383,STR-001,2025-02-04T16:08:00,WhatsApp,35.0,delivery,True,2025-02-04T17:54:00
CLM-0012775,USR-00487,BAT-000265,STR-001,2025-01-23T13:19:00,SMS,0.0,delivery,True,2025-01-23T15:13:00
CLM-0012781,USR-00436,BAT-000297,STR-001,2025-02-19T20:00:00,WhatsApp,0.0,delivery,True,2025-02-19T20:21:00
CLM-0012795,USR-00472,BAT-000401,STR-001,2025-01-08T14:21:00,WhatsApp,0.0,delivery,True,2025-01-08T16:04:00
CLM-0012823,USR-00424,BAT-000424,STR-001,2025-02-10T15:16:00,reply-YES,0.0,pickup,True,2025-02-10T15:51:00
CLM-0012826,USR-00408,BAT-000319,STR-001,2025-01-05T17:05:00,reply-YES,0.0,pickup,True,2025-01-05T18:37:00
CLM-0012828,USR-00055,BAT-000118,STR-001,2025-03-07T16:07:00,reply-YES,0.0,pickup,True,2025-03-07T16:35:00
CLM-0012831,USR-00223,BAT-000158,STR-001,2025-01-03T15:05:00,reply-YES,0.0,delivery,True,2025-01-03T16:46:00
CLM-0012840,USR-00344,BAT-000285,STR-001,2025-02-13T19:21:00,WhatsApp,0.0,delivery,True,2025-02-13T20:35:00
CLM-0012843,USR-00129,BAT-000235,STR-001,2024-12-28T10:01:00,WhatsApp,0.0,delivery,True,2024-12-28T10:48:00
CLM-0012849,USR-00057,BAT-000190,STR-001,2025-01-22T20:15:00,reply-YES,0.0,pickup,True,2025-01-22T21:38:00
CLM-0012852,USR-00387,BAT-000057,STR-001,2024-12-10T19:27:00,reply-YES,25.2,delivery,True,2024-12-10T21:24:00
CLM-0012898,USR-00215,BAT-000400,STR-001,2024-12-23T11:02:00,WhatsApp,0.0,delivery,True,2024-12-23T12:38:00
CLM-0012907,USR-00479,BAT-000159,STR-001,2025-02-16T17:15:00,reply-YES,0.0,delivery,False,
CLM-0012924,USR-00490,BAT-000250,STR-001,2024-11-24T13:00:00,reply-YES,0.0,delivery,False,
CLM-0012930,USR-00243,BAT-000213,STR-001,2024-12-27T09:03:00,reply-YES,0.0,delivery,True,2024-12-27T09:45:00
CLM-0012946,USR-00344,BAT-000440,STR-001,2025-02-16T15:02:00,SMS,20.0,pickup,False,
CLM-0012965,USR-00254,BAT-000409,STR-001,2024-11-19T14:01:00,reply-YES,0.0,delivery,True,2024-11-19T15:27:00
CLM-0012992,USR-00036,BAT-000176,STR-001,2025-01-04T17:12:00,WhatsApp,33.1,delivery,True,2025-01-04T18:13:00
CLM-0013003,USR-00043,BAT-000328,STR-001,2024-12-04T11:12:00,SMS,0.0,delivery,False,
CLM-0013010,USR-00067,BAT-000377,STR-001,2025-03-06T18:05:00,WhatsApp,20.0,delivery,True,2025-03-06T19:19:00
CLM-0013037,USR-00169,BAT-000188,STR-001,2024-11-22T13:29:00,WhatsApp,0.0,pickup,True,2024-11-22T15:28:00
CLM-0013053,USR-00116,BAT-000048,STR-001,2024-11-09T20:02:00,reply-YES,0.0,pickup,True,2024-11-09T21:11:00
CLM-0013054,USR-00325,BAT-000263,STR-001,2024-12-16T21:03:00,reply-YES,0.0,pickup,True,2024-12-16T21:25:00
CLM-0013063,USR-00207,BAT-000141,STR-001,2025-03-29T21:04:00,reply-YES,10.0,pickup,True,2025-03-29T21:20:00
CLM-0013075,USR-00231,BAT-000026,STR-001,2024-11-20T09:04:00,SMS,0.0,pickup,True,2024-11-20T09:47:00
CLM-0013086,USR-00046,BAT-000182,STR-001,2025-01-25T13:07:00,WhatsApp,0.0,pickup,True,2025-01-25T13:49:00
CLM-0013087,USR-00357,BAT-000430,STR-001,2025-01-21T18:05:00,reply-YES,20.2,pickup,False,
CLM-0013095,USR-00363,BAT-000280,STR-001,2025-03-11T15:05:00,reply-YES,22.6,delivery,False,
CLM-0013100,USR-00227,BAT-000265,STR-001,2025-01-13T13:01:00,reply-YES,0.0,pickup,True,2025-01-13T14:31:00
CLM-0013109,USR-00455,BAT-000165,STR-001,2025-03-02T09:29:00,reply-YES,0.0,pickup,True,2025-03-02T10:09:00
CLM-0013127,USR-00031,BAT-000282,STR-001,2024-11-17T19:06:00,WhatsApp,0.0,delivery,True,2024-11-17T19:42:00
CLM-0013140,USR-00477,BAT-000211,STR-001,2025-01-25T12:31:00,SMS,0.0,delivery,False,
CLM-0013157,USR-00024,BAT-000035,STR-001,2024-10-17T10:13:00,WhatsApp,28.9,pickup,True,2024-10-17T11:25:00
CLM-0013182,USR-00330,BAT-000268,STR-001,2024-11-17T21:11:00,SMS,22.0,delivery,True,2024-11-17T21:30:00
CLM-0013194,USR-00061,BAT-000244,STR-001,2024-11-07T21:20:00,reply-YES,0.0,delivery,True,2024-11-07T21:49:00
CLM-0013197,USR-00297,BAT-000218,STR-001,2025-03-13T11:14:00,reply-YES,0.0,pickup,False,
CLM-0013201,USR-00174,BAT-000305,STR-001,2024-12-04T18:04:00,SMS,0.0,pickup,True,2024-12-04T19:53:00
CLM-0013217,USR-00173,BAT-000415,STR-001,2025-02-20T11:00:00,SMS,0.0,delivery,False,
CLM-0013226,USR-00133,BAT-000238,STR-001,2024-12-28T16:03:00,SMS,0.0,delivery,True,2024-12-28T16:33:00
CLM-0013233,USR-00016,BAT-000154,STR-001,2024-12-30T18:36:00,reply-YES,0.0,delivery,True,2024-12-30T19:32:00
CLM-0013236,USR-00258,BAT-000299,STR-001,2025-01-05T21:07:00,SMS,26.9,pickup,True,2025-01-05T21:34:00
CLM-0013302,USR-00071,BAT-000269,STR-001,2025-01-25T13:09:00,SMS,0.0,delivery,True,2025-01-25T14:51:00
CLM-0013322,USR-00119,BAT-000106,STR-001,2024-11-18T09:10:00,SMS,10.0,pickup,True,2024-11-18T09:35:00
CLM-0013341,USR-00418,BAT-000305,STR-001,2024-11-30T21:00:00,SMS,0.0,pickup,True,2024-11-30T22:07:00
CLM-0013345,USR-00027,BAT-000187,STR-001,2024-11-27T14:02:00,SMS,0.0,pickup,False,
CLM-0013362,USR-00480,BAT-000417,STR-001,2024-10-25T15:12:00,SMS,0.0,pickup,False,
CLM-0013372,USR-00321,BAT-000210,STR-001,2025-02-04T18:02:00,SMS,0.0,delivery,True,2025-02-04T19:58:00
CLM-0013375,USR-00475,BAT-000190,STR-001,2025-01-21T15:03:00,WhatsApp,0.0,pickup,False,
CLM-0013376,USR-00244,BAT-000216,STR-001,2025-01-20T09:20:00,WhatsApp,0.0,pickup,True,2025-01-20T09:55:00
CLM-0013377,USR-00093,BAT-000167,STR-001,2025-03-14T09:03:00,SMS,25.9,delivery,True,2025-03-14T11:03:00
CLM-0013379,USR-00152,BAT-000229,STR-001,2025-01-28T10:20:00,WhatsApp,0.0,delivery,True,2025-01-28T11:10:00
CLM-0013388,USR-00321,BAT-000238,STR-001,2025-01-10T09:01:00,WhatsApp,0.0,pickup,False,
CLM-0013389,USR-00090,BAT-000194,STR-001,2024-11-01T11:02:00,SMS,0.0,delivery,True,2024-11-01T11:29:00
CLM-0013404,USR-00230,BAT-000158,STR-001,2025-01-17T20:07:00,reply-YES,0.0,pickup,True,2025-01-17T21:48:00
CLM-0013408,USR-00411,BAT-000293,STR-001,2025-02-03T20:04:00,SMS,0.0,pickup,True,2025-02-03T21:04:00
CLM-0013409,USR-00313,BAT-000270,STR-001,2024-10-24T18:08:00,WhatsApp,0.0,delivery,True,2024-10-24T19:11:00
CLM-0013418,USR-00059,BAT-000442,STR-001,2024-10-30T10:27:00,WhatsApp,0.0,pickup,True,2024-10-30T11:54:00
CLM-0013420,USR-00271,BAT-000035,STR-001,2024-10-16T14:09:00,SMS,28.9,delivery,True,2024-10-16T14:50:00
CLM-0013431,USR-00353,BAT-000014,STR-001,2025-02-05T20:01:00,reply-YES,0.0,pickup,True,2025-02-05T21:01:00
CLM-0013447,USR-00389,BAT-000165,STR-001,2025-03-11T15:05:00,SMS,0.0,delivery,True,2025-03-11T16:20:00
CLM-0013451,USR-00433,BAT-000171,STR-001,2025-01-21T17:16:00,reply-YES,30.9,delivery,True,2025-01-21T19:08:00
CLM-0013466,USR-00203,BAT-000321,STR-001,2025-01-20T15:00:00,WhatsApp,25.1,delivery,True,2025-01-20T16:30:00
CLM-0013475,USR-00313,BAT-000316,STR-001,2024-10-29T14:09:00,reply-YES,0.0,delivery,True,2024-10-29T15:29:00
CLM-0013477,USR-00465,BAT-000174,STR-001,2024-11-12T20:25:00,WhatsApp,0.0,delivery,False,
CLM-0013507,USR-00146,BAT-000191,STR-001,2025-01-10T17:08:00,SMS,0.0,pickup,True,2025-01-10T18:04:00
CLM-0013517,USR-00042,BAT-000327,STR-001,2025-02-28T19:05:00,reply-YES,0.0,delivery,False,
CLM-0013523,USR-00186,BAT-000391,STR-001,2024-11-22T13:04:00,reply-YES,0.0,pickup,False,
CLM-0013530,USR-00346,BAT-000293,STR-001,2025-01-29T21:09:00,SMS,0.0,delivery,True,2025-01-29T22:41:00
CLM-0013533,USR-00158,BAT-000393,STR-001,2025-03-05T14:16:00,WhatsApp,0.0,pickup,True,2025-03-05T15:09:00
CLM-0013540,USR-00180,BAT-000235,STR-001,2024-12-04T18:03:00,SMS,0.0,delivery,False,
CLM-0013551,USR-00496,BAT-000226,STR-001,2025-02-03T09:03:00,SMS,33.0,pickup,True,2025-02-03T09:36:00
CLM-0013553,USR-00171,BAT-000157,STR-001,2025-01-17T19:01:00,WhatsApp,39.1,pickup,True,2025-01-17T19:56:00
CLM-0013575,USR-00367,BAT-000282,STR-001,2024-11-15T19:15:00,SMS,0.0,delivery,True,2024-11-15T21:05:00
CLM-0013580,USR-00079,BAT-000409,STR-001,2024-11-17T16:10:00,SMS,0.0,pickup,True,2024-11-17T16:31:00
CLM-0013585,USR-00367,BAT-000193,STR-001,2024-12-02T18:17:00,reply-YES,0.0,delivery,True,2024-12-02T19:19:00
CLM-0013606,USR-00161,BAT-000184,STR-001,2024-10-13T09:04:00,reply-YES,0.0,pickup,True,2024-10-13T09:25:00
CLM-0013651,USR-00311,BAT-000214,STR-001,2024-11-09T17:02:00,SMS,0.0,delivery,False,
CLM-0013654,USR-00092,BAT-000188,STR-001,2024-12-02T14:18:00,reply-YES,0.0,delivery,True,2024-12-02T15:35:00
CLM-0013692,USR-00222,BAT-000399,STR-001,2025-03-16T15:07:00,SMS,0.0,delivery,True,2025-03-16T16:05:00
CLM-0013694,USR-00362,BAT-000087,STR-001,2024-12-03T09:09:00,WhatsApp,10.0,pickup,True,2024-12-03T10:57:00
CLM-0013703,USR-00086,BAT-000162,STR-001,2025-01-22T14:05:00,reply-YES,0.0,pickup,True,2025-01-22T15:44:00
CLM-0013711,USR-00093,BAT-000181,STR-001,2024-11-13T21:13:00,WhatsApp,0.0,delivery,True,2024-11-13T22:27:00
CLM-0013750,USR-00226,BAT-000115,STR-001,2025-02-28T10:00:00,WhatsApp,20.0,pickup,True,2025-02-28T11:06:00
CLM-0013757,USR-00043,BAT-000263,STR-001,2024-11-30T14:06:00,reply-YES,0.0,pickup,True,2024-11-30T15:14:00
CLM-0013787,USR-00482,BAT-000201,STR-001,2024-12-01T12:07:00,SMS,0.0,delivery,True,2024-12-01T12:54:00
CLM-0013791,USR-00426,BAT-000015,STR-001,2025-02-06T11:00:00,reply-YES,0.0,delivery,True,2025-02-06T12:14:00
CLM-0013800,USR-00044,BAT-000118,STR-001,2025-03-06T21:05:00,reply-YES,0.0,delivery,False,
CLM-0013804,USR-00217,BAT-000131,STR-001,2025-02-22T21:08:00,WhatsApp,32.0,delivery,True,2025-02-22T21:45:00
CLM-0013808,USR-00444,BAT-000207,STR-001,2025-01-12T18:17:00,reply-YES,0.0,pickup,True,2025-01-12T19:40:00
CLM-0013819,USR-00343,BAT-000302,STR-001,2025-02-20T20:12:00,reply-YES,0.0,pickup,True,2025-02-20T21:44:00
CLM-0013833,USR-00494,BAT-000407,STR-001,2025-02-07T15:04:00,WhatsApp,0.0,delivery,True,2025-02-07T16:08:00
CLM-0013853,USR-00195,BAT-000430,STR-001,2025-01-25T10:14:00,SMS,20.2,pickup,True,2025-01-25T10:42:00
CLM-0013859,USR-00022,BAT-000316,STR-001,2024-10-22T16:06:00,WhatsApp,0.0,pickup,True,2024-10-22T17:57:00
CLM-0013871,USR-00152,BAT-000202,STR-001,2024-11-02T10:19:00,reply-YES,0.0,pickup,True,2024-11-02T11:34:00
CLM-0013878,USR-00019,BAT-000302,STR-001,2025-03-02T20:05:00,reply-YES,0.0,delivery,True,2025-03-02T21:35:00
CLM-0013880,USR-00227,BAT-000176,STR-001,2025-01-11T15:06:00,reply-YES,33.1,delivery,True,2025-01-11T16:01:00
CLM-0013882,USR-00180,BAT-000162,STR-001,2025-01-29T10:06:00,SMS,0.0,delivery,True,2025-01-29T10:46:00
CLM-0013883,USR-00252,BAT-000447,STR-001,2025-03-10T09:16:00,SMS,30.0,pickup,True,2025-03-10T11:10:00
CLM-0013894,USR-00456,BAT-000239,STR-001,2025-03-12T15:10:00,WhatsApp,0.0,pickup,True,2025-03-12T16:16:00
CLM-0013903,USR-00049,BAT-000171,STR-001,2025-01-19T14:28:00,SMS,30.9,delivery,True,2025-01-19T16:01:00
CLM-0013909,USR-00245,BAT-000195,STR-001,2025-02-16T13:02:00,SMS,0.0,pickup,False,
CLM-0013910,USR-00361,BAT-000293,STR-001,2025-02-04T16:21:00,SMS,0.0,delivery,False,
CLM-0013924,USR-00027,BAT-000095,STR-001,2024-12-27T17:05:00,reply-YES,10.0,pickup,True,2024-12-27T18:43:00
CLM-0013941,USR-00292,BAT-000391,STR-001,2024-11-19T19:08:00,reply-YES,0.0,pickup,True,2024-11-19T20:35:00
CLM-0013943,USR-00065,BAT-000426,STR-001,2025-03-16T13:18:00,reply-YES,0.0,delivery,True,2025-03-16T15:00:00
CLM-0013959,USR-00268,BAT-000172,STR-001,2024-12-16T13:15:00,WhatsApp,0.0,pickup,True,2024-12-16T14:45:00
CLM-0013977,USR-00368,BAT-000186,STR-001,2024-12-31T12:28:00,reply-YES,0.0,delivery,True,2024-12-31T13:03:00
CLM-0014000,USR-00159,BAT-000290,STR-001,2025-03-12T12:02:00,reply-YES,0.0,pickup,True,2025-03-12T13:45:00
CLM-0014021,USR-00484,BAT-000233,STR-001,2024-11-15T19:16:00,reply-YES,0.0,pickup,True,2024-11-15T19:46:00
CLM-0014043,USR-00445,BAT-000282,STR-001,2024-11-10T11:36:00,WhatsApp,0.0,delivery,True,2024-11-10T11:52:00
CLM-0014047,USR-00248,BAT-000415,STR-001,2025-02-04T21:09:00,reply-YES,0.0,delivery,False,
CLM-0014073,USR-00195,BAT-000191,STR-001,2025-01-05T14:08:00,SMS,0.0,delivery,True,2025-01-05T15:13:00
CLM-0014093,USR-00370,BAT-000396,STR-001,2024-11-25T18:12:00,WhatsApp,0.0,pickup,True,2024-11-25T19:57:00
CLM-0014123,USR-00231,BAT-000327,STR-001,2025-03-07T10:22:00,reply-YES,0.0,pickup,True,2025-03-07T10:57:00
CLM-0014132,USR-00046,BAT-000076,STR-001,2025-02-09T15:02:00,reply-YES,10.0,delivery,True,2025-02-09T16:42:00
CLM-0014139,USR-00379,BAT-000187,STR-001,2024-11-11T21:00:00,WhatsApp,0.0,delivery,True,2024-11-11T22:57:00
CLM-0014144,USR-00172,BAT-000304,STR-001,2025-01-20T17:23:00,SMS,0.0,delivery,True,2025-01-20T19:12:00
CLM-0014147,USR-00486,BAT-000186,STR-001,2024-12-29T09:00:00,WhatsApp,0.0,delivery,True,2024-12-29T09:35:00
CLM-0014161,USR-00116,BAT-000238,STR-001,2025-01-14T20:08:00,SMS,0.0,delivery,True,2025-01-14T22:01:00
CLM-0014167,USR-00491,BAT-000270,STR-001,2024-10-26T16:02:00,reply-YES,0.0,pickup,True,2024-10-26T16:45:00
CLM-0014176,USR-00018,BAT-000162,STR-001,2025-01-26T20:00:00,reply-YES,0.0,pickup,False,
CLM-0014185,USR-00100,BAT-000221,STR-001,2025-03-17T21:14:00,reply-YES,0.0,pickup,True,2025-03-17T22:52:00
CLM-0014196,USR-00402,BAT-000240,STR-001,2024-11-16T13:02:00,SMS,0.0,delivery,True,2024-11-16T15:01:00
CLM-0014203,USR-00196,BAT-000368,STR-001,2025-03-18T19:01:00,SMS,10.0,pickup,True,2025-03-18T19:48:00
CLM-0014204,USR-00331,BAT-000326,STR-001,2025-01-14T12:02:00,WhatsApp,0.0,delivery,True,2025-01-14T13:43:00
CLM-0014213,USR-00081,BAT-000002,STR-001,2025-01-18T19:17:00,WhatsApp,20.7,delivery,True,2025-01-18T19:35:00
CLM-0014216,USR-00499,BAT-000233,STR-001,2024-11-11T17:11:00,WhatsApp,0.0,pickup,True,2024-11-11T18:46:00
CLM-0014232,USR-00176,BAT-000420,STR-001,2025-02-14T12:25:00,WhatsApp,0.0,pickup,False,
CLM-0014237,USR-00221,BAT-000329,STR-001,2025-03-21T12:01:00,reply-YES,0.0,delivery,True,2025-03-21T13:45:00
CLM-0014240,USR-00202,BAT-000294,STR-001,2024-11-10T14:11:00,SMS,0.0,pickup,True,2024-11-10T15:21:00
CLM-0014241,USR-00118,BAT-000375,STR-001,2024-10-27T16:15:00,SMS,20.0,pickup,False,
CLM-0014254,USR-00125,BAT-000319,STR-001,2024-12-23T21:00:00,WhatsApp,0.0,pickup,True,2024-12-23T21:50:00
CLM-0014261,USR-00073,BAT-000133,STR-001,2025-03-26T16:07:00,SMS,10.0,delivery,True,2025-03-26T16:33:00
CLM-0014280,USR-00152,BAT-000203,STR-001,2024-11-17T18:21:00,WhatsApp,0.0,pickup,True,2024-11-17T18:36:00
CLM-0014311,USR-00402,BAT-000432,STR-001,2024-12-10T11:24:00,WhatsApp,0.0,delivery,True,2024-12-10T12:36:00
CLM-0014312,USR-00336,BAT-000273,STR-001,2024-12-28T21:07:00,WhatsApp,39.3,pickup,True,2024-12-28T22:55:00
CLM-0014315,USR-00319,BAT-000302,STR-001,2025-03-01T18:03:00,reply-YES,0.0,delivery,False,
CLM-0014318,USR-00168,BAT-000211,STR-001,2025-01-22T12:05:00,WhatsApp,0.0,pickup,True,2025-01-22T13:14:00
CLM-0014323,USR-00147,BAT-000242,STR-001,2024-11-09T21:33:00,WhatsApp,27.4,delivery,True,2024-11-09T22:58:00
CLM-0014330,USR-00428,BAT-000277,STR-001,2025-03-14T16:10:00,SMS,0.0,pickup,True,2025-03-14T17:53:00
CLM-0014341,USR-00226,BAT-000269,STR-001,2025-02-05T16:01:00,WhatsApp,0.0,pickup,False,
CLM-0014345,USR-00012,BAT-000204,STR-001,2024-12-16T14:04:00,reply-YES,0.0,delivery,True,2024-12-16T14:52:00
CLM-0014349,USR-00258,BAT-000279,STR-001,2024-11-05T12:07:00,reply-YES,0.0,delivery,True,2024-11-05T12:25:00
CLM-0014353,USR-00110,BAT-000109,STR-001,2024-12-06T16:30:00,WhatsApp,10.0,pickup,True,2024-12-06T18:03:00
CLM-0014354,USR-00479,BAT-000179,STR-001,2024-11-14T20:09:00,reply-YES,0.0,pickup,True,2024-11-14T20:37:00
CLM-0014369,USR-00374,BAT-000176,STR-001,2025-01-01T12:03:00,reply-YES,33.1,pickup,True,2025-01-01T12:49:00
CLM-0014371,USR-00392,BAT-000336,STR-001,2025-02-27T19:27:00,reply-YES,33.9,delivery,False,
CLM-0014378,USR-00055,BAT-000370,STR-001,2025-01-03T10:11:00,SMS,20.0,pickup,True,2025-01-03T11:19:00
CLM-0014415,USR-00016,BAT-000169,STR-001,2024-11-27T11:36:00,SMS,0.0,pickup,True,2024-11-27T12:41:00
CLM-0014423,USR-00440,BAT-000257,STR-001,2025-01-25T14:08:00,SMS,0.0,delivery,True,2025-01-25T16:06:00
CLM-0014426,USR-00377,BAT-000280,STR-001,2025-03-14T12:28:00,WhatsApp,22.6,pickup,True,2025-03-14T12:49:00
CLM-0014434,USR-00485,BAT-000199,STR-001,2024-10-22T21:01:00,reply-YES,0.0,pickup,True,2024-10-22T21:44:00
CLM-0014435,USR-00311,BAT-000229,STR-001,2025-02-11T14:09:00,reply-YES,0.0,delivery,True,2025-02-11T15:01:00
CLM-0014445,USR-00005,BAT-000425,STR-001,2024-10-31T10:01:00,WhatsApp,0.0,pickup,True,2024-10-31T10:25:00
CLM-0014458,USR-00240,BAT-000401,STR-001,2024-12-31T19:04:00,SMS,0.0,delivery,False,
CLM-0014465,USR-00447,BAT-000389,STR-001,2025-03-21T14:02:00,reply-YES,0.0,delivery,False,
CLM-0014474,USR-00236,BAT-000158,STR-001,2025-01-13T17:19:00,SMS,0.0,pickup,True,2025-01-13T18:19:00
CLM-0014498,USR-00286,BAT-000261,STR-001,2025-02-02T19:13:00,reply-YES,0.0,pickup,True,2025-02-02T19:59:00
CLM-0014512,USR-00361,BAT-000245,STR-001,2024-12-28T21:03:00,reply-YES,0.0,delivery,True,2024-12-28T22:58:00
CLM-0014526,USR-00344,BAT-000180,STR-001,2024-11-09T13:05:00,SMS,0.0,delivery,True,2024-11-09T13:55:00
CLM-0014528,USR-00040,BAT-000293,STR-001,2025-02-14T11:03:00,reply-YES,0.0,pickup,True,2025-02-14T12:15:00
CLM-0014548,USR-00220,BAT-000257,STR-001,2025-01-22T10:10:00,WhatsApp,0.0,pickup,True,2025-01-22T11:19:00
CLM-0014556,USR-00135,BAT-000381,STR-001,2025-03-09T14:05:00,WhatsApp,35.0,pickup,False,
