batch_id,store_id,sku_id,quantity_received,quantity_on_hand,received_date,expiry_date,current_price_inr,shelf_section
BAT-000459,STR-002,SKU-0003,17,17,2024-10-02,2024-10-07,95.5,Frozen
BAT-000679,STR-002,SKU-0077,20,20,2024-10-02,2024-11-12,128.0,Aisle-A
BAT-001347,STR-003,SKU-0149,30,30,2024-10-02,2025-09-22,85.0,Aisle-A
BAT-002002,STR-005,SKU-0068,6,6,2024-10-02,2024-11-26,150.0,Frozen
BAT-002658,STR-006,SKU-0136,87,87,2024-10-02,2024-12-26,167.5,Bulk Bins
BAT-000507,STR-002,SKU-0019,67,67,2024-10-03,2024-10-07,42.0,Refrigerated
BAT-000960,STR-003,SKU-0020,57,57,2024-10-03,2024-10-08,112.0,Aisle-B
BAT-001033,STR-003,SKU-0045,79,79,2024-10-03,2024-10-09,108.0,Frozen
BAT-001061,STR-003,SKU-0054,30,30,2024-10-03,2025-07-12,98.0,Frozen
BAT-001073,STR-003,SKU-0058,26,26,2024-10-03,2025-04-15,102.5,Frozen
BAT-001232,STR-003,SKU-0111,53,53,2024-10-03,2025-04-13,116.0,Aisle-B
BAT-001326,STR-003,SKU-0142,78,78,2024-10-03,2024-10-21,132.0,Produce Rack
BAT-001521,STR-004,SKU-0057,37,37,2024-10-03,2025-08-21,150.5,Checkout Display
BAT-001603,STR-004,SKU-0085,79,79,2024-10-03,2025-03-30,71.0,Checkout Display
BAT-001856,STR-005,SKU-0019,17,17,2024-10-03,2024-10-07,37.5,Frozen
BAT-002244,STR-005,SKU-0148,5,5,2024-10-03,2024-11-21,113.0,Checkout Display
BAT-002280,STR-006,SKU-0010,115,115,2024-10-03,2024-10-10,75.5,Aisle-A
BAT-002422,STR-006,SKU-0058,121,121,2024-10-03,2025-04-15,102.5,Produce Rack
BAT-002436,STR-006,SKU-0062,108,108,2024-10-03,2025-05-31,144.5,Refrigerated
BAT-000369,STR-001,SKU-0123,8,8,2024-10-04,2024-10-07,356.0,Refrigerated
BAT-000640,STR-002,SKU-0064,16,16,2024-10-04,2025-08-29,116.0,Bulk Bins
BAT-000671,STR-002,SKU-0074,35,35,2024-10-04,2025-01-29,98.5,Refrigerated
BAT-001078,STR-003,SKU-0060,40,40,2024-10-04,2025-05-12,164.0,Bulk Bins
BAT-001158,STR-003,SKU-0086,77,77,2024-10-04,2025-03-16,88.0,Frozen
BAT-001188,STR-003,SKU-0096,20,20,2024-10-04,2024-12-07,89.0,Checkout Display
BAT-001760,STR-004,SKU-0137,65,65,2024-10-04,2024-12-07,98.5,Refrigerated
BAT-002152,STR-005,SKU-0118,10,10,2024-10-04,2024-10-07,327.0,Frozen
BAT-002407,STR-006,SKU-0053,117,117,2024-10-04,2025-05-14,163.5,Aisle-B
BAT-002501,STR-006,SKU-0084,142,142,2024-10-04,2025-03-24,57.0,Produce Rack
BAT-002533,STR-006,SKU-0095,131,131,2024-10-04,2025-01-05,47.0,Refrigerated
BAT-002599,STR-006,SKU-0117,75,75,2024-10-04,2024-10-05,374.5,Frozen
BAT-000794,STR-002,SKU-0115,68,68,2024-10-05,2024-10-06,196.0,Produce Rack
BAT-000856,STR-002,SKU-0136,56,56,2024-10-05,2024-12-29,167.5,Produce Rack
BAT-000881,STR-002,SKU-0144,26,26,2024-10-05,2024-11-14,129.0,Bulk Bins
BAT-000900,STR-002,SKU-0150,43,43,2024-10-05,2024-10-10,75.0,Checkout Display
BAT-000942,STR-003,SKU-0014,28,28,2024-10-05,2024-10-15,81.5,Checkout Display
BAT-000952,STR-003,SKU-0018,47,47,2024-10-05,2024-10-10,71.5,Bulk Bins
BAT-001114,STR-003,SKU-0072,41,41,2024-10-05,2024-11-30,92.0,Aisle-A
BAT-001448,STR-004,SKU-0033,29,29,2024-10-05,2024-10-12,67.0,Produce Rack
BAT-001508,STR-004,SKU-0053,37,37,2024-10-05,2025-05-15,163.5,Refrigerated
BAT-002529,STR-006,SKU-0093,107,107,2024-10-05,2025-03-12,18.0,Aisle-A
BAT-002530,STR-006,SKU-0094,127,127,2024-10-05,2025-02-28,53.0,Aisle-A
BAT-000016,STR-001,SKU-0006,7,7,2024-10-06,2024-10-15,97.0,Frozen
BAT-000276,STR-001,SKU-0092,13,13,2024-10-06,2025-01-25,64.5,Aisle-B
BAT-000384,STR-001,SKU-0128,16,16,2024-10-06,2024-10-07,302.0,Aisle-A
BAT-001203,STR-003,SKU-0101,61,61,2024-10-06,2025-06-06,176.0,Aisle-B
BAT-001277,STR-003,SKU-0126,59,59,2024-10-06,2024-10-09,208.0,Refrigerated
BAT-001876,STR-005,SKU-0026,18,18,2024-10-06,2024-10-10,100.0,Produce Rack
BAT-001975,STR-005,SKU-0059,8,8,2024-10-06,2025-08-31,121.0,Produce Rack
BAT-002013,STR-005,SKU-0071,27,27,2024-10-06,2025-01-21,100.0,Produce Rack
BAT-002566,STR-006,SKU-0106,76,76,2024-10-06,2026-02-08,192.0,Aisle-B
BAT-000116,STR-001,SKU-0039,26,26,2024-10-07,2024-10-11,120.5,Aisle-A
BAT-000209,STR-001,SKU-0070,15,15,2024-10-07,2025-02-08,134.5,Produce Rack
BAT-000743,STR-002,SKU-0098,76,76,2024-10-07,2025-10-19,122.0,Aisle-B
BAT-000821,STR-002,SKU-0124,16,16,2024-10-07,2024-10-09,169.0,Aisle-B
BAT-001039,STR-003,SKU-0047,46,46,2024-10-07,2024-10-10,125.0,Aisle-B
BAT-001141,STR-003,SKU-0081,31,31,2024-10-07,2024-12-24,58.5,Checkout Display
BAT-001587,STR-004,SKU-0079,44,44,2024-10-07,2025-02-23,91.5,Produce Rack
BAT-001714,STR-004,SKU-0122,75,75,2024-10-07,2024-10-10,216.0,Refrigerated
BAT-001868,STR-005,SKU-0023,19,19,2024-10-07,2024-10-09,94.5,Aisle-B
BAT-001930,STR-005,SKU-0044,5,5,2024-10-07,2024-10-14,151.5,Produce Rack
BAT-001980,STR-005,SKU-0060,15,15,2024-10-07,2025-05-15,164.0,Frozen
BAT-002366,STR-006,SKU-0039,80,80,2024-10-07,2024-10-11,120.5,Produce Rack
BAT-002493,STR-006,SKU-0081,51,51,2024-10-07,2024-12-24,58.5,Checkout Display
BAT-000155,STR-001,SKU-0052,9,9,2024-10-08,2025-04-09,98.5,Aisle-B
BAT-000184,STR-001,SKU-0062,24,24,2024-10-08,2025-06-05,144.5,Bulk Bins
BAT-000320,STR-001,SKU-0107,28,28,2024-10-08,2025-07-24,147.5,Produce Rack
BAT-000558,STR-002,SKU-0036,74,74,2024-10-08,2024-10-14,177.5,Aisle-B
BAT-000653,STR-002,SKU-0068,53,53,2024-10-08,2024-12-02,150.0,Produce Rack
BAT-000692,STR-002,SKU-0081,44,44,2024-10-08,2024-12-25,58.5,Checkout Display
BAT-000973,STR-003,SKU-0025,62,62,2024-10-08,2024-10-10,80.0,Produce Rack
BAT-000980,STR-003,SKU-0027,73,73,2024-10-08,2024-10-10,52.5,Aisle-A
BAT-001608,STR-004,SKU-0086,66,66,2024-10-08,2025-03-20,88.0,Aisle-B
BAT-001707,STR-004,SKU-0119,58,58,2024-10-08,2024-10-10,574.5,Frozen
BAT-001981,STR-005,SKU-0061,21,21,2024-10-08,2025-05-23,139.5,Refrigerated
BAT-002290,STR-006,SKU-0014,107,107,2024-10-08,2024-10-18,91.5,Checkout Display
BAT-002604,STR-006,SKU-0118,105,105,2024-10-08,2024-10-11,327.0,Frozen
BAT-002698,STR-006,SKU-0150,85,85,2024-10-08,2024-10-13,56.0,Aisle-B
BAT-000161,STR-001,SKU-0054,6,6,2024-10-09,2025-07-18,98.0,Bulk Bins
BAT-000530,STR-002,SKU-0027,49,49,2024-10-09,2024-10-11,52.5,Frozen
BAT-000602,STR-002,SKU-0051,43,43,2024-10-09,2025-05-02,164.0,Refrigerated
BAT-000732,STR-002,SKU-0094,50,50,2024-10-09,2025-03-04,42.5,Produce Rack
BAT-001095,STR-003,SKU-0065,76,76,2024-10-09,2025-01-27,63.5,Checkout Display
BAT-001280,STR-003,SKU-0127,50,50,2024-10-09,2024-10-11,330.0,Refrigerated
BAT-001361,STR-004,SKU-0004,58,58,2024-10-09,2024-10-18,115.0,Checkout Display
BAT-001652,STR-004,SKU-0101,30,30,2024-10-09,2025-06-09,176.0,Bulk Bins
BAT-001661,STR-004,SKU-0104,26,26,2024-10-09,2025-07-05,104.5,Refrigerated
BAT-001789,STR-004,SKU-0147,52,52,2024-10-09,2024-10-11,86.0,Aisle-B
BAT-001957,STR-005,SKU-0053,30,30,2024-10-09,2025-05-19,124.5,Frozen
BAT-002699,STR-006,SKU-0150,109,109,2024-10-09,2024-10-14,75.0,Aisle-A
BAT-000144,STR-001,SKU-0048,27,27,2024-10-10,2024-10-13,152.5,Frozen
BAT-000316,STR-001,SKU-0106,24,24,2024-10-10,2026-02-12,192.0,Frozen
BAT-000724,STR-002,SKU-0092,46,46,2024-10-10,2025-01-29,64.5,Frozen
BAT-000766,STR-002,SKU-0106,52,52,2024-10-10,2026-02-12,125.0,Aisle-A
BAT-000946,STR-003,SKU-0016,60,60,2024-10-10,2024-10-18,110.5,Aisle-A
BAT-001175,STR-003,SKU-0092,57,57,2024-10-10,2025-01-29,48.5,Aisle-B
BAT-001210,STR-003,SKU-0104,64,64,2024-10-10,2025-07-06,139.5,Produce Rack
BAT-001547,STR-004,SKU-0066,22,22,2024-10-10,2025-01-24,41.0,Aisle-A
BAT-001599,STR-004,SKU-0083,55,55,2024-10-10,2025-01-09,60.5,Aisle-B
BAT-001756,STR-004,SKU-0136,21,21,2024-10-10,2025-01-03,167.5,Bulk Bins
BAT-002142,STR-005,SKU-0114,9,9,2024-10-10,2024-10-11,342.0,Refrigerated
BAT-002373,STR-006,SKU-0041,40,40,2024-10-10,2024-10-13,84.5,Produce Rack
BAT-002596,STR-006,SKU-0116,60,60,2024-10-10,2024-10-13,500.0,Produce Rack
BAT-002640,STR-006,SKU-0130,106,106,2024-10-10,2024-12-04,70.5,Aisle-A
BAT-002678,STR-006,SKU-0143,115,115,2024-10-10,2024-11-20,49.0,Frozen
BAT-002687,STR-006,SKU-0146,31,31,2024-10-10,2024-10-13,211.5,Bulk Bins
BAT-000295,STR-001,SKU-0099,14,14,2024-10-11,2025-04-09,182.0,Bulk Bins
BAT-000418,STR-001,SKU-0140,10,10,2024-10-11,2024-12-13,173.5,Bulk Bins
BAT-000682,STR-002,SKU-0078,68,68,2024-10-11,2025-01-16,48.0,Aisle-B
BAT-000836,STR-002,SKU-0129,39,39,2024-10-11,2024-10-23,149.0,Checkout Display
BAT-000868,STR-002,SKU-0140,63,63,2024-10-11,2024-12-13,173.5,Refrigerated
BAT-001241,STR-003,SKU-0114,63,63,2024-10-11,2024-10-12,208.5,Bulk Bins
BAT-001368,STR-004,SKU-0006,40,40,2024-10-11,2024-10-20,97.0,Frozen
BAT-001873,STR-005,SKU-0025,20,20,2024-10-11,2024-10-13,80.0,Produce Rack
BAT-002465,STR-006,SKU-0072,65,65,2024-10-11,2024-12-06,92.0,Aisle-B
BAT-000206,STR-001,SKU-0069,18,18,2024-10-12,2024-12-14,67.0,Bulk Bins
BAT-000230,STR-001,SKU-0077,19,19,2024-10-12,2024-11-22,128.0,Produce Rack
BAT-000348,STR-001,SKU-0116,5,5,2024-10-12,2024-10-15,395.0,Bulk Bins
BAT-000790,STR-002,SKU-0114,69,69,2024-10-12,2024-10-13,253.0,Aisle-B
BAT-000886,STR-002,SKU-0146,52,52,2024-10-12,2024-10-15,278.0,Checkout Display
BAT-000961,STR-003,SKU-0021,34,34,2024-10-12,2024-10-17,120.0,Produce Rack
BAT-001025,STR-003,SKU-0042,41,41,2024-10-12,2024-10-17,30.5,Bulk Bins
BAT-001107,STR-003,SKU-0069,76,76,2024-10-12,2024-12-14,86.0,Refrigerated
BAT-001183,STR-003,SKU-0095,30,30,2024-10-12,2025-01-13,62.5,Checkout Display
BAT-001502,STR-004,SKU-0051,66,66,2024-10-12,2025-05-05,124.5,Checkout Display
BAT-001519,STR-004,SKU-0057,32,32,2024-10-12,2025-08-30,116.0,Produce Rack
BAT-001597,STR-004,SKU-0083,55,55,2024-10-12,2025-01-11,60.5,Frozen
BAT-001656,STR-004,SKU-0102,40,40,2024-10-12,2025-09-24,134.0,Produce Rack
BAT-001811,STR-005,SKU-0004,19,19,2024-10-12,2024-10-21,115.0,Checkout Display
BAT-001955,STR-005,SKU-0052,21,21,2024-10-12,2025-04-13,129.5,Refrigerated
BAT-002079,STR-005,SKU-0093,20,20,2024-10-12,2025-03-19,26.5,Aisle-A
BAT-002220,STR-005,SKU-0140,21,21,2024-10-12,2024-12-14,173.5,Frozen
BAT-002473,STR-006,SKU-0075,30,30,2024-10-12,2025-03-20,98.0,Aisle-B
BAT-002483,STR-006,SKU-0078,105,105,2024-10-12,2025-01-17,48.0,Checkout Display
BAT-002613,STR-006,SKU-0121,144,144,2024-10-12,2024-10-14,232.5,Checkout Display
BAT-002628,STR-006,SKU-0126,109,109,2024-10-12,2024-10-15,208.0,Aisle-A
BAT-000103,STR-001,SKU-0035,15,15,2024-10-13,2024-10-20,108.0,Refrigerated
BAT-000138,STR-001,SKU-0046,6,6,2024-10-13,2024-10-18,140.5,Frozen
BAT-000199,STR-001,SKU-0067,12,12,2024-10-13,2024-11-30,117.5,Produce Rack
BAT-000287,STR-001,SKU-0096,25,25,2024-10-13,2024-12-16,89.0,Refrigerated
BAT-000291,STR-001,SKU-0097,16,16,2024-10-13,2025-09-18,135.0,Bulk Bins
BAT-000378,STR-001,SKU-0126,6,6,2024-10-13,2024-10-16,139.5,Frozen
BAT-000888,STR-002,SKU-0146,16,16,2024-10-13,2024-10-16,278.0,Checkout Display
BAT-001027,STR-003,SKU-0043,20,20,2024-10-13,2024-10-19,76.0,Refrigerated
BAT-001056,STR-003,SKU-0052,69,69,2024-10-13,2025-04-14,129.5,Bulk Bins
BAT-001208,STR-003,SKU-0103,31,31,2024-10-13,2025-07-18,162.0,Aisle-A
BAT-001260,STR-003,SKU-0120,44,44,2024-10-13,2024-10-15,545.0,Refrigerated
BAT-001320,STR-003,SKU-0140,36,36,2024-10-13,2024-12-15,173.5,Produce Rack
BAT-001507,STR-004,SKU-0053,46,46,2024-10-13,2025-05-23,163.5,Aisle-B
BAT-001658,STR-004,SKU-0103,23,23,2024-10-13,2025-07-18,162.0,Aisle-A
BAT-002202,STR-005,SKU-0134,7,7,2024-10-13,2024-12-13,135.5,Frozen
BAT-002295,STR-006,SKU-0015,133,133,2024-10-13,2024-10-18,98.5,Checkout Display
BAT-002547,STR-006,SKU-0099,107,107,2024-10-13,2025-04-11,182.0,Frozen
BAT-000360,STR-001,SKU-0120,14,14,2024-10-14,2024-10-16,545.0,Bulk Bins
BAT-000367,STR-001,SKU-0123,14,14,2024-10-14,2024-10-17,356.0,Bulk Bins
BAT-000466,STR-002,SKU-0006,46,46,2024-10-14,2024-10-23,97.0,Frozen
BAT-000812,STR-002,SKU-0121,61,61,2024-10-14,2024-10-16,232.5,Refrigerated
BAT-000818,STR-002,SKU-0123,35,35,2024-10-14,2024-10-17,356.0,Bulk Bins
BAT-000871,STR-002,SKU-0141,29,29,2024-10-14,2025-01-01,115.5,Frozen
BAT-000928,STR-003,SKU-0010,70,70,2024-10-14,2024-10-21,75.5,Frozen
BAT-001170,STR-003,SKU-0090,17,17,2024-10-14,2025-01-10,79.5,Aisle-A
BAT-001250,STR-003,SKU-0117,66,66,2024-10-14,2024-10-15,374.5,Frozen
BAT-001310,STR-003,SKU-0137,39,39,2024-10-14,2024-12-17,98.5,Frozen
BAT-001332,STR-003,SKU-0144,28,28,2024-10-14,2024-11-23,129.0,Aisle-B
BAT-001385,STR-004,SKU-0012,28,28,2024-10-14,2024-10-23,95.0,Aisle-A
BAT-001593,STR-004,SKU-0081,33,33,2024-10-14,2024-12-31,58.5,Frozen
BAT-001639,STR-004,SKU-0097,52,52,2024-10-14,2025-09-19,135.0,Checkout Display
BAT-001781,STR-004,SKU-0144,66,66,2024-10-14,2024-11-23,129.0,Produce Rack
BAT-001845,STR-005,SKU-0015,22,22,2024-10-14,2024-10-19,60.0,Aisle-A
BAT-001958,STR-005,SKU-0053,14,14,2024-10-14,2025-05-24,163.5,Aisle-B
BAT-002403,STR-006,SKU-0051,51,51,2024-10-14,2025-05-07,164.0,Bulk Bins
BAT-000035,STR-001,SKU-0012,9,9,2024-10-15,2024-10-24,67.5,Refrigerated
BAT-000270,STR-001,SKU-0090,17,17,2024-10-15,2025-01-11,79.5,Aisle-B
BAT-000527,STR-002,SKU-0026,27,27,2024-10-15,2024-10-19,100.0,Bulk Bins
BAT-000845,STR-002,SKU-0132,24,24,2024-10-15,2025-01-10,118.5,Aisle-B
BAT-000904,STR-003,SKU-0002,16,16,2024-10-15,2024-10-21,76.0,Aisle-B
BAT-000916,STR-003,SKU-0006,43,43,2024-10-15,2024-10-24,97.0,Refrigerated
BAT-000962,STR-003,SKU-0021,53,53,2024-10-15,2024-10-20,120.0,Produce Rack
BAT-001144,STR-003,SKU-0082,18,18,2024-10-15,2025-04-08,38.0,Produce Rack
BAT-001534,STR-004,SKU-0062,61,61,2024-10-15,2025-06-12,144.5,Frozen
BAT-001770,STR-004,SKU-0140,38,38,2024-10-15,2024-12-17,173.5,Bulk Bins
BAT-001870,STR-005,SKU-0024,15,15,2024-10-15,2024-10-19,87.0,Checkout Display
BAT-002048,STR-005,SKU-0083,15,15,2024-10-15,2025-01-14,60.5,Aisle-B
BAT-002223,STR-005,SKU-0141,26,26,2024-10-15,2025-01-02,115.5,Bulk Bins
BAT-002227,STR-005,SKU-0143,25,25,2024-10-15,2024-11-25,49.0,Aisle-B
BAT-002350,STR-006,SKU-0034,45,45,2024-10-15,2024-10-18,110.0,Checkout Display
BAT-002409,STR-006,SKU-0053,147,147,2024-10-15,2025-05-25,163.5,Refrigerated
BAT-002467,STR-006,SKU-0073,78,78,2024-10-15,2025-04-04,135.5,Refrigerated
BAT-000200,STR-001,SKU-0067,5,5,2024-10-16,2024-12-03,117.5,Aisle-B
BAT-000448,STR-001,SKU-0150,19,19,2024-10-16,2024-10-21,51.0,Produce Rack
BAT-000449,STR-001,SKU-0150,22,22,2024-10-16,2024-10-21,75.0,Bulk Bins
BAT-000468,STR-002,SKU-0006,32,32,2024-10-16,2024-10-25,97.0,Refrigerated
BAT-000735,STR-002,SKU-0095,43,43,2024-10-16,2025-01-17,62.5,Bulk Bins
BAT-000943,STR-003,SKU-0015,40,40,2024-10-16,2024-10-21,98.5,Bulk Bins
BAT-001077,STR-003,SKU-0059,37,37,2024-10-16,2025-09-10,121.0,Frozen
BAT-001176,STR-003,SKU-0092,49,49,2024-10-16,2025-02-04,64.5,Aisle-A
BAT-001216,STR-003,SKU-0106,49,49,2024-10-16,2026-02-18,192.0,Checkout Display
BAT-001358,STR-004,SKU-0003,53,53,2024-10-16,2024-10-21,95.5,Checkout Display
BAT-002071,STR-005,SKU-0091,12,12,2024-10-16,2025-01-23,56.0,Bulk Bins
BAT-000049,STR-001,SKU-0017,10,10,2024-10-17,2024-10-21,113.0,Produce Rack
BAT-000394,STR-001,SKU-0132,27,27,2024-10-17,2025-01-12,76.0,Refrigerated
BAT-000444,STR-001,SKU-0148,22,22,2024-10-17,2024-12-05,113.0,Aisle-B
BAT-000472,STR-002,SKU-0008,37,37,2024-10-17,2024-10-27,37.0,Frozen
BAT-000618,STR-002,SKU-0056,50,50,2024-10-17,2025-06-27,156.5,Aisle-B
BAT-000945,STR-003,SKU-0015,52,52,2024-10-17,2024-10-22,98.5,Produce Rack
BAT-001992,STR-005,SKU-0064,15,15,2024-10-17,2025-09-11,116.0,Frozen
BAT-002331,STR-006,SKU-0027,133,133,2024-10-17,2024-10-19,52.5,Bulk Bins
BAT-000334,STR-001,SKU-0112,14,14,2024-10-18,2025-05-23,152.0,Checkout Display
BAT-000584,STR-002,SKU-0045,28,28,2024-10-18,2024-10-24,108.0,Produce Rack
BAT-000809,STR-002,SKU-0120,54,54,2024-10-18,2024-10-20,545.0,Frozen
BAT-000986,STR-003,SKU-0029,20,20,2024-10-18,2024-10-22,109.5,Aisle-A
BAT-001516,STR-004,SKU-0056,30,30,2024-10-18,2025-06-28,156.5,Bulk Bins
BAT-001681,STR-004,SKU-0111,61,61,2024-10-18,2025-04-28,116.0,Refrigerated
BAT-001768,STR-004,SKU-0140,60,60,2024-10-18,2024-12-20,173.5,Checkout Display
BAT-001877,STR-005,SKU-0026,13,13,2024-10-18,2024-10-22,100.0,Frozen
BAT-001993,STR-005,SKU-0065,20,20,2024-10-18,2025-02-05,76.0,Aisle-A
BAT-002044,STR-005,SKU-0082,25,25,2024-10-18,2025-04-11,38.0,Aisle-A
BAT-002278,STR-006,SKU-0010,73,73,2024-10-18,2024-10-25,49.0,Frozen
BAT-002313,STR-006,SKU-0021,112,112,2024-10-18,2024-10-23,120.0,Checkout Display
BAT-000080,STR-001,SKU-0027,13,13,2024-10-19,2024-10-21,52.5,Bulk Bins
BAT-001085,STR-003,SKU-0062,26,26,2024-10-19,2025-06-16,144.5,Checkout Display
BAT-001167,STR-003,SKU-0089,38,38,2024-10-19,2024-12-31,46.0,Frozen
BAT-001270,STR-003,SKU-0124,64,64,2024-10-19,2024-10-21,169.0,Checkout Display
BAT-001337,STR-003,SKU-0146,69,69,2024-10-19,2024-10-22,278.0,Aisle-A
BAT-001468,STR-004,SKU-0040,16,16,2024-10-19,2024-10-26,28.5,Produce Rack
BAT-001490,STR-004,SKU-0047,43,43,2024-10-19,2024-10-22,139.0,Bulk Bins
BAT-001572,STR-004,SKU-0074,41,41,2024-10-19,2025-02-13,66.0,Produce Rack
BAT-001632,STR-004,SKU-0094,61,61,2024-10-19,2025-03-14,53.0,Produce Rack
BAT-001690,STR-004,SKU-0114,78,78,2024-10-19,2024-10-20,342.0,Aisle-B
BAT-001723,STR-004,SKU-0125,75,75,2024-10-19,2024-10-22,253.0,Refrigerated
BAT-002074,STR-005,SKU-0092,15,15,2024-10-19,2025-02-07,64.5,Frozen
BAT-002556,STR-006,SKU-0102,44,44,2024-10-19,2025-10-01,176.5,Checkout Display
BAT-000111,STR-001,SKU-0037,19,19,2024-10-20,2024-10-24,157.0,Produce Rack
BAT-000324,STR-001,SKU-0108,19,19,2024-10-20,2025-07-13,215.0,Checkout Display
BAT-000642,STR-002,SKU-0064,44,44,2024-10-20,2025-09-14,116.0,Checkout Display
BAT-000767,STR-002,SKU-0106,58,58,2024-10-20,2026-02-22,192.0,Frozen
BAT-000982,STR-003,SKU-0028,44,44,2024-10-20,2024-10-23,80.5,Frozen
BAT-001090,STR-003,SKU-0064,79,79,2024-10-20,2025-09-14,116.0,Aisle-A
BAT-001212,STR-003,SKU-0104,16,16,2024-10-20,2025-07-16,139.5,Aisle-B
BAT-001217,STR-003,SKU-0106,53,53,2024-10-20,2026-02-22,123.0,Produce Rack
BAT-001478,STR-004,SKU-0043,50,50,2024-10-20,2024-10-26,76.0,Frozen
BAT-001505,STR-004,SKU-0052,19,19,2024-10-20,2025-04-21,129.5,Frozen
BAT-001794,STR-004,SKU-0148,27,27,2024-10-20,2024-12-08,113.0,Aisle-A
BAT-001827,STR-005,SKU-0009,22,22,2024-10-20,2024-10-26,128.5,Frozen
BAT-002049,STR-005,SKU-0083,29,29,2024-10-20,2025-01-19,60.5,Frozen
BAT-002527,STR-006,SKU-0093,84,84,2024-10-20,2025-03-27,26.5,Checkout Display
BAT-002574,STR-006,SKU-0108,91,91,2024-10-20,2025-07-13,215.0,Bulk Bins
BAT-000043,STR-001,SKU-0015,10,10,2024-10-21,2024-10-26,68.0,Produce Rack
BAT-000094,STR-001,SKU-0032,20,20,2024-10-21,2024-10-25,47.5,Refrigerated
BAT-000214,STR-001,SKU-0072,21,21,2024-10-21,2024-12-16,92.0,Produce Rack
BAT-000219,STR-001,SKU-0073,10,10,2024-10-21,2025-04-10,135.5,Checkout Display
BAT-000227,STR-001,SKU-0076,25,25,2024-10-21,2024-12-03,138.0,Bulk Bins
BAT-000251,STR-001,SKU-0084,14,14,2024-10-21,2025-04-10,57.0,Aisle-A
BAT-000503,STR-002,SKU-0018,21,21,2024-10-21,2024-10-26,71.5,Frozen
BAT-000528,STR-002,SKU-0026,58,58,2024-10-21,2024-10-25,100.0,Produce Rack
BAT-000704,STR-002,SKU-0085,40,40,2024-10-21,2025-04-17,53.0,Aisle-A
BAT-000717,STR-002,SKU-0089,17,17,2024-10-21,2025-01-02,74.0,Aisle-B
BAT-000883,STR-002,SKU-0145,27,27,2024-10-21,2024-10-25,123.5,Checkout Display
BAT-000957,STR-003,SKU-0019,38,38,2024-10-21,2024-10-25,59.5,Checkout Display
BAT-001013,STR-003,SKU-0038,24,24,2024-10-21,2024-10-26,142.5,Bulk Bins
BAT-001239,STR-003,SKU-0113,56,56,2024-10-21,2024-10-22,411.0,Aisle-B
BAT-001476,STR-004,SKU-0042,73,73,2024-10-21,2024-10-26,30.5,Refrigerated
BAT-001640,STR-004,SKU-0097,80,80,2024-10-21,2025-09-26,135.0,Checkout Display
BAT-001720,STR-004,SKU-0124,42,42,2024-10-21,2024-10-23,169.0,Aisle-A
BAT-001724,STR-004,SKU-0125,53,53,2024-10-21,2024-10-24,253.0,Refrigerated
BAT-001818,STR-005,SKU-0006,12,12,2024-10-21,2024-10-30,97.0,Checkout Display
BAT-002485,STR-006,SKU-0079,150,150,2024-10-21,2025-03-09,91.5,Refrigerated
BAT-002497,STR-006,SKU-0083,51,51,2024-10-21,2025-01-20,60.5,Produce Rack
BAT-002553,STR-006,SKU-0101,130,130,2024-10-21,2025-06-21,139.0,Aisle-B
BAT-002576,STR-006,SKU-0109,31,31,2024-10-21,2026-03-02,176.5,Bulk Bins
BAT-000042,STR-001,SKU-0014,10,10,2024-10-22,2024-11-01,129.0,Produce Rack
BAT-000096,STR-001,SKU-0032,15,15,2024-10-22,2024-10-26,47.5,Bulk Bins
BAT-000194,STR-001,SKU-0065,13,13,2024-10-22,2025-02-09,104.0,Frozen
BAT-000306,STR-001,SKU-0102,15,15,2024-10-22,2025-10-04,176.5,Refrigerated
BAT-000442,STR-001,SKU-0148,21,21,2024-10-22,2024-12-10,113.0,Checkout Display
BAT-000514,STR-002,SKU-0022,19,19,2024-10-22,2024-10-25,74.0,Produce Rack
BAT-000665,STR-002,SKU-0072,80,80,2024-10-22,2024-12-17,92.0,Bulk Bins
BAT-000850,STR-002,SKU-0134,77,77,2024-10-22,2024-12-22,135.5,Aisle-B
BAT-001011,STR-003,SKU-0037,50,50,2024-10-22,2024-10-26,157.0,Aisle-B
BAT-001075,STR-003,SKU-0059,19,19,2024-10-22,2025-09-16,121.0,Frozen
BAT-001214,STR-003,SKU-0105,74,74,2024-10-22,2025-09-22,198.5,Aisle-A
BAT-001328,STR-003,SKU-0143,15,15,2024-10-22,2024-12-02,49.0,Produce Rack
BAT-001434,STR-004,SKU-0028,33,33,2024-10-22,2024-10-25,80.5,Produce Rack
BAT-001765,STR-004,SKU-0139,77,77,2024-10-22,2024-12-14,106.5,Frozen
BAT-001842,STR-005,SKU-0014,30,30,2024-10-22,2024-11-01,129.0,Aisle-B
BAT-001854,STR-005,SKU-0018,28,28,2024-10-22,2024-10-27,71.5,Refrigerated
BAT-001944,STR-005,SKU-0048,7,7,2024-10-22,2024-10-25,119.0,Frozen
BAT-002234,STR-005,SKU-0145,16,16,2024-10-22,2024-10-26,123.5,Aisle-B
BAT-000036,STR-001,SKU-0012,12,12,2024-10-23,2024-11-01,71.0,Produce Rack
BAT-000234,STR-001,SKU-0078,21,21,2024-10-23,2025-01-28,48.0,Aisle-A
BAT-000664,STR-002,SKU-0072,34,34,2024-10-23,2024-12-18,92.0,Refrigerated
BAT-001145,STR-003,SKU-0082,28,28,2024-10-23,2025-04-16,38.0,Aisle-B
BAT-001146,STR-003,SKU-0082,64,64,2024-10-23,2025-04-16,38.0,Aisle-B
BAT-001426,STR-004,SKU-0026,32,32,2024-10-23,2024-10-27,100.0,Frozen
BAT-001559,STR-004,SKU-0070,16,16,2024-10-23,2025-02-24,134.5,Frozen
BAT-001908,STR-005,SKU-0036,13,13,2024-10-23,2024-10-29,177.5,Bulk Bins
BAT-001915,STR-005,SKU-0039,15,15,2024-10-23,2024-10-27,120.5,Bulk Bins
BAT-001926,STR-005,SKU-0042,6,6,2024-10-23,2024-10-28,30.5,Frozen
BAT-001997,STR-005,SKU-0066,25,25,2024-10-23,2025-02-06,41.0,Bulk Bins
BAT-002051,STR-005,SKU-0084,6,6,2024-10-23,2025-04-12,57.0,Frozen
BAT-002114,STR-005,SKU-0105,14,14,2024-10-23,2025-09-23,198.5,Refrigerated
BAT-002238,STR-005,SKU-0146,29,29,2024-10-23,2024-10-26,278.0,Refrigerated
BAT-002386,STR-006,SKU-0046,150,150,2024-10-23,2024-10-28,140.5,Frozen
BAT-002439,STR-006,SKU-0063,97,97,2024-10-23,2025-06-23,168.0,Aisle-B
BAT-002534,STR-006,SKU-0095,55,55,2024-10-23,2025-01-24,47.0,Frozen
BAT-000007,STR-001,SKU-0003,13,13,2024-10-24,2024-10-29,95.5,Aisle-B
BAT-000417,STR-001,SKU-0139,25,25,2024-10-24,2024-12-16,106.5,Produce Rack
BAT-000539,STR-002,SKU-0030,60,60,2024-10-24,2024-10-28,58.5,Produce Rack
BAT-000610,STR-002,SKU-0054,71,71,2024-10-24,2025-08-02,98.0,Aisle-A
BAT-000853,STR-002,SKU-0135,31,31,2024-10-24,2024-11-19,108.0,Checkout Display
BAT-000981,STR-003,SKU-0027,24,24,2024-10-24,2024-10-26,40.0,Produce Rack
BAT-001256,STR-003,SKU-0119,29,29,2024-10-24,2024-10-26,574.5,Frozen
BAT-001415,STR-004,SKU-0022,16,16,2024-10-24,2024-10-27,109.0,Produce Rack
BAT-001473,STR-004,SKU-0041,31,31,2024-10-24,2024-10-27,84.5,Bulk Bins
BAT-001581,STR-004,SKU-0077,25,25,2024-10-24,2024-12-04,128.0,Aisle-B
BAT-001887,STR-005,SKU-0029,26,26,2024-10-24,2024-10-28,109.5,Aisle-B
BAT-001966,STR-005,SKU-0056,30,30,2024-10-24,2025-07-04,156.5,Produce Rack
BAT-002265,STR-006,SKU-0005,43,43,2024-10-24,2024-11-02,103.0,Bulk Bins
BAT-002618,STR-006,SKU-0123,93,93,2024-10-24,2024-10-27,235.0,Refrigerated
BAT-002675,STR-006,SKU-0142,113,113,2024-10-24,2024-11-11,104.5,Aisle-A
BAT-000100,STR-001,SKU-0034,18,18,2024-10-25,2024-10-28,110.0,Bulk Bins
BAT-000189,STR-001,SKU-0063,28,28,2024-10-25,2025-06-25,168.0,Frozen
BAT-000228,STR-001,SKU-0076,24,24,2024-10-25,2024-12-07,138.0,Frozen
BAT-000345,STR-001,SKU-0115,21,21,2024-10-25,2024-10-26,311.5,Produce Rack
BAT-000623,STR-002,SKU-0058,66,66,2024-10-25,2025-05-07,102.5,Refrigerated
BAT-000626,STR-002,SKU-0059,73,73,2024-10-25,2025-09-19,121.0,Checkout Display
BAT-000742,STR-002,SKU-0098,22,22,2024-10-25,2025-11-06,156.5,Aisle-B
BAT-000779,STR-002,SKU-0110,64,64,2024-10-25,2025-08-21,214.0,Frozen
BAT-001722,STR-004,SKU-0124,27,27,2024-10-25,2024-10-27,169.0,Refrigerated
BAT-001828,STR-005,SKU-0010,17,17,2024-10-25,2024-11-01,75.5,Aisle-B
BAT-001982,STR-005,SKU-0061,8,8,2024-10-25,2025-06-09,139.5,Produce Rack
BAT-002162,STR-005,SKU-0121,14,14,2024-10-25,2024-10-27,232.5,Frozen
BAT-002192,STR-005,SKU-0131,5,5,2024-10-25,2024-12-27,160.0,Aisle-A
BAT-002259,STR-006,SKU-0003,112,112,2024-10-25,2024-10-30,95.5,Frozen
BAT-002416,STR-006,SKU-0056,111,111,2024-10-25,2025-07-05,117.5,Aisle-A
BAT-000122,STR-001,SKU-0041,25,25,2024-10-26,2024-10-29,84.5,Refrigerated
BAT-000174,STR-001,SKU-0058,28,28,2024-10-26,2025-05-08,102.5,Bulk Bins
BAT-000240,STR-001,SKU-0080,22,22,2024-10-26,2025-01-02,143.0,Refrigerated
BAT-000375,STR-001,SKU-0125,17,17,2024-10-26,2024-10-29,253.0,Refrigerated
BAT-000518,STR-002,SKU-0023,20,20,2024-10-26,2024-10-28,94.5,Bulk Bins
BAT-000638,STR-002,SKU-0063,15,15,2024-10-26,2025-06-26,168.0,Aisle-A
BAT-001051,STR-003,SKU-0051,37,37,2024-10-26,2025-05-19,164.0,Produce Rack
BAT-001181,STR-003,SKU-0094,41,41,2024-10-26,2025-03-21,53.0,Checkout Display
BAT-001218,STR-003,SKU-0106,27,27,2024-10-26,2026-02-28,192.0,Produce Rack
BAT-001509,STR-004,SKU-0053,73,73,2024-10-26,2025-06-05,163.5,Bulk Bins
BAT-001659,STR-004,SKU-0103,30,30,2024-10-26,2025-07-31,162.0,Aisle-B
BAT-001819,STR-005,SKU-0007,15,15,2024-10-26,2024-11-02,68.0,Checkout Display
BAT-002050,STR-005,SKU-0084,25,25,2024-10-26,2025-04-15,57.0,Aisle-A
BAT-002281,STR-006,SKU-0011,57,57,2024-10-26,2024-11-02,51.0,Aisle-A
BAT-002349,STR-006,SKU-0033,75,75,2024-10-26,2024-11-02,67.0,Aisle-B
BAT-002660,STR-006,SKU-0137,34,34,2024-10-26,2024-12-29,98.5,Aisle-B
BAT-000092,STR-001,SKU-0031,19,19,2024-10-27,2024-10-29,80.0,Aisle-A
BAT-000465,STR-002,SKU-0005,19,19,2024-10-27,2024-11-05,103.0,Checkout Display
BAT-000649,STR-002,SKU-0067,32,32,2024-10-27,2024-12-14,117.5,Produce Rack
BAT-000796,STR-002,SKU-0116,51,51,2024-10-27,2024-10-30,500.0,Refrigerated
BAT-000874,STR-002,SKU-0142,49,49,2024-10-27,2024-11-14,132.0,Checkout Display
BAT-001372,STR-004,SKU-0008,31,31,2024-10-27,2024-11-06,37.0,Aisle-A
BAT-001464,STR-004,SKU-0038,47,47,2024-10-27,2024-11-01,142.5,Frozen
BAT-001664,STR-004,SKU-0105,16,16,2024-10-27,2025-09-27,198.5,Checkout Display
BAT-001767,STR-004,SKU-0139,35,35,2024-10-27,2024-12-19,106.5,Produce Rack
BAT-001995,STR-005,SKU-0065,12,12,2024-10-27,2025-02-14,104.0,Checkout Display
BAT-002183,STR-005,SKU-0128,10,10,2024-10-27,2024-10-28,302.0,Produce Rack
BAT-002288,STR-006,SKU-0013,30,30,2024-10-27,2024-11-02,103.0,Checkout Display
BAT-002364,STR-006,SKU-0038,71,71,2024-10-27,2024-11-01,111.0,Bulk Bins
BAT-002475,STR-006,SKU-0075,85,85,2024-10-27,2025-04-04,131.0,Frozen
BAT-002603,STR-006,SKU-0118,94,94,2024-10-27,2024-10-30,327.0,Aisle-B
BAT-002674,STR-006,SKU-0142,41,41,2024-10-27,2024-11-14,132.0,Aisle-A
BAT-002677,STR-006,SKU-0143,111,111,2024-10-27,2024-12-07,49.0,Produce Rack
BAT-000233,STR-001,SKU-0078,30,30,2024-10-28,2025-02-02,48.0,Refrigerated
BAT-000643,STR-002,SKU-0065,28,28,2024-10-28,2025-02-15,104.0,Refrigerated
BAT-000678,STR-002,SKU-0076,29,29,2024-10-28,2024-12-10,138.0,Produce Rack
BAT-000978,STR-003,SKU-0026,41,41,2024-10-28,2024-11-01,100.0,Checkout Display
BAT-001028,STR-003,SKU-0043,50,50,2024-10-28,2024-11-03,76.0,Refrigerated
BAT-001143,STR-003,SKU-0081,27,27,2024-10-28,2025-01-14,45.5,Produce Rack
BAT-001223,STR-003,SKU-0108,36,36,2024-10-28,2025-07-21,215.0,Produce Rack
BAT-001376,STR-004,SKU-0009,54,54,2024-10-28,2024-11-03,96.5,Checkout Display
BAT-001469,STR-004,SKU-0040,72,72,2024-10-28,2024-11-04,28.5,Checkout Display
BAT-001647,STR-004,SKU-0099,42,42,2024-10-28,2025-04-26,182.0,Aisle-B
BAT-002061,STR-005,SKU-0087,5,5,2024-10-28,2025-03-31,59.5,Aisle-A
BAT-002173,STR-005,SKU-0125,21,21,2024-10-28,2024-10-31,253.0,Refrigerated
BAT-002462,STR-006,SKU-0071,119,119,2024-10-28,2025-02-12,128.5,Produce Rack
BAT-002551,STR-006,SKU-0101,64,64,2024-10-28,2025-06-28,176.0,Checkout Display
BAT-000180,STR-001,SKU-0060,16,16,2024-10-29,2025-06-06,164.0,Refrigerated
BAT-000358,STR-001,SKU-0120,15,15,2024-10-29,2024-10-31,545.0,Aisle-A
BAT-000409,STR-001,SKU-0137,24,24,2024-10-29,2025-01-01,98.5,Aisle-B
BAT-000577,STR-002,SKU-0043,36,36,2024-10-29,2024-11-04,76.0,Checkout Display
BAT-000877,STR-002,SKU-0143,78,78,2024-10-29,2024-12-09,49.0,Aisle-B
BAT-001293,STR-003,SKU-0131,31,31,2024-10-29,2024-12-31,160.0,Bulk Bins
BAT-001398,STR-004,SKU-0016,56,56,2024-10-29,2024-11-06,110.5,Aisle-A
BAT-001482,STR-004,SKU-0044,33,33,2024-10-29,2024-11-05,151.5,Frozen
BAT-001497,STR-004,SKU-0049,60,60,2024-10-29,2025-06-01,129.0,Checkout Display
BAT-002047,STR-005,SKU-0083,20,20,2024-10-29,2025-01-28,60.5,Refrigerated
BAT-002276,STR-006,SKU-0009,141,141,2024-10-29,2024-11-04,128.5,Aisle-A
BAT-002634,STR-006,SKU-0128,40,40,2024-10-29,2024-10-30,302.0,Aisle-A
BAT-000278,STR-001,SKU-0093,29,29,2024-10-30,2025-04-06,26.5,Refrigerated
BAT-000425,STR-001,SKU-0142,15,15,2024-10-30,2024-11-17,132.0,Frozen
BAT-000463,STR-002,SKU-0005,19,19,2024-10-30,2024-11-08,103.0,Frozen
BAT-000746,STR-002,SKU-0099,61,61,2024-10-30,2025-04-28,182.0,Refrigerated
BAT-001418,STR-004,SKU-0023,51,51,2024-10-30,2024-11-01,94.5,Aisle-B
BAT-001532,STR-004,SKU-0061,34,34,2024-10-30,2025-06-14,139.5,Frozen
BAT-001655,STR-004,SKU-0102,24,24,2024-10-30,2025-10-12,123.5,Frozen
BAT-001701,STR-004,SKU-0117,77,77,2024-10-30,2024-10-31,374.5,Checkout Display
BAT-001933,STR-005,SKU-0045,28,28,2024-10-30,2024-11-05,72.5,Checkout Display
BAT-001954,STR-005,SKU-0052,8,8,2024-10-30,2025-05-01,129.5,Refrigerated
BAT-002092,STR-005,SKU-0098,15,15,2024-10-30,2025-11-11,156.5,Refrigerated
BAT-002272,STR-006,SKU-0008,87,87,2024-10-30,2024-11-09,37.0,Aisle-B
BAT-002429,STR-006,SKU-0060,73,73,2024-10-30,2025-06-07,164.0,Aisle-B
BAT-002447,STR-006,SKU-0066,54,54,2024-10-30,2025-02-13,41.0,Aisle-B
BAT-002543,STR-006,SKU-0098,92,92,2024-10-30,2025-11-11,156.5,Aisle-A
BAT-002567,STR-006,SKU-0106,37,37,2024-10-30,2026-03-04,192.0,Refrigerated
BAT-000074,STR-001,SKU-0025,19,19,2024-10-31,2024-11-02,80.0,Checkout Display
BAT-000129,STR-001,SKU-0043,19,19,2024-10-31,2024-11-06,76.0,Aisle-B
BAT-000139,STR-001,SKU-0047,8,8,2024-10-31,2024-11-03,176.0,Produce Rack
BAT-000181,STR-001,SKU-0061,29,29,2024-10-31,2025-06-15,139.5,Aisle-B
BAT-000572,STR-002,SKU-0041,33,33,2024-10-31,2024-11-03,84.5,Refrigerated
BAT-000576,STR-002,SKU-0042,17,17,2024-10-31,2024-11-05,30.5,Checkout Display
BAT-000586,STR-002,SKU-0046,48,48,2024-10-31,2024-11-05,140.5,Frozen
BAT-000669,STR-002,SKU-0073,73,73,2024-10-31,2025-04-20,135.5,Aisle-A
BAT-001037,STR-003,SKU-0046,76,76,2024-10-31,2024-11-05,140.5,Frozen
BAT-001374,STR-004,SKU-0008,15,15,2024-10-31,2024-11-10,37.0,Aisle-A
BAT-001456,STR-004,SKU-0036,21,21,2024-10-31,2024-11-06,177.5,Frozen
BAT-001511,STR-004,SKU-0054,78,78,2024-10-31,2025-08-09,98.0,Produce Rack
BAT-001573,STR-004,SKU-0075,76,76,2024-10-31,2025-04-08,131.0,Bulk Bins
BAT-001649,STR-004,SKU-0100,31,31,2024-10-31,2026-04-04,106.0,Frozen
BAT-002316,STR-006,SKU-0022,67,67,2024-10-31,2024-11-03,67.5,Checkout Display
BAT-002638,STR-006,SKU-0130,65,65,2024-10-31,2024-12-25,70.5,Produce Rack
BAT-000022,STR-001,SKU-0008,28,28,2024-11-01,2024-11-11,37.0,Bulk Bins
BAT-000202,STR-001,SKU-0068,5,5,2024-11-01,2024-12-26,150.0,Frozen
BAT-000457,STR-002,SKU-0003,37,37,2024-11-01,2024-11-06,95.5,Frozen
BAT-000591,STR-002,SKU-0047,45,45,2024-11-01,2024-11-04,176.0,Aisle-B
BAT-000641,STR-002,SKU-0064,69,69,2024-11-01,2025-09-26,116.0,Frozen
BAT-000708,STR-002,SKU-0086,26,26,2024-11-01,2025-04-13,88.0,Checkout Display
BAT-001036,STR-003,SKU-0046,44,44,2024-11-01,2024-11-06,140.5,Refrigerated
BAT-001105,STR-003,SKU-0069,25,25,2024-11-01,2025-01-03,86.0,Checkout Display
BAT-001379,STR-004,SKU-0010,49,49,2024-11-01,2024-11-08,49.0,Aisle-A
BAT-001783,STR-004,SKU-0145,16,16,2024-11-01,2024-11-05,123.5,Frozen
BAT-001989,STR-005,SKU-0063,6,6,2024-11-01,2025-07-02,168.0,Bulk Bins
BAT-002096,STR-005,SKU-0099,9,9,2024-11-01,2025-04-30,182.0,Aisle-B
BAT-002353,STR-006,SKU-0035,60,60,2024-11-01,2024-11-08,108.0,Refrigerated
BAT-000148,STR-001,SKU-0050,19,19,2024-11-02,2025-05-20,77.5,Checkout Display
BAT-000279,STR-001,SKU-0093,6,6,2024-11-02,2025-04-09,26.5,Checkout Display
BAT-000300,STR-001,SKU-0100,30,30,2024-11-02,2026-04-06,106.0,Frozen
BAT-000814,STR-002,SKU-0122,18,18,2024-11-02,2024-11-05,216.0,Frozen
BAT-000872,STR-002,SKU-0141,47,47,2024-11-02,2025-01-20,115.5,Aisle-B
BAT-001688,STR-004,SKU-0113,47,47,2024-11-02,2024-11-03,411.0,Aisle-B
BAT-001759,STR-004,SKU-0137,45,45,2024-11-02,2025-01-05,98.5,Frozen
BAT-001820,STR-005,SKU-0007,17,17,2024-11-02,2024-11-09,92.0,Aisle-A
BAT-002007,STR-005,SKU-0069,9,9,2024-11-02,2025-01-04,86.0,Refrigerated
BAT-002681,STR-006,SKU-0144,74,74,2024-11-02,2024-12-12,129.0,Frozen
BAT-000091,STR-001,SKU-0031,21,21,2024-11-03,2024-11-05,102.5,Refrigerated
BAT-000314,STR-001,SKU-0105,7,7,2024-11-03,2025-10-04,198.5,Checkout Display
BAT-000338,STR-001,SKU-0113,29,29,2024-11-03,2024-11-04,411.0,Produce Rack
BAT-000840,STR-002,SKU-0130,48,48,2024-11-03,2024-12-28,70.5,Produce Rack
BAT-000930,STR-003,SKU-0010,28,28,2024-11-03,2024-11-10,75.5,Produce Rack
BAT-001446,STR-004,SKU-0032,79,79,2024-11-03,2024-11-07,36.0,Refrigerated
BAT-001654,STR-004,SKU-0102,41,41,2024-11-03,2025-10-16,109.5,Checkout Display
BAT-001843,STR-005,SKU-0015,26,26,2024-11-03,2024-11-08,98.5,Bulk Bins
BAT-001861,STR-005,SKU-0021,9,9,2024-11-03,2024-11-08,74.5,Aisle-A
BAT-001927,STR-005,SKU-0043,21,21,2024-11-03,2024-11-09,76.0,Refrigerated
BAT-001996,STR-005,SKU-0066,14,14,2024-11-03,2025-02-17,41.0,Frozen
BAT-002031,STR-005,SKU-0077,28,28,2024-11-03,2024-12-14,83.0,Produce Rack
BAT-002063,STR-005,SKU-0088,25,25,2024-11-03,2025-03-28,54.0,Refrigerated
BAT-002102,STR-005,SKU-0101,21,21,2024-11-03,2025-07-04,176.0,Frozen
BAT-002137,STR-005,SKU-0113,14,14,2024-11-03,2024-11-04,411.0,Aisle-A
BAT-002228,STR-005,SKU-0143,7,7,2024-11-03,2024-12-14,49.0,Produce Rack
BAT-002322,STR-006,SKU-0024,96,96,2024-11-03,2024-11-07,119.5,Produce Rack
BAT-002454,STR-006,SKU-0068,49,49,2024-11-03,2024-12-28,150.0,Aisle-A
BAT-002488,STR-006,SKU-0080,54,54,2024-11-03,2025-01-10,143.0,Checkout Display
BAT-002659,STR-006,SKU-0137,111,111,2024-11-03,2025-01-06,98.5,Produce Rack
BAT-002695,STR-006,SKU-0149,94,94,2024-11-03,2025-10-24,84.0,Frozen
BAT-000124,STR-001,SKU-0042,7,7,2024-11-04,2024-11-09,30.5,Refrigerated
BAT-000175,STR-001,SKU-0059,22,22,2024-11-04,2025-09-29,95.5,Produce Rack
BAT-000244,STR-001,SKU-0082,24,24,2024-11-04,2025-04-28,38.0,Aisle-A
BAT-000639,STR-002,SKU-0063,43,43,2024-11-04,2025-07-05,168.0,Frozen
BAT-000715,STR-002,SKU-0089,40,40,2024-11-04,2025-01-16,74.0,Refrigerated
BAT-000744,STR-002,SKU-0098,58,58,2024-11-04,2025-11-16,156.5,Bulk Bins
BAT-000866,STR-002,SKU-0139,42,42,2024-11-04,2024-12-27,106.5,Produce Rack
BAT-000898,STR-002,SKU-0150,76,76,2024-11-04,2024-11-09,75.0,Aisle-A
BAT-001049,STR-003,SKU-0050,28,28,2024-11-04,2025-05-22,84.5,Produce Rack
BAT-001324,STR-003,SKU-0142,40,40,2024-11-04,2024-11-22,99.0,Aisle-A
BAT-001384,STR-004,SKU-0012,18,18,2024-11-04,2024-11-13,95.0,Checkout Display
BAT-001447,STR-004,SKU-0033,50,50,2024-11-04,2024-11-11,67.0,Refrigerated
BAT-001591,STR-004,SKU-0081,54,54,2024-11-04,2025-01-21,58.5,Refrigerated
BAT-001786,STR-004,SKU-0146,70,70,2024-11-04,2024-11-07,278.0,Produce Rack
BAT-002478,STR-006,SKU-0076,72,72,2024-11-04,2024-12-17,138.0,Bulk Bins
BAT-002482,STR-006,SKU-0078,110,110,2024-11-04,2025-02-09,48.0,Aisle-A
BAT-002494,STR-006,SKU-0082,67,67,2024-11-04,2025-04-28,27.0,Bulk Bins
BAT-002531,STR-006,SKU-0094,61,61,2024-11-04,2025-03-30,53.0,Refrigerated
BAT-002625,STR-006,SKU-0125,86,86,2024-11-04,2024-11-07,253.0,Bulk Bins
BAT-000140,STR-001,SKU-0047,17,17,2024-11-05,2024-11-08,176.0,Checkout Display
BAT-000294,STR-001,SKU-0098,7,7,2024-11-05,2025-11-17,156.5,Frozen
BAT-000454,STR-002,SKU-0002,68,68,2024-11-05,2024-11-11,76.0,Frozen
BAT-000645,STR-002,SKU-0065,33,33,2024-11-05,2025-02-23,74.0,Produce Rack
BAT-000700,STR-002,SKU-0084,65,65,2024-11-05,2025-04-25,40.5,Frozen
BAT-000804,STR-002,SKU-0118,53,53,2024-11-05,2024-11-08,327.0,Frozen
BAT-000810,STR-002,SKU-0120,18,18,2024-11-05,2024-11-07,545.0,Bulk Bins
BAT-000863,STR-002,SKU-0138,58,58,2024-11-05,2024-12-18,119.0,Frozen
BAT-001008,STR-003,SKU-0036,57,57,2024-11-05,2024-11-11,177.5,Frozen
BAT-001040,STR-003,SKU-0047,80,80,2024-11-05,2024-11-08,125.0,Aisle-A
BAT-001125,STR-003,SKU-0075,55,55,2024-11-05,2025-04-13,131.0,Refrigerated
BAT-001157,STR-003,SKU-0086,59,59,2024-11-05,2025-04-17,88.0,Produce Rack
BAT-001196,STR-003,SKU-0099,47,47,2024-11-05,2025-05-04,182.0,Frozen
BAT-001252,STR-003,SKU-0118,76,76,2024-11-05,2024-11-08,327.0,Frozen
BAT-001297,STR-003,SKU-0133,79,79,2024-11-05,2025-01-16,82.0,Frozen
BAT-001545,STR-004,SKU-0065,73,73,2024-11-05,2025-02-23,104.0,Checkout Display
BAT-001637,STR-004,SKU-0096,60,60,2024-11-05,2025-01-08,89.0,Refrigerated
BAT-001672,STR-004,SKU-0108,78,78,2024-11-05,2025-07-29,215.0,Checkout Display
BAT-001740,STR-004,SKU-0130,18,18,2024-11-05,2024-12-30,70.5,Bulk Bins
BAT-001775,STR-004,SKU-0142,48,48,2024-11-05,2024-11-23,132.0,Produce Rack
BAT-002179,STR-005,SKU-0127,15,15,2024-11-05,2024-11-07,330.0,Frozen
BAT-002219,STR-005,SKU-0140,13,13,2024-11-05,2025-01-07,173.5,Bulk Bins
BAT-002271,STR-006,SKU-0007,55,55,2024-11-05,2024-11-12,92.0,Produce Rack
BAT-002310,STR-006,SKU-0020,148,148,2024-11-05,2024-11-10,112.0,Checkout Display
BAT-002506,STR-006,SKU-0086,64,64,2024-11-05,2025-04-17,88.0,Aisle-A
BAT-000201,STR-001,SKU-0067,29,29,2024-11-06,2024-12-24,117.5,Refrigerated
BAT-000331,STR-001,SKU-0111,12,12,2024-11-06,2025-05-17,116.0,Aisle-A
BAT-000504,STR-002,SKU-0018,44,44,2024-11-06,2024-11-11,45.0,Aisle-B
BAT-000526,STR-002,SKU-0026,25,25,2024-11-06,2024-11-10,100.0,Refrigerated
BAT-000644,STR-002,SKU-0065,63,63,2024-11-06,2025-02-24,104.0,Bulk Bins
BAT-000651,STR-002,SKU-0067,46,46,2024-11-06,2024-12-24,117.5,Aisle-A
BAT-000714,STR-002,SKU-0088,30,30,2024-11-06,2025-03-31,41.5,Aisle-B
BAT-000834,STR-002,SKU-0128,18,18,2024-11-06,2024-11-07,302.0,Refrigerated
BAT-000875,STR-002,SKU-0142,68,68,2024-11-06,2024-11-24,132.0,Aisle-A
BAT-001070,STR-003,SKU-0057,30,30,2024-11-06,2025-09-24,150.5,Frozen
BAT-001563,STR-004,SKU-0071,66,66,2024-11-06,2025-02-21,128.5,Bulk Bins
BAT-001745,STR-004,SKU-0132,45,45,2024-11-06,2025-02-01,89.0,Aisle-A
BAT-001905,STR-005,SKU-0035,8,8,2024-11-06,2024-11-13,108.0,Frozen
BAT-002125,STR-005,SKU-0109,29,29,2024-11-06,2026-03-18,176.5,Produce Rack
BAT-002343,STR-006,SKU-0031,86,86,2024-11-06,2024-11-08,102.5,Refrigerated
BAT-002568,STR-006,SKU-0106,67,67,2024-11-06,2026-03-11,192.0,Bulk Bins
BAT-002571,STR-006,SKU-0107,45,45,2024-11-06,2025-08-22,147.5,Checkout Display
BAT-002578,STR-006,SKU-0110,125,125,2024-11-06,2025-09-02,214.0,Refrigerated
BAT-000093,STR-001,SKU-0031,18,18,2024-11-07,2024-11-09,102.5,Aisle-B
BAT-000187,STR-001,SKU-0063,23,23,2024-11-07,2025-07-08,168.0,Aisle-A
BAT-000188,STR-001,SKU-0063,28,28,2024-11-07,2025-07-08,168.0,Aisle-A
BAT-000282,STR-001,SKU-0094,14,14,2024-11-07,2025-04-02,53.0,Produce Rack
BAT-000356,STR-001,SKU-0119,15,15,2024-11-07,2024-11-09,574.5,Refrigerated
BAT-000478,STR-002,SKU-0010,74,74,2024-11-07,2024-11-14,75.5,Produce Rack
BAT-000523,STR-002,SKU-0025,65,65,2024-11-07,2024-11-09,80.0,Refrigerated
BAT-000740,STR-002,SKU-0097,39,39,2024-11-07,2025-10-13,135.0,Bulk Bins
BAT-001393,STR-004,SKU-0015,48,48,2024-11-07,2024-11-12,98.5,Frozen
BAT-001425,STR-004,SKU-0025,77,77,2024-11-07,2024-11-09,80.0,Aisle-B
BAT-001621,STR-004,SKU-0091,41,41,2024-11-07,2025-02-14,56.0,Bulk Bins
BAT-001645,STR-004,SKU-0099,16,16,2024-11-07,2025-05-06,120.0,Bulk Bins
BAT-001801,STR-005,SKU-0001,13,13,2024-11-07,2024-11-12,35.5,Aisle-B
BAT-001998,STR-005,SKU-0066,16,16,2024-11-07,2025-02-21,41.0,Aisle-B
BAT-002085,STR-005,SKU-0095,14,14,2024-11-07,2025-02-08,62.5,Checkout Display
BAT-002159,STR-005,SKU-0120,19,19,2024-11-07,2024-11-09,370.5,Bulk Bins
BAT-002300,STR-006,SKU-0017,141,141,2024-11-07,2024-11-11,113.0,Produce Rack
BAT-002532,STR-006,SKU-0094,150,150,2024-11-07,2025-04-02,53.0,Aisle-A
BAT-002539,STR-006,SKU-0097,30,30,2024-11-07,2025-10-13,135.0,Aisle-A
BAT-002572,STR-006,SKU-0108,78,78,2024-11-07,2025-07-31,215.0,Checkout Display
BAT-000078,STR-001,SKU-0026,17,17,2024-11-08,2024-11-12,100.0,Produce Rack
BAT-000217,STR-001,SKU-0073,12,12,2024-11-08,2025-04-28,88.0,Aisle-B
BAT-000268,STR-001,SKU-0090,18,18,2024-11-08,2025-02-04,62.0,Bulk Bins
BAT-000405,STR-001,SKU-0135,14,14,2024-11-08,2024-12-04,85.5,Aisle-A
BAT-000495,STR-002,SKU-0015,17,17,2024-11-08,2024-11-13,98.5,Produce Rack
BAT-001262,STR-003,SKU-0121,51,51,2024-11-08,2024-11-10,172.0,Aisle-A
BAT-001288,STR-003,SKU-0130,35,35,2024-11-08,2025-01-02,70.5,Produce Rack
BAT-001290,STR-003,SKU-0130,18,18,2024-11-08,2025-01-02,70.5,Frozen
BAT-001452,STR-004,SKU-0034,34,34,2024-11-08,2024-11-11,110.0,Bulk Bins
BAT-001583,STR-004,SKU-0078,78,78,2024-11-08,2025-02-13,48.0,Aisle-B
BAT-001602,STR-004,SKU-0084,73,73,2024-11-08,2025-04-28,57.0,Aisle-B
BAT-001813,STR-005,SKU-0005,8,8,2024-11-08,2024-11-17,103.0,Aisle-B
BAT-001914,STR-005,SKU-0038,29,29,2024-11-08,2024-11-13,108.5,Aisle-A
BAT-001943,STR-005,SKU-0048,27,27,2024-11-08,2024-11-11,152.5,Frozen
BAT-002068,STR-005,SKU-0090,9,9,2024-11-08,2025-02-04,79.5,Produce Rack
BAT-002256,STR-006,SKU-0002,63,63,2024-11-08,2024-11-14,76.0,Checkout Display
BAT-002257,STR-006,SKU-0003,62,62,2024-11-08,2024-11-13,95.5,Produce Rack
BAT-002344,STR-006,SKU-0032,56,56,2024-11-08,2024-11-12,47.5,Checkout Display
BAT-002347,STR-006,SKU-0033,78,78,2024-11-08,2024-11-15,67.0,Frozen
BAT-002656,STR-006,SKU-0136,93,93,2024-11-08,2025-02-01,167.5,Aisle-A
BAT-000048,STR-001,SKU-0016,13,13,2024-11-09,2024-11-17,110.5,Aisle-A
BAT-000084,STR-001,SKU-0028,19,19,2024-11-09,2024-11-12,80.5,Refrigerated
BAT-000242,STR-001,SKU-0081,15,15,2024-11-09,2025-01-26,42.5,Refrigerated
BAT-000392,STR-001,SKU-0131,18,18,2024-11-09,2025-01-11,160.0,Frozen
BAT-000681,STR-002,SKU-0077,37,37,2024-11-09,2024-12-20,128.0,Bulk Bins
BAT-000848,STR-002,SKU-0133,32,32,2024-11-09,2025-01-20,82.0,Refrigerated
BAT-001035,STR-003,SKU-0045,38,38,2024-11-09,2024-11-15,108.0,Produce Rack
BAT-001411,STR-004,SKU-0021,72,72,2024-11-09,2024-11-14,120.0,Frozen
BAT-001449,STR-004,SKU-0033,72,72,2024-11-09,2024-11-16,67.0,Aisle-B
BAT-001806,STR-005,SKU-0002,22,22,2024-11-09,2024-11-15,76.0,Checkout Display
BAT-001808,STR-005,SKU-0003,6,6,2024-11-09,2024-11-14,95.5,Aisle-A
BAT-001896,STR-005,SKU-0032,27,27,2024-11-09,2024-11-13,47.5,Produce Rack
BAT-001910,STR-005,SKU-0037,29,29,2024-11-09,2024-11-13,157.0,Frozen
BAT-000075,STR-001,SKU-0025,20,20,2024-11-10,2024-11-12,80.0,Refrigerated
BAT-000142,STR-001,SKU-0048,18,18,2024-11-10,2024-11-13,152.5,Bulk Bins
BAT-000179,STR-001,SKU-0060,26,26,2024-11-10,2025-06-18,164.0,Bulk Bins
BAT-000341,STR-001,SKU-0114,14,14,2024-11-10,2024-11-11,342.0,Refrigerated
BAT-000666,STR-002,SKU-0072,56,56,2024-11-10,2025-01-05,92.0,Checkout Display
BAT-000705,STR-002,SKU-0085,28,28,2024-11-10,2025-05-07,71.0,Frozen
BAT-001235,STR-003,SKU-0112,27,27,2024-11-10,2025-06-15,102.0,Aisle-B
BAT-001261,STR-003,SKU-0121,25,25,2024-11-10,2024-11-12,142.0,Produce Rack
BAT-001283,STR-003,SKU-0128,69,69,2024-11-10,2024-11-11,302.0,Produce Rack
BAT-001356,STR-004,SKU-0002,73,73,2024-11-10,2024-11-16,76.0,Produce Rack
BAT-001370,STR-004,SKU-0007,39,39,2024-11-10,2024-11-17,92.0,Frozen
BAT-001831,STR-005,SKU-0011,8,8,2024-11-10,2024-11-17,51.0,Bulk Bins
BAT-001840,STR-005,SKU-0014,20,20,2024-11-10,2024-11-20,129.0,Checkout Display
BAT-001904,STR-005,SKU-0035,25,25,2024-11-10,2024-11-17,108.0,Bulk Bins
BAT-001984,STR-005,SKU-0062,14,14,2024-11-10,2025-07-08,144.5,Checkout Display
BAT-002441,STR-006,SKU-0064,128,128,2024-11-10,2025-10-05,116.0,Aisle-B
BAT-002630,STR-006,SKU-0127,139,139,2024-11-10,2024-11-12,224.5,Produce Rack
BAT-002639,STR-006,SKU-0130,90,90,2024-11-10,2025-01-04,45.0,Produce Rack
BAT-000072,STR-001,SKU-0024,14,14,2024-11-11,2024-11-15,119.5,Produce Rack
BAT-000193,STR-001,SKU-0065,29,29,2024-11-11,2025-03-01,104.0,Checkout Display
BAT-000328,STR-001,SKU-0110,27,27,2024-11-11,2025-09-07,214.0,Checkout Display
BAT-000362,STR-001,SKU-0121,15,15,2024-11-11,2024-11-13,232.5,Checkout Display
BAT-000435,STR-001,SKU-0145,17,17,2024-11-11,2024-11-15,123.5,Checkout Display
BAT-000635,STR-002,SKU-0062,50,50,2024-11-11,2025-07-09,97.0,Aisle-A
BAT-000771,STR-002,SKU-0107,21,21,2024-11-11,2025-08-27,94.5,Aisle-B
BAT-000895,STR-002,SKU-0149,28,28,2024-11-11,2025-11-01,116.5,Produce Rack
BAT-001550,STR-004,SKU-0067,36,36,2024-11-11,2024-12-29,117.5,Produce Rack
BAT-001703,STR-004,SKU-0118,79,79,2024-11-11,2024-11-14,212.5,Produce Rack
BAT-001902,STR-005,SKU-0034,28,28,2024-11-11,2024-11-14,110.0,Frozen
BAT-002169,STR-005,SKU-0123,13,13,2024-11-11,2024-11-14,356.0,Produce Rack
BAT-002336,STR-006,SKU-0029,32,32,2024-11-11,2024-11-15,109.5,Refrigerated
BAT-002500,STR-006,SKU-0084,103,103,2024-11-11,2025-05-01,57.0,Checkout Display
BAT-002575,STR-006,SKU-0109,33,33,2024-11-11,2026-03-23,111.0,Aisle-B
BAT-002694,STR-006,SKU-0148,85,85,2024-11-11,2024-12-30,113.0,Checkout Display
BAT-002697,STR-006,SKU-0149,71,71,2024-11-11,2025-11-01,116.5,Aisle-A
BAT-000062,STR-001,SKU-0021,15,15,2024-11-12,2024-11-17,120.0,Frozen
BAT-000255,STR-001,SKU-0085,10,10,2024-11-12,2025-05-09,71.0,Bulk Bins
BAT-000267,STR-001,SKU-0089,13,13,2024-11-12,2025-01-24,74.0,Produce Rack
BAT-000524,STR-002,SKU-0025,45,45,2024-11-12,2024-11-14,80.0,Bulk Bins
BAT-000768,STR-002,SKU-0106,24,24,2024-11-12,2026-03-17,192.0,Aisle-A
BAT-000944,STR-003,SKU-0015,51,51,2024-11-12,2024-11-17,98.5,Aisle-B
BAT-001127,STR-003,SKU-0076,22,22,2024-11-12,2024-12-25,138.0,Refrigerated
BAT-001317,STR-003,SKU-0139,30,30,2024-11-12,2025-01-04,79.0,Checkout Display
BAT-001333,STR-003,SKU-0145,51,51,2024-11-12,2024-11-16,123.5,Checkout Display
BAT-001736,STR-004,SKU-0129,47,47,2024-11-12,2024-11-24,149.0,Aisle-B
BAT-001880,STR-005,SKU-0027,14,14,2024-11-12,2024-11-14,52.5,Frozen
BAT-001886,STR-005,SKU-0029,24,24,2024-11-12,2024-11-16,109.5,Checkout Display
BAT-002078,STR-005,SKU-0093,8,8,2024-11-12,2025-04-19,26.5,Bulk Bins
BAT-002182,STR-005,SKU-0128,10,10,2024-11-12,2024-11-13,302.0,Produce Rack
BAT-002307,STR-006,SKU-0019,148,148,2024-11-12,2024-11-16,59.5,Frozen
BAT-002372,STR-006,SKU-0041,41,41,2024-11-12,2024-11-15,84.5,Bulk Bins
BAT-002449,STR-006,SKU-0067,115,115,2024-11-12,2024-12-30,117.5,Frozen
BAT-002525,STR-006,SKU-0092,143,143,2024-11-12,2025-03-03,64.5,Frozen
BAT-002535,STR-006,SKU-0095,69,69,2024-11-12,2025-02-13,62.5,Aisle-B
BAT-002606,STR-006,SKU-0119,49,49,2024-11-12,2024-11-14,574.5,Aisle-A
BAT-002609,STR-006,SKU-0120,94,94,2024-11-12,2024-11-14,545.0,Checkout Display
BAT-002619,STR-006,SKU-0123,38,38,2024-11-12,2024-11-15,356.0,Refrigerated
BAT-002671,STR-006,SKU-0141,99,99,2024-11-12,2025-01-30,115.5,Refrigerated
BAT-000102,STR-001,SKU-0034,27,27,2024-11-13,2024-11-16,110.0,Aisle-A
BAT-000127,STR-001,SKU-0043,13,13,2024-11-13,2024-11-19,76.0,Frozen
BAT-000545,STR-002,SKU-0032,70,70,2024-11-13,2024-11-17,47.5,Refrigerated
BAT-000677,STR-002,SKU-0076,62,62,2024-11-13,2024-12-26,138.0,Bulk Bins
BAT-000789,STR-002,SKU-0113,42,42,2024-11-13,2024-11-14,411.0,Aisle-B
BAT-000860,STR-002,SKU-0137,23,23,2024-11-13,2025-01-16,98.5,Refrigerated
BAT-000894,STR-002,SKU-0148,29,29,2024-11-13,2025-01-01,85.0,Bulk Bins
BAT-000906,STR-003,SKU-0002,24,24,2024-11-13,2024-11-19,76.0,Refrigerated
BAT-000921,STR-003,SKU-0007,78,78,2024-11-13,2024-11-20,68.0,Checkout Display
BAT-001034,STR-003,SKU-0045,44,44,2024-11-13,2024-11-19,79.0,Aisle-B
BAT-001041,STR-003,SKU-0047,48,48,2024-11-13,2024-11-16,176.0,Produce Rack
BAT-001518,STR-004,SKU-0056,71,71,2024-11-13,2025-07-24,156.5,Produce Rack
BAT-001594,STR-004,SKU-0082,35,35,2024-11-13,2025-05-07,38.0,Refrigerated
BAT-001916,STR-005,SKU-0039,18,18,2024-11-13,2024-11-17,90.5,Checkout Display
BAT-002262,STR-006,SKU-0004,136,136,2024-11-13,2024-11-22,115.0,Checkout Display
BAT-002417,STR-006,SKU-0056,103,103,2024-11-13,2025-07-24,117.5,Produce Rack
BAT-000516,STR-002,SKU-0022,25,25,2024-11-14,2024-11-17,109.0,Frozen
BAT-000852,STR-002,SKU-0134,35,35,2024-11-14,2025-01-14,135.5,Bulk Bins
BAT-001006,STR-003,SKU-0036,15,15,2024-11-14,2024-11-20,177.5,Bulk Bins
BAT-001444,STR-004,SKU-0032,21,21,2024-11-14,2024-11-18,47.5,Refrigerated
BAT-001799,STR-004,SKU-0150,79,79,2024-11-14,2024-11-19,75.0,Refrigerated
BAT-001983,STR-005,SKU-0061,14,14,2024-11-14,2025-06-29,90.5,Aisle-A
BAT-001985,STR-005,SKU-0062,6,6,2024-11-14,2025-07-12,144.5,Refrigerated
BAT-002303,STR-006,SKU-0018,144,144,2024-11-14,2024-11-19,71.5,Aisle-A
BAT-000203,STR-001,SKU-0068,9,9,2024-11-15,2025-01-09,150.0,Checkout Display
BAT-000396,STR-001,SKU-0132,19,19,2024-11-15,2025-02-10,118.5,Refrigerated
BAT-000712,STR-002,SKU-0088,18,18,2024-11-15,2025-04-09,54.0,Bulk Bins
BAT-000722,STR-002,SKU-0091,60,60,2024-11-15,2025-02-22,56.0,Aisle-B
BAT-000737,STR-002,SKU-0096,37,37,2024-11-15,2025-01-18,89.0,Refrigerated
BAT-000751,STR-002,SKU-0101,63,63,2024-11-15,2025-07-16,176.0,Checkout Display
BAT-001089,STR-003,SKU-0063,67,67,2024-11-15,2025-07-16,168.0,Produce Rack
BAT-001404,STR-004,SKU-0018,24,24,2024-11-15,2024-11-20,71.5,Checkout Display
BAT-001750,STR-004,SKU-0134,42,42,2024-11-15,2025-01-15,135.5,Frozen
BAT-002015,STR-005,SKU-0072,18,18,2024-11-15,2025-01-10,92.0,Checkout Display
BAT-002165,STR-005,SKU-0122,18,18,2024-11-15,2024-11-18,216.0,Produce Rack
BAT-002240,STR-005,SKU-0147,13,13,2024-11-15,2024-11-17,86.0,Refrigerated
BAT-002399,STR-006,SKU-0050,97,97,2024-11-15,2025-06-02,121.0,Refrigerated
BAT-002693,STR-006,SKU-0148,81,81,2024-11-15,2025-01-03,113.0,Produce Rack
BAT-000419,STR-001,SKU-0140,6,6,2024-11-16,2025-01-18,173.5,Frozen
BAT-000685,STR-002,SKU-0079,43,43,2024-11-16,2025-04-04,91.5,Aisle-A
BAT-001302,STR-003,SKU-0134,71,71,2024-11-16,2025-01-16,135.5,Frozen
BAT-001322,STR-003,SKU-0141,21,21,2024-11-16,2025-02-03,115.5,Refrigerated
BAT-001537,STR-004,SKU-0063,35,35,2024-11-16,2025-07-17,168.0,Frozen
BAT-001699,STR-004,SKU-0117,53,53,2024-11-16,2024-11-17,374.5,Aisle-B
BAT-002090,STR-005,SKU-0097,13,13,2024-11-16,2025-10-22,135.0,Aisle-A
BAT-002148,STR-005,SKU-0116,6,6,2024-11-16,2024-11-19,500.0,Produce Rack
BAT-002334,STR-006,SKU-0028,139,139,2024-11-16,2024-11-19,80.5,Frozen
BAT-002513,STR-006,SKU-0088,62,62,2024-11-16,2025-04-10,54.0,Produce Rack
BAT-002523,STR-006,SKU-0091,54,54,2024-11-16,2025-02-23,56.0,Checkout Display
BAT-002644,STR-006,SKU-0132,40,40,2024-11-16,2025-02-11,77.0,Aisle-A
BAT-000010,STR-001,SKU-0004,20,20,2024-11-17,2024-11-26,115.0,Bulk Bins
BAT-000059,STR-001,SKU-0020,23,23,2024-11-17,2024-11-22,112.0,Bulk Bins
BAT-000106,STR-001,SKU-0036,10,10,2024-11-17,2024-11-23,177.5,Produce Rack
BAT-000305,STR-001,SKU-0102,22,22,2024-11-17,2025-10-30,176.5,Aisle-A
BAT-000339,STR-001,SKU-0113,29,29,2024-11-17,2024-11-18,411.0,Frozen
BAT-000731,STR-002,SKU-0094,18,18,2024-11-17,2025-04-12,53.0,Aisle-B
BAT-000841,STR-002,SKU-0131,57,57,2024-11-17,2025-01-19,160.0,Aisle-B
BAT-001394,STR-004,SKU-0015,57,57,2024-11-17,2024-11-22,98.5,Refrigerated
BAT-001595,STR-004,SKU-0082,37,37,2024-11-17,2025-05-11,38.0,Checkout Display
BAT-001641,STR-004,SKU-0097,27,27,2024-11-17,2025-10-23,135.0,Aisle-B
BAT-001669,STR-004,SKU-0107,60,60,2024-11-17,2025-09-02,147.5,Frozen
BAT-001850,STR-005,SKU-0017,17,17,2024-11-17,2024-11-21,77.0,Checkout Display
BAT-001959,STR-005,SKU-0053,28,28,2024-11-17,2025-06-27,163.5,Aisle-A
BAT-001976,STR-005,SKU-0059,5,5,2024-11-17,2025-10-12,121.0,Aisle-B
BAT-001986,STR-005,SKU-0062,5,5,2024-11-17,2025-07-15,144.5,Refrigerated
BAT-002167,STR-005,SKU-0123,27,27,2024-11-17,2024-11-20,356.0,Frozen
BAT-002370,STR-006,SKU-0040,30,30,2024-11-17,2024-11-24,28.5,Bulk Bins
BAT-002463,STR-006,SKU-0071,54,54,2024-11-17,2025-03-04,128.5,Produce Rack
BAT-002522,STR-006,SKU-0091,88,88,2024-11-17,2025-02-24,56.0,Bulk Bins
BAT-002524,STR-006,SKU-0092,112,112,2024-11-17,2025-03-08,64.5,Refrigerated
BAT-000032,STR-001,SKU-0011,6,6,2024-11-18,2024-11-25,51.0,Bulk Bins
BAT-000585,STR-002,SKU-0045,61,61,2024-11-18,2024-11-24,108.0,Frozen
BAT-000594,STR-002,SKU-0048,77,77,2024-11-18,2024-11-21,152.5,Checkout Display
BAT-001116,STR-003,SKU-0072,48,48,2024-11-18,2025-01-13,92.0,Frozen
BAT-001363,STR-004,SKU-0005,29,29,2024-11-18,2024-11-27,103.0,Bulk Bins
BAT-001475,STR-004,SKU-0042,47,47,2024-11-18,2024-11-23,30.5,Checkout Display
BAT-002065,STR-005,SKU-0089,12,12,2024-11-18,2025-01-30,45.0,Aisle-B
BAT-002273,STR-006,SKU-0008,55,55,2024-11-18,2024-11-28,23.5,Bulk Bins
BAT-002647,STR-006,SKU-0133,136,136,2024-11-18,2025-01-29,64.0,Frozen
BAT-000013,STR-001,SKU-0005,7,7,2024-11-19,2024-11-28,103.0,Frozen
BAT-000391,STR-001,SKU-0131,5,5,2024-11-19,2025-01-21,160.0,Frozen
BAT-000483,STR-002,SKU-0011,21,21,2024-11-19,2024-11-26,51.0,Checkout Display
BAT-000857,STR-002,SKU-0136,17,17,2024-11-19,2025-02-12,167.5,Checkout Display
BAT-000923,STR-003,SKU-0008,30,30,2024-11-19,2024-11-29,37.0,Frozen
BAT-001102,STR-003,SKU-0068,78,78,2024-11-19,2025-01-13,150.0,Aisle-B
BAT-001198,STR-003,SKU-0100,38,38,2024-11-19,2026-04-23,106.0,Refrigerated
BAT-001648,STR-004,SKU-0100,29,29,2024-11-19,2026-04-23,106.0,Aisle-A
BAT-002097,STR-005,SKU-0099,11,11,2024-11-19,2025-05-18,182.0,Checkout Display
BAT-002100,STR-005,SKU-0100,22,22,2024-11-19,2026-04-23,106.0,Aisle-B
BAT-002134,STR-005,SKU-0112,18,18,2024-11-19,2025-06-24,152.0,Checkout Display
BAT-002320,STR-006,SKU-0024,138,138,2024-11-19,2024-11-23,119.5,Frozen
BAT-002484,STR-006,SKU-0078,54,54,2024-11-19,2025-02-24,48.0,Aisle-A
BAT-002663,STR-006,SKU-0138,116,116,2024-11-19,2025-01-01,119.0,Aisle-A
BAT-000026,STR-001,SKU-0009,14,14,2024-11-20,2024-11-26,128.5,Aisle-B
BAT-000250,STR-001,SKU-0084,12,12,2024-11-20,2025-05-10,57.0,Aisle-B
BAT-000428,STR-001,SKU-0143,10,10,2024-11-20,2024-12-31,49.0,Checkout Display
BAT-001195,STR-003,SKU-0099,17,17,2024-11-20,2025-05-19,182.0,Refrigerated
BAT-001466,STR-004,SKU-0039,58,58,2024-11-20,2024-11-24,120.5,Aisle-B
BAT-001610,STR-004,SKU-0087,43,43,2024-11-20,2025-04-23,59.5,Bulk Bins
BAT-001613,STR-004,SKU-0088,77,77,2024-11-20,2025-04-14,54.0,Produce Rack
BAT-001665,STR-004,SKU-0105,51,51,2024-11-20,2025-10-21,198.5,Bulk Bins
BAT-001942,STR-005,SKU-0048,29,29,2024-11-20,2024-11-23,152.5,Aisle-A
BAT-002023,STR-005,SKU-0075,7,7,2024-11-20,2025-04-28,131.0,Checkout Display
BAT-002033,STR-005,SKU-0078,26,26,2024-11-20,2025-02-25,38.0,Checkout Display
BAT-002041,STR-005,SKU-0081,15,15,2024-11-20,2025-02-06,41.5,Aisle-A
BAT-002178,STR-005,SKU-0126,17,17,2024-11-20,2024-11-23,135.0,Checkout Display
BAT-002274,STR-006,SKU-0008,63,63,2024-11-20,2024-11-30,37.0,Bulk Bins
BAT-002592,STR-006,SKU-0114,64,64,2024-11-20,2024-11-21,212.0,Produce Rack
BAT-000691,STR-002,SKU-0081,46,46,2024-11-21,2025-02-07,58.5,Frozen
BAT-001780,STR-004,SKU-0144,48,48,2024-11-21,2024-12-31,129.0,Aisle-B
BAT-002087,STR-005,SKU-0096,11,11,2024-11-21,2025-01-24,89.0,Aisle-B
BAT-002345,STR-006,SKU-0032,124,124,2024-11-21,2024-11-25,47.5,Refrigerated
BAT-002653,STR-006,SKU-0135,39,39,2024-11-21,2024-12-17,108.0,Produce Rack
BAT-000263,STR-001,SKU-0088,30,30,2024-11-22,2025-04-16,54.0,Bulk Bins
BAT-000296,STR-001,SKU-0099,6,6,2024-11-22,2025-05-21,182.0,Refrigerated
BAT-000634,STR-002,SKU-0062,31,31,2024-11-22,2025-07-20,144.5,Refrigerated
BAT-000811,STR-002,SKU-0121,22,22,2024-11-22,2024-11-24,232.5,Frozen
BAT-001209,STR-003,SKU-0103,28,28,2024-11-22,2025-08-27,162.0,Aisle-A
BAT-001286,STR-003,SKU-0129,32,32,2024-11-22,2024-12-04,149.0,Checkout Display
BAT-001316,STR-003,SKU-0139,73,73,2024-11-22,2025-01-14,70.5,Checkout Display
BAT-001481,STR-004,SKU-0044,65,65,2024-11-22,2024-11-29,151.5,Frozen
BAT-001542,STR-004,SKU-0064,63,63,2024-11-22,2025-10-17,116.0,Aisle-A
BAT-001682,STR-004,SKU-0111,66,66,2024-11-22,2025-06-02,89.5,Checkout Display
BAT-001888,STR-005,SKU-0030,10,10,2024-11-22,2024-11-26,58.5,Aisle-A
BAT-002073,STR-005,SKU-0091,25,25,2024-11-22,2025-03-01,56.0,Bulk Bins
BAT-002233,STR-005,SKU-0145,13,13,2024-11-22,2024-11-26,123.5,Frozen
BAT-002487,STR-006,SKU-0079,98,98,2024-11-22,2025-04-10,91.5,Aisle-A
BAT-000069,STR-001,SKU-0023,13,13,2024-11-23,2024-11-25,94.5,Refrigerated
BAT-000489,STR-002,SKU-0013,65,65,2024-11-23,2024-11-29,103.0,Produce Rack
BAT-000614,STR-002,SKU-0055,41,41,2024-11-23,2025-08-29,70.0,Produce Rack
BAT-000776,STR-002,SKU-0109,36,36,2024-11-23,2026-04-04,176.5,Aisle-A
BAT-000820,STR-002,SKU-0124,49,49,2024-11-23,2024-11-25,169.0,Produce Rack
BAT-000873,STR-002,SKU-0141,16,16,2024-11-23,2025-02-10,115.5,Checkout Display
BAT-000915,STR-003,SKU-0005,73,73,2024-11-23,2024-12-02,103.0,Refrigerated
BAT-002229,STR-005,SKU-0143,12,12,2024-11-23,2025-01-03,49.0,Frozen
BAT-000041,STR-001,SKU-0014,25,25,2024-11-24,2024-12-04,129.0,Checkout Display
BAT-000707,STR-002,SKU-0086,72,72,2024-11-24,2025-05-06,88.0,Refrigerated
BAT-000760,STR-002,SKU-0104,46,46,2024-11-24,2025-08-20,139.5,Refrigerated
BAT-001038,STR-003,SKU-0046,35,35,2024-11-24,2024-11-29,140.5,Frozen
BAT-001264,STR-003,SKU-0122,42,42,2024-11-24,2024-11-27,216.0,Produce Rack
BAT-001340,STR-003,SKU-0147,22,22,2024-11-24,2024-11-26,64.5,Checkout Display
BAT-001348,STR-003,SKU-0150,68,68,2024-11-24,2024-11-29,75.0,Refrigerated
BAT-001377,STR-004,SKU-0009,56,56,2024-11-24,2024-11-30,128.5,Refrigerated
BAT-002012,STR-005,SKU-0071,19,19,2024-11-24,2025-03-11,128.5,Refrigerated
BAT-002103,STR-005,SKU-0101,28,28,2024-11-24,2025-07-25,121.5,Checkout Display
BAT-002110,STR-005,SKU-0104,12,12,2024-11-24,2025-08-20,139.5,Frozen
BAT-002131,STR-005,SKU-0111,20,20,2024-11-24,2025-06-04,116.0,Produce Rack
BAT-002332,STR-006,SKU-0028,138,138,2024-11-24,2024-11-27,80.5,Bulk Bins
BAT-002481,STR-006,SKU-0077,104,104,2024-11-24,2025-01-04,128.0,Aisle-A
BAT-002570,STR-006,SKU-0107,135,135,2024-11-24,2025-09-09,147.5,Checkout Display
BAT-000249,STR-001,SKU-0083,15,15,2024-11-25,2025-02-24,60.5,Frozen
BAT-000487,STR-002,SKU-0013,39,39,2024-11-25,2024-12-01,103.0,Aisle-A
BAT-000583,STR-002,SKU-0045,41,41,2024-11-25,2024-12-01,108.0,Checkout Display
BAT-000647,STR-002,SKU-0066,34,34,2024-11-25,2025-03-11,41.0,Produce Rack
BAT-000819,STR-002,SKU-0123,43,43,2024-11-25,2024-11-28,356.0,Checkout Display
BAT-001421,STR-004,SKU-0024,37,37,2024-11-25,2024-11-29,119.5,Aisle-B
BAT-001515,STR-004,SKU-0055,20,20,2024-11-25,2025-08-31,70.0,Refrigerated
BAT-001667,STR-004,SKU-0106,79,79,2024-11-25,2026-03-30,192.0,Frozen
BAT-001670,STR-004,SKU-0107,80,80,2024-11-25,2025-09-10,147.5,Aisle-A
BAT-001928,STR-005,SKU-0043,7,7,2024-11-25,2024-12-01,76.0,Refrigerated
BAT-001945,STR-005,SKU-0049,19,19,2024-11-25,2025-06-28,95.5,Frozen
BAT-002305,STR-006,SKU-0019,51,51,2024-11-25,2024-11-29,59.5,Checkout Display
BAT-002432,STR-006,SKU-0061,30,30,2024-11-25,2025-07-10,139.5,Produce Rack
BAT-002587,STR-006,SKU-0113,81,81,2024-11-25,2024-11-26,411.0,Aisle-B
BAT-002642,STR-006,SKU-0131,36,36,2024-11-25,2025-01-27,160.0,Aisle-A
BAT-002679,STR-006,SKU-0143,58,58,2024-11-25,2025-01-05,49.0,Produce Rack
BAT-000169,STR-001,SKU-0057,18,18,2024-11-26,2025-10-14,150.5,Aisle-B
BAT-000196,STR-001,SKU-0066,29,29,2024-11-26,2025-03-12,41.0,Refrigerated
BAT-000451,STR-002,SKU-0001,24,24,2024-11-26,2024-12-01,39.0,Aisle-A
BAT-000628,STR-002,SKU-0060,69,69,2024-11-26,2025-07-04,164.0,Frozen
BAT-000661,STR-002,SKU-0071,20,20,2024-11-26,2025-03-13,128.5,Bulk Bins
BAT-000924,STR-003,SKU-0008,73,73,2024-11-26,2024-12-06,37.0,Aisle-B
BAT-000968,STR-003,SKU-0023,75,75,2024-11-26,2024-11-28,94.5,Bulk Bins
BAT-001173,STR-003,SKU-0091,58,58,2024-11-26,2025-03-05,56.0,Bulk Bins
BAT-001367,STR-004,SKU-0006,53,53,2024-11-26,2024-12-05,97.0,Refrigerated
BAT-001472,STR-004,SKU-0041,30,30,2024-11-26,2024-11-29,84.5,Aisle-A
BAT-001483,STR-004,SKU-0045,28,28,2024-11-26,2024-12-02,108.0,Checkout Display
BAT-001560,STR-004,SKU-0070,31,31,2024-11-26,2025-03-30,134.5,Aisle-B
BAT-001787,STR-004,SKU-0146,51,51,2024-11-26,2024-11-29,278.0,Aisle-B
BAT-002171,STR-005,SKU-0124,20,20,2024-11-26,2024-11-28,169.0,Bulk Bins
BAT-002186,STR-005,SKU-0129,27,27,2024-11-26,2024-12-08,110.5,Aisle-B
BAT-002382,STR-006,SKU-0044,47,47,2024-11-26,2024-12-03,151.5,Aisle-B
BAT-002608,STR-006,SKU-0120,133,133,2024-11-26,2024-11-28,545.0,Aisle-B
BAT-000136,STR-001,SKU-0046,25,25,2024-11-27,2024-12-02,107.0,Checkout Display
BAT-000837,STR-002,SKU-0129,75,75,2024-11-27,2024-12-09,149.0,Checkout Display
BAT-000964,STR-003,SKU-0022,38,38,2024-11-27,2024-11-30,109.0,Bulk Bins
BAT-001007,STR-003,SKU-0036,70,70,2024-11-27,2024-12-03,177.5,Refrigerated
BAT-001045,STR-003,SKU-0049,67,67,2024-11-27,2025-06-30,129.0,Bulk Bins
BAT-001096,STR-003,SKU-0066,44,44,2024-11-27,2025-03-13,41.0,Frozen
BAT-001247,STR-003,SKU-0116,34,34,2024-11-27,2024-11-30,375.0,Frozen
BAT-001301,STR-003,SKU-0134,40,40,2024-11-27,2025-01-27,135.5,Aisle-A
BAT-001512,STR-004,SKU-0054,23,23,2024-11-27,2025-09-05,98.0,Frozen
BAT-001555,STR-004,SKU-0069,34,34,2024-11-27,2025-01-29,86.0,Aisle-A
BAT-002194,STR-005,SKU-0132,8,8,2024-11-27,2025-02-22,118.5,Bulk Bins
BAT-002323,STR-006,SKU-0025,43,43,2024-11-27,2024-11-29,80.0,Produce Rack
BAT-002325,STR-006,SKU-0025,93,93,2024-11-27,2024-11-29,80.0,Aisle-B
BAT-002565,STR-006,SKU-0105,119,119,2024-11-27,2025-10-28,133.0,Aisle-B
BAT-000130,STR-001,SKU-0044,26,26,2024-11-28,2024-12-05,151.5,Frozen
BAT-000330,STR-001,SKU-0110,8,8,2024-11-28,2025-09-24,214.0,Bulk Bins
BAT-000342,STR-001,SKU-0114,16,16,2024-11-28,2024-11-29,342.0,Produce Rack
BAT-000411,STR-001,SKU-0137,25,25,2024-11-28,2025-01-31,98.5,Aisle-A
BAT-000603,STR-002,SKU-0051,51,51,2024-11-28,2025-06-21,164.0,Frozen
BAT-000823,STR-002,SKU-0125,47,47,2024-11-28,2024-12-01,253.0,Refrigerated
BAT-001031,STR-003,SKU-0044,66,66,2024-11-28,2024-12-05,151.5,Bulk Bins
BAT-001575,STR-004,SKU-0075,56,56,2024-11-28,2025-05-06,131.0,Refrigerated
BAT-002039,STR-005,SKU-0080,6,6,2024-11-28,2025-02-04,143.0,Frozen
BAT-002042,STR-005,SKU-0081,27,27,2024-11-28,2025-02-14,58.5,Aisle-A
BAT-002312,STR-006,SKU-0021,149,149,2024-11-28,2024-12-03,120.0,Produce Rack
BAT-002333,STR-006,SKU-0028,119,119,2024-11-28,2024-12-01,80.5,Bulk Bins
BAT-002360,STR-006,SKU-0037,32,32,2024-11-28,2024-12-02,157.0,Produce Rack
BAT-002544,STR-006,SKU-0098,43,43,2024-11-28,2025-12-10,156.5,Refrigerated
BAT-002684,STR-006,SKU-0145,94,94,2024-11-28,2024-12-02,123.5,Checkout Display
BAT-000055,STR-001,SKU-0019,26,26,2024-11-29,2024-12-03,59.5,Produce Rack
BAT-000119,STR-001,SKU-0040,24,24,2024-11-29,2024-12-06,28.5,Aisle-B
BAT-000204,STR-001,SKU-0068,21,21,2024-11-29,2025-01-23,150.0,Checkout Display
BAT-000461,STR-002,SKU-0004,46,46,2024-11-29,2024-12-08,115.0,Aisle-B
BAT-001551,STR-004,SKU-0067,26,26,2024-11-29,2025-01-16,117.5,Produce Rack
BAT-001592,STR-004,SKU-0081,76,76,2024-11-29,2025-02-15,58.5,Refrigerated
BAT-001911,STR-005,SKU-0037,9,9,2024-11-29,2024-12-03,157.0,Frozen
BAT-002032,STR-005,SKU-0078,21,21,2024-11-29,2025-03-06,48.0,Refrigerated
BAT-002115,STR-005,SKU-0105,23,23,2024-11-29,2025-10-30,139.0,Refrigerated
BAT-002414,STR-006,SKU-0055,69,69,2024-11-29,2025-09-04,70.0,Aisle-A
BAT-002540,STR-006,SKU-0097,84,84,2024-11-29,2025-11-04,135.0,Refrigerated
BAT-002563,STR-006,SKU-0105,79,79,2024-11-29,2025-10-30,147.0,Produce Rack
BAT-000021,STR-001,SKU-0007,8,8,2024-11-30,2024-12-07,92.0,Refrigerated
BAT-000469,STR-002,SKU-0007,55,55,2024-11-30,2024-12-07,92.0,Bulk Bins
BAT-000884,STR-002,SKU-0145,73,73,2024-11-30,2024-12-04,123.5,Refrigerated
BAT-001024,STR-003,SKU-0042,23,23,2024-11-30,2024-12-05,30.5,Aisle-B
BAT-001172,STR-003,SKU-0091,26,26,2024-11-30,2025-03-09,56.0,Frozen
BAT-001237,STR-003,SKU-0113,47,47,2024-11-30,2024-12-01,411.0,Aisle-A
BAT-001295,STR-003,SKU-0132,44,44,2024-11-30,2025-02-25,118.5,Aisle-A
BAT-002212,STR-005,SKU-0138,21,21,2024-11-30,2025-01-12,119.0,Aisle-A
BAT-002213,STR-005,SKU-0138,5,5,2024-11-30,2025-01-12,119.0,Aisle-A
BAT-000258,STR-001,SKU-0086,19,19,2024-12-01,2025-05-13,88.0,Bulk Bins
BAT-000611,STR-002,SKU-0054,41,41,2024-12-01,2025-09-09,98.0,Produce Rack
BAT-000757,STR-002,SKU-0103,59,59,2024-12-01,2025-09-05,162.0,Aisle-B
BAT-000773,STR-002,SKU-0108,27,27,2024-12-01,2025-08-24,152.5,Bulk Bins
BAT-001431,STR-004,SKU-0027,79,79,2024-12-01,2024-12-03,52.5,Produce Rack
BAT-001528,STR-004,SKU-0060,39,39,2024-12-01,2025-07-09,116.5,Aisle-A
BAT-001747,STR-004,SKU-0133,30,30,2024-12-01,2025-02-11,82.0,Refrigerated
BAT-001749,STR-004,SKU-0133,69,69,2024-12-01,2025-02-11,82.0,Aisle-A
BAT-001762,STR-004,SKU-0138,53,53,2024-12-01,2025-01-13,119.0,Aisle-B
BAT-002111,STR-005,SKU-0104,17,17,2024-12-01,2025-08-27,139.5,Frozen
BAT-002381,STR-006,SKU-0044,34,34,2024-12-01,2024-12-08,151.5,Refrigerated
BAT-002505,STR-006,SKU-0085,67,67,2024-12-01,2025-05-28,44.5,Refrigerated
BAT-000087,STR-001,SKU-0029,23,23,2024-12-02,2024-12-06,109.5,Bulk Bins
BAT-000289,STR-001,SKU-0097,28,28,2024-12-02,2025-11-07,135.0,Aisle-A
BAT-000366,STR-001,SKU-0122,11,11,2024-12-02,2024-12-05,216.0,Aisle-A
BAT-000477,STR-002,SKU-0009,43,43,2024-12-02,2024-12-08,128.5,Checkout Display
BAT-000510,STR-002,SKU-0020,39,39,2024-12-02,2024-12-07,112.0,Refrigerated
BAT-000656,STR-002,SKU-0069,78,78,2024-12-02,2025-02-03,86.0,Aisle-B
BAT-000668,STR-002,SKU-0073,22,22,2024-12-02,2025-05-22,135.5,Frozen
BAT-000832,STR-002,SKU-0128,22,22,2024-12-02,2024-12-03,302.0,Bulk Bins
BAT-000907,STR-003,SKU-0003,57,57,2024-12-02,2024-12-07,95.5,Aisle-A
BAT-001020,STR-003,SKU-0040,36,36,2024-12-02,2024-12-09,28.5,Aisle-B
BAT-001082,STR-003,SKU-0061,15,15,2024-12-02,2025-07-17,139.5,Aisle-A
BAT-001103,STR-003,SKU-0068,48,48,2024-12-02,2025-01-26,150.0,Aisle-B
BAT-001400,STR-004,SKU-0017,46,46,2024-12-02,2024-12-06,113.0,Frozen
BAT-002286,STR-006,SKU-0012,150,150,2024-12-02,2024-12-11,95.0,Frozen
BAT-002690,STR-006,SKU-0147,101,101,2024-12-02,2024-12-04,86.0,Aisle-B
BAT-000410,STR-001,SKU-0137,6,6,2024-12-03,2025-02-05,98.5,Produce Rack
BAT-000498,STR-002,SKU-0016,78,78,2024-12-03,2024-12-11,110.5,Checkout Display
BAT-000555,STR-002,SKU-0035,56,56,2024-12-03,2024-12-10,108.0,Bulk Bins
BAT-000578,STR-002,SKU-0043,37,37,2024-12-03,2024-12-09,76.0,Refrigerated
BAT-000680,STR-002,SKU-0077,20,20,2024-12-03,2025-01-13,128.0,Frozen
BAT-001977,STR-005,SKU-0059,27,27,2024-12-03,2025-10-28,121.0,Produce Rack
BAT-001999,STR-005,SKU-0067,22,22,2024-12-03,2025-01-20,117.5,Produce Rack
BAT-002011,STR-005,SKU-0071,26,26,2024-12-03,2025-03-20,128.5,Refrigerated
BAT-002099,STR-005,SKU-0100,6,6,2024-12-03,2026-05-07,106.0,Produce Rack
BAT-002215,STR-005,SKU-0139,24,24,2024-12-03,2025-01-25,67.0,Frozen
BAT-002231,STR-005,SKU-0144,18,18,2024-12-03,2025-01-12,129.0,Aisle-B
BAT-002254,STR-006,SKU-0002,91,91,2024-12-03,2024-12-09,58.0,Checkout Display
BAT-002536,STR-006,SKU-0096,37,37,2024-12-03,2025-02-05,89.0,Refrigerated
BAT-002629,STR-006,SKU-0127,119,119,2024-12-03,2024-12-05,330.0,Aisle-A
BAT-000235,STR-001,SKU-0079,27,27,2024-12-04,2025-04-22,91.5,Frozen
BAT-000441,STR-001,SKU-0147,26,26,2024-12-04,2024-12-06,86.0,Bulk Bins
BAT-000534,STR-002,SKU-0028,24,24,2024-12-04,2024-12-07,50.5,Checkout Display
BAT-000652,STR-002,SKU-0068,51,51,2024-12-04,2025-01-28,150.0,Checkout Display
BAT-000734,STR-002,SKU-0095,45,45,2024-12-04,2025-03-07,62.5,Bulk Bins
BAT-000858,STR-002,SKU-0136,43,43,2024-12-04,2025-02-27,167.5,Refrigerated
BAT-000902,STR-003,SKU-0001,76,76,2024-12-04,2024-12-09,58.0,Checkout Display
BAT-001098,STR-003,SKU-0066,51,51,2024-12-04,2025-03-20,30.0,Bulk Bins
BAT-001104,STR-003,SKU-0068,60,60,2024-12-04,2025-01-28,150.0,Aisle-A
BAT-001179,STR-003,SKU-0093,64,64,2024-12-04,2025-05-11,26.5,Frozen
BAT-001180,STR-003,SKU-0094,19,19,2024-12-04,2025-04-29,53.0,Checkout Display
BAT-001190,STR-003,SKU-0097,35,35,2024-12-04,2025-11-09,135.0,Checkout Display
BAT-001220,STR-003,SKU-0107,37,37,2024-12-04,2025-09-19,147.5,Produce Rack
BAT-001554,STR-004,SKU-0068,46,46,2024-12-04,2025-01-28,150.0,Produce Rack
BAT-001844,STR-005,SKU-0015,21,21,2024-12-04,2024-12-09,98.5,Produce Rack
BAT-001941,STR-005,SKU-0047,8,8,2024-12-04,2024-12-07,176.0,Produce Rack
BAT-002043,STR-005,SKU-0081,11,11,2024-12-04,2025-02-20,58.5,Refrigerated
BAT-002160,STR-005,SKU-0120,21,21,2024-12-04,2024-12-06,545.0,Produce Rack
BAT-002191,STR-005,SKU-0131,16,16,2024-12-04,2025-02-05,160.0,Aisle-B
BAT-002291,STR-006,SKU-0014,77,77,2024-12-04,2024-12-14,129.0,Checkout Display
BAT-002410,STR-006,SKU-0054,116,116,2024-12-04,2025-09-12,98.0,Checkout Display
BAT-002459,STR-006,SKU-0070,65,65,2024-12-04,2025-04-07,134.5,Bulk Bins
BAT-002472,STR-006,SKU-0074,70,70,2024-12-04,2025-03-31,98.5,Aisle-B
BAT-000065,STR-001,SKU-0022,15,15,2024-12-05,2024-12-08,82.0,Bulk Bins
BAT-000113,STR-001,SKU-0038,19,19,2024-12-05,2024-12-10,142.5,Aisle-B
BAT-000154,STR-001,SKU-0052,30,30,2024-12-05,2025-06-06,129.5,Checkout Display
BAT-000241,STR-001,SKU-0081,28,28,2024-12-05,2025-02-21,58.5,Produce Rack
BAT-000264,STR-001,SKU-0088,6,6,2024-12-05,2025-04-29,54.0,Bulk Bins
BAT-000288,STR-001,SKU-0096,28,28,2024-12-05,2025-02-07,67.5,Refrigerated
BAT-001000,STR-003,SKU-0034,27,27,2024-12-05,2024-12-08,110.0,Produce Rack
BAT-001064,STR-003,SKU-0055,48,48,2024-12-05,2025-09-10,70.0,Frozen
BAT-001126,STR-003,SKU-0076,21,21,2024-12-05,2025-01-17,138.0,Checkout Display
BAT-001142,STR-003,SKU-0081,25,25,2024-12-05,2025-02-21,58.5,Frozen
BAT-001178,STR-003,SKU-0093,63,63,2024-12-05,2025-05-12,26.5,Aisle-A
BAT-001485,STR-004,SKU-0045,72,72,2024-12-05,2024-12-11,75.5,Checkout Display
BAT-001535,STR-004,SKU-0062,57,57,2024-12-05,2025-08-02,144.5,Bulk Bins
BAT-001726,STR-004,SKU-0126,80,80,2024-12-05,2024-12-08,208.0,Bulk Bins
BAT-002489,STR-006,SKU-0080,144,144,2024-12-05,2025-02-11,143.0,Bulk Bins
BAT-000109,STR-001,SKU-0037,19,19,2024-12-06,2024-12-10,157.0,Aisle-A
BAT-000172,STR-001,SKU-0058,16,16,2024-12-06,2025-06-18,102.5,Checkout Display
BAT-000761,STR-002,SKU-0104,28,28,2024-12-06,2025-09-01,139.5,Aisle-A
BAT-001130,STR-003,SKU-0077,59,59,2024-12-06,2025-01-16,79.5,Bulk Bins
BAT-001350,STR-003,SKU-0150,23,23,2024-12-06,2024-12-11,75.0,Produce Rack
BAT-000011,STR-001,SKU-0004,15,15,2024-12-07,2024-12-16,115.0,Produce Rack
BAT-000817,STR-002,SKU-0123,26,26,2024-12-07,2024-12-10,356.0,Frozen
BAT-000835,STR-002,SKU-0129,68,68,2024-12-07,2024-12-19,149.0,Checkout Display
BAT-001016,STR-003,SKU-0039,75,75,2024-12-07,2024-12-11,120.5,Aisle-B
BAT-001129,STR-003,SKU-0077,61,61,2024-12-07,2025-01-17,128.0,Produce Rack
BAT-001265,STR-003,SKU-0122,76,76,2024-12-07,2024-12-10,216.0,Aisle-B
BAT-001443,STR-004,SKU-0031,22,22,2024-12-07,2024-12-09,102.5,Produce Rack
BAT-001450,STR-004,SKU-0034,45,45,2024-12-07,2024-12-10,110.0,Bulk Bins
BAT-001484,STR-004,SKU-0045,28,28,2024-12-07,2024-12-13,66.0,Checkout Display
BAT-001598,STR-004,SKU-0083,62,62,2024-12-07,2025-03-08,60.5,Produce Rack
BAT-001782,STR-004,SKU-0144,34,34,2024-12-07,2025-01-16,86.5,Produce Rack
BAT-001891,STR-005,SKU-0031,16,16,2024-12-07,2024-12-09,102.5,Aisle-B
BAT-002010,STR-005,SKU-0070,29,29,2024-12-07,2025-04-10,134.5,Refrigerated
BAT-002126,STR-005,SKU-0109,5,5,2024-12-07,2026-04-18,176.5,Refrigerated
BAT-002503,STR-006,SKU-0085,68,68,2024-12-07,2025-06-03,71.0,Refrigerated
BAT-002621,STR-006,SKU-0124,90,90,2024-12-07,2024-12-09,169.0,Bulk Bins
BAT-000675,STR-002,SKU-0075,24,24,2024-12-08,2025-05-16,131.0,Produce Rack
BAT-000878,STR-002,SKU-0143,40,40,2024-12-08,2025-01-18,49.0,Frozen
BAT-000885,STR-002,SKU-0145,74,74,2024-12-08,2024-12-12,94.0,Bulk Bins
BAT-001047,STR-003,SKU-0049,36,36,2024-12-08,2025-07-11,129.0,Refrigerated
BAT-001164,STR-003,SKU-0088,25,25,2024-12-08,2025-05-02,54.0,Aisle-B
BAT-001201,STR-003,SKU-0101,61,61,2024-12-08,2025-08-08,176.0,Bulk Bins
BAT-001236,STR-003,SKU-0112,61,61,2024-12-08,2025-07-13,152.0,Aisle-B
BAT-001480,STR-004,SKU-0044,37,37,2024-12-08,2024-12-15,151.5,Frozen
BAT-001804,STR-005,SKU-0002,21,21,2024-12-08,2024-12-14,76.0,Aisle-B
BAT-001947,STR-005,SKU-0049,23,23,2024-12-08,2025-07-11,129.0,Frozen
BAT-002088,STR-005,SKU-0096,28,28,2024-12-08,2025-02-10,89.0,Bulk Bins
BAT-002119,STR-005,SKU-0107,25,25,2024-12-08,2025-09-23,115.0,Refrigerated
BAT-002460,STR-006,SKU-0070,119,119,2024-12-08,2025-04-11,134.5,Bulk Bins
BAT-002510,STR-006,SKU-0087,122,122,2024-12-08,2025-05-11,46.5,Refrigerated
BAT-002685,STR-006,SKU-0145,69,69,2024-12-08,2024-12-12,123.5,Bulk Bins
BAT-000057,STR-001,SKU-0019,23,23,2024-12-09,2024-12-13,44.5,Frozen
BAT-000082,STR-001,SKU-0028,5,5,2024-12-09,2024-12-12,80.5,Refrigerated
BAT-000359,STR-001,SKU-0120,19,19,2024-12-09,2024-12-11,545.0,Aisle-A
BAT-000432,STR-001,SKU-0144,15,15,2024-12-09,2025-01-18,129.0,Checkout Display
BAT-000629,STR-002,SKU-0060,56,56,2024-12-09,2025-07-17,164.0,Refrigerated
BAT-000673,STR-002,SKU-0075,30,30,2024-12-09,2025-05-17,131.0,Aisle-A
BAT-000782,STR-002,SKU-0111,22,22,2024-12-09,2025-06-19,116.0,Checkout Display
BAT-001101,STR-003,SKU-0067,38,38,2024-12-09,2025-01-26,117.5,Checkout Display
BAT-001785,STR-004,SKU-0145,51,51,2024-12-09,2024-12-13,123.5,Frozen
BAT-001994,STR-005,SKU-0065,22,22,2024-12-09,2025-03-29,104.0,Checkout Display
BAT-002283,STR-006,SKU-0011,149,149,2024-12-09,2024-12-16,51.0,Bulk Bins
BAT-002444,STR-006,SKU-0065,43,43,2024-12-09,2025-03-29,104.0,Checkout Display
BAT-002504,STR-006,SKU-0085,100,100,2024-12-09,2025-06-05,45.5,Produce Rack
BAT-000408,STR-001,SKU-0136,22,22,2024-12-10,2025-03-05,167.5,Aisle-B
BAT-001122,STR-003,SKU-0074,45,45,2024-12-10,2025-04-06,98.5,Bulk Bins
BAT-001269,STR-003,SKU-0123,21,21,2024-12-10,2024-12-13,356.0,Aisle-A
BAT-001524,STR-004,SKU-0058,72,72,2024-12-10,2025-06-22,102.5,Aisle-B
BAT-001567,STR-004,SKU-0073,41,41,2024-12-10,2025-05-30,135.5,Aisle-A
BAT-002003,STR-005,SKU-0068,24,24,2024-12-10,2025-02-03,150.0,Checkout Display
BAT-002185,STR-005,SKU-0129,9,9,2024-12-10,2024-12-22,149.0,Aisle-B
BAT-002396,STR-006,SKU-0049,48,48,2024-12-10,2025-07-13,129.0,Aisle-B
BAT-000028,STR-001,SKU-0010,6,6,2024-12-11,2024-12-18,75.5,Produce Rack
BAT-000153,STR-001,SKU-0051,9,9,2024-12-11,2025-07-04,164.0,Produce Rack
BAT-000225,STR-001,SKU-0075,23,23,2024-12-11,2025-05-19,91.5,Refrigerated
BAT-000403,STR-001,SKU-0135,14,14,2024-12-11,2025-01-06,80.0,Frozen
BAT-000462,STR-002,SKU-0004,39,39,2024-12-11,2024-12-20,115.0,Checkout Display
BAT-000723,STR-002,SKU-0091,50,50,2024-12-11,2025-03-20,56.0,Aisle-B
BAT-001083,STR-003,SKU-0061,66,66,2024-12-11,2025-07-26,139.5,Frozen
BAT-001087,STR-003,SKU-0063,43,43,2024-12-11,2025-08-11,168.0,Aisle-B
BAT-001187,STR-003,SKU-0096,30,30,2024-12-11,2025-02-13,89.0,Aisle-B
BAT-001234,STR-003,SKU-0112,80,80,2024-12-11,2025-07-16,152.0,Produce Rack
BAT-001279,STR-003,SKU-0127,22,22,2024-12-11,2024-12-13,330.0,Frozen
BAT-001378,STR-004,SKU-0010,55,55,2024-12-11,2024-12-18,75.5,Checkout Display
BAT-002121,STR-005,SKU-0107,12,12,2024-12-11,2025-09-26,90.0,Aisle-A
BAT-002397,STR-006,SKU-0049,31,31,2024-12-11,2025-07-14,103.0,Aisle-B
BAT-000400,STR-001,SKU-0134,22,22,2024-12-12,2025-02-11,135.5,Refrigerated
BAT-000697,STR-002,SKU-0083,26,26,2024-12-12,2025-03-13,39.5,Bulk Bins
BAT-000959,STR-003,SKU-0020,48,48,2024-12-12,2024-12-17,80.5,Refrigerated
BAT-001329,STR-003,SKU-0143,41,41,2024-12-12,2025-01-22,31.0,Checkout Display
BAT-001435,STR-004,SKU-0029,74,74,2024-12-12,2024-12-16,109.5,Produce Rack
BAT-001611,STR-004,SKU-0087,40,40,2024-12-12,2025-05-15,42.0,Frozen
BAT-001687,STR-004,SKU-0113,33,33,2024-12-12,2024-12-13,411.0,Aisle-A
BAT-001741,STR-004,SKU-0131,37,37,2024-12-12,2025-02-13,160.0,Aisle-A
BAT-001754,STR-004,SKU-0135,33,33,2024-12-12,2025-01-07,108.0,Checkout Display
BAT-001969,STR-005,SKU-0057,25,25,2024-12-12,2025-10-30,95.0,Aisle-A
BAT-002022,STR-005,SKU-0074,26,26,2024-12-12,2025-04-08,98.5,Refrigerated
BAT-002308,STR-006,SKU-0020,58,58,2024-12-12,2024-12-17,112.0,Checkout Display
BAT-002471,STR-006,SKU-0074,150,150,2024-12-12,2025-04-08,98.5,Frozen
BAT-002557,STR-006,SKU-0103,48,48,2024-12-12,2025-09-16,129.5,Aisle-B
BAT-000031,STR-001,SKU-0011,20,20,2024-12-13,2024-12-20,51.0,Refrigerated
BAT-000343,STR-001,SKU-0115,7,7,2024-12-13,2024-12-14,311.5,Checkout Display
BAT-000687,STR-002,SKU-0079,54,54,2024-12-13,2025-05-01,91.5,Produce Rack
BAT-001060,STR-003,SKU-0054,67,67,2024-12-13,2025-09-21,98.0,Aisle-A
BAT-001147,STR-003,SKU-0083,71,71,2024-12-13,2025-03-14,60.5,Aisle-B
BAT-001171,STR-003,SKU-0091,49,49,2024-12-13,2025-03-22,38.5,Aisle-A
BAT-001268,STR-003,SKU-0123,40,40,2024-12-13,2024-12-16,356.0,Produce Rack
BAT-001470,STR-004,SKU-0040,47,47,2024-12-13,2024-12-20,28.5,Aisle-A
BAT-001674,STR-004,SKU-0108,73,73,2024-12-13,2025-09-05,215.0,Refrigerated
BAT-001803,STR-005,SKU-0001,13,13,2024-12-13,2024-12-18,58.0,Bulk Bins
BAT-001814,STR-005,SKU-0005,10,10,2024-12-13,2024-12-22,103.0,Checkout Display
BAT-002402,STR-006,SKU-0051,100,100,2024-12-13,2025-07-06,164.0,Aisle-A
BAT-002673,STR-006,SKU-0141,119,119,2024-12-13,2025-03-02,115.5,Bulk Bins
BAT-000063,STR-001,SKU-0021,26,26,2024-12-14,2024-12-19,120.0,Bulk Bins
BAT-000401,STR-001,SKU-0134,27,27,2024-12-14,2025-02-13,135.5,Checkout Display
BAT-000596,STR-002,SKU-0049,32,32,2024-12-14,2025-07-17,129.0,Bulk Bins
BAT-001582,STR-004,SKU-0078,24,24,2024-12-14,2025-03-21,31.5,Checkout Display
BAT-001673,STR-004,SKU-0108,20,20,2024-12-14,2025-09-06,150.5,Frozen
BAT-002474,STR-006,SKU-0075,90,90,2024-12-14,2025-05-22,131.0,Produce Rack
BAT-000029,STR-001,SKU-0010,27,27,2024-12-15,2024-12-22,75.5,Checkout Display
BAT-000421,STR-001,SKU-0141,6,6,2024-12-15,2025-03-04,82.0,Aisle-A
BAT-000541,STR-002,SKU-0031,67,67,2024-12-15,2024-12-17,102.5,Aisle-A
BAT-000861,STR-002,SKU-0137,73,73,2024-12-15,2025-02-17,98.5,Produce Rack
BAT-000920,STR-003,SKU-0007,62,62,2024-12-15,2024-12-22,92.0,Aisle-A
BAT-000937,STR-003,SKU-0013,59,59,2024-12-15,2024-12-21,103.0,Aisle-B
BAT-001160,STR-003,SKU-0087,44,44,2024-12-15,2025-05-18,59.5,Produce Rack
BAT-001272,STR-003,SKU-0124,64,64,2024-12-15,2024-12-17,169.0,Frozen
BAT-001338,STR-003,SKU-0146,75,75,2024-12-15,2024-12-18,205.5,Refrigerated
BAT-001495,STR-004,SKU-0049,40,40,2024-12-15,2025-07-18,129.0,Aisle-A
BAT-001676,STR-004,SKU-0109,69,69,2024-12-15,2026-04-26,176.5,Aisle-A
BAT-002170,STR-005,SKU-0124,26,26,2024-12-15,2024-12-17,169.0,Checkout Display
BAT-002431,STR-006,SKU-0061,68,68,2024-12-15,2025-07-30,139.5,Refrigerated
BAT-002612,STR-006,SKU-0121,76,76,2024-12-15,2024-12-17,232.5,Frozen
BAT-000128,STR-001,SKU-0043,28,28,2024-12-16,2024-12-22,76.0,Bulk Bins
BAT-000752,STR-002,SKU-0101,31,31,2024-12-16,2025-08-16,176.0,Aisle-A
BAT-000775,STR-002,SKU-0109,76,76,2024-12-16,2026-04-27,176.5,Aisle-A
BAT-000844,STR-002,SKU-0132,74,74,2024-12-16,2025-03-13,118.5,Frozen
BAT-000879,STR-002,SKU-0143,35,35,2024-12-16,2025-01-26,34.5,Aisle-B
BAT-000933,STR-003,SKU-0011,72,72,2024-12-16,2024-12-23,51.0,Aisle-B
BAT-000956,STR-003,SKU-0019,72,72,2024-12-16,2024-12-20,59.5,Checkout Display
BAT-001312,STR-003,SKU-0138,21,21,2024-12-16,2025-01-28,119.0,Aisle-B
BAT-001441,STR-004,SKU-0031,52,52,2024-12-16,2024-12-18,102.5,Checkout Display
BAT-001604,STR-004,SKU-0085,75,75,2024-12-16,2025-06-12,71.0,Bulk Bins
BAT-001694,STR-004,SKU-0115,78,78,2024-12-16,2024-12-17,311.5,Refrigerated
BAT-001869,STR-005,SKU-0023,23,23,2024-12-16,2024-12-18,94.5,Frozen
BAT-001919,STR-005,SKU-0040,18,18,2024-12-16,2024-12-23,28.5,Checkout Display
BAT-002055,STR-005,SKU-0085,17,17,2024-12-16,2025-06-12,71.0,Produce Rack
BAT-002216,STR-005,SKU-0139,11,11,2024-12-16,2025-02-07,106.5,Aisle-B
BAT-002277,STR-006,SKU-0009,40,40,2024-12-16,2024-12-22,128.5,Refrigerated
BAT-002377,STR-006,SKU-0043,114,114,2024-12-16,2024-12-22,76.0,Aisle-B
BAT-000039,STR-001,SKU-0013,23,23,2024-12-17,2024-12-23,103.0,Refrigerated
BAT-000112,STR-001,SKU-0038,25,25,2024-12-17,2024-12-22,142.5,Checkout Display
BAT-000590,STR-002,SKU-0047,25,25,2024-12-17,2024-12-20,176.0,Refrigerated
BAT-000992,STR-003,SKU-0031,62,62,2024-12-17,2024-12-19,102.5,Aisle-A
BAT-001159,STR-003,SKU-0087,16,16,2024-12-17,2025-05-20,59.5,Bulk Bins
BAT-001184,STR-003,SKU-0095,40,40,2024-12-17,2025-03-20,62.5,Aisle-A
BAT-001336,STR-003,SKU-0146,56,56,2024-12-17,2024-12-20,278.0,Frozen
BAT-001629,STR-004,SKU-0093,75,75,2024-12-17,2025-05-24,19.5,Refrigerated
BAT-001721,STR-004,SKU-0124,66,66,2024-12-17,2024-12-19,169.0,Produce Rack
BAT-001851,STR-005,SKU-0017,15,15,2024-12-17,2024-12-21,113.0,Frozen
BAT-002141,STR-005,SKU-0114,15,15,2024-12-17,2024-12-18,342.0,Produce Rack
BAT-002164,STR-005,SKU-0122,17,17,2024-12-17,2024-12-20,216.0,Bulk Bins
BAT-002335,STR-006,SKU-0029,134,134,2024-12-17,2024-12-21,109.5,Bulk Bins
BAT-002374,STR-006,SKU-0042,76,76,2024-12-17,2024-12-22,30.5,Aisle-B
BAT-002376,STR-006,SKU-0042,35,35,2024-12-17,2024-12-22,30.5,Produce Rack
BAT-002645,STR-006,SKU-0132,141,141,2024-12-17,2025-03-14,118.5,Bulk Bins
BAT-000027,STR-001,SKU-0009,5,5,2024-12-18,2024-12-24,128.5,Aisle-B
BAT-000137,STR-001,SKU-0046,25,25,2024-12-18,2024-12-23,140.5,Aisle-B
BAT-000352,STR-001,SKU-0118,20,20,2024-12-18,2024-12-21,327.0,Bulk Bins
BAT-000544,STR-002,SKU-0032,49,49,2024-12-18,2024-12-22,47.5,Aisle-A
BAT-000709,STR-002,SKU-0087,20,20,2024-12-18,2025-05-21,59.5,Bulk Bins
BAT-000748,STR-002,SKU-0100,56,56,2024-12-18,2026-05-22,67.0,Frozen
BAT-000802,STR-002,SKU-0118,54,54,2024-12-18,2024-12-21,327.0,Frozen
BAT-000826,STR-002,SKU-0126,65,65,2024-12-18,2024-12-21,208.0,Aisle-A
BAT-001156,STR-003,SKU-0086,16,16,2024-12-18,2025-05-30,67.0,Bulk Bins
BAT-001311,STR-003,SKU-0137,51,51,2024-12-18,2025-02-20,98.5,Frozen
BAT-001399,STR-004,SKU-0017,74,74,2024-12-18,2024-12-22,113.0,Frozen
BAT-001414,STR-004,SKU-0022,70,70,2024-12-18,2024-12-21,109.0,Refrigerated
BAT-001527,STR-004,SKU-0059,59,59,2024-12-18,2025-11-12,121.0,Produce Rack
BAT-001627,STR-004,SKU-0093,53,53,2024-12-18,2025-05-25,26.5,Checkout Display
BAT-001761,STR-004,SKU-0137,26,26,2024-12-18,2025-02-20,98.5,Bulk Bins
BAT-001797,STR-004,SKU-0149,65,65,2024-12-18,2025-12-08,116.5,Aisle-B
BAT-001865,STR-005,SKU-0022,29,29,2024-12-18,2024-12-21,109.0,Frozen
BAT-001932,STR-005,SKU-0044,28,28,2024-12-18,2024-12-25,151.5,Produce Rack
BAT-002024,STR-005,SKU-0075,30,30,2024-12-18,2025-05-26,131.0,Aisle-B
BAT-002203,STR-005,SKU-0135,29,29,2024-12-18,2025-01-13,108.0,Aisle-A
BAT-002232,STR-005,SKU-0144,14,14,2024-12-18,2025-01-27,129.0,Checkout Display
BAT-002263,STR-006,SKU-0005,94,94,2024-12-18,2024-12-27,103.0,Checkout Display
BAT-002342,STR-006,SKU-0031,88,88,2024-12-18,2024-12-20,102.5,Produce Rack
BAT-002486,STR-006,SKU-0079,122,122,2024-12-18,2025-05-06,91.5,Bulk Bins
BAT-002550,STR-006,SKU-0100,109,109,2024-12-18,2026-05-22,106.0,Refrigerated
BAT-000450,STR-001,SKU-0150,28,28,2024-12-19,2024-12-24,49.0,Aisle-A
BAT-000695,STR-002,SKU-0082,28,28,2024-12-19,2025-06-12,38.0,Aisle-B
BAT-001155,STR-003,SKU-0085,61,61,2024-12-19,2025-06-15,71.0,Aisle-B
BAT-001263,STR-003,SKU-0121,72,72,2024-12-19,2024-12-21,232.5,Refrigerated
BAT-001364,STR-004,SKU-0005,55,55,2024-12-19,2024-12-28,103.0,Refrigerated
BAT-001407,STR-004,SKU-0019,66,66,2024-12-19,2024-12-23,37.0,Bulk Bins
BAT-001711,STR-004,SKU-0121,29,29,2024-12-19,2024-12-21,232.5,Aisle-A
BAT-001956,STR-005,SKU-0052,16,16,2024-12-19,2025-06-20,129.5,Frozen
BAT-002247,STR-005,SKU-0149,25,25,2024-12-19,2025-12-09,116.5,Aisle-A
BAT-002415,STR-006,SKU-0055,82,82,2024-12-19,2025-09-24,70.0,Bulk Bins
BAT-002665,STR-006,SKU-0139,94,94,2024-12-19,2025-02-10,106.5,Aisle-A
BAT-000186,STR-001,SKU-0062,15,15,2024-12-20,2025-08-17,144.5,Aisle-B
BAT-000191,STR-001,SKU-0064,28,28,2024-12-20,2025-11-14,116.0,Produce Rack
BAT-000243,STR-001,SKU-0081,25,25,2024-12-20,2025-03-08,58.5,Frozen
BAT-000245,STR-001,SKU-0082,22,22,2024-12-20,2025-06-13,38.0,Bulk Bins
BAT-000436,STR-001,SKU-0146,27,27,2024-12-20,2024-12-23,217.0,Refrigerated
BAT-000670,STR-002,SKU-0074,37,37,2024-12-20,2025-04-16,73.0,Checkout Display
BAT-000859,STR-002,SKU-0137,31,31,2024-12-20,2025-02-22,69.0,Refrigerated
BAT-001182,STR-003,SKU-0094,56,56,2024-12-20,2025-05-15,53.0,Checkout Display
BAT-001710,STR-004,SKU-0120,25,25,2024-12-20,2024-12-22,545.0,Aisle-A
BAT-001738,STR-004,SKU-0130,74,74,2024-12-20,2025-02-13,70.5,Frozen
BAT-001758,STR-004,SKU-0136,61,61,2024-12-20,2025-03-15,167.5,Checkout Display
BAT-001971,STR-005,SKU-0057,22,22,2024-12-20,2025-11-07,150.5,Checkout Display
BAT-002066,STR-005,SKU-0089,23,23,2024-12-20,2025-03-03,74.0,Checkout Display
BAT-002157,STR-005,SKU-0119,23,23,2024-12-20,2024-12-22,574.5,Checkout Display
BAT-002214,STR-005,SKU-0138,12,12,2024-12-20,2025-02-01,119.0,Bulk Bins
BAT-002595,STR-006,SKU-0115,54,54,2024-12-20,2024-12-21,311.5,Checkout Display
BAT-002617,STR-006,SKU-0123,100,100,2024-12-20,2024-12-23,356.0,Bulk Bins
BAT-000207,STR-001,SKU-0069,23,23,2024-12-21,2025-02-22,86.0,Frozen
BAT-000319,STR-001,SKU-0107,25,25,2024-12-21,2025-10-06,147.5,Aisle-A
BAT-000363,STR-001,SKU-0121,11,11,2024-12-21,2024-12-23,232.5,Frozen
BAT-000494,STR-002,SKU-0015,67,67,2024-12-21,2024-12-26,76.0,Checkout Display
BAT-000522,STR-002,SKU-0024,17,17,2024-12-21,2024-12-25,119.5,Produce Rack
BAT-000702,STR-002,SKU-0084,65,65,2024-12-21,2025-06-10,57.0,Checkout Display
BAT-000706,STR-002,SKU-0086,67,67,2024-12-21,2025-06-02,59.0,Bulk Bins
BAT-000851,STR-002,SKU-0134,22,22,2024-12-21,2025-02-20,88.0,Bulk Bins
BAT-000887,STR-002,SKU-0146,69,69,2024-12-21,2024-12-24,278.0,Aisle-A
BAT-000911,STR-003,SKU-0004,30,30,2024-12-21,2024-12-30,115.0,Checkout Display
BAT-000984,STR-003,SKU-0028,17,17,2024-12-21,2024-12-24,80.5,Aisle-A
BAT-001233,STR-003,SKU-0111,17,17,2024-12-21,2025-07-01,116.0,Checkout Display
BAT-001359,STR-004,SKU-0003,17,17,2024-12-21,2024-12-26,95.5,Checkout Display
BAT-001467,STR-004,SKU-0039,16,16,2024-12-21,2024-12-25,120.5,Bulk Bins
BAT-001671,STR-004,SKU-0107,30,30,2024-12-21,2025-10-06,147.5,Produce Rack
BAT-001772,STR-004,SKU-0141,25,25,2024-12-21,2025-03-10,75.0,Checkout Display
BAT-001805,STR-005,SKU-0002,28,28,2024-12-21,2024-12-27,76.0,Bulk Bins
BAT-001921,STR-005,SKU-0041,16,16,2024-12-21,2024-12-24,56.0,Produce Rack
BAT-002052,STR-005,SKU-0084,27,27,2024-12-21,2025-06-10,36.0,Bulk Bins
BAT-002371,STR-006,SKU-0041,45,45,2024-12-21,2024-12-24,61.0,Checkout Display
BAT-002392,STR-006,SKU-0048,130,130,2024-12-21,2024-12-24,152.5,Aisle-A
BAT-002590,STR-006,SKU-0114,113,113,2024-12-21,2024-12-22,342.0,Bulk Bins
BAT-000272,STR-001,SKU-0091,8,8,2024-12-22,2025-03-31,56.0,Checkout Display
BAT-000326,STR-001,SKU-0109,26,26,2024-12-22,2026-05-03,176.5,Aisle-A
BAT-000792,STR-002,SKU-0114,23,23,2024-12-22,2024-12-23,243.0,Produce Rack
BAT-001003,STR-003,SKU-0035,77,77,2024-12-22,2024-12-29,108.0,Produce Rack
BAT-001138,STR-003,SKU-0080,52,52,2024-12-22,2025-02-28,143.0,Produce Rack
BAT-001246,STR-003,SKU-0116,34,34,2024-12-22,2024-12-25,500.0,Checkout Display
BAT-001343,STR-003,SKU-0148,48,48,2024-12-22,2025-02-09,113.0,Produce Rack
BAT-001381,STR-004,SKU-0011,49,49,2024-12-22,2024-12-29,37.5,Refrigerated
BAT-001413,STR-004,SKU-0021,53,53,2024-12-22,2024-12-27,120.0,Checkout Display
BAT-001734,STR-004,SKU-0128,23,23,2024-12-22,2024-12-23,302.0,Bulk Bins
BAT-001753,STR-004,SKU-0135,69,69,2024-12-22,2025-01-17,108.0,Aisle-B
BAT-002009,STR-005,SKU-0070,26,26,2024-12-22,2025-04-25,134.5,Checkout Display
BAT-002321,STR-006,SKU-0024,128,128,2024-12-22,2024-12-26,119.5,Checkout Display
BAT-002655,STR-006,SKU-0135,31,31,2024-12-22,2025-01-17,108.0,Frozen
BAT-000054,STR-001,SKU-0018,24,24,2024-12-23,2024-12-28,71.5,Aisle-A
BAT-000416,STR-001,SKU-0139,14,14,2024-12-23,2025-02-14,106.5,Bulk Bins
BAT-000431,STR-001,SKU-0144,12,12,2024-12-23,2025-02-01,87.5,Frozen
BAT-000490,STR-002,SKU-0014,51,51,2024-12-23,2025-01-02,129.0,Produce Rack
BAT-000616,STR-002,SKU-0056,52,52,2024-12-23,2025-09-02,156.5,Refrigerated
BAT-000620,STR-002,SKU-0057,46,46,2024-12-23,2025-11-10,150.5,Checkout Display
BAT-000745,STR-002,SKU-0099,22,22,2024-12-23,2025-06-21,131.0,Aisle-B
BAT-000805,STR-002,SKU-0119,49,49,2024-12-23,2024-12-25,574.5,Produce Rack
BAT-000971,STR-003,SKU-0024,63,63,2024-12-23,2024-12-27,119.5,Aisle-A
BAT-000975,STR-003,SKU-0025,80,80,2024-12-23,2024-12-25,49.5,Bulk Bins
BAT-001204,STR-003,SKU-0102,23,23,2024-12-23,2025-12-05,176.5,Produce Rack
BAT-001705,STR-004,SKU-0119,22,22,2024-12-23,2024-12-25,350.5,Bulk Bins
BAT-001792,STR-004,SKU-0148,65,65,2024-12-23,2025-02-10,113.0,Checkout Display
BAT-001821,STR-005,SKU-0007,9,9,2024-12-23,2024-12-30,63.5,Checkout Display
BAT-001979,STR-005,SKU-0060,17,17,2024-12-23,2025-07-31,164.0,Frozen
BAT-001988,STR-005,SKU-0063,13,13,2024-12-23,2025-08-23,168.0,Bulk Bins
BAT-002199,STR-005,SKU-0133,10,10,2024-12-23,2025-03-05,60.0,Aisle-A
BAT-002294,STR-006,SKU-0015,32,32,2024-12-23,2024-12-28,98.5,Bulk Bins
BAT-000380,STR-001,SKU-0127,24,24,2024-12-24,2024-12-26,330.0,Frozen
BAT-000625,STR-002,SKU-0059,15,15,2024-12-24,2025-11-18,121.0,Bulk Bins
BAT-000703,STR-002,SKU-0085,55,55,2024-12-24,2025-06-20,71.0,Aisle-B
BAT-000710,STR-002,SKU-0087,33,33,2024-12-24,2025-05-27,38.5,Refrigerated
BAT-000793,STR-002,SKU-0115,50,50,2024-12-24,2024-12-25,311.5,Bulk Bins
BAT-001115,STR-003,SKU-0072,61,61,2024-12-24,2025-02-18,92.0,Refrigerated
BAT-001149,STR-003,SKU-0083,75,75,2024-12-24,2025-03-25,60.5,Bulk Bins
BAT-001541,STR-004,SKU-0064,44,44,2024-12-24,2025-11-18,87.0,Bulk Bins
BAT-001776,STR-004,SKU-0142,51,51,2024-12-24,2025-01-11,132.0,Frozen
BAT-002101,STR-005,SKU-0101,12,12,2024-12-24,2025-08-24,134.0,Bulk Bins
BAT-002511,STR-006,SKU-0087,37,37,2024-12-24,2025-05-27,59.5,Aisle-A
BAT-000152,STR-001,SKU-0051,29,29,2024-12-25,2025-07-18,128.0,Aisle-A
BAT-000176,STR-001,SKU-0059,26,26,2024-12-25,2025-11-19,81.0,Checkout Display
BAT-000246,STR-001,SKU-0082,9,9,2024-12-25,2025-06-18,38.0,Bulk Bins
BAT-000497,STR-002,SKU-0016,44,44,2024-12-25,2025-01-02,110.5,Bulk Bins
BAT-000719,STR-002,SKU-0090,30,30,2024-12-25,2025-03-23,55.0,Aisle-B
BAT-001284,STR-003,SKU-0128,72,72,2024-12-25,2024-12-26,302.0,Aisle-B
BAT-001339,STR-003,SKU-0147,67,67,2024-12-25,2024-12-27,86.0,Checkout Display
BAT-001354,STR-004,SKU-0002,58,58,2024-12-25,2024-12-31,76.0,Frozen
BAT-001360,STR-004,SKU-0004,60,60,2024-12-25,2025-01-03,72.5,Bulk Bins
BAT-001748,STR-004,SKU-0133,64,64,2024-12-25,2025-03-07,82.0,Checkout Display
BAT-002082,STR-005,SKU-0094,30,30,2024-12-25,2025-05-20,53.0,Aisle-B
BAT-002123,STR-005,SKU-0108,13,13,2024-12-25,2025-09-17,215.0,Bulk Bins
BAT-002222,STR-005,SKU-0141,15,15,2024-12-25,2025-03-14,115.5,Produce Rack
BAT-002602,STR-006,SKU-0118,82,82,2024-12-25,2024-12-28,327.0,Produce Rack
BAT-002636,STR-006,SKU-0129,38,38,2024-12-25,2025-01-06,149.0,Produce Rack
BAT-000061,STR-001,SKU-0021,15,15,2024-12-26,2024-12-31,120.0,Bulk Bins
BAT-000085,STR-001,SKU-0029,22,22,2024-12-26,2024-12-30,109.5,Frozen
BAT-000273,STR-001,SKU-0091,30,30,2024-12-26,2025-04-04,34.0,Bulk Bins
BAT-000422,STR-001,SKU-0141,14,14,2024-12-26,2025-03-15,115.5,Checkout Display
BAT-000486,STR-002,SKU-0012,53,53,2024-12-26,2025-01-04,95.0,Aisle-A
BAT-000549,STR-002,SKU-0033,63,63,2024-12-26,2025-01-02,67.0,Refrigerated
BAT-000674,STR-002,SKU-0075,69,69,2024-12-26,2025-06-03,131.0,Aisle-A
BAT-001242,STR-003,SKU-0114,59,59,2024-12-26,2024-12-27,342.0,Frozen
BAT-001276,STR-003,SKU-0126,77,77,2024-12-26,2024-12-29,208.0,Aisle-B
BAT-001357,STR-004,SKU-0003,74,74,2024-12-26,2024-12-31,95.5,Frozen
BAT-001388,STR-004,SKU-0013,40,40,2024-12-26,2025-01-01,103.0,Checkout Display
BAT-001492,STR-004,SKU-0048,53,53,2024-12-26,2024-12-29,152.5,Checkout Display
BAT-001566,STR-004,SKU-0072,19,19,2024-12-26,2025-02-20,92.0,Bulk Bins
BAT-001766,STR-004,SKU-0139,69,69,2024-12-26,2025-02-17,106.5,Bulk Bins
BAT-001795,STR-004,SKU-0149,45,45,2024-12-26,2025-12-16,116.5,Refrigerated
BAT-002077,STR-005,SKU-0093,24,24,2024-12-26,2025-06-02,26.5,Refrigerated
BAT-002593,STR-006,SKU-0115,33,33,2024-12-26,2024-12-27,311.5,Aisle-B
BAT-002669,STR-006,SKU-0140,44,44,2024-12-26,2025-02-27,173.5,Frozen
BAT-002689,STR-006,SKU-0147,51,51,2024-12-26,2024-12-28,86.0,Frozen
BAT-000009,STR-001,SKU-0003,5,5,2024-12-27,2025-01-01,95.5,Refrigerated
BAT-000095,STR-001,SKU-0032,24,24,2024-12-27,2024-12-31,47.5,Checkout Display
BAT-000213,STR-001,SKU-0071,12,12,2024-12-27,2025-04-13,128.5,Aisle-B
BAT-000238,STR-001,SKU-0080,26,26,2024-12-27,2025-03-05,143.0,Bulk Bins
BAT-000382,STR-001,SKU-0128,21,21,2024-12-27,2024-12-28,302.0,Produce Rack
BAT-000427,STR-001,SKU-0143,30,30,2024-12-27,2025-02-06,49.0,Checkout Display
BAT-000499,STR-002,SKU-0017,47,47,2024-12-27,2024-12-31,113.0,Frozen
BAT-000769,STR-002,SKU-0107,76,76,2024-12-27,2025-10-12,147.5,Frozen
BAT-000901,STR-003,SKU-0001,27,27,2024-12-27,2025-01-01,58.0,Checkout Display
BAT-000925,STR-003,SKU-0009,28,28,2024-12-27,2025-01-02,128.5,Aisle-A
BAT-001072,STR-003,SKU-0058,21,21,2024-12-27,2025-07-09,102.5,Checkout Display
BAT-001094,STR-003,SKU-0065,73,73,2024-12-27,2025-04-16,104.0,Produce Rack
BAT-001136,STR-003,SKU-0079,68,68,2024-12-27,2025-05-15,91.5,Produce Rack
BAT-001513,STR-004,SKU-0055,66,66,2024-12-27,2025-10-02,70.0,Checkout Display
BAT-001717,STR-004,SKU-0123,78,78,2024-12-27,2024-12-30,356.0,Bulk Bins
BAT-001968,STR-005,SKU-0056,22,22,2024-12-27,2025-09-06,114.0,Frozen
BAT-002139,STR-005,SKU-0113,12,12,2024-12-27,2024-12-28,411.0,Checkout Display
BAT-002193,STR-005,SKU-0131,11,11,2024-12-27,2025-02-28,160.0,Aisle-A
BAT-002284,STR-006,SKU-0012,107,107,2024-12-27,2025-01-05,95.0,Refrigerated
BAT-002351,STR-006,SKU-0034,105,105,2024-12-27,2024-12-30,110.0,Aisle-B
BAT-002469,STR-006,SKU-0073,84,84,2024-12-27,2025-06-16,135.5,Produce Rack
BAT-000631,STR-002,SKU-0061,21,21,2024-12-28,2025-08-12,102.0,Bulk Bins
BAT-000919,STR-003,SKU-0007,60,60,2024-12-28,2025-01-04,92.0,Bulk Bins
BAT-001099,STR-003,SKU-0067,24,24,2024-12-28,2025-02-14,117.5,Aisle-B
BAT-001494,STR-004,SKU-0048,25,25,2024-12-28,2024-12-31,152.5,Bulk Bins
BAT-001549,STR-004,SKU-0067,43,43,2024-12-28,2025-02-14,117.5,Produce Rack
BAT-001853,STR-005,SKU-0018,30,30,2024-12-28,2025-01-02,71.5,Aisle-B
BAT-002069,STR-005,SKU-0090,14,14,2024-12-28,2025-03-26,79.5,Aisle-A
BAT-002611,STR-006,SKU-0121,87,87,2024-12-28,2024-12-30,232.5,Refrigerated
BAT-002648,STR-006,SKU-0133,126,126,2024-12-28,2025-03-10,82.0,Aisle-B
BAT-000357,STR-001,SKU-0119,17,17,2024-12-29,2024-12-31,385.0,Produce Rack
BAT-000406,STR-001,SKU-0136,19,19,2024-12-29,2025-03-24,167.5,Checkout Display
BAT-000730,STR-002,SKU-0094,79,79,2024-12-29,2025-05-24,53.0,Refrigerated
BAT-000995,STR-003,SKU-0032,42,42,2024-12-29,2025-01-02,47.5,Checkout Display
BAT-001032,STR-003,SKU-0044,77,77,2024-12-29,2025-01-05,151.5,Produce Rack
BAT-001455,STR-004,SKU-0035,21,21,2024-12-29,2025-01-05,108.0,Bulk Bins
BAT-001617,STR-004,SKU-0089,59,59,2024-12-29,2025-03-12,74.0,Frozen
BAT-001708,STR-004,SKU-0120,60,60,2024-12-29,2024-12-31,545.0,Aisle-A
BAT-001879,STR-005,SKU-0027,19,19,2024-12-29,2024-12-31,52.5,Aisle-A
BAT-001881,STR-005,SKU-0027,19,19,2024-12-29,2024-12-31,52.5,Aisle-B
BAT-002127,STR-005,SKU-0109,30,30,2024-12-29,2026-05-10,176.5,Frozen
BAT-002163,STR-005,SKU-0121,27,27,2024-12-29,2024-12-31,232.5,Bulk Bins
BAT-002266,STR-006,SKU-0006,134,134,2024-12-29,2025-01-07,73.0,Checkout Display
BAT-002423,STR-006,SKU-0058,61,61,2024-12-29,2025-07-11,102.5,Checkout Display
BAT-000216,STR-001,SKU-0072,28,28,2024-12-30,2025-02-24,92.0,Checkout Display
BAT-000615,STR-002,SKU-0055,50,50,2024-12-30,2025-10-05,70.0,Aisle-B
BAT-000825,STR-002,SKU-0125,73,73,2024-12-30,2025-01-02,253.0,Frozen
BAT-001259,STR-003,SKU-0120,71,71,2024-12-30,2025-01-01,545.0,Frozen
BAT-001330,STR-003,SKU-0144,19,19,2024-12-30,2025-02-08,78.5,Produce Rack
BAT-001349,STR-003,SKU-0150,42,42,2024-12-30,2025-01-04,48.0,Refrigerated
BAT-001397,STR-004,SKU-0016,31,31,2024-12-30,2025-01-07,110.5,Frozen
BAT-001650,STR-004,SKU-0100,54,54,2024-12-30,2026-06-03,106.0,Aisle-B
BAT-001939,STR-005,SKU-0047,14,14,2024-12-30,2025-01-02,176.0,Bulk Bins
BAT-002251,STR-006,SKU-0001,95,95,2024-12-30,2025-01-04,58.0,Checkout Display
BAT-002649,STR-006,SKU-0133,150,150,2024-12-30,2025-03-12,82.0,Frozen
BAT-000178,STR-001,SKU-0060,8,8,2024-12-31,2025-08-08,164.0,Aisle-B
BAT-000205,STR-001,SKU-0069,7,7,2024-12-31,2025-03-04,86.0,Checkout Display
BAT-000283,STR-001,SKU-0095,12,12,2024-12-31,2025-04-03,62.5,Aisle-B
BAT-000309,STR-001,SKU-0103,24,24,2024-12-31,2025-10-05,162.0,Refrigerated
BAT-000501,STR-002,SKU-0017,36,36,2024-12-31,2025-01-04,80.0,Aisle-B
BAT-000511,STR-002,SKU-0021,49,49,2024-12-31,2025-01-05,120.0,Aisle-A
BAT-000566,STR-002,SKU-0039,36,36,2024-12-31,2025-01-04,120.5,Aisle-A
BAT-000842,STR-002,SKU-0131,43,43,2024-12-31,2025-03-04,160.0,Refrigerated
BAT-000940,STR-003,SKU-0014,76,76,2024-12-31,2025-01-10,129.0,Checkout Display
BAT-001097,STR-003,SKU-0066,16,16,2024-12-31,2025-04-16,41.0,Refrigerated
BAT-001133,STR-003,SKU-0078,56,56,2024-12-31,2025-04-07,48.0,Frozen
BAT-001344,STR-003,SKU-0148,31,31,2024-12-31,2025-02-18,113.0,Frozen
BAT-001848,STR-005,SKU-0016,13,13,2024-12-31,2025-01-08,110.5,Bulk Bins
BAT-001895,STR-005,SKU-0032,29,29,2024-12-31,2025-01-04,37.0,Refrigerated
BAT-002379,STR-006,SKU-0043,107,107,2024-12-31,2025-01-06,76.0,Aisle-B
BAT-002437,STR-006,SKU-0063,43,43,2024-12-31,2025-08-31,131.0,Aisle-B
BAT-002620,STR-006,SKU-0124,41,41,2024-12-31,2025-01-02,125.0,Frozen
BAT-000104,STR-001,SKU-0035,16,16,2025-01-01,2025-01-08,108.0,Aisle-B
BAT-000147,STR-001,SKU-0049,6,6,2025-01-01,2025-08-04,129.0,Aisle-B
BAT-000299,STR-001,SKU-0100,29,29,2025-01-01,2026-06-05,77.5,Refrigerated
BAT-000627,STR-002,SKU-0059,23,23,2025-01-01,2025-11-26,121.0,Frozen
BAT-000729,STR-002,SKU-0093,76,76,2025-01-01,2025-06-08,26.5,Frozen
BAT-000733,STR-002,SKU-0095,44,44,2025-01-01,2025-04-04,62.5,Aisle-A
BAT-000838,STR-002,SKU-0130,79,79,2025-01-01,2025-02-25,70.5,Aisle-B
BAT-000864,STR-002,SKU-0138,39,39,2025-01-01,2025-02-13,119.0,Bulk Bins
BAT-000897,STR-002,SKU-0149,18,18,2025-01-01,2025-12-22,116.5,Bulk Bins
BAT-000987,STR-003,SKU-0029,79,79,2025-01-01,2025-01-05,83.0,Refrigerated
BAT-001023,STR-003,SKU-0041,20,20,2025-01-01,2025-01-04,84.5,Frozen
BAT-001222,STR-003,SKU-0108,73,73,2025-01-01,2025-09-24,215.0,Frozen
BAT-001296,STR-003,SKU-0132,25,25,2025-01-01,2025-03-29,118.5,Frozen
BAT-001546,STR-004,SKU-0066,49,49,2025-01-01,2025-04-17,41.0,Aisle-B
BAT-002067,STR-005,SKU-0089,14,14,2025-01-01,2025-03-15,74.0,Produce Rack
BAT-002446,STR-006,SKU-0066,143,143,2025-01-01,2025-04-17,41.0,Aisle-B
BAT-002512,STR-006,SKU-0088,58,58,2025-01-01,2025-05-26,54.0,Refrigerated
BAT-002545,STR-006,SKU-0099,39,39,2025-01-01,2025-06-30,182.0,Aisle-A
BAT-002601,STR-006,SKU-0117,46,46,2025-01-01,2025-01-02,374.5,Aisle-A
BAT-000158,STR-001,SKU-0053,21,21,2025-01-02,2025-08-12,163.5,Frozen
BAT-000248,STR-001,SKU-0083,5,5,2025-01-02,2025-04-03,60.5,Aisle-B
BAT-000332,STR-001,SKU-0111,22,22,2025-01-02,2025-07-13,116.0,Frozen
BAT-000372,STR-001,SKU-0124,22,22,2025-01-02,2025-01-04,169.0,Frozen
BAT-000443,STR-001,SKU-0148,7,7,2025-01-02,2025-02-20,113.0,Aisle-A
BAT-000536,STR-002,SKU-0029,28,28,2025-01-02,2025-01-06,86.5,Frozen
BAT-000537,STR-002,SKU-0029,49,49,2025-01-02,2025-01-06,68.0,Frozen
BAT-000565,STR-002,SKU-0039,25,25,2025-01-02,2025-01-06,78.5,Checkout Display
BAT-000658,STR-002,SKU-0070,55,55,2025-01-02,2025-05-06,103.5,Produce Rack
BAT-000676,STR-002,SKU-0076,22,22,2025-01-02,2025-02-14,138.0,Produce Rack
BAT-001026,STR-003,SKU-0042,64,64,2025-01-02,2025-01-07,30.5,Frozen
BAT-001140,STR-003,SKU-0080,72,72,2025-01-02,2025-03-11,143.0,Aisle-B
BAT-001215,STR-003,SKU-0105,68,68,2025-01-02,2025-12-03,198.5,Bulk Bins
BAT-001318,STR-003,SKU-0140,25,25,2025-01-02,2025-03-06,173.5,Frozen
BAT-001638,STR-004,SKU-0096,68,68,2025-01-02,2025-03-07,89.0,Refrigerated
BAT-002038,STR-005,SKU-0080,21,21,2025-01-02,2025-03-11,143.0,Checkout Display
BAT-002084,STR-005,SKU-0095,5,5,2025-01-02,2025-04-05,38.0,Aisle-A
BAT-002479,STR-006,SKU-0077,125,125,2025-01-02,2025-02-12,128.0,Produce Rack
BAT-002546,STR-006,SKU-0099,148,148,2025-01-02,2025-07-01,182.0,Aisle-A
BAT-002641,STR-006,SKU-0131,131,131,2025-01-02,2025-03-06,160.0,Frozen
BAT-000315,STR-001,SKU-0105,16,16,2025-01-03,2025-12-04,198.5,Produce Rack
BAT-000370,STR-001,SKU-0124,29,29,2025-01-03,2025-01-05,169.0,Aisle-A
BAT-000606,STR-002,SKU-0052,20,20,2025-01-03,2025-07-05,129.5,Frozen
BAT-001017,STR-003,SKU-0039,65,65,2025-01-03,2025-01-07,120.5,Bulk Bins
BAT-001030,STR-003,SKU-0044,24,24,2025-01-03,2025-01-10,151.5,Frozen
BAT-001257,STR-003,SKU-0119,59,59,2025-01-03,2025-01-05,574.5,Refrigerated
BAT-001571,STR-004,SKU-0074,61,61,2025-01-03,2025-04-30,98.5,Produce Rack
BAT-001668,STR-004,SKU-0106,38,38,2025-01-03,2026-05-08,192.0,Aisle-A
BAT-001706,STR-004,SKU-0119,59,59,2025-01-03,2025-01-05,574.5,Produce Rack
BAT-001719,STR-004,SKU-0123,70,70,2025-01-03,2025-01-06,356.0,Checkout Display
BAT-001744,STR-004,SKU-0132,26,26,2025-01-03,2025-03-31,118.5,Bulk Bins
BAT-002427,STR-006,SKU-0059,137,137,2025-01-03,2025-11-28,81.0,Aisle-A
BAT-002476,STR-006,SKU-0076,72,72,2025-01-03,2025-02-15,138.0,Aisle-A
BAT-000018,STR-001,SKU-0006,20,20,2025-01-04,2025-01-13,97.0,Refrigerated
BAT-000317,STR-001,SKU-0106,16,16,2025-01-04,2026-05-09,192.0,Aisle-A
BAT-000437,STR-001,SKU-0146,24,24,2025-01-04,2025-01-07,278.0,Aisle-B
BAT-000482,STR-002,SKU-0011,26,26,2025-01-04,2025-01-11,51.0,Bulk Bins
BAT-000780,STR-002,SKU-0110,38,38,2025-01-04,2025-10-31,214.0,Refrigerated
BAT-000813,STR-002,SKU-0121,74,74,2025-01-04,2025-01-06,232.5,Checkout Display
BAT-001417,STR-004,SKU-0023,21,21,2025-01-04,2025-01-06,67.0,Refrigerated
BAT-001433,STR-004,SKU-0028,29,29,2025-01-04,2025-01-07,80.5,Checkout Display
BAT-001564,STR-004,SKU-0072,74,74,2025-01-04,2025-03-01,92.0,Aisle-A
BAT-001616,STR-004,SKU-0089,64,64,2025-01-04,2025-03-18,74.0,Refrigerated
BAT-001755,STR-004,SKU-0135,54,54,2025-01-04,2025-01-30,85.5,Produce Rack
BAT-001777,STR-004,SKU-0143,38,38,2025-01-04,2025-02-14,49.0,Frozen
BAT-001834,STR-005,SKU-0012,21,21,2025-01-04,2025-01-13,95.0,Frozen
BAT-001837,STR-005,SKU-0013,24,24,2025-01-04,2025-01-10,103.0,Checkout Display
BAT-001953,STR-005,SKU-0051,8,8,2025-01-04,2025-07-28,164.0,Frozen
BAT-002117,STR-005,SKU-0106,30,30,2025-01-04,2026-05-09,192.0,Refrigerated
BAT-002509,STR-006,SKU-0087,71,71,2025-01-04,2025-06-07,44.0,Produce Rack
BAT-002552,STR-006,SKU-0101,149,149,2025-01-04,2025-09-04,176.0,Checkout Display
BAT-002664,STR-006,SKU-0138,134,134,2025-01-04,2025-02-16,119.0,Refrigerated
BAT-000237,STR-001,SKU-0079,14,14,2025-01-05,2025-05-24,91.5,Bulk Bins
BAT-000265,STR-001,SKU-0089,22,22,2025-01-05,2025-03-19,74.0,Checkout Display
BAT-000439,STR-001,SKU-0147,18,18,2025-01-05,2025-01-07,86.0,Frozen
BAT-000512,STR-002,SKU-0021,66,66,2025-01-05,2025-01-10,120.0,Aisle-B
BAT-000592,STR-002,SKU-0048,33,33,2025-01-05,2025-01-08,152.5,Frozen
BAT-000636,STR-002,SKU-0062,36,36,2025-01-05,2025-09-02,105.5,Checkout Display
BAT-000801,STR-002,SKU-0117,17,17,2025-01-05,2025-01-06,374.5,Bulk Bins
BAT-000808,STR-002,SKU-0120,22,22,2025-01-05,2025-01-07,545.0,Aisle-B
BAT-000891,STR-002,SKU-0147,58,58,2025-01-05,2025-01-07,86.0,Frozen
BAT-001119,STR-003,SKU-0073,61,61,2025-01-05,2025-06-25,135.5,Refrigerated
BAT-001161,STR-003,SKU-0087,39,39,2025-01-05,2025-06-08,59.5,Produce Rack
BAT-001366,STR-004,SKU-0006,72,72,2025-01-05,2025-01-14,97.0,Refrigerated
BAT-001577,STR-004,SKU-0076,59,59,2025-01-05,2025-02-17,138.0,Produce Rack
BAT-001600,STR-004,SKU-0084,72,72,2025-01-05,2025-06-25,57.0,Aisle-B
BAT-002098,STR-005,SKU-0100,15,15,2025-01-05,2026-06-09,106.0,Checkout Display
BAT-002107,STR-005,SKU-0103,21,21,2025-01-05,2025-10-10,162.0,Checkout Display
BAT-002113,STR-005,SKU-0105,13,13,2025-01-05,2025-12-06,198.5,Aisle-B
BAT-002245,STR-005,SKU-0149,20,20,2025-01-05,2025-12-26,116.5,Frozen
BAT-000476,STR-002,SKU-0009,38,38,2025-01-06,2025-01-12,128.5,Frozen
BAT-000562,STR-002,SKU-0038,24,24,2025-01-06,2025-01-11,142.5,Produce Rack
BAT-001229,STR-003,SKU-0110,47,47,2025-01-06,2025-11-02,214.0,Frozen
BAT-001520,STR-004,SKU-0057,35,35,2025-01-06,2025-11-24,105.5,Aisle-A
BAT-001623,STR-004,SKU-0091,26,26,2025-01-06,2025-04-15,41.0,Refrigerated
BAT-001698,STR-004,SKU-0116,71,71,2025-01-06,2025-01-09,500.0,Aisle-A
BAT-001704,STR-004,SKU-0118,60,60,2025-01-06,2025-01-09,327.0,Refrigerated
BAT-001715,STR-004,SKU-0122,64,64,2025-01-06,2025-01-09,216.0,Aisle-A
BAT-001962,STR-005,SKU-0054,20,20,2025-01-06,2025-10-15,98.0,Bulk Bins
BAT-002019,STR-005,SKU-0073,24,24,2025-01-06,2025-06-26,135.5,Aisle-B
BAT-002112,STR-005,SKU-0104,23,23,2025-01-06,2025-10-02,139.5,Bulk Bins
BAT-002282,STR-006,SKU-0011,107,107,2025-01-06,2025-01-13,51.0,Bulk Bins
BAT-002287,STR-006,SKU-0013,108,108,2025-01-06,2025-01-12,69.0,Refrigerated
BAT-002355,STR-006,SKU-0035,129,129,2025-01-06,2025-01-13,108.0,Bulk Bins
BAT-002398,STR-006,SKU-0050,43,43,2025-01-06,2025-07-24,121.0,Aisle-A
BAT-000089,STR-001,SKU-0030,17,17,2025-01-07,2025-01-11,58.5,Bulk Bins
BAT-000107,STR-001,SKU-0036,24,24,2025-01-07,2025-01-13,177.5,Frozen
BAT-000262,STR-001,SKU-0088,21,21,2025-01-07,2025-06-01,54.0,Aisle-B
BAT-000533,STR-002,SKU-0028,25,25,2025-01-07,2025-01-10,80.5,Refrigerated
BAT-000950,STR-003,SKU-0017,64,64,2025-01-07,2025-01-11,113.0,Bulk Bins
BAT-000989,STR-003,SKU-0030,65,65,2025-01-07,2025-01-11,58.5,Aisle-A
BAT-001123,STR-003,SKU-0075,40,40,2025-01-07,2025-06-15,103.5,Aisle-B
BAT-001245,STR-003,SKU-0115,21,21,2025-01-07,2025-01-08,311.5,Aisle-A
BAT-001305,STR-003,SKU-0135,55,55,2025-01-07,2025-02-02,108.0,Checkout Display
BAT-001420,STR-004,SKU-0024,66,66,2025-01-07,2025-01-11,119.5,Produce Rack
BAT-001626,STR-004,SKU-0092,52,52,2025-01-07,2025-04-28,64.5,Aisle-A
BAT-001691,STR-004,SKU-0114,56,56,2025-01-07,2025-01-08,342.0,Produce Rack
BAT-002004,STR-005,SKU-0068,16,16,2025-01-07,2025-03-03,150.0,Aisle-B
BAT-002118,STR-005,SKU-0106,5,5,2025-01-07,2026-05-12,192.0,Aisle-B
BAT-002177,STR-005,SKU-0126,15,15,2025-01-07,2025-01-10,208.0,Bulk Bins
BAT-002225,STR-005,SKU-0142,21,21,2025-01-07,2025-01-25,132.0,Frozen
BAT-002264,STR-006,SKU-0005,105,105,2025-01-07,2025-01-16,103.0,Frozen
BAT-002314,STR-006,SKU-0022,113,113,2025-01-07,2025-01-10,109.0,Produce Rack
BAT-002516,STR-006,SKU-0089,113,113,2025-01-07,2025-03-21,74.0,Checkout Display
BAT-002591,STR-006,SKU-0114,51,51,2025-01-07,2025-01-08,229.0,Frozen
BAT-002680,STR-006,SKU-0144,44,44,2025-01-07,2025-02-16,129.0,Frozen
BAT-000114,STR-001,SKU-0038,20,20,2025-01-08,2025-01-13,97.0,Refrigerated
BAT-000271,STR-001,SKU-0091,7,7,2025-01-08,2025-04-17,56.0,Aisle-A
BAT-000650,STR-002,SKU-0067,59,59,2025-01-08,2025-02-25,117.5,Refrigerated
BAT-000762,STR-002,SKU-0104,71,71,2025-01-08,2025-10-04,139.5,Aisle-B
BAT-000855,STR-002,SKU-0135,15,15,2025-01-08,2025-02-03,69.0,Refrigerated
BAT-000972,STR-003,SKU-0024,47,47,2025-01-08,2025-01-12,119.5,Refrigerated
BAT-001219,STR-003,SKU-0107,39,39,2025-01-08,2025-10-24,147.5,Checkout Display
BAT-001401,STR-004,SKU-0017,23,23,2025-01-08,2025-01-12,113.0,Bulk Bins
BAT-001429,STR-004,SKU-0027,60,60,2025-01-08,2025-01-10,52.5,Frozen
BAT-001496,STR-004,SKU-0049,39,39,2025-01-08,2025-08-11,129.0,Frozen
BAT-001570,STR-004,SKU-0074,61,61,2025-01-08,2025-05-05,98.5,Aisle-A
BAT-001793,STR-004,SKU-0148,69,69,2025-01-08,2025-02-26,113.0,Refrigerated
BAT-002150,STR-005,SKU-0117,14,14,2025-01-08,2025-01-09,374.5,Refrigerated
BAT-002249,STR-005,SKU-0150,23,23,2025-01-08,2025-01-13,75.0,Bulk Bins
BAT-002253,STR-006,SKU-0001,148,148,2025-01-08,2025-01-13,58.0,Aisle-B
BAT-002299,STR-006,SKU-0017,67,67,2025-01-08,2025-01-12,113.0,Checkout Display
BAT-002498,STR-006,SKU-0083,101,101,2025-01-08,2025-04-09,60.5,Frozen
BAT-002542,STR-006,SKU-0098,117,117,2025-01-08,2026-01-20,156.5,Bulk Bins
BAT-002558,STR-006,SKU-0103,75,75,2025-01-08,2025-10-13,162.0,Frozen
BAT-002561,STR-006,SKU-0104,83,83,2025-01-08,2025-10-04,139.5,Produce Rack
BAT-000321,STR-001,SKU-0107,22,22,2025-01-09,2025-10-25,110.5,Checkout Display
BAT-000480,STR-002,SKU-0010,46,46,2025-01-09,2025-01-16,75.5,Refrigerated
BAT-000525,STR-002,SKU-0025,57,57,2025-01-09,2025-01-11,80.0,Checkout Display
BAT-000736,STR-002,SKU-0096,60,60,2025-01-09,2025-03-14,89.0,Bulk Bins
BAT-000785,STR-002,SKU-0112,68,68,2025-01-09,2025-08-14,152.0,Checkout Display
BAT-000948,STR-003,SKU-0016,45,45,2025-01-09,2025-01-17,110.5,Bulk Bins
BAT-000983,STR-003,SKU-0028,72,72,2025-01-09,2025-01-12,80.5,Frozen
BAT-001205,STR-003,SKU-0102,39,39,2025-01-09,2025-12-22,176.5,Frozen
BAT-001459,STR-004,SKU-0037,75,75,2025-01-09,2025-01-13,157.0,Produce Rack
BAT-001479,STR-004,SKU-0043,57,57,2025-01-09,2025-01-15,76.0,Refrigerated
BAT-001487,STR-004,SKU-0046,49,49,2025-01-09,2025-01-14,140.5,Refrigerated
BAT-001835,STR-005,SKU-0012,20,20,2025-01-09,2025-01-18,95.0,Produce Rack
BAT-001884,STR-005,SKU-0028,18,18,2025-01-09,2025-01-12,80.5,Checkout Display
BAT-001987,STR-005,SKU-0063,8,8,2025-01-09,2025-09-09,168.0,Frozen
BAT-002155,STR-005,SKU-0119,11,11,2025-01-09,2025-01-11,367.5,Frozen
BAT-002189,STR-005,SKU-0130,27,27,2025-01-09,2025-03-05,70.5,Aisle-A
BAT-002200,STR-005,SKU-0134,11,11,2025-01-09,2025-03-11,135.5,Aisle-A
BAT-002207,STR-005,SKU-0136,26,26,2025-01-09,2025-04-04,167.5,Bulk Bins
BAT-002404,STR-006,SKU-0052,53,53,2025-01-09,2025-07-11,129.5,Checkout Display
BAT-002453,STR-006,SKU-0068,46,46,2025-01-09,2025-03-05,93.0,Aisle-A
BAT-002614,STR-006,SKU-0122,60,60,2025-01-09,2025-01-12,216.0,Produce Rack
BAT-002652,STR-006,SKU-0134,135,135,2025-01-09,2025-03-11,103.0,Produce Rack
BAT-000556,STR-002,SKU-0036,61,61,2025-01-10,2025-01-16,126.0,Produce Rack
BAT-000588,STR-002,SKU-0046,29,29,2025-01-10,2025-01-15,140.5,Bulk Bins
BAT-000621,STR-002,SKU-0057,77,77,2025-01-10,2025-11-28,110.0,Checkout Display
BAT-000991,STR-003,SKU-0031,52,52,2025-01-10,2025-01-12,102.5,Aisle-B
BAT-000994,STR-003,SKU-0032,25,25,2025-01-10,2025-01-14,47.5,Checkout Display
BAT-001249,STR-003,SKU-0117,33,33,2025-01-10,2025-01-11,232.0,Produce Rack
BAT-001281,STR-003,SKU-0127,32,32,2025-01-10,2025-01-12,224.5,Checkout Display
BAT-001488,STR-004,SKU-0046,15,15,2025-01-10,2025-01-15,140.5,Bulk Bins
BAT-002145,STR-005,SKU-0115,7,7,2025-01-10,2025-01-11,311.5,Aisle-B
BAT-002153,STR-005,SKU-0118,10,10,2025-01-10,2025-01-13,327.0,Aisle-B
BAT-002184,STR-005,SKU-0128,10,10,2025-01-10,2025-01-11,226.5,Checkout Display
BAT-002338,STR-006,SKU-0030,80,80,2025-01-10,2025-01-14,44.0,Refrigerated
BAT-002433,STR-006,SKU-0061,57,57,2025-01-10,2025-08-25,139.5,Checkout Display
BAT-002588,STR-006,SKU-0113,53,53,2025-01-10,2025-01-11,411.0,Produce Rack
BAT-000404,STR-001,SKU-0135,16,16,2025-01-11,2025-02-06,108.0,Bulk Bins
BAT-000553,STR-002,SKU-0035,55,55,2025-01-11,2025-01-18,108.0,Checkout Display
BAT-000662,STR-002,SKU-0071,79,79,2025-01-11,2025-04-28,128.5,Checkout Display
BAT-000711,STR-002,SKU-0087,80,80,2025-01-11,2025-06-14,39.5,Bulk Bins
BAT-000787,STR-002,SKU-0113,19,19,2025-01-11,2025-01-12,411.0,Produce Rack
BAT-001019,STR-003,SKU-0040,61,61,2025-01-11,2025-01-18,28.5,Checkout Display
BAT-001066,STR-003,SKU-0056,41,41,2025-01-11,2025-09-21,156.5,Bulk Bins
BAT-001253,STR-003,SKU-0118,40,40,2025-01-11,2025-01-14,327.0,Checkout Display
BAT-001615,STR-004,SKU-0089,33,33,2025-01-11,2025-03-25,74.0,Frozen
BAT-002027,STR-005,SKU-0076,8,8,2025-01-11,2025-02-23,138.0,Produce Rack
BAT-002130,STR-005,SKU-0110,12,12,2025-01-11,2025-11-07,214.0,Checkout Display
BAT-002198,STR-005,SKU-0133,18,18,2025-01-11,2025-03-24,52.5,Refrigerated
BAT-002246,STR-005,SKU-0149,28,28,2025-01-11,2026-01-01,116.5,Frozen
BAT-002260,STR-006,SKU-0004,120,120,2025-01-11,2025-01-20,115.0,Aisle-A
BAT-002267,STR-006,SKU-0006,119,119,2025-01-11,2025-01-20,97.0,Aisle-B
BAT-002448,STR-006,SKU-0066,83,83,2025-01-11,2025-04-27,41.0,Aisle-A
BAT-002520,STR-006,SKU-0090,49,49,2025-01-11,2025-04-09,79.5,Checkout Display
BAT-002635,STR-006,SKU-0129,128,128,2025-01-11,2025-01-23,149.0,Frozen
BAT-002683,STR-006,SKU-0145,30,30,2025-01-11,2025-01-15,123.5,Bulk Bins
BAT-000162,STR-001,SKU-0054,18,18,2025-01-12,2025-10-21,98.0,Frozen
BAT-000212,STR-001,SKU-0071,21,21,2025-01-12,2025-04-29,99.0,Checkout Display
BAT-000371,STR-001,SKU-0124,6,6,2025-01-12,2025-01-14,169.0,Aisle-B
BAT-000430,STR-001,SKU-0144,26,26,2025-01-12,2025-02-21,103.0,Frozen
BAT-000686,STR-002,SKU-0079,23,23,2025-01-12,2025-05-31,91.5,Bulk Bins
BAT-000892,STR-002,SKU-0148,73,73,2025-01-12,2025-03-02,113.0,Frozen
BAT-001224,STR-003,SKU-0108,79,79,2025-01-12,2025-10-05,215.0,Aisle-B
BAT-001829,STR-005,SKU-0010,7,7,2025-01-12,2025-01-19,48.5,Frozen
BAT-002083,STR-005,SKU-0095,10,10,2025-01-12,2025-04-15,62.5,Aisle-A
BAT-002289,STR-006,SKU-0013,122,122,2025-01-12,2025-01-18,103.0,Aisle-B
BAT-002438,STR-006,SKU-0063,75,75,2025-01-12,2025-09-12,116.0,Aisle-B
BAT-002452,STR-006,SKU-0068,94,94,2025-01-12,2025-03-08,150.0,Checkout Display
BAT-002631,STR-006,SKU-0127,139,139,2025-01-12,2025-01-14,224.5,Frozen
BAT-000429,STR-001,SKU-0143,18,18,2025-01-13,2025-02-23,49.0,Aisle-A
BAT-000580,STR-002,SKU-0044,38,38,2025-01-13,2025-01-20,151.5,Checkout Display
BAT-000865,STR-002,SKU-0139,17,17,2025-01-13,2025-03-07,106.5,Checkout Display
BAT-000909,STR-003,SKU-0003,45,45,2025-01-13,2025-01-18,66.0,Produce Rack
BAT-000966,STR-003,SKU-0022,26,26,2025-01-13,2025-01-16,109.0,Aisle-B
BAT-001015,STR-003,SKU-0039,42,42,2025-01-13,2025-01-17,120.5,Produce Rack
BAT-001042,STR-003,SKU-0048,17,17,2025-01-13,2025-01-16,152.5,Checkout Display
BAT-001084,STR-003,SKU-0062,40,40,2025-01-13,2025-09-10,144.5,Checkout Display
BAT-001137,STR-003,SKU-0079,24,24,2025-01-13,2025-06-01,61.5,Refrigerated
BAT-001416,STR-004,SKU-0022,31,31,2025-01-13,2025-01-16,109.0,Aisle-A
BAT-001737,STR-004,SKU-0129,45,45,2025-01-13,2025-01-25,95.5,Aisle-B
BAT-001830,STR-005,SKU-0010,14,14,2025-01-13,2025-01-20,75.5,Checkout Display
BAT-002140,STR-005,SKU-0114,29,29,2025-01-13,2025-01-14,342.0,Produce Rack
BAT-002406,STR-006,SKU-0052,91,91,2025-01-13,2025-07-15,129.5,Refrigerated
BAT-002528,STR-006,SKU-0093,42,42,2025-01-13,2025-06-20,26.5,Aisle-B
BAT-000073,STR-001,SKU-0025,7,7,2025-01-14,2025-01-16,80.0,Bulk Bins
BAT-000414,STR-001,SKU-0138,25,25,2025-01-14,2025-02-26,119.0,Frozen
BAT-000560,STR-002,SKU-0037,78,78,2025-01-14,2025-01-18,103.5,Refrigerated
BAT-000772,STR-002,SKU-0108,48,48,2025-01-14,2025-10-07,215.0,Refrigerated
BAT-000807,STR-002,SKU-0119,77,77,2025-01-14,2025-01-16,574.5,Bulk Bins
BAT-000849,STR-002,SKU-0133,73,73,2025-01-14,2025-03-27,63.0,Aisle-B
BAT-000922,STR-003,SKU-0008,28,28,2025-01-14,2025-01-24,37.0,Aisle-B
BAT-001063,STR-003,SKU-0055,61,61,2025-01-14,2025-10-20,48.5,Produce Rack
BAT-001207,STR-003,SKU-0103,56,56,2025-01-14,2025-10-19,113.5,Aisle-A
BAT-001300,STR-003,SKU-0134,16,16,2025-01-14,2025-03-16,135.5,Frozen
BAT-001751,STR-004,SKU-0134,47,47,2025-01-14,2025-03-16,135.5,Aisle-A
BAT-001912,STR-005,SKU-0038,19,19,2025-01-14,2025-01-19,142.5,Produce Rack
BAT-001967,STR-005,SKU-0056,17,17,2025-01-14,2025-09-24,156.5,Frozen
BAT-002037,STR-005,SKU-0079,13,13,2025-01-14,2025-06-02,64.0,Frozen
BAT-002174,STR-005,SKU-0125,19,19,2025-01-14,2025-01-17,253.0,Aisle-B
BAT-002248,STR-005,SKU-0150,6,6,2025-01-14,2025-01-19,75.0,Aisle-A
BAT-002275,STR-006,SKU-0009,86,86,2025-01-14,2025-01-20,128.5,Produce Rack
BAT-002624,STR-006,SKU-0125,139,139,2025-01-14,2025-01-17,253.0,Checkout Display
BAT-000088,STR-001,SKU-0030,6,6,2025-01-15,2025-01-19,58.5,Frozen
BAT-000170,STR-001,SKU-0057,15,15,2025-01-15,2025-12-03,150.5,Frozen
BAT-000412,STR-001,SKU-0138,15,15,2025-01-15,2025-02-27,119.0,Aisle-A
BAT-000479,STR-002,SKU-0010,68,68,2025-01-15,2025-01-22,75.5,Aisle-B
BAT-000725,STR-002,SKU-0092,76,76,2025-01-15,2025-05-06,42.5,Aisle-B
BAT-000763,STR-002,SKU-0105,78,78,2025-01-15,2025-12-16,198.5,Refrigerated
BAT-000784,STR-002,SKU-0112,44,44,2025-01-15,2025-08-20,152.0,Bulk Bins
BAT-000797,STR-002,SKU-0116,48,48,2025-01-15,2025-01-18,500.0,Frozen
BAT-000899,STR-002,SKU-0150,71,71,2025-01-15,2025-01-20,49.0,Refrigerated
BAT-000934,STR-003,SKU-0012,80,80,2025-01-15,2025-01-24,95.0,Checkout Display
BAT-001291,STR-003,SKU-0131,53,53,2025-01-15,2025-03-19,160.0,Bulk Bins
BAT-001365,STR-004,SKU-0005,26,26,2025-01-15,2025-01-24,103.0,Aisle-B
BAT-001453,STR-004,SKU-0035,64,64,2025-01-15,2025-01-22,108.0,Frozen
BAT-001735,STR-004,SKU-0129,49,49,2025-01-15,2025-01-27,149.0,Checkout Display
BAT-001774,STR-004,SKU-0142,55,55,2025-01-15,2025-02-02,132.0,Bulk Bins
BAT-002056,STR-005,SKU-0086,12,12,2025-01-15,2025-06-27,88.0,Bulk Bins
BAT-002440,STR-006,SKU-0064,45,45,2025-01-15,2025-12-10,116.0,Aisle-A
BAT-002627,STR-006,SKU-0126,94,94,2025-01-15,2025-01-18,208.0,Checkout Display
BAT-002667,STR-006,SKU-0139,82,82,2025-01-15,2025-03-09,106.5,Bulk Bins
BAT-002682,STR-006,SKU-0144,146,146,2025-01-15,2025-02-24,129.0,Checkout Display
BAT-000081,STR-001,SKU-0027,15,15,2025-01-16,2025-01-18,52.5,Produce Rack
BAT-000125,STR-001,SKU-0042,10,10,2025-01-16,2025-01-21,30.5,Bulk Bins
BAT-000171,STR-001,SKU-0057,28,28,2025-01-16,2025-12-04,104.0,Checkout Display
BAT-000385,STR-001,SKU-0129,23,23,2025-01-16,2025-01-28,149.0,Checkout Display
BAT-000622,STR-002,SKU-0058,63,63,2025-01-16,2025-07-29,102.5,Checkout Display
BAT-000683,STR-002,SKU-0078,55,55,2025-01-16,2025-04-23,48.0,Aisle-A
BAT-000941,STR-003,SKU-0014,51,51,2025-01-16,2025-01-26,129.0,Frozen
BAT-001221,STR-003,SKU-0107,28,28,2025-01-16,2025-11-01,147.5,Produce Rack
BAT-001243,STR-003,SKU-0115,30,30,2025-01-16,2025-01-17,311.5,Aisle-B
BAT-001423,STR-004,SKU-0025,34,34,2025-01-16,2025-01-18,80.0,Bulk Bins
BAT-001517,STR-004,SKU-0056,36,36,2025-01-16,2025-09-26,156.5,Produce Rack
BAT-001556,STR-004,SKU-0069,20,20,2025-01-16,2025-03-20,59.5,Bulk Bins
BAT-001619,STR-004,SKU-0090,71,71,2025-01-16,2025-04-14,79.5,Bulk Bins
BAT-001624,STR-004,SKU-0092,37,37,2025-01-16,2025-05-07,64.5,Checkout Display
BAT-001630,STR-004,SKU-0094,37,37,2025-01-16,2025-06-11,53.0,Checkout Display
BAT-001889,STR-005,SKU-0030,20,20,2025-01-16,2025-01-20,58.5,Aisle-B
BAT-001906,STR-005,SKU-0036,29,29,2025-01-16,2025-01-22,177.5,Aisle-B
BAT-001909,STR-005,SKU-0037,16,16,2025-01-16,2025-01-20,157.0,Aisle-B
BAT-001949,STR-005,SKU-0050,10,10,2025-01-16,2025-08-03,76.0,Checkout Display
BAT-002135,STR-005,SKU-0112,11,11,2025-01-16,2025-08-21,152.0,Bulk Bins
BAT-002196,STR-005,SKU-0132,21,21,2025-01-16,2025-04-13,79.5,Produce Rack
BAT-002577,STR-006,SKU-0109,49,49,2025-01-16,2026-05-28,176.5,Frozen
BAT-002686,STR-006,SKU-0146,116,116,2025-01-16,2025-01-19,278.0,Frozen
BAT-000002,STR-001,SKU-0001,20,20,2025-01-17,2025-01-22,46.0,Checkout Display
BAT-000157,STR-001,SKU-0053,21,21,2025-01-17,2025-08-27,99.5,Frozen
BAT-000190,STR-001,SKU-0064,19,19,2025-01-17,2025-12-12,116.0,Refrigerated
BAT-000659,STR-002,SKU-0070,61,61,2025-01-17,2025-05-21,134.5,Aisle-B
BAT-000696,STR-002,SKU-0082,77,77,2025-01-17,2025-07-11,38.0,Aisle-B
BAT-000726,STR-002,SKU-0092,40,40,2025-01-17,2025-05-08,64.5,Bulk Bins
BAT-000843,STR-002,SKU-0131,57,57,2025-01-17,2025-03-21,160.0,Produce Rack
BAT-000932,STR-003,SKU-0011,46,46,2025-01-17,2025-01-24,51.0,Refrigerated
BAT-001788,STR-004,SKU-0146,38,38,2025-01-17,2025-01-20,278.0,Aisle-B
BAT-002064,STR-005,SKU-0088,20,20,2025-01-17,2025-06-11,54.0,Frozen
BAT-002492,STR-006,SKU-0081,97,97,2025-01-17,2025-04-05,58.5,Produce Rack
BAT-002646,STR-006,SKU-0132,97,97,2025-01-17,2025-04-14,118.5,Refrigerated
BAT-002661,STR-006,SKU-0137,119,119,2025-01-17,2025-03-22,98.5,Aisle-B
BAT-000019,STR-001,SKU-0007,28,28,2025-01-18,2025-01-25,92.0,Refrigerated
BAT-000047,STR-001,SKU-0016,8,8,2025-01-18,2025-01-26,110.5,Checkout Display
BAT-000177,STR-001,SKU-0059,28,28,2025-01-18,2025-12-13,80.0,Refrigerated
BAT-000304,STR-001,SKU-0102,7,7,2025-01-18,2025-12-31,176.5,Bulk Bins
BAT-001118,STR-003,SKU-0073,41,41,2025-01-18,2025-07-08,135.5,Bulk Bins
BAT-001620,STR-004,SKU-0090,68,68,2025-01-18,2025-04-16,57.0,Aisle-A
BAT-001739,STR-004,SKU-0130,19,19,2025-01-18,2025-03-14,70.5,Refrigerated
BAT-001836,STR-005,SKU-0012,7,7,2025-01-18,2025-01-27,95.0,Bulk Bins
BAT-001866,STR-005,SKU-0022,5,5,2025-01-18,2025-01-21,85.0,Checkout Display
BAT-002337,STR-006,SKU-0029,116,116,2025-01-18,2025-01-22,109.5,Refrigerated
BAT-002375,STR-006,SKU-0042,150,150,2025-01-18,2025-01-23,30.5,Aisle-B
BAT-002428,STR-006,SKU-0060,93,93,2025-01-18,2025-08-26,164.0,Refrigerated
BAT-002549,STR-006,SKU-0100,49,49,2025-01-18,2026-06-22,106.0,Checkout Display
BAT-002573,STR-006,SKU-0108,77,77,2025-01-18,2025-10-11,133.5,Produce Rack
BAT-002585,STR-006,SKU-0112,149,149,2025-01-18,2025-08-23,152.0,Aisle-A
BAT-000182,STR-001,SKU-0061,22,22,2025-01-19,2025-09-03,139.5,Bulk Bins
BAT-000854,STR-002,SKU-0135,66,66,2025-01-19,2025-02-14,108.0,Frozen
BAT-001304,STR-003,SKU-0135,66,66,2025-01-19,2025-02-14,108.0,Produce Rack
BAT-001386,STR-004,SKU-0012,65,65,2025-01-19,2025-01-28,95.0,Produce Rack
BAT-001477,STR-004,SKU-0043,56,56,2025-01-19,2025-01-25,76.0,Bulk Bins
BAT-001838,STR-005,SKU-0013,7,7,2025-01-19,2025-01-25,69.0,Frozen
BAT-002058,STR-005,SKU-0086,24,24,2025-01-19,2025-07-01,88.0,Refrigerated
BAT-002116,STR-005,SKU-0106,19,19,2025-01-19,2026-05-24,192.0,Frozen
BAT-002443,STR-006,SKU-0065,144,144,2025-01-19,2025-05-09,104.0,Bulk Bins
BAT-002461,STR-006,SKU-0071,55,55,2025-01-19,2025-05-06,128.5,Bulk Bins
BAT-002466,STR-006,SKU-0072,32,32,2025-01-19,2025-03-16,92.0,Aisle-A
BAT-002470,STR-006,SKU-0074,112,112,2025-01-19,2025-05-16,61.0,Refrigerated
BAT-002670,STR-006,SKU-0140,77,77,2025-01-19,2025-03-23,173.5,Produce Rack
BAT-000197,STR-001,SKU-0066,8,8,2025-01-20,2025-05-06,41.0,Checkout Display
BAT-000509,STR-002,SKU-0020,37,37,2025-01-20,2025-01-25,69.5,Aisle-B
BAT-000532,STR-002,SKU-0028,38,38,2025-01-20,2025-01-23,80.5,Checkout Display
BAT-000568,STR-002,SKU-0040,28,28,2025-01-20,2025-01-27,18.5,Produce Rack
BAT-000581,STR-002,SKU-0044,65,65,2025-01-20,2025-01-27,109.0,Aisle-B
BAT-001255,STR-003,SKU-0119,56,56,2025-01-20,2025-01-22,574.5,Produce Rack
BAT-001419,STR-004,SKU-0023,65,65,2025-01-20,2025-01-22,94.5,Checkout Display
BAT-001463,STR-004,SKU-0038,49,49,2025-01-20,2025-01-25,142.5,Refrigerated
BAT-001697,STR-004,SKU-0116,30,30,2025-01-20,2025-01-23,500.0,Refrigerated
BAT-001725,STR-004,SKU-0125,55,55,2025-01-20,2025-01-23,253.0,Frozen
BAT-001832,STR-005,SKU-0011,28,28,2025-01-20,2025-01-27,51.0,Refrigerated
BAT-001871,STR-005,SKU-0024,18,18,2025-01-20,2025-01-24,119.5,Checkout Display
BAT-001893,STR-005,SKU-0031,8,8,2025-01-20,2025-01-22,102.5,Aisle-A
BAT-002008,STR-005,SKU-0070,11,11,2025-01-20,2025-05-24,134.5,Bulk Bins
BAT-002054,STR-005,SKU-0085,7,7,2025-01-20,2025-07-17,43.5,Aisle-A
BAT-002166,STR-005,SKU-0122,19,19,2025-01-20,2025-01-23,216.0,Checkout Display
BAT-002236,STR-005,SKU-0146,29,29,2025-01-20,2025-01-23,278.0,Bulk Bins
BAT-002270,STR-006,SKU-0007,51,51,2025-01-20,2025-01-27,92.0,Aisle-B
BAT-000211,STR-001,SKU-0071,8,8,2025-01-21,2025-05-08,128.5,Produce Rack
BAT-000979,STR-003,SKU-0027,24,24,2025-01-21,2025-01-23,52.5,Aisle-B
BAT-001162,STR-003,SKU-0088,65,65,2025-01-21,2025-06-15,54.0,Checkout Display
BAT-001460,STR-004,SKU-0037,16,16,2025-01-21,2025-01-25,157.0,Bulk Bins
BAT-001633,STR-004,SKU-0095,48,48,2025-01-21,2025-04-24,62.5,Frozen
BAT-001810,STR-005,SKU-0004,8,8,2025-01-21,2025-01-30,115.0,Frozen
BAT-002250,STR-005,SKU-0150,13,13,2025-01-21,2025-01-26,75.0,Bulk Bins
BAT-002315,STR-006,SKU-0022,133,133,2025-01-21,2025-01-24,109.0,Refrigerated
BAT-002521,STR-006,SKU-0091,77,77,2025-01-21,2025-04-30,39.0,Frozen
BAT-002651,STR-006,SKU-0134,75,75,2025-01-21,2025-03-23,135.5,Produce Rack
BAT-000070,STR-001,SKU-0024,27,27,2025-01-22,2025-01-26,119.5,Aisle-A
BAT-000123,STR-001,SKU-0041,6,6,2025-01-22,2025-01-25,84.5,Checkout Display
BAT-000257,STR-001,SKU-0086,6,6,2025-01-22,2025-07-04,88.0,Checkout Display
BAT-000261,STR-001,SKU-0087,19,19,2025-01-22,2025-06-25,59.5,Bulk Bins
BAT-000301,STR-001,SKU-0101,17,17,2025-01-22,2025-09-22,176.0,Aisle-B
BAT-000467,STR-002,SKU-0006,44,44,2025-01-22,2025-01-31,97.0,Bulk Bins
BAT-000550,STR-002,SKU-0034,57,57,2025-01-22,2025-01-25,110.0,Bulk Bins
BAT-000559,STR-002,SKU-0037,52,52,2025-01-22,2025-01-26,157.0,Aisle-A
BAT-000781,STR-002,SKU-0111,74,74,2025-01-22,2025-08-02,116.0,Bulk Bins
BAT-001197,STR-003,SKU-0099,52,52,2025-01-22,2025-07-21,182.0,Frozen
BAT-001498,STR-004,SKU-0050,39,39,2025-01-22,2025-08-09,77.5,Checkout Display
BAT-001763,STR-004,SKU-0138,55,55,2025-01-22,2025-03-06,119.0,Bulk Bins
BAT-001948,STR-005,SKU-0050,27,27,2025-01-22,2025-08-09,121.0,Frozen
BAT-002181,STR-005,SKU-0127,9,9,2025-01-22,2025-01-24,330.0,Refrigerated
BAT-002445,STR-006,SKU-0065,50,50,2025-01-22,2025-05-12,78.0,Aisle-A
BAT-000145,STR-001,SKU-0049,12,12,2025-01-23,2025-08-26,129.0,Aisle-A
BAT-000163,STR-001,SKU-0055,7,7,2025-01-23,2025-10-29,70.0,Refrigerated
BAT-000325,STR-001,SKU-0109,7,7,2025-01-23,2026-06-04,176.5,Bulk Bins
BAT-000446,STR-001,SKU-0149,8,8,2025-01-23,2026-01-13,116.5,Checkout Display
BAT-000601,STR-002,SKU-0051,77,77,2025-01-23,2025-08-16,164.0,Produce Rack
BAT-000953,STR-003,SKU-0018,43,43,2025-01-23,2025-01-28,71.5,Checkout Display
BAT-001586,STR-004,SKU-0079,17,17,2025-01-23,2025-06-11,91.5,Aisle-A
BAT-001606,STR-004,SKU-0086,58,58,2025-01-23,2025-07-05,88.0,Checkout Display
BAT-001651,STR-004,SKU-0101,58,58,2025-01-23,2025-09-23,176.0,Refrigerated
BAT-001978,STR-005,SKU-0060,7,7,2025-01-23,2025-08-31,164.0,Produce Rack
BAT-002021,STR-005,SKU-0074,5,5,2025-01-23,2025-05-20,98.5,Aisle-A
BAT-002053,STR-005,SKU-0085,6,6,2025-01-23,2025-07-20,71.0,Checkout Display
BAT-002187,STR-005,SKU-0129,27,27,2025-01-23,2025-02-04,109.0,Produce Rack
BAT-002296,STR-006,SKU-0016,59,59,2025-01-23,2025-01-31,110.5,Frozen
BAT-002358,STR-006,SKU-0036,77,77,2025-01-23,2025-01-29,110.0,Aisle-A
BAT-002518,STR-006,SKU-0090,58,58,2025-01-23,2025-04-21,79.5,Aisle-B
BAT-002622,STR-006,SKU-0124,113,113,2025-01-23,2025-01-25,169.0,Aisle-A
BAT-000259,STR-001,SKU-0087,12,12,2025-01-24,2025-06-27,59.5,Refrigerated
BAT-000307,STR-001,SKU-0103,24,24,2025-01-24,2025-10-29,162.0,Aisle-B
BAT-000322,STR-001,SKU-0108,11,11,2025-01-24,2025-10-17,215.0,Refrigerated
BAT-000455,STR-002,SKU-0002,63,63,2025-01-24,2025-01-30,76.0,Checkout Display
BAT-000538,STR-002,SKU-0030,80,80,2025-01-24,2025-01-28,58.5,Aisle-A
BAT-000910,STR-003,SKU-0004,26,26,2025-01-24,2025-02-02,115.0,Frozen
BAT-000974,STR-003,SKU-0025,77,77,2025-01-24,2025-01-26,62.5,Aisle-B
BAT-001009,STR-003,SKU-0037,60,60,2025-01-24,2025-01-28,157.0,Frozen
BAT-001021,STR-003,SKU-0041,35,35,2025-01-24,2025-01-27,84.5,Produce Rack
BAT-001044,STR-003,SKU-0048,75,75,2025-01-24,2025-01-27,152.5,Aisle-B
BAT-001134,STR-003,SKU-0078,25,25,2025-01-24,2025-05-01,48.0,Refrigerated
BAT-001230,STR-003,SKU-0110,65,65,2025-01-24,2025-11-20,130.5,Refrigerated
BAT-001248,STR-003,SKU-0116,79,79,2025-01-24,2025-01-27,345.0,Bulk Bins
BAT-001323,STR-003,SKU-0141,51,51,2025-01-24,2025-04-13,115.5,Aisle-A
BAT-001461,STR-004,SKU-0037,63,63,2025-01-24,2025-01-28,157.0,Produce Rack
BAT-001609,STR-004,SKU-0087,60,60,2025-01-24,2025-06-27,36.5,Checkout Display
BAT-001935,STR-005,SKU-0045,14,14,2025-01-24,2025-01-30,108.0,Aisle-A
BAT-001965,STR-005,SKU-0055,9,9,2025-01-24,2025-10-30,70.0,Refrigerated
BAT-002425,STR-006,SKU-0059,51,51,2025-01-24,2025-12-19,121.0,Bulk Bins
BAT-002555,STR-006,SKU-0102,122,122,2025-01-24,2026-01-06,176.5,Frozen
BAT-000269,STR-001,SKU-0090,16,16,2025-01-25,2025-04-23,79.5,Frozen
BAT-000337,STR-001,SKU-0113,19,19,2025-01-25,2025-01-26,411.0,Refrigerated
BAT-000575,STR-002,SKU-0042,55,55,2025-01-25,2025-01-30,18.5,Checkout Display
BAT-000582,STR-002,SKU-0044,69,69,2025-01-25,2025-02-01,151.5,Checkout Display
BAT-000597,STR-002,SKU-0049,21,21,2025-01-25,2025-08-28,129.0,Aisle-A
BAT-000609,STR-002,SKU-0053,48,48,2025-01-25,2025-09-04,163.5,Bulk Bins
BAT-000713,STR-002,SKU-0088,46,46,2025-01-25,2025-06-19,33.5,Bulk Bins
BAT-000918,STR-003,SKU-0006,29,29,2025-01-25,2025-02-03,71.0,Aisle-A
BAT-001120,STR-003,SKU-0074,38,38,2025-01-25,2025-05-22,98.5,Produce Rack
BAT-001315,STR-003,SKU-0139,18,18,2025-01-25,2025-03-19,106.5,Produce Rack
BAT-001501,STR-004,SKU-0051,17,17,2025-01-25,2025-08-18,100.0,Bulk Bins
BAT-002000,STR-005,SKU-0067,6,6,2025-01-25,2025-03-14,81.0,Bulk Bins
BAT-000086,STR-001,SKU-0029,15,15,2025-01-26,2025-01-30,109.5,Checkout Display
BAT-000573,STR-002,SKU-0041,41,41,2025-01-26,2025-01-29,84.5,Refrigerated
BAT-000633,STR-002,SKU-0061,15,15,2025-01-26,2025-09-10,139.5,Frozen
BAT-000688,STR-002,SKU-0080,16,16,2025-01-26,2025-04-04,143.0,Refrigerated
BAT-001048,STR-003,SKU-0050,23,23,2025-01-26,2025-08-13,121.0,Frozen
BAT-001088,STR-003,SKU-0063,66,66,2025-01-26,2025-09-26,168.0,Refrigerated
BAT-001307,STR-003,SKU-0136,20,20,2025-01-26,2025-04-21,167.5,Aisle-B
BAT-001395,STR-004,SKU-0015,77,77,2025-01-26,2025-01-31,69.0,Refrigerated
BAT-001427,STR-004,SKU-0026,69,69,2025-01-26,2025-01-30,100.0,Frozen
BAT-001536,STR-004,SKU-0062,20,20,2025-01-26,2025-09-23,88.0,Produce Rack
BAT-001784,STR-004,SKU-0145,78,78,2025-01-26,2025-01-30,91.5,Aisle-B
BAT-001936,STR-005,SKU-0046,15,15,2025-01-26,2025-01-31,140.5,Bulk Bins
BAT-002035,STR-005,SKU-0079,5,5,2025-01-26,2025-06-14,91.5,Checkout Display
BAT-002093,STR-005,SKU-0098,12,12,2025-01-26,2026-02-07,156.5,Refrigerated
BAT-002241,STR-005,SKU-0147,14,14,2025-01-26,2025-01-28,86.0,Produce Rack
BAT-002502,STR-006,SKU-0084,94,94,2025-01-26,2025-07-16,57.0,Produce Rack
BAT-002583,STR-006,SKU-0111,100,100,2025-01-26,2025-08-06,116.0,Refrigerated
BAT-000003,STR-001,SKU-0001,27,27,2025-01-27,2025-02-01,58.0,Aisle-B
BAT-000210,STR-001,SKU-0070,27,27,2025-01-27,2025-05-31,134.5,Aisle-A
BAT-000548,STR-002,SKU-0033,28,28,2025-01-27,2025-02-03,40.0,Frozen
BAT-000589,STR-002,SKU-0047,37,37,2025-01-27,2025-01-30,176.0,Checkout Display
BAT-000632,STR-002,SKU-0061,17,17,2025-01-27,2025-09-11,107.5,Frozen
BAT-000699,STR-002,SKU-0083,25,25,2025-01-27,2025-04-28,60.5,Produce Rack
BAT-000927,STR-003,SKU-0009,79,79,2025-01-27,2025-02-02,90.0,Produce Rack
BAT-001275,STR-003,SKU-0125,17,17,2025-01-27,2025-01-30,197.5,Refrigerated
BAT-001325,STR-003,SKU-0142,78,78,2025-01-27,2025-02-14,132.0,Produce Rack
BAT-001373,STR-004,SKU-0008,64,64,2025-01-27,2025-02-06,37.0,Produce Rack
BAT-001562,STR-004,SKU-0071,18,18,2025-01-27,2025-05-14,128.5,Frozen
BAT-001857,STR-005,SKU-0019,27,27,2025-01-27,2025-01-31,59.5,Checkout Display
BAT-001898,STR-005,SKU-0033,29,29,2025-01-27,2025-02-03,41.5,Produce Rack
BAT-001950,STR-005,SKU-0050,9,9,2025-01-27,2025-08-14,121.0,Produce Rack
BAT-002324,STR-006,SKU-0025,70,70,2025-01-27,2025-01-29,63.0,Bulk Bins
BAT-002411,STR-006,SKU-0054,53,53,2025-01-27,2025-11-05,98.0,Refrigerated
BAT-000008,STR-001,SKU-0003,23,23,2025-01-28,2025-02-02,95.5,Frozen
BAT-000067,STR-001,SKU-0023,18,18,2025-01-28,2025-01-30,66.0,Produce Rack
BAT-000226,STR-001,SKU-0076,19,19,2025-01-28,2025-03-12,92.5,Refrigerated
BAT-000229,STR-001,SKU-0077,23,23,2025-01-28,2025-03-10,128.0,Bulk Bins
BAT-000293,STR-001,SKU-0098,27,27,2025-01-28,2026-02-09,156.5,Aisle-B
BAT-000570,STR-002,SKU-0040,79,79,2025-01-28,2025-02-04,28.5,Aisle-A
BAT-000690,STR-002,SKU-0080,62,62,2025-01-28,2025-04-06,143.0,Frozen
BAT-000999,STR-003,SKU-0033,24,24,2025-01-28,2025-02-04,67.0,Aisle-A
BAT-001135,STR-003,SKU-0079,33,33,2025-01-28,2025-06-16,91.5,Checkout Display
BAT-001313,STR-003,SKU-0138,72,72,2025-01-28,2025-03-12,83.5,Aisle-B
BAT-001465,STR-004,SKU-0039,45,45,2025-01-28,2025-02-01,120.5,Produce Rack
BAT-001553,STR-004,SKU-0068,50,50,2025-01-28,2025-03-24,103.5,Bulk Bins
BAT-001628,STR-004,SKU-0093,43,43,2025-01-28,2025-07-05,16.0,Refrigerated
BAT-001732,STR-004,SKU-0128,33,33,2025-01-28,2025-01-29,302.0,Checkout Display
BAT-002133,STR-005,SKU-0111,15,15,2025-01-28,2025-08-08,116.0,Refrigerated
BAT-000110,STR-001,SKU-0037,14,14,2025-01-29,2025-02-02,157.0,Aisle-B
BAT-001199,STR-003,SKU-0100,50,50,2025-01-29,2026-07-03,106.0,Produce Rack
BAT-001390,STR-004,SKU-0014,31,31,2025-01-29,2025-02-08,98.0,Checkout Display
BAT-001391,STR-004,SKU-0014,27,27,2025-01-29,2025-02-08,129.0,Checkout Display
BAT-001548,STR-004,SKU-0066,73,73,2025-01-29,2025-05-15,41.0,Bulk Bins
BAT-001800,STR-004,SKU-0150,31,31,2025-01-29,2025-02-03,55.5,Frozen
BAT-002230,STR-005,SKU-0144,14,14,2025-01-29,2025-03-10,129.0,Aisle-B
BAT-002412,STR-006,SKU-0054,94,94,2025-01-29,2025-11-07,98.0,Frozen
BAT-000044,STR-001,SKU-0015,14,14,2025-01-30,2025-02-04,65.0,Refrigerated
BAT-000224,STR-001,SKU-0075,19,19,2025-01-30,2025-07-08,131.0,Bulk Bins
BAT-000260,STR-001,SKU-0087,11,11,2025-01-30,2025-07-03,59.5,Produce Rack
BAT-000274,STR-001,SKU-0092,27,27,2025-01-30,2025-05-21,64.5,Bulk Bins
BAT-000275,STR-001,SKU-0092,19,19,2025-01-30,2025-05-21,64.5,Aisle-A
BAT-000453,STR-002,SKU-0001,19,19,2025-01-30,2025-02-04,58.0,Aisle-B
BAT-000493,STR-002,SKU-0015,55,55,2025-01-30,2025-02-04,98.5,Refrigerated
BAT-000660,STR-002,SKU-0070,24,24,2025-01-30,2025-06-03,82.0,Refrigerated
BAT-000778,STR-002,SKU-0110,77,77,2025-01-30,2025-11-26,214.0,Refrigerated
BAT-001440,STR-004,SKU-0030,57,57,2025-01-30,2025-02-03,58.5,Bulk Bins
BAT-001543,STR-004,SKU-0065,77,77,2025-01-30,2025-05-20,72.0,Aisle-B
BAT-001809,STR-005,SKU-0003,13,13,2025-01-30,2025-02-04,95.5,Frozen
BAT-002235,STR-005,SKU-0145,19,19,2025-01-30,2025-02-03,123.5,Produce Rack
BAT-002243,STR-005,SKU-0148,11,11,2025-01-30,2025-03-20,113.0,Aisle-B
BAT-002442,STR-006,SKU-0064,80,80,2025-01-30,2025-12-25,116.0,Refrigerated
BAT-002579,STR-006,SKU-0110,82,82,2025-01-30,2025-11-26,214.0,Frozen
BAT-000015,STR-001,SKU-0005,25,25,2025-01-31,2025-02-09,103.0,Frozen
BAT-000173,STR-001,SKU-0058,7,7,2025-01-31,2025-08-13,63.5,Frozen
BAT-000298,STR-001,SKU-0100,13,13,2025-01-31,2026-07-05,77.5,Refrigerated
BAT-000515,STR-002,SKU-0022,22,22,2025-01-31,2025-02-03,109.0,Checkout Display
BAT-000574,STR-002,SKU-0042,27,27,2025-01-31,2025-02-05,30.5,Checkout Display
BAT-000777,STR-002,SKU-0109,29,29,2025-01-31,2026-06-12,176.5,Frozen
BAT-000786,STR-002,SKU-0112,45,45,2025-01-31,2025-09-05,152.0,Aisle-A
BAT-000816,STR-002,SKU-0122,59,59,2025-01-31,2025-02-03,216.0,Bulk Bins
BAT-000990,STR-003,SKU-0030,35,35,2025-01-31,2025-02-04,58.5,Aisle-B
BAT-001100,STR-003,SKU-0067,55,55,2025-01-31,2025-03-20,117.5,Produce Rack
BAT-001124,STR-003,SKU-0075,16,16,2025-01-31,2025-07-09,131.0,Frozen
BAT-001128,STR-003,SKU-0076,27,27,2025-01-31,2025-03-15,138.0,Refrigerated
BAT-001189,STR-003,SKU-0097,34,34,2025-01-31,2026-01-06,135.0,Aisle-A
BAT-001355,STR-004,SKU-0002,19,19,2025-01-31,2025-02-06,76.0,Frozen
BAT-001457,STR-004,SKU-0036,53,53,2025-01-31,2025-02-06,177.5,Bulk Bins
BAT-001523,STR-004,SKU-0058,31,31,2025-01-31,2025-08-13,102.5,Checkout Display
BAT-001677,STR-004,SKU-0109,62,62,2025-01-31,2026-06-12,176.5,Checkout Display
BAT-001878,STR-005,SKU-0026,8,8,2025-01-31,2025-02-04,100.0,Checkout Display
BAT-001907,STR-005,SKU-0036,15,15,2025-01-31,2025-02-06,177.5,Aisle-B
BAT-001952,STR-005,SKU-0051,6,6,2025-01-31,2025-08-24,164.0,Produce Rack
BAT-002014,STR-005,SKU-0072,5,5,2025-01-31,2025-03-28,92.0,Checkout Display
BAT-002146,STR-005,SKU-0116,8,8,2025-01-31,2025-02-03,500.0,Frozen
BAT-002309,STR-006,SKU-0020,144,144,2025-01-31,2025-02-05,112.0,Checkout Display
BAT-000033,STR-001,SKU-0011,8,8,2025-02-01,2025-02-08,51.0,Frozen
BAT-000335,STR-001,SKU-0112,21,21,2025-02-01,2025-09-06,152.0,Frozen
BAT-000407,STR-001,SKU-0136,11,11,2025-02-01,2025-04-27,167.5,Produce Rack
BAT-000415,STR-001,SKU-0139,25,25,2025-02-01,2025-03-26,106.5,Refrigerated
BAT-000438,STR-001,SKU-0146,9,9,2025-02-01,2025-02-04,278.0,Produce Rack
BAT-000488,STR-002,SKU-0013,46,46,2025-02-01,2025-02-07,103.0,Checkout Display
BAT-000563,STR-002,SKU-0038,66,66,2025-02-01,2025-02-06,142.5,Bulk Bins
BAT-001059,STR-003,SKU-0053,44,44,2025-02-01,2025-09-11,163.5,Aisle-A
BAT-001396,STR-004,SKU-0016,74,74,2025-02-01,2025-02-09,110.5,Refrigerated
BAT-001558,STR-004,SKU-0070,27,27,2025-02-01,2025-06-05,134.5,Aisle-B
BAT-001607,STR-004,SKU-0086,20,20,2025-02-01,2025-07-14,62.5,Refrigerated
BAT-002045,STR-005,SKU-0082,18,18,2025-02-01,2025-07-26,38.0,Produce Rack
BAT-002361,STR-006,SKU-0037,65,65,2025-02-01,2025-02-05,157.0,Aisle-A
BAT-002420,STR-006,SKU-0057,93,93,2025-02-01,2025-12-20,150.5,Checkout Display
BAT-000024,STR-001,SKU-0008,13,13,2025-02-02,2025-02-12,37.0,Bulk Bins
BAT-000077,STR-001,SKU-0026,20,20,2025-02-02,2025-02-06,100.0,Produce Rack
BAT-000355,STR-001,SKU-0119,19,19,2025-02-02,2025-02-04,574.5,Produce Rack
BAT-000546,STR-002,SKU-0032,24,24,2025-02-02,2025-02-06,47.5,Aisle-B
BAT-000571,STR-002,SKU-0041,28,28,2025-02-02,2025-02-05,84.5,Aisle-A
BAT-000829,STR-002,SKU-0127,23,23,2025-02-02,2025-02-04,330.0,Refrigerated
BAT-000896,STR-002,SKU-0149,71,71,2025-02-02,2026-01-23,116.5,Frozen
BAT-001057,STR-003,SKU-0053,63,63,2025-02-02,2025-09-12,163.5,Bulk Bins
BAT-001491,STR-004,SKU-0047,30,30,2025-02-02,2025-02-05,176.0,Refrigerated
BAT-001863,STR-005,SKU-0021,25,25,2025-02-02,2025-02-07,78.0,Bulk Bins
BAT-002210,STR-005,SKU-0137,7,7,2025-02-02,2025-04-07,98.5,Produce Rack
BAT-002237,STR-005,SKU-0146,5,5,2025-02-02,2025-02-05,278.0,Frozen
BAT-002242,STR-005,SKU-0148,7,7,2025-02-02,2025-03-23,113.0,Checkout Display
BAT-002304,STR-006,SKU-0018,114,114,2025-02-02,2025-02-07,71.5,Aisle-B
BAT-002559,STR-006,SKU-0103,118,118,2025-02-02,2025-11-07,162.0,Produce Rack
BAT-002598,STR-006,SKU-0116,35,35,2025-02-02,2025-02-05,310.0,Refrigerated
BAT-000098,STR-001,SKU-0033,22,22,2025-02-03,2025-02-10,41.0,Checkout Display
BAT-000195,STR-001,SKU-0065,24,24,2025-02-03,2025-05-24,104.0,Refrigerated
BAT-000598,STR-002,SKU-0050,32,32,2025-02-03,2025-08-21,121.0,Frozen
BAT-001001,STR-003,SKU-0034,57,57,2025-02-03,2025-02-06,110.0,Checkout Display
BAT-001240,STR-003,SKU-0114,27,27,2025-02-03,2025-02-04,342.0,Refrigerated
BAT-001646,STR-004,SKU-0099,67,67,2025-02-03,2025-08-02,182.0,Aisle-B
BAT-001742,STR-004,SKU-0131,17,17,2025-02-03,2025-04-07,125.0,Refrigerated
BAT-001875,STR-005,SKU-0025,12,12,2025-02-03,2025-02-05,80.0,Produce Rack
BAT-002180,STR-005,SKU-0127,19,19,2025-02-03,2025-02-05,234.5,Aisle-B
BAT-002457,STR-006,SKU-0069,40,40,2025-02-03,2025-04-07,86.0,Aisle-B
BAT-002637,STR-006,SKU-0129,57,57,2025-02-03,2025-02-15,149.0,Frozen
BAT-000014,STR-001,SKU-0005,22,22,2025-02-04,2025-02-13,103.0,Checkout Display
BAT-000030,STR-001,SKU-0010,8,8,2025-02-04,2025-02-11,75.5,Produce Rack
BAT-000034,STR-001,SKU-0012,7,7,2025-02-04,2025-02-13,95.0,Checkout Display
BAT-000060,STR-001,SKU-0020,7,7,2025-02-04,2025-02-09,112.0,Frozen
BAT-000143,STR-001,SKU-0048,24,24,2025-02-04,2025-02-07,152.5,Refrigerated
BAT-000383,STR-001,SKU-0128,27,27,2025-02-04,2025-02-05,302.0,Frozen
BAT-000402,STR-001,SKU-0134,15,15,2025-02-04,2025-04-06,135.5,Produce Rack
BAT-000531,STR-002,SKU-0027,44,44,2025-02-04,2025-02-06,52.5,Frozen
BAT-000774,STR-002,SKU-0108,34,34,2025-02-04,2025-10-28,129.0,Aisle-A
BAT-001169,STR-003,SKU-0090,39,39,2025-02-04,2025-05-03,79.5,Aisle-B
BAT-001299,STR-003,SKU-0133,75,75,2025-02-04,2025-04-17,52.5,Aisle-A
BAT-001489,STR-004,SKU-0047,76,76,2025-02-04,2025-02-07,176.0,Bulk Bins
BAT-001552,STR-004,SKU-0068,42,42,2025-02-04,2025-03-31,150.0,Bulk Bins
BAT-001678,STR-004,SKU-0110,28,28,2025-02-04,2025-12-01,214.0,Produce Rack
BAT-001700,STR-004,SKU-0117,70,70,2025-02-04,2025-02-05,277.0,Frozen
BAT-001716,STR-004,SKU-0122,27,27,2025-02-04,2025-02-07,216.0,Aisle-B
BAT-001752,STR-004,SKU-0134,62,62,2025-02-04,2025-04-06,135.5,Aisle-A
BAT-002016,STR-005,SKU-0072,29,29,2025-02-04,2025-04-01,92.0,Aisle-A
BAT-002149,STR-005,SKU-0117,5,5,2025-02-04,2025-02-05,374.5,Aisle-A
BAT-002161,STR-005,SKU-0121,19,19,2025-02-04,2025-02-06,232.5,Aisle-A
BAT-002268,STR-006,SKU-0006,30,30,2025-02-04,2025-02-13,73.0,Frozen
BAT-002311,STR-006,SKU-0021,41,41,2025-02-04,2025-02-09,120.0,Refrigerated
BAT-002359,STR-006,SKU-0037,112,112,2025-02-04,2025-02-08,157.0,Produce Rack
BAT-000220,STR-001,SKU-0074,19,19,2025-02-05,2025-06-02,98.5,Bulk Bins
BAT-000420,STR-001,SKU-0140,10,10,2025-02-05,2025-04-09,173.5,Bulk Bins
BAT-000741,STR-002,SKU-0097,54,54,2025-02-05,2026-01-11,135.0,Aisle-A
BAT-001106,STR-003,SKU-0069,15,15,2025-02-05,2025-04-09,86.0,Produce Rack
BAT-001108,STR-003,SKU-0070,50,50,2025-02-05,2025-06-09,134.5,Bulk Bins
BAT-002025,STR-005,SKU-0075,16,16,2025-02-05,2025-07-14,91.5,Checkout Display
BAT-002108,STR-005,SKU-0103,20,20,2025-02-05,2025-11-10,162.0,Frozen
BAT-002330,STR-006,SKU-0027,67,67,2025-02-05,2025-02-07,52.5,Frozen
BAT-002418,STR-006,SKU-0056,133,133,2025-02-05,2025-10-16,156.5,Frozen
BAT-002496,STR-006,SKU-0082,117,117,2025-02-05,2025-07-30,38.0,Produce Rack
BAT-000068,STR-001,SKU-0023,25,25,2025-02-06,2025-02-08,94.5,Aisle-A
BAT-000302,STR-001,SKU-0101,27,27,2025-02-06,2025-10-07,176.0,Bulk Bins
BAT-000351,STR-001,SKU-0117,25,25,2025-02-06,2025-02-07,374.5,Checkout Display
BAT-000365,STR-001,SKU-0122,5,5,2025-02-06,2025-02-09,147.0,Frozen
BAT-000657,STR-002,SKU-0069,24,24,2025-02-06,2025-04-10,86.0,Aisle-A
BAT-000721,STR-002,SKU-0091,18,18,2025-02-06,2025-05-16,56.0,Frozen
BAT-000756,STR-002,SKU-0102,33,33,2025-02-06,2026-01-19,176.5,Aisle-A
BAT-001174,STR-003,SKU-0092,62,62,2025-02-06,2025-05-28,64.5,Bulk Bins
BAT-001526,STR-004,SKU-0059,26,26,2025-02-06,2026-01-01,121.0,Bulk Bins
BAT-001533,STR-004,SKU-0061,37,37,2025-02-06,2025-09-21,139.5,Aisle-A
BAT-001683,STR-004,SKU-0111,50,50,2025-02-06,2025-08-17,116.0,Bulk Bins
BAT-001802,STR-005,SKU-0001,13,13,2025-02-06,2025-02-11,58.0,Frozen
BAT-002138,STR-005,SKU-0113,30,30,2025-02-06,2025-02-07,411.0,Refrigerated
BAT-002676,STR-006,SKU-0142,125,125,2025-02-06,2025-02-24,132.0,Produce Rack
BAT-000052,STR-001,SKU-0018,22,22,2025-02-07,2025-02-12,71.5,Aisle-A
BAT-000159,STR-001,SKU-0053,12,12,2025-02-07,2025-09-17,163.5,Aisle-A
BAT-000232,STR-001,SKU-0078,9,9,2025-02-07,2025-05-15,48.0,Frozen
BAT-000340,STR-001,SKU-0114,6,6,2025-02-07,2025-02-08,342.0,Produce Rack
BAT-000393,STR-001,SKU-0131,29,29,2025-02-07,2025-04-11,160.0,Frozen
BAT-000663,STR-002,SKU-0071,68,68,2025-02-07,2025-05-25,128.5,Frozen
BAT-000846,STR-002,SKU-0132,30,30,2025-02-07,2025-05-05,118.5,Frozen
BAT-001053,STR-003,SKU-0051,30,30,2025-02-07,2025-08-31,119.5,Produce Rack
BAT-001251,STR-003,SKU-0117,70,70,2025-02-07,2025-02-08,374.5,Aisle-B
BAT-001576,STR-004,SKU-0076,69,69,2025-02-07,2025-03-22,138.0,Aisle-A
BAT-001663,STR-004,SKU-0105,45,45,2025-02-07,2026-01-08,198.5,Aisle-A
BAT-001849,STR-005,SKU-0017,5,5,2025-02-07,2025-02-11,82.5,Aisle-B
BAT-001892,STR-005,SKU-0031,6,6,2025-02-07,2025-02-09,102.5,Refrigerated
BAT-002028,STR-005,SKU-0076,20,20,2025-02-07,2025-03-22,138.0,Aisle-B
BAT-002120,STR-005,SKU-0107,21,21,2025-02-07,2025-11-23,147.5,Aisle-A
BAT-002328,STR-006,SKU-0026,118,118,2025-02-07,2025-02-11,80.0,Checkout Display
BAT-002582,STR-006,SKU-0111,50,50,2025-02-07,2025-08-18,89.5,Checkout Display
BAT-002600,STR-006,SKU-0117,54,54,2025-02-07,2025-02-08,374.5,Frozen
BAT-000252,STR-001,SKU-0084,29,29,2025-02-08,2025-07-29,57.0,Checkout Display
BAT-000373,STR-001,SKU-0125,19,19,2025-02-08,2025-02-11,253.0,Refrigerated
BAT-000424,STR-001,SKU-0142,19,19,2025-02-08,2025-02-26,132.0,Bulk Bins
BAT-000505,STR-002,SKU-0019,73,73,2025-02-08,2025-02-12,59.5,Produce Rack
BAT-000867,STR-002,SKU-0139,36,36,2025-02-08,2025-04-02,79.0,Bulk Bins
BAT-000905,STR-003,SKU-0002,75,75,2025-02-08,2025-02-14,76.0,Bulk Bins
BAT-000908,STR-003,SKU-0003,43,43,2025-02-08,2025-02-13,95.5,Frozen
BAT-000965,STR-003,SKU-0022,35,35,2025-02-08,2025-02-11,109.0,Produce Rack
BAT-001014,STR-003,SKU-0038,18,18,2025-02-08,2025-02-13,142.5,Produce Rack
BAT-001369,STR-004,SKU-0007,18,18,2025-02-08,2025-02-15,92.0,Produce Rack
BAT-001530,STR-004,SKU-0060,43,43,2025-02-08,2025-09-16,164.0,Checkout Display
BAT-001557,STR-004,SKU-0069,19,19,2025-02-08,2025-04-12,86.0,Frozen
BAT-001903,STR-005,SKU-0035,20,20,2025-02-08,2025-02-15,108.0,Aisle-A
BAT-001934,STR-005,SKU-0045,16,16,2025-02-08,2025-02-14,81.0,Aisle-A
BAT-001991,STR-005,SKU-0064,17,17,2025-02-08,2026-01-03,116.0,Refrigerated
BAT-002175,STR-005,SKU-0125,6,6,2025-02-08,2025-02-11,253.0,Aisle-A
BAT-002301,STR-006,SKU-0017,34,34,2025-02-08,2025-02-12,86.0,Refrigerated
BAT-000076,STR-001,SKU-0026,27,27,2025-02-09,2025-02-13,100.0,Bulk Bins
BAT-000079,STR-001,SKU-0027,28,28,2025-02-09,2025-02-11,52.5,Bulk Bins
BAT-000215,STR-001,SKU-0072,11,11,2025-02-09,2025-04-06,92.0,Refrigerated
BAT-000654,STR-002,SKU-0068,39,39,2025-02-09,2025-04-05,150.0,Refrigerated
BAT-000827,STR-002,SKU-0126,62,62,2025-02-09,2025-02-12,208.0,Produce Rack
BAT-000876,STR-002,SKU-0142,30,30,2025-02-09,2025-02-27,132.0,Bulk Bins
BAT-000929,STR-003,SKU-0010,37,37,2025-02-09,2025-02-16,75.5,Aisle-B
BAT-001109,STR-003,SKU-0070,50,50,2025-02-09,2025-06-13,134.5,Bulk Bins
BAT-001273,STR-003,SKU-0125,27,27,2025-02-09,2025-02-12,253.0,Frozen
BAT-001319,STR-003,SKU-0140,35,35,2025-02-09,2025-04-13,173.5,Frozen
BAT-001428,STR-004,SKU-0026,69,69,2025-02-09,2025-02-13,100.0,Frozen
BAT-001614,STR-004,SKU-0088,22,22,2025-02-09,2025-07-04,54.0,Refrigerated
BAT-001815,STR-005,SKU-0005,13,13,2025-02-09,2025-02-18,103.0,Checkout Display
BAT-001846,STR-005,SKU-0016,18,18,2025-02-09,2025-02-17,110.5,Frozen
BAT-000066,STR-001,SKU-0022,5,5,2025-02-10,2025-02-13,109.0,Produce Rack
BAT-000297,STR-001,SKU-0099,17,17,2025-02-10,2025-08-09,182.0,Produce Rack
BAT-000364,STR-001,SKU-0122,19,19,2025-02-10,2025-02-13,216.0,Refrigerated
BAT-000492,STR-002,SKU-0014,78,78,2025-02-10,2025-02-20,129.0,Bulk Bins
BAT-000617,STR-002,SKU-0056,27,27,2025-02-10,2025-10-21,117.5,Frozen
BAT-000958,STR-003,SKU-0020,30,30,2025-02-10,2025-02-15,112.0,Frozen
BAT-000996,STR-003,SKU-0032,33,33,2025-02-10,2025-02-14,47.5,Aisle-B
BAT-001091,STR-003,SKU-0064,47,47,2025-02-10,2026-01-05,116.0,Bulk Bins
BAT-001538,STR-004,SKU-0063,29,29,2025-02-10,2025-10-11,109.0,Frozen
BAT-001569,STR-004,SKU-0073,61,61,2025-02-10,2025-07-31,135.5,Aisle-A
BAT-002434,STR-006,SKU-0062,135,135,2025-02-10,2025-10-08,144.5,Frozen
BAT-000058,STR-001,SKU-0020,25,25,2025-02-11,2025-02-16,112.0,Refrigerated
BAT-000266,STR-001,SKU-0089,8,8,2025-02-11,2025-04-25,74.0,Bulk Bins
BAT-000303,STR-001,SKU-0101,13,13,2025-02-11,2025-10-12,176.0,Checkout Display
BAT-000379,STR-001,SKU-0127,19,19,2025-02-11,2025-02-13,257.5,Aisle-B
BAT-000569,STR-002,SKU-0040,43,43,2025-02-11,2025-02-18,28.5,Frozen
BAT-001079,STR-003,SKU-0060,51,51,2025-02-11,2025-09-19,164.0,Bulk Bins
BAT-001165,STR-003,SKU-0089,49,49,2025-02-11,2025-04-25,74.0,Checkout Display
BAT-001308,STR-003,SKU-0136,65,65,2025-02-11,2025-05-07,167.5,Aisle-A
BAT-001728,STR-004,SKU-0126,38,38,2025-02-11,2025-02-14,208.0,Aisle-B
BAT-002060,STR-005,SKU-0087,15,15,2025-02-11,2025-07-15,59.5,Aisle-A
BAT-002070,STR-005,SKU-0090,23,23,2025-02-11,2025-05-10,79.5,Aisle-B
BAT-002106,STR-005,SKU-0102,19,19,2025-02-11,2026-01-24,176.5,Checkout Display
BAT-002261,STR-006,SKU-0004,146,146,2025-02-11,2025-02-20,115.0,Frozen
BAT-002688,STR-006,SKU-0146,134,134,2025-02-11,2025-02-14,278.0,Refrigerated
BAT-000004,STR-001,SKU-0002,25,25,2025-02-12,2025-02-18,76.0,Bulk Bins
BAT-000038,STR-001,SKU-0013,17,17,2025-02-12,2025-02-18,103.0,Frozen
BAT-000672,STR-002,SKU-0074,48,48,2025-02-12,2025-06-09,98.5,Aisle-B
BAT-000698,STR-002,SKU-0083,67,67,2025-02-12,2025-05-14,60.5,Refrigerated
BAT-001345,STR-003,SKU-0149,78,78,2025-02-12,2026-02-02,116.5,Aisle-B
BAT-001503,STR-004,SKU-0051,73,73,2025-02-12,2025-09-05,164.0,Bulk Bins
BAT-001584,STR-004,SKU-0078,17,17,2025-02-12,2025-05-20,48.0,Checkout Display
BAT-001693,STR-004,SKU-0115,78,78,2025-02-12,2025-02-13,311.5,Aisle-B
BAT-001746,STR-004,SKU-0132,47,47,2025-02-12,2025-05-10,118.5,Aisle-A
BAT-001929,STR-005,SKU-0043,15,15,2025-02-12,2025-02-18,76.0,Aisle-B
BAT-001974,STR-005,SKU-0058,11,11,2025-02-12,2025-08-25,102.5,Produce Rack
BAT-002413,STR-006,SKU-0055,150,150,2025-02-12,2025-11-18,70.0,Bulk Bins
BAT-002586,STR-006,SKU-0112,78,78,2025-02-12,2025-09-17,152.0,Aisle-B
BAT-000025,STR-001,SKU-0009,24,24,2025-02-13,2025-02-19,128.5,Aisle-A
BAT-000236,STR-001,SKU-0079,21,21,2025-02-13,2025-07-02,91.5,Refrigerated
BAT-000253,STR-001,SKU-0085,6,6,2025-02-13,2025-08-10,71.0,Bulk Bins
BAT-000285,STR-001,SKU-0095,22,22,2025-02-13,2025-05-17,62.5,Produce Rack
BAT-000727,STR-002,SKU-0093,46,46,2025-02-13,2025-07-21,26.5,Bulk Bins
BAT-000862,STR-002,SKU-0138,58,58,2025-02-13,2025-03-28,119.0,Checkout Display
BAT-001148,STR-003,SKU-0083,36,36,2025-02-13,2025-05-15,44.0,Bulk Bins
BAT-001254,STR-003,SKU-0118,46,46,2025-02-13,2025-02-16,327.0,Refrigerated
BAT-001267,STR-003,SKU-0123,20,20,2025-02-13,2025-02-16,356.0,Aisle-A
BAT-001287,STR-003,SKU-0129,32,32,2025-02-13,2025-02-25,149.0,Bulk Bins
BAT-001371,STR-004,SKU-0007,54,54,2025-02-13,2025-02-20,92.0,Aisle-B
BAT-001578,STR-004,SKU-0076,30,30,2025-02-13,2025-03-28,138.0,Produce Rack
BAT-001622,STR-004,SKU-0091,57,57,2025-02-13,2025-05-23,44.0,Bulk Bins
BAT-001817,STR-005,SKU-0006,29,29,2025-02-13,2025-02-22,97.0,Frozen
BAT-001841,STR-005,SKU-0014,7,7,2025-02-13,2025-02-23,129.0,Frozen
BAT-002269,STR-006,SKU-0007,83,83,2025-02-13,2025-02-20,92.0,Checkout Display
BAT-002426,STR-006,SKU-0059,145,145,2025-02-13,2026-01-08,121.0,Aisle-A
BAT-000105,STR-001,SKU-0035,18,18,2025-02-14,2025-02-21,108.0,Bulk Bins
BAT-000458,STR-002,SKU-0003,31,31,2025-02-14,2025-02-19,95.5,Aisle-B
BAT-000587,STR-002,SKU-0046,55,55,2025-02-14,2025-02-19,140.5,Produce Rack
BAT-000847,STR-002,SKU-0133,53,53,2025-02-14,2025-04-27,82.0,Bulk Bins
BAT-001341,STR-003,SKU-0147,26,26,2025-02-14,2025-02-16,86.0,Checkout Display
BAT-001451,STR-004,SKU-0034,19,19,2025-02-14,2025-02-17,110.0,Aisle-A
BAT-001951,STR-005,SKU-0051,8,8,2025-02-14,2025-09-07,164.0,Frozen
BAT-002367,STR-006,SKU-0039,92,92,2025-02-14,2025-02-18,93.0,Produce Rack
BAT-002401,STR-006,SKU-0051,74,74,2025-02-14,2025-09-07,164.0,Bulk Bins
BAT-002424,STR-006,SKU-0058,117,117,2025-02-14,2025-08-27,102.5,Produce Rack
BAT-002548,STR-006,SKU-0100,72,72,2025-02-14,2026-07-19,106.0,Checkout Display
BAT-000097,STR-001,SKU-0033,17,17,2025-02-15,2025-02-22,67.0,Checkout Display
BAT-000869,STR-002,SKU-0140,21,21,2025-02-15,2025-04-19,173.5,Aisle-A
BAT-000985,STR-003,SKU-0029,15,15,2025-02-15,2025-02-19,109.5,Produce Rack
BAT-001153,STR-003,SKU-0085,54,54,2025-02-15,2025-08-12,71.0,Frozen
BAT-001166,STR-003,SKU-0089,49,49,2025-02-15,2025-04-29,74.0,Bulk Bins
BAT-001225,STR-003,SKU-0109,71,71,2025-02-15,2026-06-27,176.5,Refrigerated
BAT-001289,STR-003,SKU-0130,30,30,2025-02-15,2025-04-11,70.5,Bulk Bins
BAT-001362,STR-004,SKU-0004,36,36,2025-02-15,2025-02-24,115.0,Frozen
BAT-001389,STR-004,SKU-0013,25,25,2025-02-15,2025-02-21,103.0,Bulk Bins
BAT-001439,STR-004,SKU-0030,16,16,2025-02-15,2025-02-19,58.5,Produce Rack
BAT-001458,STR-004,SKU-0036,44,44,2025-02-15,2025-02-21,177.5,Checkout Display
BAT-001601,STR-004,SKU-0084,53,53,2025-02-15,2025-08-05,34.0,Frozen
BAT-001730,STR-004,SKU-0127,70,70,2025-02-15,2025-02-17,330.0,Checkout Display
BAT-002006,STR-005,SKU-0069,23,23,2025-02-15,2025-04-19,53.5,Checkout Display
BAT-002034,STR-005,SKU-0078,24,24,2025-02-15,2025-05-23,48.0,Produce Rack
BAT-002040,STR-005,SKU-0080,19,19,2025-02-15,2025-04-24,143.0,Frozen
BAT-002421,STR-006,SKU-0057,119,119,2025-02-15,2026-01-03,90.5,Aisle-B
BAT-002508,STR-006,SKU-0086,44,44,2025-02-15,2025-07-28,59.0,Produce Rack
BAT-002562,STR-006,SKU-0104,93,93,2025-02-15,2025-11-11,139.5,Bulk Bins
BAT-000005,STR-001,SKU-0002,29,29,2025-02-16,2025-02-22,76.0,Frozen
BAT-000132,STR-001,SKU-0044,8,8,2025-02-16,2025-02-23,151.5,Checkout Display
BAT-000440,STR-001,SKU-0147,30,30,2025-02-16,2025-02-18,86.0,Aisle-B
BAT-000508,STR-002,SKU-0020,51,51,2025-02-16,2025-02-21,85.0,Checkout Display
BAT-000976,STR-003,SKU-0026,15,15,2025-02-16,2025-02-20,100.0,Aisle-B
BAT-001012,STR-003,SKU-0038,40,40,2025-02-16,2025-02-21,142.5,Checkout Display
BAT-001193,STR-003,SKU-0098,28,28,2025-02-16,2026-02-28,101.5,Produce Rack
BAT-001504,STR-004,SKU-0052,34,34,2025-02-16,2025-08-18,129.5,Aisle-B
BAT-001666,STR-004,SKU-0106,15,15,2025-02-16,2026-06-21,192.0,Aisle-A
BAT-001712,STR-004,SKU-0121,56,56,2025-02-16,2025-02-18,169.5,Frozen
BAT-002154,STR-005,SKU-0118,18,18,2025-02-16,2025-02-19,327.0,Aisle-A
BAT-002204,STR-005,SKU-0135,30,30,2025-02-16,2025-03-14,108.0,Bulk Bins
BAT-002365,STR-006,SKU-0039,53,53,2025-02-16,2025-02-20,120.5,Checkout Display
BAT-002650,STR-006,SKU-0134,118,118,2025-02-16,2025-04-18,135.5,Checkout Display
BAT-000126,STR-001,SKU-0042,16,16,2025-02-17,2025-02-22,30.5,Refrigerated
BAT-000452,STR-002,SKU-0001,22,22,2025-02-17,2025-02-22,58.0,Aisle-A
BAT-000502,STR-002,SKU-0018,22,22,2025-02-17,2025-02-22,71.5,Bulk Bins
BAT-001054,STR-003,SKU-0052,15,15,2025-02-17,2025-08-19,129.5,Bulk Bins
BAT-001111,STR-003,SKU-0071,19,19,2025-02-17,2025-06-04,128.5,Frozen
BAT-001150,STR-003,SKU-0084,49,49,2025-02-17,2025-08-07,57.0,Aisle-B
BAT-001154,STR-003,SKU-0085,44,44,2025-02-17,2025-08-14,71.0,Frozen
BAT-001500,STR-004,SKU-0050,54,54,2025-02-17,2025-09-04,121.0,Bulk Bins
BAT-001585,STR-004,SKU-0079,31,31,2025-02-17,2025-07-06,91.5,Frozen
BAT-001695,STR-004,SKU-0115,58,58,2025-02-17,2025-02-18,311.5,Produce Rack
BAT-001702,STR-004,SKU-0118,75,75,2025-02-17,2025-02-20,327.0,Bulk Bins
BAT-001973,STR-005,SKU-0058,23,23,2025-02-17,2025-08-30,102.5,Produce Rack
BAT-002430,STR-006,SKU-0060,138,138,2025-02-17,2025-09-25,164.0,Aisle-A
BAT-002594,STR-006,SKU-0115,43,43,2025-02-17,2025-02-18,224.5,Bulk Bins
BAT-002668,STR-006,SKU-0140,84,84,2025-02-17,2025-04-21,173.5,Bulk Bins
BAT-000397,STR-001,SKU-0133,16,16,2025-02-18,2025-05-01,82.0,Bulk Bins
BAT-000423,STR-001,SKU-0141,21,21,2025-02-18,2025-05-08,115.5,Aisle-B
BAT-000557,STR-002,SKU-0036,38,38,2025-02-18,2025-02-24,177.5,Produce Rack
BAT-000607,STR-002,SKU-0053,42,42,2025-02-18,2025-09-28,163.5,Aisle-A
BAT-000728,STR-002,SKU-0093,17,17,2025-02-18,2025-07-26,26.5,Bulk Bins
BAT-000764,STR-002,SKU-0105,63,63,2025-02-18,2026-01-19,139.0,Bulk Bins
BAT-001177,STR-003,SKU-0093,75,75,2025-02-18,2025-07-26,26.5,Bulk Bins
BAT-001642,STR-004,SKU-0098,56,56,2025-02-18,2026-03-02,156.5,Bulk Bins
BAT-001696,STR-004,SKU-0116,17,17,2025-02-18,2025-02-21,500.0,Aisle-A
BAT-002122,STR-005,SKU-0108,11,11,2025-02-18,2025-11-11,215.0,Checkout Display
BAT-002538,STR-006,SKU-0096,67,67,2025-02-18,2025-04-23,69.5,Frozen
BAT-000064,STR-001,SKU-0022,6,6,2025-02-19,2025-02-22,109.0,Refrigerated
BAT-000277,STR-001,SKU-0093,28,28,2025-02-19,2025-07-27,26.5,Frozen
BAT-000327,STR-001,SKU-0109,22,22,2025-02-19,2026-07-01,176.5,Refrigerated
BAT-000630,STR-002,SKU-0060,31,31,2025-02-19,2025-09-27,164.0,Frozen
BAT-000913,STR-003,SKU-0005,15,15,2025-02-19,2025-02-28,103.0,Bulk Bins
BAT-000935,STR-003,SKU-0012,55,55,2025-02-19,2025-02-28,95.0,Produce Rack
BAT-000963,STR-003,SKU-0021,60,60,2025-02-19,2025-02-24,89.0,Produce Rack
BAT-001226,STR-003,SKU-0109,56,56,2025-02-19,2026-07-01,176.5,Frozen
BAT-001351,STR-004,SKU-0001,56,56,2025-02-19,2025-02-24,58.0,Aisle-A
BAT-001727,STR-004,SKU-0126,38,38,2025-02-19,2025-02-22,208.0,Checkout Display
BAT-001769,STR-004,SKU-0140,56,56,2025-02-19,2025-04-23,173.5,Aisle-A
BAT-001960,STR-005,SKU-0054,16,16,2025-02-19,2025-11-28,60.0,Frozen
BAT-002340,STR-006,SKU-0030,80,80,2025-02-19,2025-02-23,38.5,Bulk Bins
BAT-000286,STR-001,SKU-0096,5,5,2025-02-20,2025-04-25,89.0,Frozen
BAT-000333,STR-001,SKU-0111,9,9,2025-02-20,2025-08-31,116.0,Aisle-A
BAT-000344,STR-001,SKU-0115,13,13,2025-02-20,2025-02-21,205.5,Produce Rack
BAT-000993,STR-003,SKU-0031,33,33,2025-02-20,2025-02-22,61.5,Produce Rack
BAT-001010,STR-003,SKU-0037,28,28,2025-02-20,2025-02-24,157.0,Produce Rack
BAT-001200,STR-003,SKU-0100,35,35,2025-02-20,2026-07-25,67.0,Refrigerated
BAT-001206,STR-003,SKU-0102,34,34,2025-02-20,2026-02-02,176.5,Refrigerated
BAT-002089,STR-005,SKU-0097,12,12,2025-02-20,2026-01-26,135.0,Aisle-A
BAT-002132,STR-005,SKU-0111,29,29,2025-02-20,2025-08-31,116.0,Bulk Bins
BAT-002172,STR-005,SKU-0124,8,8,2025-02-20,2025-02-22,169.0,Aisle-A
BAT-002569,STR-006,SKU-0107,149,149,2025-02-20,2025-12-06,147.5,Aisle-B
BAT-000131,STR-001,SKU-0044,16,16,2025-02-21,2025-02-28,103.0,Refrigerated
BAT-000376,STR-001,SKU-0126,16,16,2025-02-21,2025-02-24,208.0,Aisle-B
BAT-000473,STR-002,SKU-0008,78,78,2025-02-21,2025-03-03,25.0,Checkout Display
BAT-001067,STR-003,SKU-0056,76,76,2025-02-21,2025-11-01,156.5,Produce Rack
BAT-001068,STR-003,SKU-0056,76,76,2025-02-21,2025-11-01,156.5,Refrigerated
BAT-001309,STR-003,SKU-0137,64,64,2025-02-21,2025-04-26,98.5,Checkout Display
BAT-001406,STR-004,SKU-0019,27,27,2025-02-21,2025-02-25,59.5,Aisle-B
BAT-001422,STR-004,SKU-0024,64,64,2025-02-21,2025-02-25,119.5,Refrigerated
BAT-001890,STR-005,SKU-0030,6,6,2025-02-21,2025-02-25,58.5,Refrigerated
BAT-002136,STR-005,SKU-0112,5,5,2025-02-21,2025-09-26,152.0,Produce Rack
BAT-000542,STR-002,SKU-0031,46,46,2025-02-22,2025-02-24,102.5,Aisle-B
BAT-000579,STR-002,SKU-0043,69,69,2025-02-22,2025-02-28,76.0,Aisle-B
BAT-000599,STR-002,SKU-0050,79,79,2025-02-22,2025-09-09,121.0,Frozen
BAT-000750,STR-002,SKU-0100,60,60,2025-02-22,2026-07-27,106.0,Produce Rack
BAT-000917,STR-003,SKU-0006,75,75,2025-02-22,2025-03-03,97.0,Refrigerated
BAT-001086,STR-003,SKU-0062,59,59,2025-02-22,2025-10-20,144.5,Bulk Bins
BAT-001618,STR-004,SKU-0090,26,26,2025-02-22,2025-05-21,79.5,Frozen
BAT-001798,STR-004,SKU-0150,20,20,2025-02-22,2025-02-27,75.0,Refrigerated
BAT-001812,STR-005,SKU-0004,20,20,2025-02-22,2025-03-03,115.0,Aisle-A
BAT-001894,STR-005,SKU-0032,12,12,2025-02-22,2025-02-26,47.5,Refrigerated
BAT-001900,STR-005,SKU-0034,6,6,2025-02-22,2025-02-25,110.0,Aisle-B
BAT-001972,STR-005,SKU-0058,7,7,2025-02-22,2025-09-04,102.5,Produce Rack
BAT-002072,STR-005,SKU-0091,6,6,2025-02-22,2025-06-01,56.0,Aisle-B
BAT-002490,STR-006,SKU-0080,74,74,2025-02-22,2025-05-01,143.0,Frozen
BAT-000117,STR-001,SKU-0039,26,26,2025-02-23,2025-02-27,120.5,Aisle-A
BAT-000150,STR-001,SKU-0050,11,11,2025-02-23,2025-09-10,91.0,Aisle-B
BAT-000567,STR-002,SKU-0039,66,66,2025-02-23,2025-02-27,120.5,Refrigerated
BAT-000604,STR-002,SKU-0052,78,78,2025-02-23,2025-08-25,129.5,Aisle-A
BAT-000689,STR-002,SKU-0080,53,53,2025-02-23,2025-05-02,143.0,Aisle-B
BAT-001005,STR-003,SKU-0035,61,61,2025-02-23,2025-03-02,108.0,Frozen
BAT-001065,STR-003,SKU-0055,61,61,2025-02-23,2025-11-29,70.0,Checkout Display
BAT-001093,STR-003,SKU-0065,76,76,2025-02-23,2025-06-13,104.0,Bulk Bins
BAT-002390,STR-006,SKU-0047,114,114,2025-02-23,2025-02-26,176.0,Produce Rack
BAT-002597,STR-006,SKU-0116,35,35,2025-02-23,2025-02-26,500.0,Bulk Bins
BAT-000040,STR-001,SKU-0014,24,24,2025-02-24,2025-03-06,102.0,Aisle-A
BAT-000050,STR-001,SKU-0017,14,14,2025-02-24,2025-02-28,113.0,Frozen
BAT-000754,STR-002,SKU-0102,19,19,2025-02-24,2026-02-06,176.5,Refrigerated
BAT-001353,STR-004,SKU-0001,18,18,2025-02-24,2025-03-01,58.0,Aisle-B
BAT-001403,STR-004,SKU-0018,58,58,2025-02-24,2025-03-01,71.5,Aisle-B
BAT-001625,STR-004,SKU-0092,32,32,2025-02-24,2025-06-15,64.5,Bulk Bins
BAT-001713,STR-004,SKU-0121,80,80,2025-02-24,2025-02-26,232.5,Refrigerated
BAT-001825,STR-005,SKU-0009,9,9,2025-02-24,2025-03-02,128.5,Aisle-A
BAT-002143,STR-005,SKU-0115,25,25,2025-02-24,2025-02-25,311.5,Produce Rack
BAT-002205,STR-005,SKU-0135,10,10,2025-02-24,2025-03-22,108.0,Aisle-A
BAT-002623,STR-006,SKU-0125,92,92,2025-02-24,2025-02-27,195.0,Frozen
BAT-000318,STR-001,SKU-0106,9,9,2025-02-25,2026-06-30,192.0,Frozen
BAT-000350,STR-001,SKU-0117,18,18,2025-02-25,2025-02-26,374.5,Aisle-A
BAT-000433,STR-001,SKU-0145,5,5,2025-02-25,2025-03-01,123.5,Refrigerated
BAT-000445,STR-001,SKU-0149,22,22,2025-02-25,2026-02-15,78.0,Produce Rack
BAT-000605,STR-002,SKU-0052,29,29,2025-02-25,2025-08-27,129.5,Produce Rack
BAT-000684,STR-002,SKU-0078,62,62,2025-02-25,2025-06-02,35.0,Aisle-A
BAT-000720,STR-002,SKU-0090,70,70,2025-02-25,2025-05-24,79.5,Frozen
BAT-000788,STR-002,SKU-0113,33,33,2025-02-25,2025-02-26,308.0,Aisle-B
BAT-000798,STR-002,SKU-0116,75,75,2025-02-25,2025-02-28,330.0,Aisle-B
BAT-000882,STR-002,SKU-0144,78,78,2025-02-25,2025-04-06,80.0,Produce Rack
BAT-001238,STR-003,SKU-0113,66,66,2025-02-25,2025-02-26,411.0,Aisle-B
BAT-001306,STR-003,SKU-0136,19,19,2025-02-25,2025-05-21,167.5,Frozen
BAT-001382,STR-004,SKU-0011,46,46,2025-02-25,2025-03-04,51.0,Refrigerated
BAT-001405,STR-004,SKU-0019,77,77,2025-02-25,2025-03-01,43.0,Refrigerated
BAT-001605,STR-004,SKU-0085,33,33,2025-02-25,2025-08-22,71.0,Checkout Display
BAT-001778,STR-004,SKU-0143,43,43,2025-02-25,2025-04-07,29.5,Produce Rack
BAT-001940,STR-005,SKU-0047,26,26,2025-02-25,2025-02-28,119.5,Checkout Display
BAT-001961,STR-005,SKU-0054,14,14,2025-02-25,2025-12-04,98.0,Refrigerated
BAT-001970,STR-005,SKU-0057,25,25,2025-02-25,2026-01-13,150.5,Checkout Display
BAT-002144,STR-005,SKU-0115,17,17,2025-02-25,2025-02-26,311.5,Aisle-B
BAT-002318,STR-006,SKU-0023,77,77,2025-02-25,2025-02-27,62.5,Frozen
BAT-002329,STR-006,SKU-0027,91,91,2025-02-25,2025-02-27,52.5,Aisle-B
BAT-002584,STR-006,SKU-0112,94,94,2025-02-25,2025-09-30,152.0,Aisle-B
BAT-002700,STR-006,SKU-0150,78,78,2025-02-25,2025-03-02,56.0,Frozen
BAT-000115,STR-001,SKU-0039,14,14,2025-02-26,2025-03-02,120.5,Refrigerated
BAT-000336,STR-001,SKU-0112,7,7,2025-02-26,2025-10-01,100.5,Aisle-A
BAT-000349,STR-001,SKU-0117,13,13,2025-02-26,2025-02-27,374.5,Bulk Bins
BAT-000765,STR-002,SKU-0105,43,43,2025-02-26,2026-01-27,198.5,Aisle-A
BAT-001069,STR-003,SKU-0057,59,59,2025-02-26,2026-01-14,150.5,Frozen
BAT-001092,STR-003,SKU-0064,47,47,2025-02-26,2026-01-21,116.0,Frozen
BAT-001110,STR-003,SKU-0070,31,31,2025-02-26,2025-06-30,102.0,Frozen
BAT-001432,STR-004,SKU-0028,61,61,2025-02-26,2025-03-01,49.0,Frozen
BAT-001514,STR-004,SKU-0055,32,32,2025-02-26,2025-12-02,70.0,Bulk Bins
BAT-001635,STR-004,SKU-0095,17,17,2025-02-26,2025-05-30,62.5,Aisle-B
BAT-002319,STR-006,SKU-0023,124,124,2025-02-26,2025-02-28,57.5,Produce Rack
BAT-002346,STR-006,SKU-0032,43,43,2025-02-26,2025-03-02,47.5,Bulk Bins
BAT-002378,STR-006,SKU-0043,92,92,2025-02-26,2025-03-04,76.0,Produce Rack
BAT-002564,STR-006,SKU-0105,129,129,2025-02-26,2026-01-27,198.5,Checkout Display
BAT-002692,STR-006,SKU-0148,84,84,2025-02-26,2025-04-16,82.5,Checkout Display
BAT-000221,STR-001,SKU-0074,19,19,2025-02-27,2025-06-24,98.5,Produce Rack
BAT-000290,STR-001,SKU-0097,28,28,2025-02-27,2026-02-02,135.0,Aisle-B
BAT-000346,STR-001,SKU-0116,9,9,2025-02-27,2025-03-02,500.0,Produce Rack
BAT-000387,STR-001,SKU-0129,23,23,2025-02-27,2025-03-11,149.0,Aisle-A
BAT-000496,STR-002,SKU-0016,68,68,2025-02-27,2025-03-07,110.5,Aisle-B
BAT-001029,STR-003,SKU-0043,37,37,2025-02-27,2025-03-05,76.0,Frozen
BAT-001335,STR-003,SKU-0145,61,61,2025-02-27,2025-03-03,123.5,Aisle-A
BAT-001438,STR-004,SKU-0030,54,54,2025-02-27,2025-03-03,58.5,Refrigerated
BAT-001574,STR-004,SKU-0075,41,41,2025-02-27,2025-08-05,131.0,Bulk Bins
BAT-001636,STR-004,SKU-0096,22,22,2025-02-27,2025-05-02,61.5,Checkout Display
BAT-001662,STR-004,SKU-0104,59,59,2025-02-27,2025-11-23,139.5,Bulk Bins
BAT-001684,STR-004,SKU-0112,49,49,2025-02-27,2025-10-02,152.0,Bulk Bins
BAT-001872,STR-005,SKU-0024,24,24,2025-02-27,2025-03-03,119.5,Refrigerated
BAT-001937,STR-005,SKU-0046,23,23,2025-02-27,2025-03-04,140.5,Checkout Display
BAT-002128,STR-005,SKU-0110,29,29,2025-02-27,2025-12-24,214.0,Frozen
BAT-002341,STR-006,SKU-0031,140,140,2025-02-27,2025-03-01,102.5,Bulk Bins
BAT-002519,STR-006,SKU-0090,110,110,2025-02-27,2025-05-26,79.5,Bulk Bins
BAT-000108,STR-001,SKU-0036,9,9,2025-02-28,2025-03-06,177.5,Checkout Display
BAT-000165,STR-001,SKU-0055,22,22,2025-02-28,2025-12-04,70.0,Frozen
BAT-000388,STR-001,SKU-0130,20,20,2025-02-28,2025-04-24,70.5,Checkout Display
BAT-000447,STR-001,SKU-0149,20,20,2025-02-28,2026-02-18,81.5,Bulk Bins
BAT-001046,STR-003,SKU-0049,38,38,2025-02-28,2025-10-01,129.0,Produce Rack
BAT-001314,STR-003,SKU-0138,32,32,2025-02-28,2025-04-12,119.0,Refrigerated
BAT-001791,STR-004,SKU-0147,73,73,2025-02-28,2025-03-02,59.5,Bulk Bins
BAT-001816,STR-005,SKU-0006,11,11,2025-02-28,2025-03-09,97.0,Aisle-A
BAT-002005,STR-005,SKU-0069,21,21,2025-02-28,2025-05-02,86.0,Aisle-B
BAT-002086,STR-005,SKU-0096,29,29,2025-02-28,2025-05-03,89.0,Aisle-A
BAT-002211,STR-005,SKU-0137,19,19,2025-02-28,2025-05-03,98.5,Checkout Display
BAT-002515,STR-006,SKU-0089,43,43,2025-02-28,2025-05-12,74.0,Checkout Display
BAT-000056,STR-001,SKU-0019,5,5,2025-03-01,2025-03-05,59.5,Checkout Display
BAT-000083,STR-001,SKU-0028,23,23,2025-03-01,2025-03-04,80.5,Frozen
BAT-000151,STR-001,SKU-0051,11,11,2025-03-01,2025-09-22,164.0,Aisle-B
BAT-000156,STR-001,SKU-0052,15,15,2025-03-01,2025-08-31,84.0,Aisle-B
BAT-000485,STR-002,SKU-0012,42,42,2025-03-01,2025-03-10,95.0,Bulk Bins
BAT-000795,STR-002,SKU-0115,27,27,2025-03-01,2025-03-02,311.5,Produce Rack
BAT-001018,STR-003,SKU-0040,52,52,2025-03-01,2025-03-08,20.0,Aisle-A
BAT-001660,STR-004,SKU-0104,40,40,2025-03-01,2025-11-25,139.5,Refrigerated
BAT-001882,STR-005,SKU-0028,26,26,2025-03-01,2025-03-04,80.5,Produce Rack
BAT-001946,STR-005,SKU-0049,22,22,2025-03-01,2025-10-02,129.0,Frozen
BAT-002400,STR-006,SKU-0050,135,135,2025-03-01,2025-09-16,121.0,Aisle-A
BAT-002605,STR-006,SKU-0119,141,141,2025-03-01,2025-03-03,574.5,Refrigerated
BAT-000006,STR-001,SKU-0002,13,13,2025-03-02,2025-03-08,76.0,Aisle-B
BAT-000198,STR-001,SKU-0066,20,20,2025-03-02,2025-06-16,41.0,Refrigerated
BAT-001387,STR-004,SKU-0013,72,72,2025-03-02,2025-03-08,103.0,Refrigerated
BAT-001499,STR-004,SKU-0050,45,45,2025-03-02,2025-09-17,121.0,Aisle-A
BAT-001510,STR-004,SKU-0054,23,23,2025-03-02,2025-12-09,98.0,Aisle-A
BAT-001539,STR-004,SKU-0063,56,56,2025-03-02,2025-10-31,168.0,Checkout Display
BAT-001657,STR-004,SKU-0103,22,22,2025-03-02,2025-12-05,162.0,Refrigerated
BAT-001680,STR-004,SKU-0110,28,28,2025-03-02,2025-12-27,214.0,Aisle-B
BAT-001874,STR-005,SKU-0025,28,28,2025-03-02,2025-03-04,80.0,Checkout Display
BAT-001931,STR-005,SKU-0044,13,13,2025-03-02,2025-03-09,151.5,Bulk Bins
BAT-002062,STR-005,SKU-0088,30,30,2025-03-02,2025-07-25,54.0,Produce Rack
BAT-002317,STR-006,SKU-0023,149,149,2025-03-02,2025-03-04,94.5,Aisle-A
BAT-002362,STR-006,SKU-0038,53,53,2025-03-02,2025-03-07,142.5,Checkout Display
BAT-002383,STR-006,SKU-0045,75,75,2025-03-02,2025-03-08,108.0,Checkout Display
BAT-000037,STR-001,SKU-0013,30,30,2025-03-03,2025-03-09,103.0,Bulk Bins
BAT-000149,STR-001,SKU-0050,5,5,2025-03-03,2025-09-18,81.0,Aisle-B
BAT-000166,STR-001,SKU-0056,21,21,2025-03-03,2025-11-11,156.5,Produce Rack
BAT-000192,STR-001,SKU-0064,7,7,2025-03-03,2026-01-26,116.0,Aisle-B
BAT-000281,STR-001,SKU-0094,22,22,2025-03-03,2025-07-27,37.0,Aisle-B
BAT-000529,STR-002,SKU-0027,65,65,2025-03-03,2025-03-05,52.5,Refrigerated
BAT-000593,STR-002,SKU-0048,32,32,2025-03-03,2025-03-06,152.5,Frozen
BAT-000815,STR-002,SKU-0122,72,72,2025-03-03,2025-03-06,216.0,Bulk Bins
BAT-001231,STR-003,SKU-0111,17,17,2025-03-03,2025-09-11,116.0,Refrigerated
BAT-001258,STR-003,SKU-0120,18,18,2025-03-03,2025-03-05,545.0,Aisle-B
BAT-001274,STR-003,SKU-0125,26,26,2025-03-03,2025-03-06,253.0,Produce Rack
BAT-001408,STR-004,SKU-0020,63,63,2025-03-03,2025-03-08,112.0,Checkout Display
BAT-001442,STR-004,SKU-0031,53,53,2025-03-03,2025-03-05,102.5,Produce Rack
BAT-001823,STR-005,SKU-0008,26,26,2025-03-03,2025-03-13,29.0,Checkout Display
BAT-001990,STR-005,SKU-0064,23,23,2025-03-03,2026-01-26,116.0,Produce Rack
BAT-002239,STR-005,SKU-0147,22,22,2025-03-03,2025-03-05,86.0,Checkout Display
BAT-002456,STR-006,SKU-0069,124,124,2025-03-03,2025-05-05,60.0,Refrigerated
BAT-000053,STR-001,SKU-0018,6,6,2025-03-04,2025-03-09,71.5,Checkout Display
BAT-000540,STR-002,SKU-0030,56,56,2025-03-04,2025-03-08,58.5,Aisle-A
BAT-000833,STR-002,SKU-0128,66,66,2025-03-04,2025-03-05,302.0,Checkout Display
BAT-001052,STR-003,SKU-0051,19,19,2025-03-04,2025-09-25,164.0,Produce Rack
BAT-001074,STR-003,SKU-0058,70,70,2025-03-04,2025-09-14,66.5,Refrigerated
BAT-001080,STR-003,SKU-0060,80,80,2025-03-04,2025-10-10,164.0,Aisle-B
BAT-002190,STR-005,SKU-0130,5,5,2025-03-04,2025-04-28,48.0,Aisle-B
BAT-002206,STR-005,SKU-0136,15,15,2025-03-04,2025-05-28,167.5,Checkout Display
BAT-002218,STR-005,SKU-0140,19,19,2025-03-04,2025-05-06,173.5,Refrigerated
BAT-002326,STR-006,SKU-0026,66,66,2025-03-04,2025-03-08,73.0,Bulk Bins
BAT-002662,STR-006,SKU-0138,78,78,2025-03-04,2025-04-16,119.0,Aisle-B
BAT-000167,STR-001,SKU-0056,18,18,2025-03-05,2025-11-13,116.0,Bulk Bins
BAT-000218,STR-001,SKU-0073,9,9,2025-03-05,2025-08-23,135.5,Checkout Display
BAT-000347,STR-001,SKU-0116,15,15,2025-03-05,2025-03-08,500.0,Produce Rack
BAT-000377,STR-001,SKU-0126,21,21,2025-03-05,2025-03-08,208.0,Aisle-A
BAT-000484,STR-002,SKU-0012,20,20,2025-03-05,2025-03-14,95.0,Aisle-B
BAT-000914,STR-003,SKU-0005,53,53,2025-03-05,2025-03-14,103.0,Produce Rack
BAT-000955,STR-003,SKU-0019,40,40,2025-03-05,2025-03-09,59.5,Aisle-B
BAT-001331,STR-003,SKU-0144,53,53,2025-03-05,2025-04-14,129.0,Aisle-A
BAT-001342,STR-003,SKU-0148,51,51,2025-03-05,2025-04-23,113.0,Bulk Bins
BAT-001430,STR-004,SKU-0027,15,15,2025-03-05,2025-03-07,52.5,Bulk Bins
BAT-001686,STR-004,SKU-0112,66,66,2025-03-05,2025-10-08,152.0,Produce Rack
BAT-001743,STR-004,SKU-0131,53,53,2025-03-05,2025-05-07,160.0,Frozen
BAT-001858,STR-005,SKU-0020,28,28,2025-03-05,2025-03-10,112.0,Produce Rack
BAT-002030,STR-005,SKU-0077,23,23,2025-03-05,2025-04-15,128.0,Produce Rack
BAT-002391,STR-006,SKU-0047,50,50,2025-03-05,2025-03-08,176.0,Aisle-B
BAT-002393,STR-006,SKU-0048,61,61,2025-03-05,2025-03-08,94.5,Aisle-A
BAT-002480,STR-006,SKU-0077,77,77,2025-03-05,2025-04-15,128.0,Refrigerated
BAT-002589,STR-006,SKU-0113,137,137,2025-03-05,2025-03-06,304.0,Frozen
BAT-000118,STR-001,SKU-0040,28,28,2025-03-06,2025-03-13,28.5,Refrigerated
BAT-000164,STR-001,SKU-0055,9,9,2025-03-06,2025-12-10,46.0,Checkout Display
BAT-000313,STR-001,SKU-0105,26,26,2025-03-06,2026-02-04,198.5,Aisle-A
BAT-000828,STR-002,SKU-0126,51,51,2025-03-06,2025-03-09,208.0,Aisle-A
BAT-000931,STR-003,SKU-0011,56,56,2025-03-06,2025-03-13,51.0,Frozen
BAT-000988,STR-003,SKU-0030,26,26,2025-03-06,2025-03-10,58.5,Frozen
BAT-001228,STR-003,SKU-0110,45,45,2025-03-06,2025-12-31,214.0,Aisle-B
BAT-001796,STR-004,SKU-0149,20,20,2025-03-06,2026-02-24,81.5,Frozen
BAT-001963,STR-005,SKU-0055,9,9,2025-03-06,2025-12-10,70.0,Produce Rack
BAT-002026,STR-005,SKU-0076,11,11,2025-03-06,2025-04-18,110.5,Checkout Display
BAT-002499,STR-006,SKU-0083,64,64,2025-03-06,2025-06-05,60.5,Aisle-A
BAT-002610,STR-006,SKU-0120,113,113,2025-03-06,2025-03-08,545.0,Bulk Bins
BAT-002615,STR-006,SKU-0122,39,39,2025-03-06,2025-03-09,216.0,Produce Rack
BAT-000399,STR-001,SKU-0133,20,20,2025-03-07,2025-05-18,82.0,Aisle-B
BAT-000755,STR-002,SKU-0102,43,43,2025-03-07,2026-02-17,176.5,Aisle-A
BAT-001117,STR-003,SKU-0073,58,58,2025-03-07,2025-08-25,135.5,Frozen
BAT-001282,STR-003,SKU-0128,44,44,2025-03-07,2025-03-08,302.0,Produce Rack
BAT-001294,STR-003,SKU-0132,49,49,2025-03-07,2025-06-02,118.5,Produce Rack
BAT-001346,STR-003,SKU-0149,44,44,2025-03-07,2026-02-25,116.5,Aisle-B
BAT-001383,STR-004,SKU-0011,58,58,2025-03-07,2025-03-14,51.0,Aisle-A
BAT-001436,STR-004,SKU-0029,26,26,2025-03-07,2025-03-11,109.5,Checkout Display
BAT-001525,STR-004,SKU-0059,19,19,2025-03-07,2026-01-30,121.0,Checkout Display
BAT-001544,STR-004,SKU-0065,73,73,2025-03-07,2025-06-25,104.0,Refrigerated
BAT-001899,STR-005,SKU-0033,30,30,2025-03-07,2025-03-14,67.0,Aisle-A
BAT-001922,STR-005,SKU-0041,9,9,2025-03-07,2025-03-10,84.5,Frozen
BAT-002297,STR-006,SKU-0016,131,131,2025-03-07,2025-03-15,76.0,Frozen
BAT-000361,STR-001,SKU-0121,18,18,2025-03-08,2025-03-10,232.5,Bulk Bins
BAT-000381,STR-001,SKU-0127,28,28,2025-03-08,2025-03-10,330.0,Produce Rack
BAT-000464,STR-002,SKU-0005,17,17,2025-03-08,2025-03-17,103.0,Aisle-A
BAT-000947,STR-003,SKU-0016,43,43,2025-03-08,2025-03-16,110.5,Produce Rack
BAT-000997,STR-003,SKU-0033,47,47,2025-03-08,2025-03-15,67.0,Aisle-B
BAT-001076,STR-003,SKU-0059,51,51,2025-03-08,2026-01-31,121.0,Produce Rack
BAT-001081,STR-003,SKU-0061,36,36,2025-03-08,2025-10-21,139.5,Refrigerated
BAT-001412,STR-004,SKU-0021,72,72,2025-03-08,2025-03-13,120.0,Checkout Display
BAT-001859,STR-005,SKU-0020,16,16,2025-03-08,2025-03-13,112.0,Checkout Display
BAT-002104,STR-005,SKU-0102,7,7,2025-03-08,2026-02-18,176.5,Frozen
BAT-002654,STR-006,SKU-0135,48,48,2025-03-08,2025-04-03,108.0,Bulk Bins
BAT-002691,STR-006,SKU-0147,112,112,2025-03-08,2025-03-10,86.0,Aisle-A
BAT-000135,STR-001,SKU-0045,22,22,2025-03-09,2025-03-15,108.0,Produce Rack
BAT-000254,STR-001,SKU-0085,9,9,2025-03-09,2025-09-03,71.0,Aisle-B
BAT-000389,STR-001,SKU-0130,29,29,2025-03-09,2025-05-03,70.5,Aisle-B
BAT-000799,STR-002,SKU-0117,66,66,2025-03-09,2025-03-10,292.0,Refrigerated
BAT-001168,STR-003,SKU-0090,72,72,2025-03-09,2025-06-05,79.5,Produce Rack
BAT-001191,STR-003,SKU-0097,58,58,2025-03-09,2026-02-12,135.0,Bulk Bins
BAT-001471,STR-004,SKU-0041,26,26,2025-03-09,2025-03-12,61.0,Bulk Bins
BAT-001529,STR-004,SKU-0060,61,61,2025-03-09,2025-10-15,164.0,Produce Rack
BAT-001568,STR-004,SKU-0073,57,57,2025-03-09,2025-08-27,135.5,Aisle-A
BAT-001790,STR-004,SKU-0147,72,72,2025-03-09,2025-03-11,86.0,Refrigerated
BAT-001924,STR-005,SKU-0042,25,25,2025-03-09,2025-03-14,30.5,Refrigerated
BAT-002001,STR-005,SKU-0067,14,14,2025-03-09,2025-04-26,117.5,Aisle-B
BAT-002435,STR-006,SKU-0062,138,138,2025-03-09,2025-11-04,144.5,Refrigerated
BAT-002458,STR-006,SKU-0070,49,49,2025-03-09,2025-07-11,134.5,Aisle-B
BAT-000183,STR-001,SKU-0061,24,24,2025-03-10,2025-10-23,139.5,Produce Rack
BAT-000256,STR-001,SKU-0086,30,30,2025-03-10,2025-08-20,88.0,Checkout Display
BAT-000280,STR-001,SKU-0094,19,19,2025-03-10,2025-08-03,41.0,Frozen
BAT-000374,STR-001,SKU-0125,26,26,2025-03-10,2025-03-13,253.0,Aisle-B
BAT-000890,STR-002,SKU-0147,49,49,2025-03-10,2025-03-12,86.0,Aisle-A
BAT-001211,STR-003,SKU-0104,47,47,2025-03-10,2025-12-04,89.5,Checkout Display
BAT-001380,STR-004,SKU-0010,80,80,2025-03-10,2025-03-17,53.5,Produce Rack
BAT-001445,STR-004,SKU-0032,18,18,2025-03-10,2025-03-14,47.5,Aisle-A
BAT-001692,STR-004,SKU-0114,27,27,2025-03-10,2025-03-11,342.0,Checkout Display
BAT-001824,STR-005,SKU-0008,19,19,2025-03-10,2025-03-20,37.0,Checkout Display
BAT-002081,STR-005,SKU-0094,11,11,2025-03-10,2025-08-03,53.0,Checkout Display
BAT-002095,STR-005,SKU-0099,18,18,2025-03-10,2025-09-06,182.0,Aisle-A
BAT-002384,STR-006,SKU-0045,84,84,2025-03-10,2025-03-16,70.0,Frozen
BAT-002626,STR-006,SKU-0126,70,70,2025-03-10,2025-03-13,208.0,Checkout Display
BAT-000046,STR-001,SKU-0016,23,23,2025-03-11,2025-03-19,110.5,Aisle-B
BAT-000223,STR-001,SKU-0075,15,15,2025-03-11,2025-08-17,131.0,Aisle-A
BAT-000547,STR-002,SKU-0033,78,78,2025-03-11,2025-03-18,67.0,Aisle-B
BAT-000791,STR-002,SKU-0114,33,33,2025-03-11,2025-03-12,342.0,Refrigerated
BAT-001192,STR-003,SKU-0098,22,22,2025-03-11,2026-03-23,114.0,Checkout Display
BAT-001278,STR-003,SKU-0126,53,53,2025-03-11,2025-03-14,208.0,Produce Rack
BAT-001565,STR-004,SKU-0072,24,24,2025-03-11,2025-05-06,92.0,Checkout Display
BAT-001689,STR-004,SKU-0113,32,32,2025-03-11,2025-03-12,308.0,Bulk Bins
BAT-001731,STR-004,SKU-0127,22,22,2025-03-11,2025-03-13,330.0,Refrigerated
BAT-001864,STR-005,SKU-0022,30,30,2025-03-11,2025-03-14,109.0,Aisle-A
BAT-002046,STR-005,SKU-0082,15,15,2025-03-11,2025-09-02,38.0,Aisle-B
BAT-002197,STR-005,SKU-0133,11,11,2025-03-11,2025-05-22,82.0,Produce Rack
BAT-002352,STR-006,SKU-0034,122,122,2025-03-11,2025-03-14,110.0,Aisle-A
BAT-002537,STR-006,SKU-0096,99,99,2025-03-11,2025-05-14,67.5,Aisle-A
BAT-002607,STR-006,SKU-0119,41,41,2025-03-11,2025-03-13,574.5,Aisle-B
BAT-002616,STR-006,SKU-0122,93,93,2025-03-11,2025-03-14,129.5,Bulk Bins
BAT-002696,STR-006,SKU-0149,147,147,2025-03-11,2026-03-01,116.5,Produce Rack
BAT-000071,STR-001,SKU-0024,24,24,2025-03-12,2025-03-16,119.5,Checkout Display
BAT-000239,STR-001,SKU-0080,25,25,2025-03-12,2025-05-19,143.0,Refrigerated
BAT-000613,STR-002,SKU-0055,69,69,2025-03-12,2025-12-16,70.0,Aisle-B
BAT-000936,STR-003,SKU-0012,42,42,2025-03-12,2025-03-21,95.0,Produce Rack
BAT-001152,STR-003,SKU-0084,70,70,2025-03-12,2025-08-30,57.0,Checkout Display
BAT-001901,STR-005,SKU-0034,8,8,2025-03-12,2025-03-15,110.0,Refrigerated
BAT-001918,STR-005,SKU-0040,27,27,2025-03-12,2025-03-19,28.5,Produce Rack
BAT-002226,STR-005,SKU-0142,5,5,2025-03-12,2025-03-30,92.5,Aisle-B
BAT-002388,STR-006,SKU-0046,123,123,2025-03-12,2025-03-17,140.5,Checkout Display
BAT-002464,STR-006,SKU-0072,111,111,2025-03-12,2025-05-07,57.0,Frozen
BAT-002491,STR-006,SKU-0081,121,121,2025-03-12,2025-05-29,40.5,Frozen
BAT-000101,STR-001,SKU-0034,27,27,2025-03-13,2025-03-16,110.0,Frozen
BAT-000120,STR-001,SKU-0040,11,11,2025-03-13,2025-03-20,28.5,Checkout Display
BAT-000535,STR-002,SKU-0029,34,34,2025-03-13,2025-03-17,109.5,Refrigerated
BAT-000554,STR-002,SKU-0035,77,77,2025-03-13,2025-03-20,108.0,Bulk Bins
BAT-000758,STR-002,SKU-0103,26,26,2025-03-13,2025-12-16,162.0,Checkout Display
BAT-000926,STR-003,SKU-0009,30,30,2025-03-13,2025-03-19,128.5,Frozen
BAT-001186,STR-003,SKU-0096,70,70,2025-03-13,2025-05-16,89.0,Aisle-B
BAT-001227,STR-003,SKU-0109,70,70,2025-03-13,2026-07-23,176.5,Refrigerated
BAT-001410,STR-004,SKU-0020,15,15,2025-03-13,2025-03-18,112.0,Checkout Display
BAT-001807,STR-005,SKU-0003,30,30,2025-03-13,2025-03-18,95.5,Aisle-B
BAT-001964,STR-005,SKU-0055,19,19,2025-03-13,2025-12-17,70.0,Checkout Display
BAT-002517,STR-006,SKU-0089,107,107,2025-03-13,2025-05-25,74.0,Bulk Bins
BAT-002560,STR-006,SKU-0104,72,72,2025-03-13,2025-12-07,110.0,Aisle-B
BAT-000134,STR-001,SKU-0045,16,16,2025-03-14,2025-03-20,70.0,Aisle-A
BAT-000208,STR-001,SKU-0070,18,18,2025-03-14,2025-07-16,134.5,Frozen
BAT-000310,STR-001,SKU-0104,30,30,2025-03-14,2025-12-08,139.5,Aisle-A
BAT-000329,STR-001,SKU-0110,10,10,2025-03-14,2026-01-08,214.0,Produce Rack
BAT-000506,STR-002,SKU-0019,76,76,2025-03-14,2025-03-18,59.5,Aisle-A
BAT-000749,STR-002,SKU-0100,77,77,2025-03-14,2026-08-16,106.0,Aisle-B
BAT-000759,STR-002,SKU-0103,57,57,2025-03-14,2025-12-17,162.0,Refrigerated
BAT-000830,STR-002,SKU-0127,56,56,2025-03-14,2025-03-16,330.0,Refrigerated
BAT-000939,STR-003,SKU-0013,56,56,2025-03-14,2025-03-20,103.0,Bulk Bins
BAT-001202,STR-003,SKU-0101,79,79,2025-03-14,2025-11-12,176.0,Aisle-B
BAT-001292,STR-003,SKU-0131,50,50,2025-03-14,2025-05-16,160.0,Aisle-B
BAT-001454,STR-004,SKU-0035,36,36,2025-03-14,2025-03-21,108.0,Checkout Display
BAT-001486,STR-004,SKU-0046,15,15,2025-03-14,2025-03-19,140.5,Checkout Display
BAT-002080,STR-005,SKU-0094,12,12,2025-03-14,2025-08-07,53.0,Frozen
BAT-002109,STR-005,SKU-0103,30,30,2025-03-14,2025-12-17,162.0,Aisle-A
BAT-002147,STR-005,SKU-0116,14,14,2025-03-14,2025-03-17,310.0,Produce Rack
BAT-002176,STR-005,SKU-0126,27,27,2025-03-14,2025-03-17,208.0,Frozen
BAT-002395,STR-006,SKU-0049,41,41,2025-03-14,2025-10-15,129.0,Refrigerated
BAT-000222,STR-001,SKU-0074,25,25,2025-03-15,2025-07-10,98.5,Refrigerated
BAT-000292,STR-001,SKU-0098,10,10,2025-03-15,2026-03-27,156.5,Checkout Display
BAT-000500,STR-002,SKU-0017,77,77,2025-03-15,2025-03-19,113.0,Checkout Display
BAT-000824,STR-002,SKU-0125,50,50,2025-03-15,2025-03-18,253.0,Frozen
BAT-000903,STR-003,SKU-0001,64,64,2025-03-15,2025-03-20,44.5,Produce Rack
BAT-000970,STR-003,SKU-0024,46,46,2025-03-15,2025-03-19,119.5,Checkout Display
BAT-001392,STR-004,SKU-0014,74,74,2025-03-15,2025-03-25,129.0,Aisle-B
BAT-001685,STR-004,SKU-0112,66,66,2025-03-15,2025-10-18,152.0,Checkout Display
BAT-001764,STR-004,SKU-0138,67,67,2025-03-15,2025-04-27,119.0,Refrigerated
BAT-001771,STR-004,SKU-0141,32,32,2025-03-15,2025-06-02,74.0,Refrigerated
BAT-001826,STR-005,SKU-0009,14,14,2025-03-15,2025-03-21,128.5,Aisle-A
BAT-001917,STR-005,SKU-0039,9,9,2025-03-15,2025-03-19,120.5,Aisle-A
BAT-001923,STR-005,SKU-0041,11,11,2025-03-15,2025-03-18,84.5,Produce Rack
BAT-002188,STR-005,SKU-0130,26,26,2025-03-15,2025-05-09,70.5,Aisle-A
BAT-002217,STR-005,SKU-0139,6,6,2025-03-15,2025-05-07,106.5,Checkout Display
BAT-002507,STR-006,SKU-0086,61,61,2025-03-15,2025-08-25,88.0,Aisle-B
BAT-002581,STR-006,SKU-0111,34,34,2025-03-15,2025-09-23,116.0,Aisle-B
BAT-002633,STR-006,SKU-0128,98,98,2025-03-15,2025-03-16,302.0,Frozen
BAT-000426,STR-001,SKU-0142,13,13,2025-03-16,2025-04-03,132.0,Aisle-A
BAT-000481,STR-002,SKU-0011,25,25,2025-03-16,2025-03-23,51.0,Bulk Bins
BAT-000517,STR-002,SKU-0023,57,57,2025-03-16,2025-03-18,94.5,Bulk Bins
BAT-000595,STR-002,SKU-0049,37,37,2025-03-16,2025-10-17,129.0,Frozen
BAT-000655,STR-002,SKU-0069,21,21,2025-03-16,2025-05-18,86.0,Bulk Bins
BAT-000718,STR-002,SKU-0090,71,71,2025-03-16,2025-06-12,79.5,Aisle-A
BAT-000806,STR-002,SKU-0119,26,26,2025-03-16,2025-03-18,574.5,Aisle-B
BAT-000822,STR-002,SKU-0124,37,37,2025-03-16,2025-03-18,169.0,Aisle-A
BAT-000889,STR-002,SKU-0147,36,36,2025-03-16,2025-03-18,86.0,Frozen
BAT-000954,STR-003,SKU-0018,62,62,2025-03-16,2025-03-21,71.5,Produce Rack
BAT-001139,STR-003,SKU-0080,65,65,2025-03-16,2025-05-23,143.0,Frozen
BAT-001163,STR-003,SKU-0088,64,64,2025-03-16,2025-08-08,54.0,Aisle-B
BAT-001194,STR-003,SKU-0098,59,59,2025-03-16,2026-03-28,156.5,Frozen
BAT-001474,STR-004,SKU-0042,38,38,2025-03-16,2025-03-21,30.5,Checkout Display
BAT-001493,STR-004,SKU-0048,26,26,2025-03-16,2025-03-19,152.5,Bulk Bins
BAT-001561,STR-004,SKU-0071,26,26,2025-03-16,2025-07-01,94.0,Aisle-B
BAT-001588,STR-004,SKU-0080,57,57,2025-03-16,2025-05-23,143.0,Refrigerated
BAT-001631,STR-004,SKU-0094,46,46,2025-03-16,2025-08-09,40.0,Frozen
BAT-001779,STR-004,SKU-0143,44,44,2025-03-16,2025-04-26,49.0,Frozen
BAT-002105,STR-005,SKU-0102,29,29,2025-03-16,2026-02-26,176.5,Frozen
BAT-002221,STR-005,SKU-0141,14,14,2025-03-16,2025-06-03,115.5,Aisle-B
BAT-002580,STR-006,SKU-0110,118,118,2025-03-16,2026-01-10,132.5,Aisle-A
BAT-000090,STR-001,SKU-0030,9,9,2025-03-17,2025-03-21,58.5,Aisle-A
BAT-000231,STR-001,SKU-0077,11,11,2025-03-17,2025-04-27,128.0,Frozen
BAT-000491,STR-002,SKU-0014,60,60,2025-03-17,2025-03-27,129.0,Refrigerated
BAT-000551,STR-002,SKU-0034,32,32,2025-03-17,2025-03-20,110.0,Produce Rack
BAT-000646,STR-002,SKU-0066,36,36,2025-03-17,2025-07-01,41.0,Checkout Display
BAT-000667,STR-002,SKU-0073,23,23,2025-03-17,2025-09-04,135.5,Frozen
BAT-000938,STR-003,SKU-0013,37,37,2025-03-17,2025-03-23,103.0,Checkout Display
BAT-000969,STR-003,SKU-0023,16,16,2025-03-17,2025-03-19,63.5,Aisle-B
BAT-001132,STR-003,SKU-0078,37,37,2025-03-17,2025-06-22,48.0,Refrigerated
BAT-001298,STR-003,SKU-0133,62,62,2025-03-17,2025-05-28,82.0,Frozen
BAT-001522,STR-004,SKU-0058,51,51,2025-03-17,2025-09-27,102.5,Bulk Bins
BAT-001773,STR-004,SKU-0141,31,31,2025-03-17,2025-06-04,115.5,Checkout Display
BAT-001925,STR-005,SKU-0042,17,17,2025-03-17,2025-03-22,30.5,Refrigerated
BAT-002017,STR-005,SKU-0073,25,25,2025-03-17,2025-09-04,82.5,Bulk Bins
BAT-002059,STR-005,SKU-0087,26,26,2025-03-17,2025-08-18,59.5,Frozen
BAT-002357,STR-006,SKU-0036,78,78,2025-03-17,2025-03-23,177.5,Checkout Display
BAT-002368,STR-006,SKU-0040,45,45,2025-03-17,2025-03-24,28.5,Aisle-B
BAT-002385,STR-006,SKU-0045,145,145,2025-03-17,2025-03-23,108.0,Frozen
BAT-000168,STR-001,SKU-0056,25,25,2025-03-18,2025-11-26,156.5,Produce Rack
BAT-000368,STR-001,SKU-0123,26,26,2025-03-18,2025-03-21,356.0,Produce Rack
BAT-000608,STR-002,SKU-0053,46,46,2025-03-18,2025-10-26,163.5,Aisle-A
BAT-000770,STR-002,SKU-0107,36,36,2025-03-18,2026-01-01,147.5,Frozen
BAT-000831,STR-002,SKU-0127,53,53,2025-03-18,2025-03-20,330.0,Produce Rack
BAT-000912,STR-003,SKU-0004,17,17,2025-03-18,2025-03-27,78.0,Produce Rack
BAT-001002,STR-003,SKU-0034,45,45,2025-03-18,2025-03-21,79.0,Aisle-B
BAT-001062,STR-003,SKU-0054,41,41,2025-03-18,2025-12-25,98.0,Refrigerated
BAT-001213,STR-003,SKU-0105,77,77,2025-03-18,2026-02-16,198.5,Bulk Bins
BAT-001244,STR-003,SKU-0115,16,16,2025-03-18,2025-03-19,311.5,Checkout Display
BAT-001285,STR-003,SKU-0129,32,32,2025-03-18,2025-03-30,149.0,Checkout Display
BAT-001506,STR-004,SKU-0052,17,17,2025-03-18,2025-09-17,129.5,Produce Rack
BAT-001589,STR-004,SKU-0080,56,56,2025-03-18,2025-05-25,143.0,Checkout Display
BAT-001885,STR-005,SKU-0029,28,28,2025-03-18,2025-03-22,109.5,Frozen
BAT-002129,STR-005,SKU-0110,21,21,2025-03-18,2026-01-12,214.0,Aisle-B
BAT-002541,STR-006,SKU-0097,66,66,2025-03-18,2026-02-21,135.0,Checkout Display
BAT-002554,STR-006,SKU-0102,48,48,2025-03-18,2026-02-28,176.5,Frozen
BAT-000121,STR-001,SKU-0041,26,26,2025-03-19,2025-03-22,84.5,Checkout Display
BAT-000160,STR-001,SKU-0054,21,21,2025-03-19,2025-12-26,98.0,Checkout Display
BAT-000521,STR-002,SKU-0024,19,19,2025-03-19,2025-03-23,119.5,Bulk Bins
BAT-000561,STR-002,SKU-0037,34,34,2025-03-19,2025-03-23,157.0,Bulk Bins
BAT-000694,STR-002,SKU-0082,63,63,2025-03-19,2025-09-10,38.0,Checkout Display
BAT-000839,STR-002,SKU-0130,38,38,2025-03-19,2025-05-13,70.5,Frozen
BAT-001004,STR-003,SKU-0035,54,54,2025-03-19,2025-03-26,108.0,Aisle-B
BAT-001022,STR-003,SKU-0041,33,33,2025-03-19,2025-03-22,84.5,Frozen
BAT-001271,STR-003,SKU-0124,61,61,2025-03-19,2025-03-21,169.0,Aisle-A
BAT-001321,STR-003,SKU-0141,34,34,2025-03-19,2025-06-06,115.5,Aisle-B
BAT-001327,STR-003,SKU-0143,75,75,2025-03-19,2025-04-29,49.0,Frozen
BAT-001531,STR-004,SKU-0061,41,41,2025-03-19,2025-11-01,139.5,Aisle-B
BAT-001679,STR-004,SKU-0110,25,25,2025-03-19,2026-01-13,145.5,Checkout Display
BAT-001822,STR-005,SKU-0008,20,20,2025-03-19,2025-03-29,37.0,Refrigerated
BAT-001883,STR-005,SKU-0028,19,19,2025-03-19,2025-03-22,53.0,Checkout Display
BAT-002029,STR-005,SKU-0077,28,28,2025-03-19,2025-04-29,128.0,Checkout Display
BAT-002057,STR-005,SKU-0086,24,24,2025-03-19,2025-08-29,60.0,Bulk Bins
BAT-002151,STR-005,SKU-0117,21,21,2025-03-19,2025-03-20,228.5,Produce Rack
BAT-002201,STR-005,SKU-0134,13,13,2025-03-19,2025-05-19,135.5,Refrigerated
BAT-002292,STR-006,SKU-0014,141,141,2025-03-19,2025-03-29,129.0,Frozen
BAT-002298,STR-006,SKU-0016,139,139,2025-03-19,2025-03-27,110.5,Aisle-A
BAT-002369,STR-006,SKU-0040,144,144,2025-03-19,2025-03-26,22.0,Checkout Display
BAT-002408,STR-006,SKU-0053,46,46,2025-03-19,2025-10-27,116.0,Refrigerated
BAT-002514,STR-006,SKU-0088,141,141,2025-03-19,2025-08-11,54.0,Bulk Bins
BAT-002672,STR-006,SKU-0141,118,118,2025-03-19,2025-06-06,115.5,Checkout Display
BAT-000001,STR-001,SKU-0001,16,16,2025-03-20,2025-03-25,42.5,Aisle-A
BAT-000395,STR-001,SKU-0132,20,20,2025-03-20,2025-06-15,118.5,Refrigerated
BAT-000456,STR-002,SKU-0002,32,32,2025-03-20,2025-03-26,76.0,Refrigerated
BAT-000471,STR-002,SKU-0007,43,43,2025-03-20,2025-03-27,92.0,Refrigerated
BAT-000701,STR-002,SKU-0084,31,31,2025-03-20,2025-09-07,57.0,Refrigerated
BAT-000747,STR-002,SKU-0099,65,65,2025-03-20,2025-09-16,182.0,Refrigerated
BAT-000870,STR-002,SKU-0140,28,28,2025-03-20,2025-05-22,173.5,Aisle-A
BAT-000967,STR-003,SKU-0023,57,57,2025-03-20,2025-03-22,94.5,Refrigerated
BAT-001043,STR-003,SKU-0048,51,51,2025-03-20,2025-03-23,152.5,Aisle-B
BAT-001409,STR-004,SKU-0020,22,22,2025-03-20,2025-03-25,85.0,Produce Rack
BAT-001437,STR-004,SKU-0029,24,24,2025-03-20,2025-03-24,109.5,Produce Rack
BAT-001709,STR-004,SKU-0120,46,46,2025-03-20,2025-03-22,545.0,Checkout Display
BAT-001729,STR-004,SKU-0127,74,74,2025-03-20,2025-03-22,330.0,Checkout Display
BAT-001847,STR-005,SKU-0016,28,28,2025-03-20,2025-03-28,110.5,Refrigerated
BAT-002094,STR-005,SKU-0098,10,10,2025-03-20,2026-04-01,156.5,Bulk Bins
BAT-002258,STR-006,SKU-0003,137,137,2025-03-20,2025-03-25,95.5,Aisle-A
BAT-002293,STR-006,SKU-0015,54,54,2025-03-20,2025-03-25,72.0,Bulk Bins
BAT-000284,STR-001,SKU-0095,26,26,2025-03-21,2025-06-22,49.5,Aisle-A
BAT-000783,STR-002,SKU-0111,27,27,2025-03-21,2025-09-29,77.5,Produce Rack
BAT-001185,STR-003,SKU-0095,42,42,2025-03-21,2025-06-22,62.5,Aisle-B
BAT-001596,STR-004,SKU-0082,34,34,2025-03-21,2025-09-12,38.0,Aisle-A
BAT-001718,STR-004,SKU-0123,58,58,2025-03-21,2025-03-24,356.0,Refrigerated
BAT-001938,STR-005,SKU-0046,22,22,2025-03-21,2025-03-26,140.5,Aisle-B
BAT-002156,STR-005,SKU-0119,20,20,2025-03-21,2025-03-23,574.5,Produce Rack
BAT-002195,STR-005,SKU-0132,10,10,2025-03-21,2025-06-16,118.5,Aisle-A
BAT-002450,STR-006,SKU-0067,64,64,2025-03-21,2025-05-08,82.0,Frozen
BAT-000311,STR-001,SKU-0104,25,25,2025-03-22,2025-12-16,139.5,Produce Rack
BAT-000474,STR-002,SKU-0008,63,63,2025-03-22,2025-04-01,37.0,Refrigerated
BAT-000977,STR-003,SKU-0026,42,42,2025-03-22,2025-03-26,100.0,Frozen
BAT-000998,STR-003,SKU-0033,21,21,2025-03-22,2025-03-29,67.0,Produce Rack
BAT-001424,STR-004,SKU-0025,31,31,2025-03-22,2025-03-24,49.0,Aisle-A
BAT-001757,STR-004,SKU-0136,45,45,2025-03-22,2025-06-15,167.5,Frozen
BAT-001852,STR-005,SKU-0018,19,19,2025-03-22,2025-03-27,71.5,Refrigerated
BAT-001897,STR-005,SKU-0033,8,8,2025-03-22,2025-03-29,67.0,Frozen
BAT-002018,STR-005,SKU-0073,19,19,2025-03-22,2025-09-09,135.5,Refrigerated
BAT-002356,STR-006,SKU-0036,114,114,2025-03-22,2025-03-28,122.5,Bulk Bins
BAT-002477,STR-006,SKU-0076,31,31,2025-03-22,2025-05-04,138.0,Bulk Bins
BAT-002632,STR-006,SKU-0128,41,41,2025-03-22,2025-03-23,302.0,Frozen
BAT-000133,STR-001,SKU-0045,13,13,2025-03-23,2025-03-29,108.0,Bulk Bins
BAT-000460,STR-002,SKU-0004,69,69,2025-03-23,2025-04-01,115.0,Bulk Bins
BAT-000470,STR-002,SKU-0007,56,56,2025-03-23,2025-03-30,92.0,Aisle-B
BAT-001580,STR-004,SKU-0077,23,23,2025-03-23,2025-05-03,128.0,Frozen
BAT-001855,STR-005,SKU-0019,8,8,2025-03-23,2025-03-27,59.5,Aisle-A
BAT-001860,STR-005,SKU-0020,17,17,2025-03-23,2025-03-28,112.0,Aisle-A
BAT-002036,STR-005,SKU-0079,25,25,2025-03-23,2025-08-09,72.5,Frozen
BAT-002279,STR-006,SKU-0010,127,127,2025-03-23,2025-03-30,46.0,Bulk Bins
BAT-002302,STR-006,SKU-0018,100,100,2025-03-23,2025-03-28,71.5,Frozen
BAT-002657,STR-006,SKU-0136,82,82,2025-03-23,2025-06-16,167.5,Checkout Display
BAT-000312,STR-001,SKU-0104,10,10,2025-03-24,2025-12-18,139.5,Aisle-B
BAT-001055,STR-003,SKU-0052,70,70,2025-03-24,2025-09-23,129.5,Refrigerated
BAT-001131,STR-003,SKU-0077,40,40,2025-03-24,2025-05-04,128.0,Checkout Display
BAT-001540,STR-004,SKU-0064,56,56,2025-03-24,2026-02-16,116.0,Aisle-A
BAT-001579,STR-004,SKU-0077,52,52,2025-03-24,2025-05-04,128.0,Refrigerated
BAT-001612,STR-004,SKU-0088,26,26,2025-03-24,2025-08-16,54.0,Frozen
BAT-001839,STR-005,SKU-0013,12,12,2025-03-24,2025-03-30,103.0,Checkout Display
BAT-002091,STR-005,SKU-0097,9,9,2025-03-24,2026-02-27,135.0,Bulk Bins
BAT-002255,STR-006,SKU-0002,33,33,2025-03-24,2025-03-30,76.0,Checkout Display
BAT-002348,STR-006,SKU-0033,137,137,2025-03-24,2025-03-31,67.0,Aisle-A
BAT-002405,STR-006,SKU-0052,130,130,2025-03-24,2025-09-23,129.5,Produce Rack
BAT-002419,STR-006,SKU-0057,95,95,2025-03-24,2026-02-09,150.5,Aisle-B
BAT-000390,STR-001,SKU-0130,12,12,2025-03-25,2025-05-19,55.5,Aisle-A
BAT-000398,STR-001,SKU-0133,25,25,2025-03-25,2025-06-05,82.0,Refrigerated
BAT-000413,STR-001,SKU-0138,29,29,2025-03-25,2025-05-07,94.0,Aisle-B
BAT-001462,STR-004,SKU-0038,20,20,2025-03-25,2025-03-30,101.0,Refrigerated
BAT-001913,STR-005,SKU-0038,16,16,2025-03-25,2025-03-30,142.5,Frozen
BAT-002124,STR-005,SKU-0108,13,13,2025-03-25,2025-12-16,215.0,Produce Rack
BAT-002285,STR-006,SKU-0012,143,143,2025-03-25,2025-04-03,95.0,Refrigerated
BAT-002451,STR-006,SKU-0067,121,121,2025-03-25,2025-05-12,88.0,Bulk Bins
BAT-000099,STR-001,SKU-0033,14,14,2025-03-26,2025-04-02,67.0,Checkout Display
BAT-000146,STR-001,SKU-0049,16,16,2025-03-26,2025-10-27,129.0,Checkout Display
BAT-000247,STR-001,SKU-0083,21,21,2025-03-26,2025-06-25,44.0,Produce Rack
BAT-000353,STR-001,SKU-0118,17,17,2025-03-26,2025-03-29,327.0,Aisle-A
BAT-000520,STR-002,SKU-0024,50,50,2025-03-26,2025-03-30,119.5,Produce Rack
BAT-000543,STR-002,SKU-0031,63,63,2025-03-26,2025-03-28,102.5,Refrigerated
BAT-000600,STR-002,SKU-0050,77,77,2025-03-26,2025-10-11,121.0,Bulk Bins
BAT-000648,STR-002,SKU-0066,71,71,2025-03-26,2025-07-10,41.0,Aisle-A
BAT-000716,STR-002,SKU-0089,25,25,2025-03-26,2025-06-07,74.0,Refrigerated
BAT-000951,STR-003,SKU-0017,55,55,2025-03-26,2025-03-30,113.0,Aisle-A
BAT-001050,STR-003,SKU-0050,68,68,2025-03-26,2025-10-11,121.0,Produce Rack
BAT-001112,STR-003,SKU-0071,37,37,2025-03-26,2025-07-11,128.5,Aisle-A
BAT-001121,STR-003,SKU-0074,44,44,2025-03-26,2025-07-21,98.5,Checkout Display
BAT-001352,STR-004,SKU-0001,57,57,2025-03-26,2025-03-31,58.0,Checkout Display
BAT-001375,STR-004,SKU-0009,26,26,2025-03-26,2025-04-01,128.5,Aisle-A
BAT-001643,STR-004,SKU-0098,53,53,2025-03-26,2026-04-07,156.5,Checkout Display
BAT-001675,STR-004,SKU-0109,71,71,2025-03-26,2026-08-05,176.5,Frozen
BAT-001733,STR-004,SKU-0128,53,53,2025-03-26,2025-03-27,302.0,Frozen
BAT-001833,STR-005,SKU-0011,24,24,2025-03-26,2025-04-02,37.0,Bulk Bins
BAT-002158,STR-005,SKU-0120,19,19,2025-03-26,2025-03-28,545.0,Aisle-A
BAT-002224,STR-005,SKU-0142,27,27,2025-03-26,2025-04-13,132.0,Produce Rack
BAT-002394,STR-006,SKU-0048,100,100,2025-03-26,2025-03-29,152.5,Refrigerated
BAT-002455,STR-006,SKU-0069,60,60,2025-03-26,2025-05-28,66.0,Frozen
BAT-002526,STR-006,SKU-0092,107,107,2025-03-26,2025-07-15,64.5,Aisle-B
BAT-002643,STR-006,SKU-0131,84,84,2025-03-26,2025-05-28,160.0,Checkout Display
BAT-000023,STR-001,SKU-0008,10,10,2025-03-27,2025-04-06,37.0,Checkout Display
BAT-000051,STR-001,SKU-0017,14,14,2025-03-27,2025-03-31,113.0,Refrigerated
BAT-000308,STR-001,SKU-0103,19,19,2025-03-27,2025-12-30,162.0,Aisle-A
BAT-000354,STR-001,SKU-0118,6,6,2025-03-27,2025-03-30,327.0,Frozen
BAT-000386,STR-001,SKU-0129,25,25,2025-03-27,2025-04-08,103.0,Checkout Display
BAT-000612,STR-002,SKU-0054,59,59,2025-03-27,2026-01-03,98.0,Produce Rack
BAT-000800,STR-002,SKU-0117,45,45,2025-03-27,2025-03-28,262.0,Refrigerated
BAT-000880,STR-002,SKU-0144,76,76,2025-03-27,2025-05-06,129.0,Aisle-A
BAT-000893,STR-002,SKU-0148,76,76,2025-03-27,2025-05-15,113.0,Checkout Display
BAT-001303,STR-003,SKU-0135,56,56,2025-03-27,2025-04-22,108.0,Aisle-B
BAT-001644,STR-004,SKU-0098,61,61,2025-03-27,2026-04-08,112.5,Bulk Bins
BAT-002209,STR-005,SKU-0137,15,15,2025-03-27,2025-05-30,98.5,Checkout Display
BAT-002252,STR-006,SKU-0001,77,77,2025-03-27,2025-04-01,58.0,Checkout Display
BAT-002354,STR-006,SKU-0035,106,106,2025-03-27,2025-04-03,108.0,Checkout Display
BAT-002380,STR-006,SKU-0044,42,42,2025-03-27,2025-04-03,151.5,Aisle-A
BAT-000017,STR-001,SKU-0006,12,12,2025-03-28,2025-04-06,97.0,Produce Rack
BAT-000185,STR-001,SKU-0062,13,13,2025-03-28,2025-11-23,94.0,Bulk Bins
BAT-000323,STR-001,SKU-0108,20,20,2025-03-28,2025-12-19,215.0,Aisle-B
BAT-000434,STR-001,SKU-0145,12,12,2025-03-28,2025-04-01,76.5,Refrigerated
BAT-000519,STR-002,SKU-0023,75,75,2025-03-28,2025-03-30,94.5,Aisle-A
BAT-000552,STR-002,SKU-0034,40,40,2025-03-28,2025-03-31,110.0,Aisle-B
BAT-000564,STR-002,SKU-0038,68,68,2025-03-28,2025-04-02,142.5,Bulk Bins
BAT-000624,STR-002,SKU-0058,62,62,2025-03-28,2025-10-08,102.5,Frozen
BAT-000693,STR-002,SKU-0081,16,16,2025-03-28,2025-06-14,58.5,Aisle-A
BAT-001266,STR-003,SKU-0122,17,17,2025-03-28,2025-03-31,216.0,Checkout Display
BAT-001402,STR-004,SKU-0018,70,70,2025-03-28,2025-04-02,71.5,Frozen
BAT-001634,STR-004,SKU-0095,30,30,2025-03-28,2025-06-29,62.5,Checkout Display
BAT-001653,STR-004,SKU-0101,33,33,2025-03-28,2025-11-26,176.0,Refrigerated
BAT-002075,STR-005,SKU-0092,27,27,2025-03-28,2025-07-17,64.5,Produce Rack
BAT-002076,STR-005,SKU-0092,15,15,2025-03-28,2025-07-17,64.5,Produce Rack
BAT-002208,STR-005,SKU-0136,9,9,2025-03-28,2025-06-21,167.5,Checkout Display
BAT-002387,STR-006,SKU-0046,48,48,2025-03-28,2025-04-02,140.5,Aisle-A
BAT-002495,STR-006,SKU-0082,54,54,2025-03-28,2025-09-19,38.0,Frozen
BAT-000141,STR-001,SKU-0047,22,22,2025-03-29,2025-04-01,176.0,Checkout Display
BAT-000475,STR-002,SKU-0009,68,68,2025-03-29,2025-04-04,128.5,Refrigerated
BAT-000513,STR-002,SKU-0021,43,43,2025-03-29,2025-04-03,120.0,Bulk Bins
BAT-000738,STR-002,SKU-0096,60,60,2025-03-29,2025-06-01,89.0,Aisle-A
BAT-000803,STR-002,SKU-0118,27,27,2025-03-29,2025-04-01,327.0,Aisle-B
BAT-000949,STR-003,SKU-0017,51,51,2025-03-29,2025-04-02,113.0,Aisle-A
BAT-001058,STR-003,SKU-0053,27,27,2025-03-29,2025-11-06,163.5,Refrigerated
BAT-001113,STR-003,SKU-0071,73,73,2025-03-29,2025-07-14,128.5,Aisle-A
BAT-001151,STR-003,SKU-0084,37,37,2025-03-29,2025-09-16,57.0,Frozen
BAT-001590,STR-004,SKU-0080,71,71,2025-03-29,2025-06-05,143.0,Produce Rack
BAT-001862,STR-005,SKU-0021,11,11,2025-03-29,2025-04-03,120.0,Aisle-B
BAT-002020,STR-005,SKU-0074,5,5,2025-03-29,2025-07-24,66.0,Aisle-B
BAT-002168,STR-005,SKU-0123,6,6,2025-03-29,2025-04-01,356.0,Bulk Bins
BAT-002339,STR-006,SKU-0030,148,148,2025-03-29,2025-04-02,58.5,Bulk Bins
BAT-002389,STR-006,SKU-0047,112,112,2025-03-29,2025-04-01,176.0,Refrigerated
BAT-000012,STR-001,SKU-0004,13,13,2025-03-30,2025-04-08,115.0,Produce Rack
BAT-000020,STR-001,SKU-0007,19,19,2025-03-30,2025-04-06,92.0,Refrigerated
BAT-000045,STR-001,SKU-0015,19,19,2025-03-30,2025-04-04,64.0,Refrigerated
BAT-000619,STR-002,SKU-0057,31,31,2025-03-30,2026-02-15,150.5,Checkout Display
BAT-000637,STR-002,SKU-0063,44,44,2025-03-30,2025-11-28,168.0,Aisle-A
BAT-000739,STR-002,SKU-0097,60,60,2025-03-30,2026-03-05,135.0,Produce Rack
BAT-000753,STR-002,SKU-0101,65,65,2025-03-30,2025-11-28,176.0,Bulk Bins
BAT-001071,STR-003,SKU-0057,35,35,2025-03-30,2026-02-15,105.5,Bulk Bins
BAT-001334,STR-003,SKU-0145,37,37,2025-03-30,2025-04-03,123.5,Checkout Display
BAT-001867,STR-005,SKU-0023,19,19,2025-03-30,2025-04-01,94.5,Frozen
BAT-001920,STR-005,SKU-0040,22,22,2025-03-30,2025-04-06,28.5,Checkout Display
BAT-002306,STR-006,SKU-0019,41,41,2025-03-30,2025-04-03,47.5,Aisle-A
BAT-002327,STR-006,SKU-0026,34,34,2025-03-30,2025-04-03,100.0,Refrigerated
BAT-002363,STR-006,SKU-0038,85,85,2025-03-30,2025-04-04,142.5,Aisle-B
BAT-002468,STR-006,SKU-0073,111,111,2025-03-30,2025-09-17,135.5,Aisle-B
BAT-002666,STR-006,SKU-0139,93,93,2025-03-30,2025-05-22,106.5,Frozen
