store_id,date,hour_of_day,transaction_count,is_weekend,local_event
STR-001,2024-10-02,0,0,False,Gandhi Jayanti
STR-001,2024-10-02,1,0,False,Gandhi Jayanti
STR-001,2024-10-02,2,0,False,Gandhi Jayanti
STR-001,2024-10-02,3,0,False,Gandhi Jayanti
STR-001,2024-10-02,4,0,False,Gandhi Jayanti
STR-001,2024-10-02,5,0,False,Gandhi Jayanti
STR-001,2024-10-02,6,2,False,Gandhi Jayanti
STR-001,2024-10-02,7,7,False,Gandhi Jayanti
STR-001,2024-10-02,8,7,False,Gandhi Jayanti
STR-001,2024-10-02,9,7,False,Gandhi Jayanti
STR-001,2024-10-02,10,11,False,Gandhi Jayanti
STR-001,2024-10-02,11,15,False,Gandhi Jayanti
STR-001,2024-10-02,12,17,False,Gandhi Jayanti
STR-001,2024-10-02,13,11,False,Gandhi Jayanti
STR-001,2024-10-02,14,12,False,Gandhi Jayanti
STR-001,2024-10-02,15,8,False,Gandhi Jayanti
STR-001,2024-10-02,16,14,False,Gandhi Jayanti
STR-001,2024-10-02,17,6,False,Gandhi Jayanti
STR-001,2024-10-02,18,25,False,Gandhi Jayanti
STR-001,2024-10-02,19,14,False,Gandhi Jayanti
STR-001,2024-10-02,20,11,False,Gandhi Jayanti
STR-001,2024-10-02,21,10,False,Gandhi Jayanti
STR-001,2024-10-02,22,6,False,Gandhi Jayanti
STR-001,2024-10-02,23,2,False,Gandhi Jayanti
STR-001,2024-10-03,0,0,False,
STR-001,2024-10-03,1,0,False,
STR-001,2024-10-03,2,0,False,
STR-001,2024-10-03,3,0,False,
STR-001,2024-10-03,4,0,False,
STR-001,2024-10-03,5,0,False,
STR-001,2024-10-03,6,0,False,
STR-001,2024-10-03,7,4,False,
STR-001,2024-10-03,8,4,False,
STR-001,2024-10-03,9,8,False,
STR-001,2024-10-03,10,8,False,
STR-001,2024-10-03,11,7,False,
STR-001,2024-10-03,12,9,False,
STR-001,2024-10-03,13,9,False,
STR-001,2024-10-03,14,10,False,
STR-001,2024-10-03,15,6,False,
STR-001,2024-10-03,16,7,False,
STR-001,2024-10-03,17,12,False,
STR-001,2024-10-03,18,13,False,
STR-001,2024-10-03,19,24,False,
STR-001,2024-10-03,20,15,False,
STR-001,2024-10-03,21,6,False,
STR-001,2024-10-03,22,5,False,
STR-001,2024-10-03,23,0,False,
STR-001,2024-10-04,0,0,False,
STR-001,2024-10-04,1,0,False,
STR-001,2024-10-04,2,0,False,
STR-001,2024-10-04,3,0,False,
STR-001,2024-10-04,4,0,False,
STR-001,2024-10-04,5,0,False,
STR-001,2024-10-04,6,3,False,
STR-001,2024-10-04,7,0,False,
STR-001,2024-10-04,8,6,False,
STR-001,2024-10-04,9,7,False,
STR-001,2024-10-04,10,6,False,
STR-001,2024-10-04,11,8,False,
STR-001,2024-10-04,12,5,False,
STR-001,2024-10-04,13,10,False,
STR-001,2024-10-04,14,8,False,
STR-001,2024-10-04,15,2,False,
STR-001,2024-10-04,16,9,False,
STR-001,2024-10-04,17,8,False,
STR-001,2024-10-04,18,15,False,
STR-001,2024-10-04,19,13,False,
STR-001,2024-10-04,20,8,False,
STR-001,2024-10-04,21,11,False,
STR-001,2024-10-04,22,3,False,
STR-001,2024-10-04,23,1,False,
STR-001,2024-10-05,0,0,True,
STR-001,2024-10-05,1,0,True,
STR-001,2024-10-05,2,0,True,
STR-001,2024-10-05,3,0,True,
STR-001,2024-10-05,4,0,True,
STR-001,2024-10-05,5,0,True,
STR-001,2024-10-05,6,0,True,
STR-001,2024-10-05,7,2,True,
STR-001,2024-10-05,8,4,True,
STR-001,2024-10-05,9,9,True,
STR-001,2024-10-05,10,8,True,
STR-001,2024-10-05,11,12,True,
STR-001,2024-10-05,12,12,True,
STR-001,2024-10-05,13,13,True,
STR-001,2024-10-05,14,8,True,
STR-001,2024-10-05,15,12,True,
STR-001,2024-10-05,16,13,True,
STR-001,2024-10-05,17,10,True,
STR-001,2024-10-05,18,10,True,
STR-001,2024-10-05,19,19,True,
STR-001,2024-10-05,20,11,True,
STR-001,2024-10-05,21,6,True,
STR-001,2024-10-05,22,4,True,
STR-001,2024-10-05,23,3,True,
STR-001,2024-10-06,0,0,True,
STR-001,2024-10-06,1,0,True,
STR-001,2024-10-06,2,0,True,
STR-001,2024-10-06,3,0,True,
STR-001,2024-10-06,4,0,True,
STR-001,2024-10-06,5,0,True,
STR-001,2024-10-06,6,1,True,
STR-001,2024-10-06,7,7,True,
STR-001,2024-10-06,8,2,True,
STR-001,2024-10-06,9,10,True,
STR-001,2024-10-06,10,7,True,
STR-001,2024-10-06,11,14,True,
STR-001,2024-10-06,12,10,True,
STR-001,2024-10-06,13,7,True,
STR-001,2024-10-06,14,5,True,
STR-001,2024-10-06,15,8,True,
STR-001,2024-10-06,16,5,True,
STR-001,2024-10-06,17,6,True,
STR-001,2024-10-06,18,12,True,
STR-001,2024-10-06,19,18,True,
STR-001,2024-10-06,20,10,True,
STR-001,2024-10-06,21,8,True,
STR-001,2024-10-06,22,2,True,
STR-001,2024-10-06,23,2,True,
STR-001,2024-10-07,0,0,False,
STR-001,2024-10-07,1,0,False,
STR-001,2024-10-07,2,0,False,
STR-001,2024-10-07,3,0,False,
STR-001,2024-10-07,4,0,False,
STR-001,2024-10-07,5,0,False,
STR-001,2024-10-07,6,2,False,
STR-001,2024-10-07,7,1,False,
STR-001,2024-10-07,8,2,False,
STR-001,2024-10-07,9,3,False,
STR-001,2024-10-07,10,3,False,
STR-001,2024-10-07,11,4,False,
STR-001,2024-10-07,12,9,False,
STR-001,2024-10-07,13,6,False,
STR-001,2024-10-07,14,11,False,
STR-001,2024-10-07,15,6,False,
STR-001,2024-10-07,16,10,False,
STR-001,2024-10-07,17,7,False,
STR-001,2024-10-07,18,7,False,
STR-001,2024-10-07,19,15,False,
STR-001,2024-10-07,20,12,False,
STR-001,2024-10-07,21,9,False,
STR-001,2024-10-07,22,3,False,
STR-001,2024-10-07,23,0,False,
STR-001,2024-10-08,0,0,False,
STR-001,2024-10-08,1,0,False,
STR-001,2024-10-08,2,0,False,
STR-001,2024-10-08,3,0,False,
STR-001,2024-10-08,4,0,False,
STR-001,2024-10-08,5,0,False,
STR-001,2024-10-08,6,1,False,
STR-001,2024-10-08,7,3,False,
STR-001,2024-10-08,8,4,False,
STR-001,2024-10-08,9,5,False,
STR-001,2024-10-08,10,3,False,
STR-001,2024-10-08,11,9,False,
STR-001,2024-10-08,12,9,False,
STR-001,2024-10-08,13,6,False,
STR-001,2024-10-08,14,9,False,
STR-001,2024-10-08,15,7,False,
STR-001,2024-10-08,16,5,False,
STR-001,2024-10-08,17,4,False,
STR-001,2024-10-08,18,10,False,
STR-001,2024-10-08,19,18,False,
STR-001,2024-10-08,20,6,False,
STR-001,2024-10-08,21,4,False,
STR-001,2024-10-08,22,2,False,
STR-001,2024-10-08,23,0,False,
STR-001,2024-10-09,0,0,False,
STR-001,2024-10-09,1,0,False,
STR-001,2024-10-09,2,0,False,
STR-001,2024-10-09,3,0,False,
STR-001,2024-10-09,4,0,False,
STR-001,2024-10-09,5,0,False,
STR-001,2024-10-09,6,2,False,
STR-001,2024-10-09,7,4,False,
STR-001,2024-10-09,8,5,False,
STR-001,2024-10-09,9,6,False,
STR-001,2024-10-09,10,6,False,
STR-001,2024-10-09,11,10,False,
STR-001,2024-10-09,12,12,False,
STR-001,2024-10-09,13,13,False,
STR-001,2024-10-09,14,10,False,
STR-001,2024-10-09,15,8,False,
STR-001,2024-10-09,16,7,False,
STR-001,2024-10-09,17,9,False,
STR-001,2024-10-09,18,15,False,
STR-001,2024-10-09,19,12,False,
STR-001,2024-10-09,20,19,False,
STR-001,2024-10-09,21,5,False,
STR-001,2024-10-09,22,3,False,
STR-001,2024-10-09,23,3,False,
STR-001,2024-10-10,0,0,False,
STR-001,2024-10-10,1,0,False,
STR-001,2024-10-10,2,0,False,
STR-001,2024-10-10,3,0,False,
STR-001,2024-10-10,4,0,False,
STR-001,2024-10-10,5,0,False,
STR-001,2024-10-10,6,3,False,
STR-001,2024-10-10,7,2,False,
STR-001,2024-10-10,8,0,False,
STR-001,2024-10-10,9,5,False,
STR-001,2024-10-10,10,5,False,
STR-001,2024-10-10,11,10,False,
STR-001,2024-10-10,12,5,False,
STR-001,2024-10-10,13,7,False,
STR-001,2024-10-10,14,7,False,
STR-001,2024-10-10,15,7,False,
STR-001,2024-10-10,16,2,False,
STR-001,2024-10-10,17,3,False,
STR-001,2024-10-10,18,17,False,
STR-001,2024-10-10,19,14,False,
STR-001,2024-10-10,20,11,False,
STR-001,2024-10-10,21,13,False,
STR-001,2024-10-10,22,4,False,
STR-001,2024-10-10,23,1,False,
STR-001,2024-10-11,0,0,False,
STR-001,2024-10-11,1,0,False,
STR-001,2024-10-11,2,0,False,
STR-001,2024-10-11,3,0,False,
STR-001,2024-10-11,4,0,False,
STR-001,2024-10-11,5,0,False,
STR-001,2024-10-11,6,2,False,
STR-001,2024-10-11,7,3,False,
STR-001,2024-10-11,8,3,False,
STR-001,2024-10-11,9,9,False,
STR-001,2024-10-11,10,3,False,
STR-001,2024-10-11,11,4,False,
STR-001,2024-10-11,12,10,False,
STR-001,2024-10-11,13,7,False,
STR-001,2024-10-11,14,5,False,
STR-001,2024-10-11,15,4,False,
STR-001,2024-10-11,16,8,False,
STR-001,2024-10-11,17,4,False,
STR-001,2024-10-11,18,5,False,
STR-001,2024-10-11,19,11,False,
STR-001,2024-10-11,20,7,False,
STR-001,2024-10-11,21,8,False,
STR-001,2024-10-11,22,2,False,
STR-001,2024-10-11,23,1,False,
STR-001,2024-10-12,0,0,True,
STR-001,2024-10-12,1,0,True,
STR-001,2024-10-12,2,0,True,
STR-001,2024-10-12,3,0,True,
STR-001,2024-10-12,4,0,True,
STR-001,2024-10-12,5,0,True,
STR-001,2024-10-12,6,4,True,
STR-001,2024-10-12,7,7,True,
STR-001,2024-10-12,8,4,True,
STR-001,2024-10-12,9,18,True,
STR-001,2024-10-12,10,6,True,
STR-001,2024-10-12,11,6,True,
STR-001,2024-10-12,12,21,True,
STR-001,2024-10-12,13,19,True,
STR-001,2024-10-12,14,14,True,
STR-001,2024-10-12,15,9,True,
STR-001,2024-10-12,16,10,True,
STR-001,2024-10-12,17,9,True,
STR-001,2024-10-12,18,16,True,
STR-001,2024-10-12,19,15,True,
STR-001,2024-10-12,20,15,True,
STR-001,2024-10-12,21,11,True,
STR-001,2024-10-12,22,2,True,
STR-001,2024-10-12,23,2,True,
STR-001,2024-10-13,0,0,True,
STR-001,2024-10-13,1,0,True,
STR-001,2024-10-13,2,0,True,
STR-001,2024-10-13,3,0,True,
STR-001,2024-10-13,4,0,True,
STR-001,2024-10-13,5,0,True,
STR-001,2024-10-13,6,3,True,
STR-001,2024-10-13,7,5,True,
STR-001,2024-10-13,8,5,True,
STR-001,2024-10-13,9,4,True,
STR-001,2024-10-13,10,11,True,
STR-001,2024-10-13,11,5,True,
STR-001,2024-10-13,12,10,True,
STR-001,2024-10-13,13,12,True,
STR-001,2024-10-13,14,10,True,
STR-001,2024-10-13,15,10,True,
STR-001,2024-10-13,16,8,True,
STR-001,2024-10-13,17,10,True,
STR-001,2024-10-13,18,14,True,
STR-001,2024-10-13,19,18,True,
STR-001,2024-10-13,20,17,True,
STR-001,2024-10-13,21,10,True,
STR-001,2024-10-13,22,1,True,
STR-001,2024-10-13,23,1,True,
STR-001,2024-10-14,0,0,False,
STR-001,2024-10-14,1,0,False,
STR-001,2024-10-14,2,0,False,
STR-001,2024-10-14,3,0,False,
STR-001,2024-10-14,4,0,False,
STR-001,2024-10-14,5,0,False,
STR-001,2024-10-14,6,1,False,
STR-001,2024-10-14,7,0,False,
STR-001,2024-10-14,8,2,False,
STR-001,2024-10-14,9,5,False,
STR-001,2024-10-14,10,9,False,
STR-001,2024-10-14,11,5,False,
STR-001,2024-10-14,12,11,False,
STR-001,2024-10-14,13,7,False,
STR-001,2024-10-14,14,9,False,
STR-001,2024-10-14,15,9,False,
STR-001,2024-10-14,16,6,False,
STR-001,2024-10-14,17,8,False,
STR-001,2024-10-14,18,11,False,
STR-001,2024-10-14,19,15,False,
STR-001,2024-10-14,20,16,False,
STR-001,2024-10-14,21,11,False,
STR-001,2024-10-14,22,3,False,
STR-001,2024-10-14,23,1,False,
STR-001,2024-10-15,0,0,False,
STR-001,2024-10-15,1,0,False,
STR-001,2024-10-15,2,0,False,
STR-001,2024-10-15,3,0,False,
STR-001,2024-10-15,4,0,False,
STR-001,2024-10-15,5,0,False,
STR-001,2024-10-15,6,1,False,
STR-001,2024-10-15,7,3,False,
STR-001,2024-10-15,8,6,False,
STR-001,2024-10-15,9,9,False,
STR-001,2024-10-15,10,6,False,
STR-001,2024-10-15,11,6,False,
STR-001,2024-10-15,12,12,False,
STR-001,2024-10-15,13,14,False,
STR-001,2024-10-15,14,12,False,
STR-001,2024-10-15,15,4,False,
STR-001,2024-10-15,16,6,False,
STR-001,2024-10-15,17,8,False,
STR-001,2024-10-15,18,15,False,
STR-001,2024-10-15,19,9,False,
STR-001,2024-10-15,20,13,False,
STR-001,2024-10-15,21,9,False,
STR-001,2024-10-15,22,3,False,
STR-001,2024-10-15,23,3,False,
STR-001,2024-10-16,0,0,False,
STR-001,2024-10-16,1,0,False,
STR-001,2024-10-16,2,0,False,
STR-001,2024-10-16,3,0,False,
STR-001,2024-10-16,4,0,False,
STR-001,2024-10-16,5,0,False,
STR-001,2024-10-16,6,3,False,
STR-001,2024-10-16,7,4,False,
STR-001,2024-10-16,8,0,False,
STR-001,2024-10-16,9,6,False,
STR-001,2024-10-16,10,7,False,
STR-001,2024-10-16,11,5,False,
STR-001,2024-10-16,12,7,False,
STR-001,2024-10-16,13,4,False,
STR-001,2024-10-16,14,5,False,
STR-001,2024-10-16,15,5,False,
STR-001,2024-10-16,16,10,False,
STR-001,2024-10-16,17,4,False,
STR-001,2024-10-16,18,12,False,
STR-001,2024-10-16,19,12,False,
STR-001,2024-10-16,20,12,False,
STR-001,2024-10-16,21,7,False,
STR-001,2024-10-16,22,2,False,
STR-001,2024-10-16,23,0,False,
STR-001,2024-10-17,0,0,False,
STR-001,2024-10-17,1,0,False,
STR-001,2024-10-17,2,0,False,
STR-001,2024-10-17,3,0,False,
STR-001,2024-10-17,4,0,False,
STR-001,2024-10-17,5,0,False,
STR-001,2024-10-17,6,0,False,
STR-001,2024-10-17,7,1,False,
STR-001,2024-10-17,8,1,False,
STR-001,2024-10-17,9,8,False,
STR-001,2024-10-17,10,7,False,
STR-001,2024-10-17,11,10,False,
STR-001,2024-10-17,12,11,False,
STR-001,2024-10-17,13,13,False,
STR-001,2024-10-17,14,9,False,
STR-001,2024-10-17,15,8,False,
STR-001,2024-10-17,16,10,False,
STR-001,2024-10-17,17,3,False,
STR-001,2024-10-17,18,5,False,
STR-001,2024-10-17,19,8,False,
STR-001,2024-10-17,20,9,False,
STR-001,2024-10-17,21,14,False,
STR-001,2024-10-17,22,0,False,
STR-001,2024-10-17,23,3,False,
STR-001,2024-10-18,0,0,False,
STR-001,2024-10-18,1,0,False,
STR-001,2024-10-18,2,0,False,
STR-001,2024-10-18,3,0,False,
STR-001,2024-10-18,4,0,False,
STR-001,2024-10-18,5,0,False,
STR-001,2024-10-18,6,2,False,
STR-001,2024-10-18,7,6,False,
STR-001,2024-10-18,8,4,False,
STR-001,2024-10-18,9,4,False,
STR-001,2024-10-18,10,8,False,
STR-001,2024-10-18,11,8,False,
STR-001,2024-10-18,12,15,False,
STR-001,2024-10-18,13,8,False,
STR-001,2024-10-18,14,6,False,
STR-001,2024-10-18,15,10,False,
STR-001,2024-10-18,16,6,False,
STR-001,2024-10-18,17,10,False,
STR-001,2024-10-18,18,10,False,
STR-001,2024-10-18,19,9,False,
STR-001,2024-10-18,20,14,False,
STR-001,2024-10-18,21,8,False,
STR-001,2024-10-18,22,1,False,
STR-001,2024-10-18,23,2,False,
STR-001,2024-10-19,0,0,True,
STR-001,2024-10-19,1,0,True,
STR-001,2024-10-19,2,0,True,
STR-001,2024-10-19,3,0,True,
STR-001,2024-10-19,4,0,True,
STR-001,2024-10-19,5,0,True,
STR-001,2024-10-19,6,2,True,
STR-001,2024-10-19,7,3,True,
STR-001,2024-10-19,8,2,True,
STR-001,2024-10-19,9,6,True,
STR-001,2024-10-19,10,13,True,
STR-001,2024-10-19,11,9,True,
STR-001,2024-10-19,12,13,True,
STR-001,2024-10-19,13,7,True,
STR-001,2024-10-19,14,14,True,
STR-001,2024-10-19,15,8,True,
STR-001,2024-10-19,16,8,True,
STR-001,2024-10-19,17,7,True,
STR-001,2024-10-19,18,11,True,
STR-001,2024-10-19,19,17,True,
STR-001,2024-10-19,20,13,True,
STR-001,2024-10-19,21,13,True,
STR-001,2024-10-19,22,4,True,
STR-001,2024-10-19,23,1,True,
STR-001,2024-10-20,0,0,True,
STR-001,2024-10-20,1,0,True,
STR-001,2024-10-20,2,0,True,
STR-001,2024-10-20,3,0,True,
STR-001,2024-10-20,4,0,True,
STR-001,2024-10-20,5,0,True,
STR-001,2024-10-20,6,1,True,
STR-001,2024-10-20,7,3,True,
STR-001,2024-10-20,8,3,True,
STR-001,2024-10-20,9,7,True,
STR-001,2024-10-20,10,4,True,
STR-001,2024-10-20,11,1,True,
STR-001,2024-10-20,12,13,True,
STR-001,2024-10-20,13,8,True,
STR-001,2024-10-20,14,11,True,
STR-001,2024-10-20,15,6,True,
STR-001,2024-10-20,16,8,True,
STR-001,2024-10-20,17,12,True,
STR-001,2024-10-20,18,8,True,
STR-001,2024-10-20,19,12,True,
STR-001,2024-10-20,20,8,True,
STR-001,2024-10-20,21,6,True,
STR-001,2024-10-20,22,5,True,
STR-001,2024-10-20,23,2,True,
STR-001,2024-10-21,0,0,False,
STR-001,2024-10-21,1,0,False,
STR-001,2024-10-21,2,0,False,
STR-001,2024-10-21,3,0,False,
STR-001,2024-10-21,4,0,False,
STR-001,2024-10-21,5,0,False,
STR-001,2024-10-21,6,0,False,
STR-001,2024-10-21,7,6,False,
STR-001,2024-10-21,8,8,False,
STR-001,2024-10-21,9,11,False,
STR-001,2024-10-21,10,7,False,
STR-001,2024-10-21,11,7,False,
STR-001,2024-10-21,12,5,False,
STR-001,2024-10-21,13,7,False,
STR-001,2024-10-21,14,7,False,
STR-001,2024-10-21,15,3,False,
STR-001,2024-10-21,16,3,False,
STR-001,2024-10-21,17,11,False,
STR-001,2024-10-21,18,11,False,
STR-001,2024-10-21,19,15,False,
STR-001,2024-10-21,20,7,False,
STR-001,2024-10-21,21,8,False,
STR-001,2024-10-21,22,1,False,
STR-001,2024-10-21,23,1,False,
STR-001,2024-10-22,0,0,False,Diwali
STR-001,2024-10-22,1,0,False,Diwali
STR-001,2024-10-22,2,0,False,Diwali
STR-001,2024-10-22,3,0,False,Diwali
STR-001,2024-10-22,4,0,False,Diwali
STR-001,2024-10-22,5,0,False,Diwali
STR-001,2024-10-22,6,5,False,Diwali
STR-001,2024-10-22,7,4,False,Diwali
STR-001,2024-10-22,8,5,False,Diwali
STR-001,2024-10-22,9,12,False,Diwali
STR-001,2024-10-22,10,8,False,Diwali
STR-001,2024-10-22,11,11,False,Diwali
STR-001,2024-10-22,12,11,False,Diwali
STR-001,2024-10-22,13,16,False,Diwali
STR-001,2024-10-22,14,9,False,Diwali
STR-001,2024-10-22,15,15,False,Diwali
STR-001,2024-10-22,16,12,False,Diwali
STR-001,2024-10-22,17,17,False,Diwali
STR-001,2024-10-22,18,26,False,Diwali
STR-001,2024-10-22,19,18,False,Diwali
STR-001,2024-10-22,20,19,False,Diwali
STR-001,2024-10-22,21,18,False,Diwali
STR-001,2024-10-22,22,3,False,Diwali
STR-001,2024-10-22,23,3,False,Diwali
STR-001,2024-10-23,0,0,False,
STR-001,2024-10-23,1,0,False,
STR-001,2024-10-23,2,0,False,
STR-001,2024-10-23,3,0,False,
STR-001,2024-10-23,4,0,False,
STR-001,2024-10-23,5,0,False,
STR-001,2024-10-23,6,4,False,
STR-001,2024-10-23,7,3,False,
STR-001,2024-10-23,8,4,False,
STR-001,2024-10-23,9,6,False,
STR-001,2024-10-23,10,8,False,
STR-001,2024-10-23,11,10,False,
STR-001,2024-10-23,12,13,False,
STR-001,2024-10-23,13,8,False,
STR-001,2024-10-23,14,7,False,
STR-001,2024-10-23,15,14,False,
STR-001,2024-10-23,16,9,False,
STR-001,2024-10-23,17,8,False,
STR-001,2024-10-23,18,12,False,
STR-001,2024-10-23,19,8,False,
STR-001,2024-10-23,20,10,False,
STR-001,2024-10-23,21,13,False,
STR-001,2024-10-23,22,0,False,
STR-001,2024-10-23,23,3,False,
STR-001,2024-10-24,0,0,False,
STR-001,2024-10-24,1,0,False,
STR-001,2024-10-24,2,0,False,
STR-001,2024-10-24,3,0,False,
STR-001,2024-10-24,4,0,False,
STR-001,2024-10-24,5,0,False,
STR-001,2024-10-24,6,1,False,
STR-001,2024-10-24,7,3,False,
STR-001,2024-10-24,8,10,False,
STR-001,2024-10-24,9,5,False,
STR-001,2024-10-24,10,8,False,
STR-001,2024-10-24,11,9,False,
STR-001,2024-10-24,12,5,False,
STR-001,2024-10-24,13,12,False,
STR-001,2024-10-24,14,9,False,
STR-001,2024-10-24,15,12,False,
STR-001,2024-10-24,16,5,False,
STR-001,2024-10-24,17,6,False,
STR-001,2024-10-24,18,10,False,
STR-001,2024-10-24,19,11,False,
STR-001,2024-10-24,20,11,False,
STR-001,2024-10-24,21,10,False,
STR-001,2024-10-24,22,1,False,
STR-001,2024-10-24,23,2,False,
STR-001,2024-10-25,0,0,False,
STR-001,2024-10-25,1,0,False,
STR-001,2024-10-25,2,0,False,
STR-001,2024-10-25,3,0,False,
STR-001,2024-10-25,4,0,False,
STR-001,2024-10-25,5,0,False,
STR-001,2024-10-25,6,2,False,
STR-001,2024-10-25,7,3,False,
STR-001,2024-10-25,8,3,False,
STR-001,2024-10-25,9,5,False,
STR-001,2024-10-25,10,8,False,
STR-001,2024-10-25,11,5,False,
STR-001,2024-10-25,12,4,False,
STR-001,2024-10-25,13,6,False,
STR-001,2024-10-25,14,9,False,
STR-001,2024-10-25,15,5,False,
STR-001,2024-10-25,16,8,False,
STR-001,2024-10-25,17,3,False,
STR-001,2024-10-25,18,12,False,
STR-001,2024-10-25,19,8,False,
STR-001,2024-10-25,20,16,False,
STR-001,2024-10-25,21,9,False,
STR-001,2024-10-25,22,1,False,
STR-001,2024-10-25,23,2,False,
STR-001,2024-10-26,0,0,True,
STR-001,2024-10-26,1,0,True,
STR-001,2024-10-26,2,0,True,
STR-001,2024-10-26,3,0,True,
STR-001,2024-10-26,4,0,True,
STR-001,2024-10-26,5,0,True,
STR-001,2024-10-26,6,1,True,
STR-001,2024-10-26,7,4,True,
STR-001,2024-10-26,8,7,True,
STR-001,2024-10-26,9,8,True,
STR-001,2024-10-26,10,9,True,
STR-001,2024-10-26,11,10,True,
STR-001,2024-10-26,12,11,True,
STR-001,2024-10-26,13,8,True,
STR-001,2024-10-26,14,9,True,
STR-001,2024-10-26,15,8,True,
STR-001,2024-10-26,16,11,True,
STR-001,2024-10-26,17,13,True,
STR-001,2024-10-26,18,13,True,
STR-001,2024-10-26,19,19,True,
STR-001,2024-10-26,20,13,True,
STR-001,2024-10-26,21,8,True,
STR-001,2024-10-26,22,3,True,
STR-001,2024-10-26,23,3,True,
STR-001,2024-10-27,0,0,True,
STR-001,2024-10-27,1,0,True,
STR-001,2024-10-27,2,0,True,
STR-001,2024-10-27,3,0,True,
STR-001,2024-10-27,4,0,True,
STR-001,2024-10-27,5,0,True,
STR-001,2024-10-27,6,3,True,
STR-001,2024-10-27,7,3,True,
STR-001,2024-10-27,8,7,True,
STR-001,2024-10-27,9,4,True,
STR-001,2024-10-27,10,8,True,
STR-001,2024-10-27,11,13,True,
STR-001,2024-10-27,12,16,True,
STR-001,2024-10-27,13,9,True,
STR-001,2024-10-27,14,11,True,
STR-001,2024-10-27,15,6,True,
STR-001,2024-10-27,16,13,True,
STR-001,2024-10-27,17,13,True,
STR-001,2024-10-27,18,9,True,
STR-001,2024-10-27,19,11,True,
STR-001,2024-10-27,20,19,True,
STR-001,2024-10-27,21,12,True,
STR-001,2024-10-27,22,6,True,
STR-001,2024-10-27,23,4,True,
STR-001,2024-10-28,0,0,False,
STR-001,2024-10-28,1,0,False,
STR-001,2024-10-28,2,0,False,
STR-001,2024-10-28,3,0,False,
STR-001,2024-10-28,4,0,False,
STR-001,2024-10-28,5,0,False,
STR-001,2024-10-28,6,2,False,
STR-001,2024-10-28,7,0,False,
STR-001,2024-10-28,8,3,False,
STR-001,2024-10-28,9,6,False,
STR-001,2024-10-28,10,9,False,
STR-001,2024-10-28,11,8,False,
STR-001,2024-10-28,12,12,False,
STR-001,2024-10-28,13,3,False,
STR-001,2024-10-28,14,6,False,
STR-001,2024-10-28,15,7,False,
STR-001,2024-10-28,16,9,False,
STR-001,2024-10-28,17,5,False,
STR-001,2024-10-28,18,9,False,
STR-001,2024-10-28,19,6,False,
STR-001,2024-10-28,20,10,False,
STR-001,2024-10-28,21,5,False,
STR-001,2024-10-28,22,0,False,
STR-001,2024-10-28,23,3,False,
STR-001,2024-10-29,0,0,False,
STR-001,2024-10-29,1,0,False,
STR-001,2024-10-29,2,0,False,
STR-001,2024-10-29,3,0,False,
STR-001,2024-10-29,4,0,False,
STR-001,2024-10-29,5,0,False,
STR-001,2024-10-29,6,2,False,
STR-001,2024-10-29,7,1,False,
STR-001,2024-10-29,8,8,False,
STR-001,2024-10-29,9,6,False,
STR-001,2024-10-29,10,7,False,
STR-001,2024-10-29,11,8,False,
STR-001,2024-10-29,12,13,False,
STR-001,2024-10-29,13,9,False,
STR-001,2024-10-29,14,10,False,
STR-001,2024-10-29,15,7,False,
STR-001,2024-10-29,16,6,False,
STR-001,2024-10-29,17,6,False,
STR-001,2024-10-29,18,17,False,
STR-001,2024-10-29,19,16,False,
STR-001,2024-10-29,20,19,False,
STR-001,2024-10-29,21,9,False,
STR-001,2024-10-29,22,3,False,
STR-001,2024-10-29,23,3,False,
STR-001,2024-10-30,0,0,False,
STR-001,2024-10-30,1,0,False,
STR-001,2024-10-30,2,0,False,
STR-001,2024-10-30,3,0,False,
STR-001,2024-10-30,4,0,False,
STR-001,2024-10-30,5,0,False,
STR-001,2024-10-30,6,1,False,
STR-001,2024-10-30,7,1,False,
STR-001,2024-10-30,8,3,False,
STR-001,2024-10-30,9,9,False,
STR-001,2024-10-30,10,8,False,
STR-001,2024-10-30,11,7,False,
STR-001,2024-10-30,12,12,False,
STR-001,2024-10-30,13,6,False,
STR-001,2024-10-30,14,10,False,
STR-001,2024-10-30,15,9,False,
STR-001,2024-10-30,16,6,False,
STR-001,2024-10-30,17,5,False,
STR-001,2024-10-30,18,6,False,
STR-001,2024-10-30,19,13,False,
STR-001,2024-10-30,20,14,False,
STR-001,2024-10-30,21,10,False,
STR-001,2024-10-30,22,1,False,
STR-001,2024-10-30,23,1,False,
STR-001,2024-10-31,0,0,False,
STR-001,2024-10-31,1,0,False,
STR-001,2024-10-31,2,0,False,
STR-001,2024-10-31,3,0,False,
STR-001,2024-10-31,4,0,False,
STR-001,2024-10-31,5,0,False,
STR-001,2024-10-31,6,0,False,
STR-001,2024-10-31,7,4,False,
STR-001,2024-10-31,8,5,False,
STR-001,2024-10-31,9,8,False,
STR-001,2024-10-31,10,6,False,
STR-001,2024-10-31,11,8,False,
STR-001,2024-10-31,12,10,False,
STR-001,2024-10-31,13,10,False,
STR-001,2024-10-31,14,14,False,
STR-001,2024-10-31,15,3,False,
STR-001,2024-10-31,16,7,False,
STR-001,2024-10-31,17,12,False,
STR-001,2024-10-31,18,8,False,
STR-001,2024-10-31,19,7,False,
STR-001,2024-10-31,20,5,False,
STR-001,2024-10-31,21,11,False,
STR-001,2024-10-31,22,3,False,
STR-001,2024-10-31,23,0,False,
STR-001,2024-11-01,0,0,False,Kannada Rajyotsava
STR-001,2024-11-01,1,0,False,Kannada Rajyotsava
STR-001,2024-11-01,2,0,False,Kannada Rajyotsava
STR-001,2024-11-01,3,0,False,Kannada Rajyotsava
STR-001,2024-11-01,4,0,False,Kannada Rajyotsava
STR-001,2024-11-01,5,0,False,Kannada Rajyotsava
STR-001,2024-11-01,6,3,False,Kannada Rajyotsava
STR-001,2024-11-01,7,4,False,Kannada Rajyotsava
STR-001,2024-11-01,8,5,False,Kannada Rajyotsava
STR-001,2024-11-01,9,4,False,Kannada Rajyotsava
STR-001,2024-11-01,10,11,False,Kannada Rajyotsava
STR-001,2024-11-01,11,10,False,Kannada Rajyotsava
STR-001,2024-11-01,12,14,False,Kannada Rajyotsava
STR-001,2024-11-01,13,10,False,Kannada Rajyotsava
STR-001,2024-11-01,14,6,False,Kannada Rajyotsava
STR-001,2024-11-01,15,11,False,Kannada Rajyotsava
STR-001,2024-11-01,16,13,False,Kannada Rajyotsava
STR-001,2024-11-01,17,12,False,Kannada Rajyotsava
STR-001,2024-11-01,18,15,False,Kannada Rajyotsava
STR-001,2024-11-01,19,26,False,Kannada Rajyotsava
STR-001,2024-11-01,20,15,False,Kannada Rajyotsava
STR-001,2024-11-01,21,9,False,Kannada Rajyotsava
STR-001,2024-11-01,22,5,False,Kannada Rajyotsava
STR-001,2024-11-01,23,1,False,Kannada Rajyotsava
STR-001,2024-11-02,0,0,True,
STR-001,2024-11-02,1,0,True,
STR-001,2024-11-02,2,0,True,
STR-001,2024-11-02,3,0,True,
STR-001,2024-11-02,4,0,True,
STR-001,2024-11-02,5,0,True,
STR-001,2024-11-02,6,1,True,
STR-001,2024-11-02,7,6,True,
STR-001,2024-11-02,8,2,True,
STR-001,2024-11-02,9,6,True,
STR-001,2024-11-02,10,5,True,
STR-001,2024-11-02,11,8,True,
STR-001,2024-11-02,12,8,True,
STR-001,2024-11-02,13,13,True,
STR-001,2024-11-02,14,13,True,
STR-001,2024-11-02,15,7,True,
STR-001,2024-11-02,16,6,True,
STR-001,2024-11-02,17,10,True,
STR-001,2024-11-02,18,15,True,
STR-001,2024-11-02,19,13,True,
STR-001,2024-11-02,20,9,True,
STR-001,2024-11-02,21,12,True,
STR-001,2024-11-02,22,5,True,
STR-001,2024-11-02,23,0,True,
STR-001,2024-11-03,0,0,True,
STR-001,2024-11-03,1,0,True,
STR-001,2024-11-03,2,0,True,
STR-001,2024-11-03,3,0,True,
STR-001,2024-11-03,4,0,True,
STR-001,2024-11-03,5,0,True,
STR-001,2024-11-03,6,2,True,
STR-001,2024-11-03,7,4,True,
STR-001,2024-11-03,8,2,True,
STR-001,2024-11-03,9,2,True,
STR-001,2024-11-03,10,6,True,
STR-001,2024-11-03,11,14,True,
STR-001,2024-11-03,12,12,True,
STR-001,2024-11-03,13,10,True,
STR-001,2024-11-03,14,12,True,
STR-001,2024-11-03,15,7,True,
STR-001,2024-11-03,16,9,True,
STR-001,2024-11-03,17,7,True,
STR-001,2024-11-03,18,10,True,
STR-001,2024-11-03,19,17,True,
STR-001,2024-11-03,20,10,True,
STR-001,2024-11-03,21,5,True,
STR-001,2024-11-03,22,2,True,
STR-001,2024-11-03,23,1,True,
STR-001,2024-11-04,0,0,False,
STR-001,2024-11-04,1,0,False,
STR-001,2024-11-04,2,0,False,
STR-001,2024-11-04,3,0,False,
STR-001,2024-11-04,4,0,False,
STR-001,2024-11-04,5,0,False,
STR-001,2024-11-04,6,0,False,
STR-001,2024-11-04,7,2,False,
STR-001,2024-11-04,8,7,False,
STR-001,2024-11-04,9,4,False,
STR-001,2024-11-04,10,8,False,
STR-001,2024-11-04,11,5,False,
STR-001,2024-11-04,12,9,False,
STR-001,2024-11-04,13,9,False,
STR-001,2024-11-04,14,6,False,
STR-001,2024-11-04,15,8,False,
STR-001,2024-11-04,16,7,False,
STR-001,2024-11-04,17,8,False,
STR-001,2024-11-04,18,13,False,
STR-001,2024-11-04,19,12,False,
STR-001,2024-11-04,20,11,False,
STR-001,2024-11-04,21,3,False,
STR-001,2024-11-04,22,0,False,
STR-001,2024-11-04,23,3,False,
STR-001,2024-11-05,0,0,False,
STR-001,2024-11-05,1,0,False,
STR-001,2024-11-05,2,0,False,
STR-001,2024-11-05,3,0,False,
STR-001,2024-11-05,4,0,False,
STR-001,2024-11-05,5,0,False,
STR-001,2024-11-05,6,1,False,
STR-001,2024-11-05,7,3,False,
STR-001,2024-11-05,8,5,False,
STR-001,2024-11-05,9,8,False,
STR-001,2024-11-05,10,9,False,
STR-001,2024-11-05,11,12,False,
STR-001,2024-11-05,12,12,False,
STR-001,2024-11-05,13,15,False,
STR-001,2024-11-05,14,9,False,
STR-001,2024-11-05,15,5,False,
STR-001,2024-11-05,16,8,False,
STR-001,2024-11-05,17,5,False,
STR-001,2024-11-05,18,10,False,
STR-001,2024-11-05,19,13,False,
STR-001,2024-11-05,20,6,False,
STR-001,2024-11-05,21,8,False,
STR-001,2024-11-05,22,6,False,
STR-001,2024-11-05,23,4,False,
STR-001,2024-11-06,0,0,False,
STR-001,2024-11-06,1,0,False,
STR-001,2024-11-06,2,0,False,
STR-001,2024-11-06,3,0,False,
STR-001,2024-11-06,4,0,False,
STR-001,2024-11-06,5,0,False,
STR-001,2024-11-06,6,2,False,
STR-001,2024-11-06,7,2,False,
STR-001,2024-11-06,8,5,False,
STR-001,2024-11-06,9,4,False,
STR-001,2024-11-06,10,4,False,
STR-001,2024-11-06,11,3,False,
STR-001,2024-11-06,12,8,False,
STR-001,2024-11-06,13,6,False,
STR-001,2024-11-06,14,3,False,
STR-001,2024-11-06,15,8,False,
STR-001,2024-11-06,16,14,False,
STR-001,2024-11-06,17,5,False,
STR-001,2024-11-06,18,12,False,
STR-001,2024-11-06,19,12,False,
STR-001,2024-11-06,20,8,False,
STR-001,2024-11-06,21,6,False,
STR-001,2024-11-06,22,2,False,
STR-001,2024-11-06,23,1,False,
STR-001,2024-11-07,0,0,False,
STR-001,2024-11-07,1,0,False,
STR-001,2024-11-07,2,0,False,
STR-001,2024-11-07,3,0,False,
STR-001,2024-11-07,4,0,False,
STR-001,2024-11-07,5,0,False,
STR-001,2024-11-07,6,0,False,
STR-001,2024-11-07,7,2,False,
STR-001,2024-11-07,8,4,False,
STR-001,2024-11-07,9,0,False,
STR-001,2024-11-07,10,7,False,
STR-001,2024-11-07,11,5,False,
STR-001,2024-11-07,12,9,False,
STR-001,2024-11-07,13,7,False,
STR-001,2024-11-07,14,6,False,
STR-001,2024-11-07,15,8,False,
STR-001,2024-11-07,16,3,False,
STR-001,2024-11-07,17,10,False,
STR-001,2024-11-07,18,13,False,
STR-001,2024-11-07,19,17,False,
STR-001,2024-11-07,20,7,False,
STR-001,2024-11-07,21,13,False,
STR-001,2024-11-07,22,2,False,
STR-001,2024-11-07,23,0,False,
STR-001,2024-11-08,0,0,False,
STR-001,2024-11-08,1,0,False,
STR-001,2024-11-08,2,0,False,
STR-001,2024-11-08,3,0,False,
STR-001,2024-11-08,4,0,False,
STR-001,2024-11-08,5,0,False,
STR-001,2024-11-08,6,1,False,
STR-001,2024-11-08,7,2,False,
STR-001,2024-11-08,8,4,False,
STR-001,2024-11-08,9,8,False,
STR-001,2024-11-08,10,2,False,
STR-001,2024-11-08,11,7,False,
STR-001,2024-11-08,12,6,False,
STR-001,2024-11-08,13,11,False,
STR-001,2024-11-08,14,12,False,
STR-001,2024-11-08,15,5,False,
STR-001,2024-11-08,16,8,False,
STR-001,2024-11-08,17,11,False,
STR-001,2024-11-08,18,9,False,
STR-001,2024-11-08,19,8,False,
STR-001,2024-11-08,20,9,False,
STR-001,2024-11-08,21,7,False,
STR-001,2024-11-08,22,1,False,
STR-001,2024-11-08,23,0,False,
STR-001,2024-11-09,0,0,True,
STR-001,2024-11-09,1,0,True,
STR-001,2024-11-09,2,0,True,
STR-001,2024-11-09,3,0,True,
STR-001,2024-11-09,4,0,True,
STR-001,2024-11-09,5,0,True,
STR-001,2024-11-09,6,3,True,
STR-001,2024-11-09,7,2,True,
STR-001,2024-11-09,8,7,True,
STR-001,2024-11-09,9,12,True,
STR-001,2024-11-09,10,9,True,
STR-001,2024-11-09,11,7,True,
STR-001,2024-11-09,12,16,True,
STR-001,2024-11-09,13,13,True,
STR-001,2024-11-09,14,11,True,
STR-001,2024-11-09,15,6,True,
STR-001,2024-11-09,16,12,True,
STR-001,2024-11-09,17,9,True,
STR-001,2024-11-09,18,12,True,
STR-001,2024-11-09,19,17,True,
STR-001,2024-11-09,20,17,True,
STR-001,2024-11-09,21,17,True,
STR-001,2024-11-09,22,2,True,
STR-001,2024-11-09,23,0,True,
STR-001,2024-11-10,0,0,True,
STR-001,2024-11-10,1,0,True,
STR-001,2024-11-10,2,0,True,
STR-001,2024-11-10,3,0,True,
STR-001,2024-11-10,4,0,True,
STR-001,2024-11-10,5,0,True,
STR-001,2024-11-10,6,0,True,
STR-001,2024-11-10,7,2,True,
STR-001,2024-11-10,8,6,True,
STR-001,2024-11-10,9,6,True,
STR-001,2024-11-10,10,8,True,
STR-001,2024-11-10,11,7,True,
STR-001,2024-11-10,12,14,True,
STR-001,2024-11-10,13,14,True,
STR-001,2024-11-10,14,7,True,
STR-001,2024-11-10,15,14,True,
STR-001,2024-11-10,16,9,True,
STR-001,2024-11-10,17,10,True,
STR-001,2024-11-10,18,12,True,
STR-001,2024-11-10,19,13,True,
STR-001,2024-11-10,20,22,True,
STR-001,2024-11-10,21,12,True,
STR-001,2024-11-10,22,5,True,
STR-001,2024-11-10,23,5,True,
STR-001,2024-11-11,0,0,False,
STR-001,2024-11-11,1,0,False,
STR-001,2024-11-11,2,0,False,
STR-001,2024-11-11,3,0,False,
STR-001,2024-11-11,4,0,False,
STR-001,2024-11-11,5,0,False,
STR-001,2024-11-11,6,0,False,
STR-001,2024-11-11,7,4,False,
STR-001,2024-11-11,8,3,False,
STR-001,2024-11-11,9,6,False,
STR-001,2024-11-11,10,6,False,
STR-001,2024-11-11,11,6,False,
STR-001,2024-11-11,12,3,False,
STR-001,2024-11-11,13,8,False,
STR-001,2024-11-11,14,6,False,
STR-001,2024-11-11,15,10,False,
STR-001,2024-11-11,16,6,False,
STR-001,2024-11-11,17,3,False,
STR-001,2024-11-11,18,9,False,
STR-001,2024-11-11,19,12,False,
STR-001,2024-11-11,20,9,False,
STR-001,2024-11-11,21,2,False,
STR-001,2024-11-11,22,2,False,
STR-001,2024-11-11,23,2,False,
STR-001,2024-11-12,0,0,False,
STR-001,2024-11-12,1,0,False,
STR-001,2024-11-12,2,0,False,
STR-001,2024-11-12,3,0,False,
STR-001,2024-11-12,4,0,False,
STR-001,2024-11-12,5,0,False,
STR-001,2024-11-12,6,0,False,
STR-001,2024-11-12,7,1,False,
STR-001,2024-11-12,8,2,False,
STR-001,2024-11-12,9,3,False,
STR-001,2024-11-12,10,11,False,
STR-001,2024-11-12,11,7,False,
STR-001,2024-11-12,12,8,False,
STR-001,2024-11-12,13,9,False,
STR-001,2024-11-12,14,11,False,
STR-001,2024-11-12,15,5,False,
STR-001,2024-11-12,16,5,False,
STR-001,2024-11-12,17,13,False,
STR-001,2024-11-12,18,15,False,
STR-001,2024-11-12,19,13,False,
STR-001,2024-11-12,20,10,False,
STR-001,2024-11-12,21,8,False,
STR-001,2024-11-12,22,4,False,
STR-001,2024-11-12,23,1,False,
STR-001,2024-11-13,0,0,False,
STR-001,2024-11-13,1,0,False,
STR-001,2024-11-13,2,0,False,
STR-001,2024-11-13,3,0,False,
STR-001,2024-11-13,4,0,False,
STR-001,2024-11-13,5,0,False,
STR-001,2024-11-13,6,1,False,
STR-001,2024-11-13,7,4,False,
STR-001,2024-11-13,8,2,False,
STR-001,2024-11-13,9,10,False,
STR-001,2024-11-13,10,7,False,
STR-001,2024-11-13,11,8,False,
STR-001,2024-11-13,12,9,False,
STR-001,2024-11-13,13,8,False,
STR-001,2024-11-13,14,6,False,
STR-001,2024-11-13,15,5,False,
STR-001,2024-11-13,16,6,False,
STR-001,2024-11-13,17,8,False,
STR-001,2024-11-13,18,10,False,
STR-001,2024-11-13,19,11,False,
STR-001,2024-11-13,20,16,False,
STR-001,2024-11-13,21,11,False,
STR-001,2024-11-13,22,1,False,
STR-001,2024-11-13,23,0,False,
STR-001,2024-11-14,0,0,False,
STR-001,2024-11-14,1,0,False,
STR-001,2024-11-14,2,0,False,
STR-001,2024-11-14,3,0,False,
STR-001,2024-11-14,4,0,False,
STR-001,2024-11-14,5,0,False,
STR-001,2024-11-14,6,1,False,
STR-001,2024-11-14,7,6,False,
STR-001,2024-11-14,8,2,False,
STR-001,2024-11-14,9,7,False,
STR-001,2024-11-14,10,5,False,
STR-001,2024-11-14,11,8,False,
STR-001,2024-11-14,12,15,False,
STR-001,2024-11-14,13,9,False,
STR-001,2024-11-14,14,10,False,
STR-001,2024-11-14,15,6,False,
STR-001,2024-11-14,16,8,False,
STR-001,2024-11-14,17,3,False,
STR-001,2024-11-14,18,11,False,
STR-001,2024-11-14,19,11,False,
STR-001,2024-11-14,20,16,False,
STR-001,2024-11-14,21,8,False,
STR-001,2024-11-14,22,2,False,
STR-001,2024-11-14,23,1,False,
STR-001,2024-11-15,0,0,False,Guru Nanak Jayanti
STR-001,2024-11-15,1,0,False,Guru Nanak Jayanti
STR-001,2024-11-15,2,0,False,Guru Nanak Jayanti
STR-001,2024-11-15,3,0,False,Guru Nanak Jayanti
STR-001,2024-11-15,4,0,False,Guru Nanak Jayanti
STR-001,2024-11-15,5,0,False,Guru Nanak Jayanti
STR-001,2024-11-15,6,3,False,Guru Nanak Jayanti
STR-001,2024-11-15,7,4,False,Guru Nanak Jayanti
STR-001,2024-11-15,8,8,False,Guru Nanak Jayanti
STR-001,2024-11-15,9,8,False,Guru Nanak Jayanti
STR-001,2024-11-15,10,6,False,Guru Nanak Jayanti
STR-001,2024-11-15,11,6,False,Guru Nanak Jayanti
STR-001,2024-11-15,12,27,False,Guru Nanak Jayanti
STR-001,2024-11-15,13,20,False,Guru Nanak Jayanti
STR-001,2024-11-15,14,6,False,Guru Nanak Jayanti
STR-001,2024-11-15,15,9,False,Guru Nanak Jayanti
STR-001,2024-11-15,16,11,False,Guru Nanak Jayanti
STR-001,2024-11-15,17,11,False,Guru Nanak Jayanti
STR-001,2024-11-15,18,14,False,Guru Nanak Jayanti
STR-001,2024-11-15,19,19,False,Guru Nanak Jayanti
STR-001,2024-11-15,20,20,False,Guru Nanak Jayanti
STR-001,2024-11-15,21,11,False,Guru Nanak Jayanti
STR-001,2024-11-15,22,5,False,Guru Nanak Jayanti
STR-001,2024-11-15,23,2,False,Guru Nanak Jayanti
STR-001,2024-11-16,0,0,True,
STR-001,2024-11-16,1,0,True,
STR-001,2024-11-16,2,0,True,
STR-001,2024-11-16,3,0,True,
STR-001,2024-11-16,4,0,True,
STR-001,2024-11-16,5,0,True,
STR-001,2024-11-16,6,0,True,
STR-001,2024-11-16,7,9,True,
STR-001,2024-11-16,8,4,True,
STR-001,2024-11-16,9,10,True,
STR-001,2024-11-16,10,8,True,
STR-001,2024-11-16,11,11,True,
STR-001,2024-11-16,12,12,True,
STR-001,2024-11-16,13,10,True,
STR-001,2024-11-16,14,4,True,
STR-001,2024-11-16,15,10,True,
STR-001,2024-11-16,16,9,True,
STR-001,2024-11-16,17,3,True,
STR-001,2024-11-16,18,20,True,
STR-001,2024-11-16,19,17,True,
STR-001,2024-11-16,20,18,True,
STR-001,2024-11-16,21,6,True,
STR-001,2024-11-16,22,7,True,
STR-001,2024-11-16,23,4,True,
STR-001,2024-11-17,0,0,True,
STR-001,2024-11-17,1,0,True,
STR-001,2024-11-17,2,0,True,
STR-001,2024-11-17,3,0,True,
STR-001,2024-11-17,4,0,True,
STR-001,2024-11-17,5,0,True,
STR-001,2024-11-17,6,0,True,
STR-001,2024-11-17,7,1,True,
STR-001,2024-11-17,8,3,True,
STR-001,2024-11-17,9,5,True,
STR-001,2024-11-17,10,12,True,
STR-001,2024-11-17,11,6,True,
STR-001,2024-11-17,12,9,True,
STR-001,2024-11-17,13,10,True,
STR-001,2024-11-17,14,13,True,
STR-001,2024-11-17,15,6,True,
STR-001,2024-11-17,16,9,True,
STR-001,2024-11-17,17,10,True,
STR-001,2024-11-17,18,15,True,
STR-001,2024-11-17,19,12,True,
STR-001,2024-11-17,20,10,True,
STR-001,2024-11-17,21,13,True,
STR-001,2024-11-17,22,3,True,
STR-001,2024-11-17,23,1,True,
STR-001,2024-11-18,0,0,False,
STR-001,2024-11-18,1,0,False,
STR-001,2024-11-18,2,0,False,
STR-001,2024-11-18,3,0,False,
STR-001,2024-11-18,4,0,False,
STR-001,2024-11-18,5,0,False,
STR-001,2024-11-18,6,1,False,
STR-001,2024-11-18,7,2,False,
STR-001,2024-11-18,8,4,False,
STR-001,2024-11-18,9,7,False,
STR-001,2024-11-18,10,7,False,
STR-001,2024-11-18,11,7,False,
STR-001,2024-11-18,12,11,False,
STR-001,2024-11-18,13,7,False,
STR-001,2024-11-18,14,8,False,
STR-001,2024-11-18,15,11,False,
STR-001,2024-11-18,16,9,False,
STR-001,2024-11-18,17,8,False,
STR-001,2024-11-18,18,12,False,
STR-001,2024-11-18,19,11,False,
STR-001,2024-11-18,20,11,False,
STR-001,2024-11-18,21,13,False,
STR-001,2024-11-18,22,3,False,
STR-001,2024-11-18,23,0,False,
STR-001,2024-11-19,0,0,False,
STR-001,2024-11-19,1,0,False,
STR-001,2024-11-19,2,0,False,
STR-001,2024-11-19,3,0,False,
STR-001,2024-11-19,4,0,False,
STR-001,2024-11-19,5,0,False,
STR-001,2024-11-19,6,2,False,
STR-001,2024-11-19,7,2,False,
STR-001,2024-11-19,8,2,False,
STR-001,2024-11-19,9,10,False,
STR-001,2024-11-19,10,8,False,
STR-001,2024-11-19,11,5,False,
STR-001,2024-11-19,12,11,False,
STR-001,2024-11-19,13,13,False,
STR-001,2024-11-19,14,11,False,
STR-001,2024-11-19,15,5,False,
STR-001,2024-11-19,16,5,False,
STR-001,2024-11-19,17,1,False,
STR-001,2024-11-19,18,17,False,
STR-001,2024-11-19,19,11,False,
STR-001,2024-11-19,20,12,False,
STR-001,2024-11-19,21,8,False,
STR-001,2024-11-19,22,1,False,
STR-001,2024-11-19,23,2,False,
STR-001,2024-11-20,0,0,False,
STR-001,2024-11-20,1,0,False,
STR-001,2024-11-20,2,0,False,
STR-001,2024-11-20,3,0,False,
STR-001,2024-11-20,4,0,False,
STR-001,2024-11-20,5,0,False,
STR-001,2024-11-20,6,0,False,
STR-001,2024-11-20,7,0,False,
STR-001,2024-11-20,8,6,False,
STR-001,2024-11-20,9,5,False,
STR-001,2024-11-20,10,0,False,
STR-001,2024-11-20,11,13,False,
STR-001,2024-11-20,12,12,False,
STR-001,2024-11-20,13,5,False,
STR-001,2024-11-20,14,8,False,
STR-001,2024-11-20,15,5,False,
STR-001,2024-11-20,16,5,False,
STR-001,2024-11-20,17,5,False,
STR-001,2024-11-20,18,10,False,
STR-001,2024-11-20,19,14,False,
STR-001,2024-11-20,20,19,False,
STR-001,2024-11-20,21,10,False,
STR-001,2024-11-20,22,3,False,
STR-001,2024-11-20,23,0,False,
STR-001,2024-11-21,0,0,False,
STR-001,2024-11-21,1,0,False,
STR-001,2024-11-21,2,0,False,
STR-001,2024-11-21,3,0,False,
STR-001,2024-11-21,4,0,False,
STR-001,2024-11-21,5,0,False,
STR-001,2024-11-21,6,4,False,
STR-001,2024-11-21,7,2,False,
STR-001,2024-11-21,8,4,False,
STR-001,2024-11-21,9,7,False,
STR-001,2024-11-21,10,12,False,
STR-001,2024-11-21,11,6,False,
STR-001,2024-11-21,12,17,False,
STR-001,2024-11-21,13,4,False,
STR-001,2024-11-21,14,7,False,
STR-001,2024-11-21,15,9,False,
STR-001,2024-11-21,16,9,False,
STR-001,2024-11-21,17,10,False,
STR-001,2024-11-21,18,19,False,
STR-001,2024-11-21,19,13,False,
STR-001,2024-11-21,20,10,False,
STR-001,2024-11-21,21,13,False,
STR-001,2024-11-21,22,0,False,
STR-001,2024-11-21,23,1,False,
STR-001,2024-11-22,0,0,False,
STR-001,2024-11-22,1,0,False,
STR-001,2024-11-22,2,0,False,
STR-001,2024-11-22,3,0,False,
STR-001,2024-11-22,4,0,False,
STR-001,2024-11-22,5,0,False,
STR-001,2024-11-22,6,0,False,
STR-001,2024-11-22,7,2,False,
STR-001,2024-11-22,8,8,False,
STR-001,2024-11-22,9,5,False,
STR-001,2024-11-22,10,12,False,
STR-001,2024-11-22,11,10,False,
STR-001,2024-11-22,12,12,False,
STR-001,2024-11-22,13,13,False,
STR-001,2024-11-22,14,4,False,
STR-001,2024-11-22,15,3,False,
STR-001,2024-11-22,16,4,False,
STR-001,2024-11-22,17,8,False,
STR-001,2024-11-22,18,16,False,
STR-001,2024-11-22,19,16,False,
STR-001,2024-11-22,20,6,False,
STR-001,2024-11-22,21,8,False,
STR-001,2024-11-22,22,1,False,
STR-001,2024-11-22,23,3,False,
STR-001,2024-11-23,0,0,True,
STR-001,2024-11-23,1,0,True,
STR-001,2024-11-23,2,0,True,
STR-001,2024-11-23,3,0,True,
STR-001,2024-11-23,4,0,True,
STR-001,2024-11-23,5,0,True,
STR-001,2024-11-23,6,5,True,
STR-001,2024-11-23,7,3,True,
STR-001,2024-11-23,8,9,True,
STR-001,2024-11-23,9,6,True,
STR-001,2024-11-23,10,12,True,
STR-001,2024-11-23,11,10,True,
STR-001,2024-11-23,12,10,True,
STR-001,2024-11-23,13,14,True,
STR-001,2024-11-23,14,10,True,
STR-001,2024-11-23,15,14,True,
STR-001,2024-11-23,16,6,True,
STR-001,2024-11-23,17,14,True,
STR-001,2024-11-23,18,16,True,
STR-001,2024-11-23,19,27,True,
STR-001,2024-11-23,20,15,True,
STR-001,2024-11-23,21,13,True,
STR-001,2024-11-23,22,6,True,
STR-001,2024-11-23,23,3,True,
STR-001,2024-11-24,0,0,True,
STR-001,2024-11-24,1,0,True,
STR-001,2024-11-24,2,0,True,
STR-001,2024-11-24,3,0,True,
STR-001,2024-11-24,4,0,True,
STR-001,2024-11-24,5,0,True,
STR-001,2024-11-24,6,5,True,
STR-001,2024-11-24,7,2,True,
STR-001,2024-11-24,8,2,True,
STR-001,2024-11-24,9,5,True,
STR-001,2024-11-24,10,7,True,
STR-001,2024-11-24,11,7,True,
STR-001,2024-11-24,12,14,True,
STR-001,2024-11-24,13,8,True,
STR-001,2024-11-24,14,14,True,
STR-001,2024-11-24,15,7,True,
STR-001,2024-11-24,16,4,True,
STR-001,2024-11-24,17,7,True,
STR-001,2024-11-24,18,19,True,
STR-001,2024-11-24,19,14,True,
STR-001,2024-11-24,20,13,True,
STR-001,2024-11-24,21,13,True,
STR-001,2024-11-24,22,3,True,
STR-001,2024-11-24,23,3,True,
STR-001,2024-11-25,0,0,False,
STR-001,2024-11-25,1,0,False,
STR-001,2024-11-25,2,0,False,
STR-001,2024-11-25,3,0,False,
STR-001,2024-11-25,4,0,False,
STR-001,2024-11-25,5,0,False,
STR-001,2024-11-25,6,2,False,
STR-001,2024-11-25,7,2,False,
STR-001,2024-11-25,8,6,False,
STR-001,2024-11-25,9,7,False,
STR-001,2024-11-25,10,11,False,
STR-001,2024-11-25,11,7,False,
STR-001,2024-11-25,12,14,False,
STR-001,2024-11-25,13,9,False,
STR-001,2024-11-25,14,15,False,
STR-001,2024-11-25,15,11,False,
STR-001,2024-11-25,16,3,False,
STR-001,2024-11-25,17,4,False,
STR-001,2024-11-25,18,5,False,
STR-001,2024-11-25,19,9,False,
STR-001,2024-11-25,20,8,False,
STR-001,2024-11-25,21,12,False,
STR-001,2024-11-25,22,3,False,
STR-001,2024-11-25,23,3,False,
STR-001,2024-11-26,0,0,False,
STR-001,2024-11-26,1,0,False,
STR-001,2024-11-26,2,0,False,
STR-001,2024-11-26,3,0,False,
STR-001,2024-11-26,4,0,False,
STR-001,2024-11-26,5,0,False,
STR-001,2024-11-26,6,0,False,
STR-001,2024-11-26,7,2,False,
STR-001,2024-11-26,8,2,False,
STR-001,2024-11-26,9,5,False,
STR-001,2024-11-26,10,10,False,
STR-001,2024-11-26,11,4,False,
STR-001,2024-11-26,12,6,False,
STR-001,2024-11-26,13,8,False,
STR-001,2024-11-26,14,7,False,
STR-001,2024-11-26,15,10,False,
STR-001,2024-11-26,16,5,False,
STR-001,2024-11-26,17,11,False,
STR-001,2024-11-26,18,12,False,
STR-001,2024-11-26,19,19,False,
STR-001,2024-11-26,20,13,False,
STR-001,2024-11-26,21,7,False,
STR-001,2024-11-26,22,1,False,
STR-001,2024-11-26,23,1,False,
STR-001,2024-11-27,0,0,False,
STR-001,2024-11-27,1,0,False,
STR-001,2024-11-27,2,0,False,
STR-001,2024-11-27,3,0,False,
STR-001,2024-11-27,4,0,False,
STR-001,2024-11-27,5,0,False,
STR-001,2024-11-27,6,2,False,
STR-001,2024-11-27,7,3,False,
STR-001,2024-11-27,8,7,False,
STR-001,2024-11-27,9,9,False,
STR-001,2024-11-27,10,13,False,
STR-001,2024-11-27,11,5,False,
STR-001,2024-11-27,12,8,False,
STR-001,2024-11-27,13,13,False,
STR-001,2024-11-27,14,9,False,
STR-001,2024-11-27,15,12,False,
STR-001,2024-11-27,16,6,False,
STR-001,2024-11-27,17,10,False,
STR-001,2024-11-27,18,13,False,
STR-001,2024-11-27,19,13,False,
STR-001,2024-11-27,20,17,False,
STR-001,2024-11-27,21,12,False,
STR-001,2024-11-27,22,3,False,
STR-001,2024-11-27,23,1,False,
STR-001,2024-11-28,0,0,False,
STR-001,2024-11-28,1,0,False,
STR-001,2024-11-28,2,0,False,
STR-001,2024-11-28,3,0,False,
STR-001,2024-11-28,4,0,False,
STR-001,2024-11-28,5,0,False,
STR-001,2024-11-28,6,1,False,
STR-001,2024-11-28,7,7,False,
STR-001,2024-11-28,8,6,False,
STR-001,2024-11-28,9,10,False,
STR-001,2024-11-28,10,2,False,
STR-001,2024-11-28,11,11,False,
STR-001,2024-11-28,12,10,False,
STR-001,2024-11-28,13,8,False,
STR-001,2024-11-28,14,11,False,
STR-001,2024-11-28,15,7,False,
STR-001,2024-11-28,16,5,False,
STR-001,2024-11-28,17,6,False,
STR-001,2024-11-28,18,11,False,
STR-001,2024-11-28,19,8,False,
STR-001,2024-11-28,20,12,False,
STR-001,2024-11-28,21,6,False,
STR-001,2024-11-28,22,4,False,
STR-001,2024-11-28,23,0,False,
STR-001,2024-11-29,0,0,False,
STR-001,2024-11-29,1,0,False,
STR-001,2024-11-29,2,0,False,
STR-001,2024-11-29,3,0,False,
STR-001,2024-11-29,4,0,False,
STR-001,2024-11-29,5,0,False,
STR-001,2024-11-29,6,3,False,
STR-001,2024-11-29,7,4,False,
STR-001,2024-11-29,8,5,False,
STR-001,2024-11-29,9,14,False,
STR-001,2024-11-29,10,4,False,
STR-001,2024-11-29,11,8,False,
STR-001,2024-11-29,12,5,False,
STR-001,2024-11-29,13,7,False,
STR-001,2024-11-29,14,6,False,
STR-001,2024-11-29,15,11,False,
STR-001,2024-11-29,16,6,False,
STR-001,2024-11-29,17,3,False,
STR-001,2024-11-29,18,11,False,
STR-001,2024-11-29,19,9,False,
STR-001,2024-11-29,20,11,False,
STR-001,2024-11-29,21,9,False,
STR-001,2024-11-29,22,0,False,
STR-001,2024-11-29,23,1,False,
STR-001,2024-11-30,0,0,True,
STR-001,2024-11-30,1,0,True,
STR-001,2024-11-30,2,0,True,
STR-001,2024-11-30,3,0,True,
STR-001,2024-11-30,4,0,True,
STR-001,2024-11-30,5,0,True,
STR-001,2024-11-30,6,1,True,
STR-001,2024-11-30,7,4,True,
STR-001,2024-11-30,8,5,True,
STR-001,2024-11-30,9,3,True,
STR-001,2024-11-30,10,4,True,
STR-001,2024-11-30,11,11,True,
STR-001,2024-11-30,12,12,True,
STR-001,2024-11-30,13,10,True,
STR-001,2024-11-30,14,8,True,
STR-001,2024-11-30,15,4,True,
STR-001,2024-11-30,16,11,True,
STR-001,2024-11-30,17,15,True,
STR-001,2024-11-30,18,15,True,
STR-001,2024-11-30,19,19,True,
STR-001,2024-11-30,20,11,True,
STR-001,2024-11-30,21,9,True,
STR-001,2024-11-30,22,4,True,
STR-001,2024-11-30,23,1,True,
STR-001,2024-12-01,0,0,True,
STR-001,2024-12-01,1,0,True,
STR-001,2024-12-01,2,0,True,
STR-001,2024-12-01,3,0,True,
STR-001,2024-12-01,4,0,True,
STR-001,2024-12-01,5,0,True,
STR-001,2024-12-01,6,1,True,
STR-001,2024-12-01,7,4,True,
STR-001,2024-12-01,8,11,True,
STR-001,2024-12-01,9,7,True,
STR-001,2024-12-01,10,4,True,
STR-001,2024-12-01,11,3,True,
STR-001,2024-12-01,12,6,True,
STR-001,2024-12-01,13,14,True,
STR-001,2024-12-01,14,17,True,
STR-001,2024-12-01,15,8,True,
STR-001,2024-12-01,16,8,True,
STR-001,2024-12-01,17,6,True,
STR-001,2024-12-01,18,16,True,
STR-001,2024-12-01,19,11,True,
STR-001,2024-12-01,20,13,True,
STR-001,2024-12-01,21,7,True,
STR-001,2024-12-01,22,3,True,
STR-001,2024-12-01,23,4,True,
STR-001,2024-12-02,0,0,False,
STR-001,2024-12-02,1,0,False,
STR-001,2024-12-02,2,0,False,
STR-001,2024-12-02,3,0,False,
STR-001,2024-12-02,4,0,False,
STR-001,2024-12-02,5,0,False,
STR-001,2024-12-02,6,2,False,
STR-001,2024-12-02,7,3,False,
STR-001,2024-12-02,8,1,False,
STR-001,2024-12-02,9,4,False,
STR-001,2024-12-02,10,6,False,
STR-001,2024-12-02,11,6,False,
STR-001,2024-12-02,12,9,False,
STR-001,2024-12-02,13,8,False,
STR-001,2024-12-02,14,3,False,
STR-001,2024-12-02,15,8,False,
STR-001,2024-12-02,16,6,False,
STR-001,2024-12-02,17,3,False,
STR-001,2024-12-02,18,7,False,
STR-001,2024-12-02,19,12,False,
STR-001,2024-12-02,20,11,False,
STR-001,2024-12-02,21,4,False,
STR-001,2024-12-02,22,2,False,
STR-001,2024-12-02,23,2,False,
STR-001,2024-12-03,0,0,False,
STR-001,2024-12-03,1,0,False,
STR-001,2024-12-03,2,0,False,
STR-001,2024-12-03,3,0,False,
STR-001,2024-12-03,4,0,False,
STR-001,2024-12-03,5,0,False,
STR-001,2024-12-03,6,5,False,
STR-001,2024-12-03,7,1,False,
STR-001,2024-12-03,8,2,False,
STR-001,2024-12-03,9,6,False,
STR-001,2024-12-03,10,2,False,
STR-001,2024-12-03,11,5,False,
STR-001,2024-12-03,12,10,False,
STR-001,2024-12-03,13,6,False,
STR-001,2024-12-03,14,3,False,
STR-001,2024-12-03,15,7,False,
STR-001,2024-12-03,16,8,False,
STR-001,2024-12-03,17,8,False,
STR-001,2024-12-03,18,9,False,
STR-001,2024-12-03,19,7,False,
STR-001,2024-12-03,20,12,False,
STR-001,2024-12-03,21,4,False,
STR-001,2024-12-03,22,1,False,
STR-001,2024-12-03,23,0,False,
STR-001,2024-12-04,0,0,False,
STR-001,2024-12-04,1,0,False,
STR-001,2024-12-04,2,0,False,
STR-001,2024-12-04,3,0,False,
STR-001,2024-12-04,4,0,False,
STR-001,2024-12-04,5,0,False,
STR-001,2024-12-04,6,1,False,
STR-001,2024-12-04,7,1,False,
STR-001,2024-12-04,8,3,False,
STR-001,2024-12-04,9,6,False,
STR-001,2024-12-04,10,9,False,
STR-001,2024-12-04,11,11,False,
STR-001,2024-12-04,12,15,False,
STR-001,2024-12-04,13,4,False,
STR-001,2024-12-04,14,11,False,
STR-001,2024-12-04,15,6,False,
STR-001,2024-12-04,16,10,False,
STR-001,2024-12-04,17,7,False,
STR-001,2024-12-04,18,15,False,
STR-001,2024-12-04,19,13,False,
STR-001,2024-12-04,20,11,False,
STR-001,2024-12-04,21,9,False,
STR-001,2024-12-04,22,1,False,
STR-001,2024-12-04,23,2,False,
STR-001,2024-12-05,0,0,False,
STR-001,2024-12-05,1,0,False,
STR-001,2024-12-05,2,0,False,
STR-001,2024-12-05,3,0,False,
STR-001,2024-12-05,4,0,False,
STR-001,2024-12-05,5,0,False,
STR-001,2024-12-05,6,2,False,
STR-001,2024-12-05,7,3,False,
STR-001,2024-12-05,8,4,False,
STR-001,2024-12-05,9,5,False,
STR-001,2024-12-05,10,7,False,
STR-001,2024-12-05,11,8,False,
STR-001,2024-12-05,12,8,False,
STR-001,2024-12-05,13,5,False,
STR-001,2024-12-05,14,4,False,
STR-001,2024-12-05,15,3,False,
STR-001,2024-12-05,16,7,False,
STR-001,2024-12-05,17,10,False,
STR-001,2024-12-05,18,11,False,
STR-001,2024-12-05,19,13,False,
STR-001,2024-12-05,20,11,False,
STR-001,2024-12-05,21,10,False,
STR-001,2024-12-05,22,2,False,
STR-001,2024-12-05,23,1,False,
STR-001,2024-12-06,0,0,False,
STR-001,2024-12-06,1,0,False,
STR-001,2024-12-06,2,0,False,
STR-001,2024-12-06,3,0,False,
STR-001,2024-12-06,4,0,False,
STR-001,2024-12-06,5,0,False,
STR-001,2024-12-06,6,0,False,
STR-001,2024-12-06,7,4,False,
STR-001,2024-12-06,8,4,False,
STR-001,2024-12-06,9,4,False,
STR-001,2024-12-06,10,10,False,
STR-001,2024-12-06,11,5,False,
STR-001,2024-12-06,12,7,False,
STR-001,2024-12-06,13,9,False,
STR-001,2024-12-06,14,11,False,
STR-001,2024-12-06,15,4,False,
STR-001,2024-12-06,16,11,False,
STR-001,2024-12-06,17,6,False,
STR-001,2024-12-06,18,8,False,
STR-001,2024-12-06,19,11,False,
STR-001,2024-12-06,20,14,False,
STR-001,2024-12-06,21,6,False,
STR-001,2024-12-06,22,3,False,
STR-001,2024-12-06,23,0,False,
STR-001,2024-12-07,0,0,True,
STR-001,2024-12-07,1,0,True,
STR-001,2024-12-07,2,0,True,
STR-001,2024-12-07,3,0,True,
STR-001,2024-12-07,4,0,True,
STR-001,2024-12-07,5,0,True,
STR-001,2024-12-07,6,1,True,
STR-001,2024-12-07,7,3,True,
STR-001,2024-12-07,8,4,True,
STR-001,2024-12-07,9,4,True,
STR-001,2024-12-07,10,8,True,
STR-001,2024-12-07,11,3,True,
STR-001,2024-12-07,12,9,True,
STR-001,2024-12-07,13,14,True,
STR-001,2024-12-07,14,9,True,
STR-001,2024-12-07,15,10,True,
STR-001,2024-12-07,16,7,True,
STR-001,2024-12-07,17,4,True,
STR-001,2024-12-07,18,9,True,
STR-001,2024-12-07,19,12,True,
STR-001,2024-12-07,20,15,True,
STR-001,2024-12-07,21,10,True,
STR-001,2024-12-07,22,1,True,
STR-001,2024-12-07,23,3,True,
STR-001,2024-12-08,0,0,True,
STR-001,2024-12-08,1,0,True,
STR-001,2024-12-08,2,0,True,
STR-001,2024-12-08,3,0,True,
STR-001,2024-12-08,4,0,True,
STR-001,2024-12-08,5,0,True,
STR-001,2024-12-08,6,0,True,
STR-001,2024-12-08,7,1,True,
STR-001,2024-12-08,8,6,True,
STR-001,2024-12-08,9,7,True,
STR-001,2024-12-08,10,7,True,
STR-001,2024-12-08,11,8,True,
STR-001,2024-12-08,12,8,True,
STR-001,2024-12-08,13,8,True,
STR-001,2024-12-08,14,7,True,
STR-001,2024-12-08,15,16,True,
STR-001,2024-12-08,16,14,True,
STR-001,2024-12-08,17,12,True,
STR-001,2024-12-08,18,16,True,
STR-001,2024-12-08,19,21,True,
STR-001,2024-12-08,20,24,True,
STR-001,2024-12-08,21,8,True,
STR-001,2024-12-08,22,6,True,
STR-001,2024-12-08,23,2,True,
STR-001,2024-12-09,0,0,False,
STR-001,2024-12-09,1,0,False,
STR-001,2024-12-09,2,0,False,
STR-001,2024-12-09,3,0,False,
STR-001,2024-12-09,4,0,False,
STR-001,2024-12-09,5,0,False,
STR-001,2024-12-09,6,2,False,
STR-001,2024-12-09,7,3,False,
STR-001,2024-12-09,8,1,False,
STR-001,2024-12-09,9,7,False,
STR-001,2024-12-09,10,9,False,
STR-001,2024-12-09,11,9,False,
STR-001,2024-12-09,12,8,False,
STR-001,2024-12-09,13,5,False,
STR-001,2024-12-09,14,13,False,
STR-001,2024-12-09,15,6,False,
STR-001,2024-12-09,16,7,False,
STR-001,2024-12-09,17,7,False,
STR-001,2024-12-09,18,9,False,
STR-001,2024-12-09,19,18,False,
STR-001,2024-12-09,20,16,False,
STR-001,2024-12-09,21,11,False,
STR-001,2024-12-09,22,4,False,
STR-001,2024-12-09,23,0,False,
STR-001,2024-12-10,0,0,False,
STR-001,2024-12-10,1,0,False,
STR-001,2024-12-10,2,0,False,
STR-001,2024-12-10,3,0,False,
STR-001,2024-12-10,4,0,False,
STR-001,2024-12-10,5,0,False,
STR-001,2024-12-10,6,0,False,
STR-001,2024-12-10,7,2,False,
STR-001,2024-12-10,8,3,False,
STR-001,2024-12-10,9,5,False,
STR-001,2024-12-10,10,5,False,
STR-001,2024-12-10,11,5,False,
STR-001,2024-12-10,12,13,False,
STR-001,2024-12-10,13,9,False,
STR-001,2024-12-10,14,9,False,
STR-001,2024-12-10,15,8,False,
STR-001,2024-12-10,16,4,False,
STR-001,2024-12-10,17,2,False,
STR-001,2024-12-10,18,15,False,
STR-001,2024-12-10,19,13,False,
STR-001,2024-12-10,20,13,False,
STR-001,2024-12-10,21,8,False,
STR-001,2024-12-10,22,3,False,
STR-001,2024-12-10,23,3,False,
STR-001,2024-12-11,0,0,False,
STR-001,2024-12-11,1,0,False,
STR-001,2024-12-11,2,0,False,
STR-001,2024-12-11,3,0,False,
STR-001,2024-12-11,4,0,False,
STR-001,2024-12-11,5,0,False,
STR-001,2024-12-11,6,0,False,
STR-001,2024-12-11,7,1,False,
STR-001,2024-12-11,8,2,False,
STR-001,2024-12-11,9,5,False,
STR-001,2024-12-11,10,6,False,
STR-001,2024-12-11,11,7,False,
STR-001,2024-12-11,12,13,False,
STR-001,2024-12-11,13,6,False,
STR-001,2024-12-11,14,13,False,
STR-001,2024-12-11,15,12,False,
STR-001,2024-12-11,16,9,False,
STR-001,2024-12-11,17,8,False,
STR-001,2024-12-11,18,6,False,
STR-001,2024-12-11,19,8,False,
STR-001,2024-12-11,20,8,False,
STR-001,2024-12-11,21,11,False,
STR-001,2024-12-11,22,5,False,
STR-001,2024-12-11,23,1,False,
STR-001,2024-12-12,0,0,False,
STR-001,2024-12-12,1,0,False,
STR-001,2024-12-12,2,0,False,
STR-001,2024-12-12,3,0,False,
STR-001,2024-12-12,4,0,False,
STR-001,2024-12-12,5,0,False,
STR-001,2024-12-12,6,3,False,
STR-001,2024-12-12,7,6,False,
STR-001,2024-12-12,8,4,False,
STR-001,2024-12-12,9,3,False,
STR-001,2024-12-12,10,1,False,
STR-001,2024-12-12,11,6,False,
STR-001,2024-12-12,12,7,False,
STR-001,2024-12-12,13,6,False,
STR-001,2024-12-12,14,8,False,
STR-001,2024-12-12,15,13,False,
STR-001,2024-12-12,16,8,False,
STR-001,2024-12-12,17,8,False,
STR-001,2024-12-12,18,7,False,
STR-001,2024-12-12,19,13,False,
STR-001,2024-12-12,20,10,False,
STR-001,2024-12-12,21,11,False,
STR-001,2024-12-12,22,5,False,
STR-001,2024-12-12,23,3,False,
STR-001,2024-12-13,0,0,False,
STR-001,2024-12-13,1,0,False,
STR-001,2024-12-13,2,0,False,
STR-001,2024-12-13,3,0,False,
STR-001,2024-12-13,4,0,False,
STR-001,2024-12-13,5,0,False,
STR-001,2024-12-13,6,1,False,
STR-001,2024-12-13,7,5,False,
STR-001,2024-12-13,8,6,False,
STR-001,2024-12-13,9,5,False,
STR-001,2024-12-13,10,6,False,
STR-001,2024-12-13,11,7,False,
STR-001,2024-12-13,12,11,False,
STR-001,2024-12-13,13,7,False,
STR-001,2024-12-13,14,6,False,
STR-001,2024-12-13,15,9,False,
STR-001,2024-12-13,16,8,False,
STR-001,2024-12-13,17,8,False,
STR-001,2024-12-13,18,12,False,
STR-001,2024-12-13,19,17,False,
STR-001,2024-12-13,20,13,False,
STR-001,2024-12-13,21,12,False,
STR-001,2024-12-13,22,2,False,
STR-001,2024-12-13,23,3,False,
STR-001,2024-12-14,0,0,True,
STR-001,2024-12-14,1,0,True,
STR-001,2024-12-14,2,0,True,
STR-001,2024-12-14,3,0,True,
STR-001,2024-12-14,4,0,True,
STR-001,2024-12-14,5,0,True,
STR-001,2024-12-14,6,2,True,
STR-001,2024-12-14,7,7,True,
STR-001,2024-12-14,8,5,True,
STR-001,2024-12-14,9,7,True,
STR-001,2024-12-14,10,7,True,
STR-001,2024-12-14,11,6,True,
STR-001,2024-12-14,12,16,True,
STR-001,2024-12-14,13,10,True,
STR-001,2024-12-14,14,13,True,
STR-001,2024-12-14,15,11,True,
STR-001,2024-12-14,16,7,True,
STR-001,2024-12-14,17,6,True,
STR-001,2024-12-14,18,6,True,
STR-001,2024-12-14,19,12,True,
STR-001,2024-12-14,20,13,True,
STR-001,2024-12-14,21,11,True,
STR-001,2024-12-14,22,2,True,
STR-001,2024-12-14,23,1,True,
STR-001,2024-12-15,0,0,True,
STR-001,2024-12-15,1,0,True,
STR-001,2024-12-15,2,0,True,
STR-001,2024-12-15,3,0,True,
STR-001,2024-12-15,4,0,True,
STR-001,2024-12-15,5,0,True,
STR-001,2024-12-15,6,3,True,
STR-001,2024-12-15,7,3,True,
STR-001,2024-12-15,8,4,True,
STR-001,2024-12-15,9,5,True,
STR-001,2024-12-15,10,7,True,
STR-001,2024-12-15,11,6,True,
STR-001,2024-12-15,12,11,True,
STR-001,2024-12-15,13,13,True,
STR-001,2024-12-15,14,11,True,
STR-001,2024-12-15,15,9,True,
STR-001,2024-12-15,16,7,True,
STR-001,2024-12-15,17,21,True,
STR-001,2024-12-15,18,12,True,
STR-001,2024-12-15,19,7,True,
STR-001,2024-12-15,20,8,True,
STR-001,2024-12-15,21,15,True,
STR-001,2024-12-15,22,5,True,
STR-001,2024-12-15,23,2,True,
STR-001,2024-12-16,0,0,False,
STR-001,2024-12-16,1,0,False,
STR-001,2024-12-16,2,0,False,
STR-001,2024-12-16,3,0,False,
STR-001,2024-12-16,4,0,False,
STR-001,2024-12-16,5,0,False,
STR-001,2024-12-16,6,0,False,
STR-001,2024-12-16,7,3,False,
STR-001,2024-12-16,8,5,False,
STR-001,2024-12-16,9,10,False,
STR-001,2024-12-16,10,8,False,
STR-001,2024-12-16,11,9,False,
STR-001,2024-12-16,12,5,False,
STR-001,2024-12-16,13,6,False,
STR-001,2024-12-16,14,1,False,
STR-001,2024-12-16,15,3,False,
STR-001,2024-12-16,16,4,False,
STR-001,2024-12-16,17,6,False,
STR-001,2024-12-16,18,12,False,
STR-001,2024-12-16,19,5,False,
STR-001,2024-12-16,20,6,False,
STR-001,2024-12-16,21,5,False,
STR-001,2024-12-16,22,2,False,
STR-001,2024-12-16,23,3,False,
STR-001,2024-12-17,0,0,False,
STR-001,2024-12-17,1,0,False,
STR-001,2024-12-17,2,0,False,
STR-001,2024-12-17,3,0,False,
STR-001,2024-12-17,4,0,False,
STR-001,2024-12-17,5,0,False,
STR-001,2024-12-17,6,2,False,
STR-001,2024-12-17,7,3,False,
STR-001,2024-12-17,8,5,False,
STR-001,2024-12-17,9,3,False,
STR-001,2024-12-17,10,3,False,
STR-001,2024-12-17,11,7,False,
STR-001,2024-12-17,12,10,False,
STR-001,2024-12-17,13,3,False,
STR-001,2024-12-17,14,5,False,
STR-001,2024-12-17,15,3,False,
STR-001,2024-12-17,16,7,False,
STR-001,2024-12-17,17,9,False,
STR-001,2024-12-17,18,12,False,
STR-001,2024-12-17,19,11,False,
STR-001,2024-12-17,20,7,False,
STR-001,2024-12-17,21,14,False,
STR-001,2024-12-17,22,1,False,
STR-001,2024-12-17,23,3,False,
STR-001,2024-12-18,0,0,False,
STR-001,2024-12-18,1,0,False,
STR-001,2024-12-18,2,0,False,
STR-001,2024-12-18,3,0,False,
STR-001,2024-12-18,4,0,False,
STR-001,2024-12-18,5,0,False,
STR-001,2024-12-18,6,0,False,
STR-001,2024-12-18,7,5,False,
STR-001,2024-12-18,8,5,False,
STR-001,2024-12-18,9,6,False,
STR-001,2024-12-18,10,4,False,
STR-001,2024-12-18,11,6,False,
STR-001,2024-12-18,12,11,False,
STR-001,2024-12-18,13,10,False,
STR-001,2024-12-18,14,9,False,
STR-001,2024-12-18,15,9,False,
STR-001,2024-12-18,16,7,False,
STR-001,2024-12-18,17,10,False,
STR-001,2024-12-18,18,9,False,
STR-001,2024-12-18,19,19,False,
STR-001,2024-12-18,20,12,False,
STR-001,2024-12-18,21,6,False,
STR-001,2024-12-18,22,2,False,
STR-001,2024-12-18,23,2,False,
STR-001,2024-12-19,0,0,False,
STR-001,2024-12-19,1,0,False,
STR-001,2024-12-19,2,0,False,
STR-001,2024-12-19,3,0,False,
STR-001,2024-12-19,4,0,False,
STR-001,2024-12-19,5,0,False,
STR-001,2024-12-19,6,1,False,
STR-001,2024-12-19,7,5,False,
STR-001,2024-12-19,8,8,False,
STR-001,2024-12-19,9,4,False,
STR-001,2024-12-19,10,4,False,
STR-001,2024-12-19,11,8,False,
STR-001,2024-12-19,12,7,False,
STR-001,2024-12-19,13,8,False,
STR-001,2024-12-19,14,4,False,
STR-001,2024-12-19,15,7,False,
STR-001,2024-12-19,16,9,False,
STR-001,2024-12-19,17,9,False,
STR-001,2024-12-19,18,12,False,
STR-001,2024-12-19,19,15,False,
STR-001,2024-12-19,20,11,False,
STR-001,2024-12-19,21,7,False,
STR-001,2024-12-19,22,3,False,
STR-001,2024-12-19,23,1,False,
STR-001,2024-12-20,0,0,False,
STR-001,2024-12-20,1,0,False,
STR-001,2024-12-20,2,0,False,
STR-001,2024-12-20,3,0,False,
STR-001,2024-12-20,4,0,False,
STR-001,2024-12-20,5,0,False,
STR-001,2024-12-20,6,1,False,
STR-001,2024-12-20,7,4,False,
STR-001,2024-12-20,8,4,False,
STR-001,2024-12-20,9,4,False,
STR-001,2024-12-20,10,11,False,
STR-001,2024-12-20,11,7,False,
STR-001,2024-12-20,12,3,False,
STR-001,2024-12-20,13,13,False,
STR-001,2024-12-20,14,7,False,
STR-001,2024-12-20,15,3,False,
STR-001,2024-12-20,16,11,False,
STR-001,2024-12-20,17,7,False,
STR-001,2024-12-20,18,11,False,
STR-001,2024-12-20,19,11,False,
STR-001,2024-12-20,20,14,False,
STR-001,2024-12-20,21,8,False,
STR-001,2024-12-20,22,2,False,
STR-001,2024-12-20,23,2,False,
STR-001,2024-12-21,0,0,True,
STR-001,2024-12-21,1,0,True,
STR-001,2024-12-21,2,0,True,
STR-001,2024-12-21,3,0,True,
STR-001,2024-12-21,4,0,True,
STR-001,2024-12-21,5,0,True,
STR-001,2024-12-21,6,4,True,
STR-001,2024-12-21,7,0,True,
STR-001,2024-12-21,8,7,True,
STR-001,2024-12-21,9,6,True,
STR-001,2024-12-21,10,11,True,
STR-001,2024-12-21,11,7,True,
STR-001,2024-12-21,12,14,True,
STR-001,2024-12-21,13,15,True,
STR-001,2024-12-21,14,6,True,
STR-001,2024-12-21,15,13,True,
STR-001,2024-12-21,16,10,True,
STR-001,2024-12-21,17,10,True,
STR-001,2024-12-21,18,24,True,
STR-001,2024-12-21,19,13,True,
STR-001,2024-12-21,20,10,True,
STR-001,2024-12-21,21,16,True,
STR-001,2024-12-21,22,7,True,
STR-001,2024-12-21,23,5,True,
STR-001,2024-12-22,0,0,True,
STR-001,2024-12-22,1,0,True,
STR-001,2024-12-22,2,0,True,
STR-001,2024-12-22,3,0,True,
STR-001,2024-12-22,4,0,True,
STR-001,2024-12-22,5,0,True,
STR-001,2024-12-22,6,2,True,
STR-001,2024-12-22,7,2,True,
STR-001,2024-12-22,8,7,True,
STR-001,2024-12-22,9,4,True,
STR-001,2024-12-22,10,7,True,
STR-001,2024-12-22,11,10,True,
STR-001,2024-12-22,12,5,True,
STR-001,2024-12-22,13,10,True,
STR-001,2024-12-22,14,7,True,
STR-001,2024-12-22,15,8,True,
STR-001,2024-12-22,16,8,True,
STR-001,2024-12-22,17,10,True,
STR-001,2024-12-22,18,18,True,
STR-001,2024-12-22,19,15,True,
STR-001,2024-12-22,20,15,True,
STR-001,2024-12-22,21,8,True,
STR-001,2024-12-22,22,0,True,
STR-001,2024-12-22,23,0,True,
STR-001,2024-12-23,0,0,False,
STR-001,2024-12-23,1,0,False,
STR-001,2024-12-23,2,0,False,
STR-001,2024-12-23,3,0,False,
STR-001,2024-12-23,4,0,False,
STR-001,2024-12-23,5,0,False,
STR-001,2024-12-23,6,3,False,
STR-001,2024-12-23,7,2,False,
STR-001,2024-12-23,8,3,False,
STR-001,2024-12-23,9,7,False,
STR-001,2024-12-23,10,6,False,
STR-001,2024-12-23,11,7,False,
STR-001,2024-12-23,12,8,False,
STR-001,2024-12-23,13,4,False,
STR-001,2024-12-23,14,5,False,
STR-001,2024-12-23,15,4,False,
STR-001,2024-12-23,16,7,False,
STR-001,2024-12-23,17,9,False,
STR-001,2024-12-23,18,7,False,
STR-001,2024-12-23,19,11,False,
STR-001,2024-12-23,20,13,False,
STR-001,2024-12-23,21,12,False,
STR-001,2024-12-23,22,4,False,
STR-001,2024-12-23,23,0,False,
STR-001,2024-12-24,0,0,False,
STR-001,2024-12-24,1,0,False,
STR-001,2024-12-24,2,0,False,
STR-001,2024-12-24,3,0,False,
STR-001,2024-12-24,4,0,False,
STR-001,2024-12-24,5,0,False,
STR-001,2024-12-24,6,1,False,
STR-001,2024-12-24,7,1,False,
STR-001,2024-12-24,8,7,False,
STR-001,2024-12-24,9,6,False,
STR-001,2024-12-24,10,4,False,
STR-001,2024-12-24,11,3,False,
STR-001,2024-12-24,12,11,False,
STR-001,2024-12-24,13,9,False,
STR-001,2024-12-24,14,9,False,
STR-001,2024-12-24,15,16,False,
STR-001,2024-12-24,16,7,False,
STR-001,2024-12-24,17,9,False,
STR-001,2024-12-24,18,16,False,
STR-001,2024-12-24,19,14,False,
STR-001,2024-12-24,20,14,False,
STR-001,2024-12-24,21,14,False,
STR-001,2024-12-24,22,2,False,
STR-001,2024-12-24,23,1,False,
STR-001,2024-12-25,0,0,False,Christmas
STR-001,2024-12-25,1,0,False,Christmas
STR-001,2024-12-25,2,0,False,Christmas
STR-001,2024-12-25,3,0,False,Christmas
STR-001,2024-12-25,4,0,False,Christmas
STR-001,2024-12-25,5,0,False,Christmas
STR-001,2024-12-25,6,2,False,Christmas
STR-001,2024-12-25,7,2,False,Christmas
STR-001,2024-12-25,8,3,False,Christmas
STR-001,2024-12-25,9,9,False,Christmas
STR-001,2024-12-25,10,10,False,Christmas
STR-001,2024-12-25,11,3,False,Christmas
STR-001,2024-12-25,12,11,False,Christmas
STR-001,2024-12-25,13,9,False,Christmas
STR-001,2024-12-25,14,5,False,Christmas
STR-001,2024-12-25,15,10,False,Christmas
STR-001,2024-12-25,16,9,False,Christmas
STR-001,2024-12-25,17,4,False,Christmas
STR-001,2024-12-25,18,18,False,Christmas
STR-001,2024-12-25,19,23,False,Christmas
STR-001,2024-12-25,20,15,False,Christmas
STR-001,2024-12-25,21,12,False,Christmas
STR-001,2024-12-25,22,2,False,Christmas
STR-001,2024-12-25,23,1,False,Christmas
STR-001,2024-12-26,0,0,False,
STR-001,2024-12-26,1,0,False,
STR-001,2024-12-26,2,0,False,
STR-001,2024-12-26,3,0,False,
STR-001,2024-12-26,4,0,False,
STR-001,2024-12-26,5,0,False,
STR-001,2024-12-26,6,0,False,
STR-001,2024-12-26,7,2,False,
STR-001,2024-12-26,8,6,False,
STR-001,2024-12-26,9,11,False,
STR-001,2024-12-26,10,6,False,
STR-001,2024-12-26,11,7,False,
STR-001,2024-12-26,12,12,False,
STR-001,2024-12-26,13,8,False,
STR-001,2024-12-26,14,6,False,
STR-001,2024-12-26,15,7,False,
STR-001,2024-12-26,16,14,False,
STR-001,2024-12-26,17,5,False,
STR-001,2024-12-26,18,17,False,
STR-001,2024-12-26,19,17,False,
STR-001,2024-12-26,20,13,False,
STR-001,2024-12-26,21,6,False,
STR-001,2024-12-26,22,5,False,
STR-001,2024-12-26,23,0,False,
STR-001,2024-12-27,0,0,False,
STR-001,2024-12-27,1,0,False,
STR-001,2024-12-27,2,0,False,
STR-001,2024-12-27,3,0,False,
STR-001,2024-12-27,4,0,False,
STR-001,2024-12-27,5,0,False,
STR-001,2024-12-27,6,0,False,
STR-001,2024-12-27,7,6,False,
STR-001,2024-12-27,8,3,False,
STR-001,2024-12-27,9,4,False,
STR-001,2024-12-27,10,7,False,
STR-001,2024-12-27,11,6,False,
STR-001,2024-12-27,12,6,False,
STR-001,2024-12-27,13,3,False,
STR-001,2024-12-27,14,7,False,
STR-001,2024-12-27,15,6,False,
STR-001,2024-12-27,16,10,False,
STR-001,2024-12-27,17,6,False,
STR-001,2024-12-27,18,15,False,
STR-001,2024-12-27,19,11,False,
STR-001,2024-12-27,20,19,False,
STR-001,2024-12-27,21,8,False,
STR-001,2024-12-27,22,0,False,
STR-001,2024-12-27,23,1,False,
STR-001,2024-12-28,0,0,True,
STR-001,2024-12-28,1,0,True,
STR-001,2024-12-28,2,0,True,
STR-001,2024-12-28,3,0,True,
STR-001,2024-12-28,4,0,True,
STR-001,2024-12-28,5,0,True,
STR-001,2024-12-28,6,0,True,
STR-001,2024-12-28,7,4,True,
STR-001,2024-12-28,8,4,True,
STR-001,2024-12-28,9,6,True,
STR-001,2024-12-28,10,4,True,
STR-001,2024-12-28,11,6,True,
STR-001,2024-12-28,12,12,True,
STR-001,2024-12-28,13,11,True,
STR-001,2024-12-28,14,8,True,
STR-001,2024-12-28,15,7,True,
STR-001,2024-12-28,16,12,True,
STR-001,2024-12-28,17,9,True,
STR-001,2024-12-28,18,13,True,
STR-001,2024-12-28,19,9,True,
STR-001,2024-12-28,20,11,True,
STR-001,2024-12-28,21,9,True,
STR-001,2024-12-28,22,5,True,
STR-001,2024-12-28,23,4,True,
STR-001,2024-12-29,0,0,True,
STR-001,2024-12-29,1,0,True,
STR-001,2024-12-29,2,0,True,
STR-001,2024-12-29,3,0,True,
STR-001,2024-12-29,4,0,True,
STR-001,2024-12-29,5,0,True,
STR-001,2024-12-29,6,2,True,
STR-001,2024-12-29,7,6,True,
STR-001,2024-12-29,8,2,True,
STR-001,2024-12-29,9,8,True,
STR-001,2024-12-29,10,10,True,
STR-001,2024-12-29,11,8,True,
STR-001,2024-12-29,12,11,True,
STR-001,2024-12-29,13,4,True,
STR-001,2024-12-29,14,8,True,
STR-001,2024-12-29,15,8,True,
STR-001,2024-12-29,16,8,True,
STR-001,2024-12-29,17,12,True,
STR-001,2024-12-29,18,10,True,
STR-001,2024-12-29,19,12,True,
STR-001,2024-12-29,20,17,True,
STR-001,2024-12-29,21,11,True,
STR-001,2024-12-29,22,3,True,
STR-001,2024-12-29,23,3,True,
STR-001,2024-12-30,0,0,False,
STR-001,2024-12-30,1,0,False,
STR-001,2024-12-30,2,0,False,
STR-001,2024-12-30,3,0,False,
STR-001,2024-12-30,4,0,False,
STR-001,2024-12-30,5,0,False,
STR-001,2024-12-30,6,1,False,
STR-001,2024-12-30,7,2,False,
STR-001,2024-12-30,8,9,False,
STR-001,2024-12-30,9,5,False,
STR-001,2024-12-30,10,7,False,
STR-001,2024-12-30,11,5,False,
STR-001,2024-12-30,12,15,False,
STR-001,2024-12-30,13,14,False,
STR-001,2024-12-30,14,16,False,
STR-001,2024-12-30,15,13,False,
STR-001,2024-12-30,16,5,False,
STR-001,2024-12-30,17,6,False,
STR-001,2024-12-30,18,20,False,
STR-001,2024-12-30,19,16,False,
STR-001,2024-12-30,20,14,False,
STR-001,2024-12-30,21,15,False,
STR-001,2024-12-30,22,1,False,
STR-001,2024-12-30,23,1,False,
STR-001,2024-12-31,0,0,False,
STR-001,2024-12-31,1,0,False,
STR-001,2024-12-31,2,0,False,
STR-001,2024-12-31,3,0,False,
STR-001,2024-12-31,4,0,False,
STR-001,2024-12-31,5,0,False,
STR-001,2024-12-31,6,7,False,
STR-001,2024-12-31,7,2,False,
STR-001,2024-12-31,8,6,False,
STR-001,2024-12-31,9,9,False,
STR-001,2024-12-31,10,9,False,
STR-001,2024-12-31,11,7,False,
STR-001,2024-12-31,12,8,False,
STR-001,2024-12-31,13,6,False,
STR-001,2024-12-31,14,12,False,
STR-001,2024-12-31,15,5,False,
STR-001,2024-12-31,16,10,False,
STR-001,2024-12-31,17,5,False,
STR-001,2024-12-31,18,14,False,
STR-001,2024-12-31,19,9,False,
STR-001,2024-12-31,20,14,False,
STR-001,2024-12-31,21,16,False,
STR-001,2024-12-31,22,3,False,
STR-001,2024-12-31,23,0,False,
STR-001,2025-01-01,0,0,False,
STR-001,2025-01-01,1,0,False,
STR-001,2025-01-01,2,0,False,
STR-001,2025-01-01,3,0,False,
STR-001,2025-01-01,4,0,False,
STR-001,2025-01-01,5,0,False,
STR-001,2025-01-01,6,1,False,
STR-001,2025-01-01,7,0,False,
STR-001,2025-01-01,8,3,False,
STR-001,2025-01-01,9,7,False,
STR-001,2025-01-01,10,5,False,
STR-001,2025-01-01,11,11,False,
STR-001,2025-01-01,12,12,False,
STR-001,2025-01-01,13,12,False,
STR-001,2025-01-01,14,6,False,
STR-001,2025-01-01,15,6,False,
STR-001,2025-01-01,16,4,False,
STR-001,2025-01-01,17,10,False,
STR-001,2025-01-01,18,6,False,
STR-001,2025-01-01,19,20,False,
STR-001,2025-01-01,20,12,False,
STR-001,2025-01-01,21,11,False,
STR-001,2025-01-01,22,1,False,
STR-001,2025-01-01,23,0,False,
STR-001,2025-01-02,0,0,False,
STR-001,2025-01-02,1,0,False,
STR-001,2025-01-02,2,0,False,
STR-001,2025-01-02,3,0,False,
STR-001,2025-01-02,4,0,False,
STR-001,2025-01-02,5,0,False,
STR-001,2025-01-02,6,4,False,
STR-001,2025-01-02,7,0,False,
STR-001,2025-01-02,8,8,False,
STR-001,2025-01-02,9,4,False,
STR-001,2025-01-02,10,10,False,
STR-001,2025-01-02,11,3,False,
STR-001,2025-01-02,12,12,False,
STR-001,2025-01-02,13,4,False,
STR-001,2025-01-02,14,9,False,
STR-001,2025-01-02,15,14,False,
STR-001,2025-01-02,16,5,False,
STR-001,2025-01-02,17,10,False,
STR-001,2025-01-02,18,14,False,
STR-001,2025-01-02,19,9,False,
STR-001,2025-01-02,20,15,False,
STR-001,2025-01-02,21,10,False,
STR-001,2025-01-02,22,3,False,
STR-001,2025-01-02,23,2,False,
STR-001,2025-01-03,0,0,False,
STR-001,2025-01-03,1,0,False,
STR-001,2025-01-03,2,0,False,
STR-001,2025-01-03,3,0,False,
STR-001,2025-01-03,4,0,False,
STR-001,2025-01-03,5,0,False,
STR-001,2025-01-03,6,3,False,
STR-001,2025-01-03,7,0,False,
STR-001,2025-01-03,8,3,False,
STR-001,2025-01-03,9,5,False,
STR-001,2025-01-03,10,2,False,
STR-001,2025-01-03,11,6,False,
STR-001,2025-01-03,12,7,False,
STR-001,2025-01-03,13,6,False,
STR-001,2025-01-03,14,9,False,
STR-001,2025-01-03,15,9,False,
STR-001,2025-01-03,16,4,False,
STR-001,2025-01-03,17,10,False,
STR-001,2025-01-03,18,6,False,
STR-001,2025-01-03,19,11,False,
STR-001,2025-01-03,20,9,False,
STR-001,2025-01-03,21,11,False,
STR-001,2025-01-03,22,1,False,
STR-001,2025-01-03,23,0,False,
STR-001,2025-01-04,0,0,True,
STR-001,2025-01-04,1,0,True,
STR-001,2025-01-04,2,0,True,
STR-001,2025-01-04,3,0,True,
STR-001,2025-01-04,4,0,True,
STR-001,2025-01-04,5,0,True,
STR-001,2025-01-04,6,3,True,
STR-001,2025-01-04,7,2,True,
STR-001,2025-01-04,8,3,True,
STR-001,2025-01-04,9,6,True,
STR-001,2025-01-04,10,10,True,
STR-001,2025-01-04,11,11,True,
STR-001,2025-01-04,12,20,True,
STR-001,2025-01-04,13,13,True,
STR-001,2025-01-04,14,11,True,
STR-001,2025-01-04,15,5,True,
STR-001,2025-01-04,16,9,True,
STR-001,2025-01-04,17,9,True,
STR-001,2025-01-04,18,15,True,
STR-001,2025-01-04,19,15,True,
STR-001,2025-01-04,20,17,True,
STR-001,2025-01-04,21,13,True,
STR-001,2025-01-04,22,0,True,
STR-001,2025-01-04,23,2,True,
STR-001,2025-01-05,0,0,True,
STR-001,2025-01-05,1,0,True,
STR-001,2025-01-05,2,0,True,
STR-001,2025-01-05,3,0,True,
STR-001,2025-01-05,4,0,True,
STR-001,2025-01-05,5,0,True,
STR-001,2025-01-05,6,4,True,
STR-001,2025-01-05,7,1,True,
STR-001,2025-01-05,8,7,True,
STR-001,2025-01-05,9,7,True,
STR-001,2025-01-05,10,9,True,
STR-001,2025-01-05,11,6,True,
STR-001,2025-01-05,12,10,True,
STR-001,2025-01-05,13,13,True,
STR-001,2025-01-05,14,7,True,
STR-001,2025-01-05,15,12,True,
STR-001,2025-01-05,16,8,True,
STR-001,2025-01-05,17,12,True,
STR-001,2025-01-05,18,14,True,
STR-001,2025-01-05,19,10,True,
STR-001,2025-01-05,20,15,True,
STR-001,2025-01-05,21,9,True,
STR-001,2025-01-05,22,5,True,
STR-001,2025-01-05,23,2,True,
STR-001,2025-01-06,0,0,False,
STR-001,2025-01-06,1,0,False,
STR-001,2025-01-06,2,0,False,
STR-001,2025-01-06,3,0,False,
STR-001,2025-01-06,4,0,False,
STR-001,2025-01-06,5,0,False,
STR-001,2025-01-06,6,0,False,
STR-001,2025-01-06,7,3,False,
STR-001,2025-01-06,8,7,False,
STR-001,2025-01-06,9,3,False,
STR-001,2025-01-06,10,7,False,
STR-001,2025-01-06,11,7,False,
STR-001,2025-01-06,12,16,False,
STR-001,2025-01-06,13,9,False,
STR-001,2025-01-06,14,4,False,
STR-001,2025-01-06,15,6,False,
STR-001,2025-01-06,16,11,False,
STR-001,2025-01-06,17,6,False,
STR-001,2025-01-06,18,6,False,
STR-001,2025-01-06,19,18,False,
STR-001,2025-01-06,20,8,False,
STR-001,2025-01-06,21,10,False,
STR-001,2025-01-06,22,0,False,
STR-001,2025-01-06,23,1,False,
STR-001,2025-01-07,0,0,False,
STR-001,2025-01-07,1,0,False,
STR-001,2025-01-07,2,0,False,
STR-001,2025-01-07,3,0,False,
STR-001,2025-01-07,4,0,False,
STR-001,2025-01-07,5,0,False,
STR-001,2025-01-07,6,1,False,
STR-001,2025-01-07,7,3,False,
STR-001,2025-01-07,8,3,False,
STR-001,2025-01-07,9,9,False,
STR-001,2025-01-07,10,11,False,
STR-001,2025-01-07,11,6,False,
STR-001,2025-01-07,12,16,False,
STR-001,2025-01-07,13,8,False,
STR-001,2025-01-07,14,7,False,
STR-001,2025-01-07,15,3,False,
STR-001,2025-01-07,16,6,False,
STR-001,2025-01-07,17,9,False,
STR-001,2025-01-07,18,12,False,
STR-001,2025-01-07,19,15,False,
STR-001,2025-01-07,20,11,False,
STR-001,2025-01-07,21,7,False,
STR-001,2025-01-07,22,4,False,
STR-001,2025-01-07,23,1,False,
STR-001,2025-01-08,0,0,False,
STR-001,2025-01-08,1,0,False,
STR-001,2025-01-08,2,0,False,
STR-001,2025-01-08,3,0,False,
STR-001,2025-01-08,4,0,False,
STR-001,2025-01-08,5,0,False,
STR-001,2025-01-08,6,2,False,
STR-001,2025-01-08,7,3,False,
STR-001,2025-01-08,8,3,False,
STR-001,2025-01-08,9,5,False,
STR-001,2025-01-08,10,5,False,
STR-001,2025-01-08,11,9,False,
STR-001,2025-01-08,12,12,False,
STR-001,2025-01-08,13,18,False,
STR-001,2025-01-08,14,12,False,
STR-001,2025-01-08,15,6,False,
STR-001,2025-01-08,16,8,False,
STR-001,2025-01-08,17,5,False,
STR-001,2025-01-08,18,15,False,
STR-001,2025-01-08,19,13,False,
STR-001,2025-01-08,20,16,False,
STR-001,2025-01-08,21,12,False,
STR-001,2025-01-08,22,4,False,
STR-001,2025-01-08,23,1,False,
STR-001,2025-01-09,0,0,False,
STR-001,2025-01-09,1,0,False,
STR-001,2025-01-09,2,0,False,
STR-001,2025-01-09,3,0,False,
STR-001,2025-01-09,4,0,False,
STR-001,2025-01-09,5,0,False,
STR-001,2025-01-09,6,3,False,
STR-001,2025-01-09,7,1,False,
STR-001,2025-01-09,8,3,False,
STR-001,2025-01-09,9,4,False,
STR-001,2025-01-09,10,0,False,
STR-001,2025-01-09,11,16,False,
STR-001,2025-01-09,12,12,False,
STR-001,2025-01-09,13,7,False,
STR-001,2025-01-09,14,10,False,
STR-001,2025-01-09,15,10,False,
STR-001,2025-01-09,16,4,False,
STR-001,2025-01-09,17,6,False,
STR-001,2025-01-09,18,10,False,
STR-001,2025-01-09,19,9,False,
STR-001,2025-01-09,20,8,False,
STR-001,2025-01-09,21,6,False,
STR-001,2025-01-09,22,5,False,
STR-001,2025-01-09,23,1,False,
STR-001,2025-01-10,0,0,False,
STR-001,2025-01-10,1,0,False,
STR-001,2025-01-10,2,0,False,
STR-001,2025-01-10,3,0,False,
STR-001,2025-01-10,4,0,False,
STR-001,2025-01-10,5,0,False,
STR-001,2025-01-10,6,0,False,
STR-001,2025-01-10,7,2,False,
STR-001,2025-01-10,8,3,False,
STR-001,2025-01-10,9,6,False,
STR-001,2025-01-10,10,8,False,
STR-001,2025-01-10,11,5,False,
STR-001,2025-01-10,12,9,False,
STR-001,2025-01-10,13,8,False,
STR-001,2025-01-10,14,14,False,
STR-001,2025-01-10,15,5,False,
STR-001,2025-01-10,16,8,False,
STR-001,2025-01-10,17,7,False,
STR-001,2025-01-10,18,9,False,
STR-001,2025-01-10,19,4,False,
STR-001,2025-01-10,20,5,False,
STR-001,2025-01-10,21,12,False,
STR-001,2025-01-10,22,7,False,
STR-001,2025-01-10,23,2,False,
STR-001,2025-01-11,0,0,True,
STR-001,2025-01-11,1,0,True,
STR-001,2025-01-11,2,0,True,
STR-001,2025-01-11,3,0,True,
STR-001,2025-01-11,4,0,True,
STR-001,2025-01-11,5,0,True,
STR-001,2025-01-11,6,2,True,
STR-001,2025-01-11,7,1,True,
STR-001,2025-01-11,8,7,True,
STR-001,2025-01-11,9,7,True,
STR-001,2025-01-11,10,4,True,
STR-001,2025-01-11,11,7,True,
STR-001,2025-01-11,12,8,True,
STR-001,2025-01-11,13,11,True,
STR-001,2025-01-11,14,10,True,
STR-001,2025-01-11,15,12,True,
STR-001,2025-01-11,16,10,True,
STR-001,2025-01-11,17,10,True,
STR-001,2025-01-11,18,16,True,
STR-001,2025-01-11,19,19,True,
STR-001,2025-01-11,20,16,True,
STR-001,2025-01-11,21,12,True,
STR-001,2025-01-11,22,3,True,
STR-001,2025-01-11,23,2,True,
STR-001,2025-01-12,0,0,True,
STR-001,2025-01-12,1,0,True,
STR-001,2025-01-12,2,0,True,
STR-001,2025-01-12,3,0,True,
STR-001,2025-01-12,4,0,True,
STR-001,2025-01-12,5,0,True,
STR-001,2025-01-12,6,2,True,
STR-001,2025-01-12,7,6,True,
STR-001,2025-01-12,8,4,True,
STR-001,2025-01-12,9,9,True,
STR-001,2025-01-12,10,15,True,
STR-001,2025-01-12,11,8,True,
STR-001,2025-01-12,12,12,True,
STR-001,2025-01-12,13,9,True,
STR-001,2025-01-12,14,12,True,
STR-001,2025-01-12,15,8,True,
STR-001,2025-01-12,16,9,True,
STR-001,2025-01-12,17,8,True,
STR-001,2025-01-12,18,15,True,
STR-001,2025-01-12,19,20,True,
STR-001,2025-01-12,20,14,True,
STR-001,2025-01-12,21,8,True,
STR-001,2025-01-12,22,5,True,
STR-001,2025-01-12,23,1,True,
STR-001,2025-01-13,0,0,False,
STR-001,2025-01-13,1,0,False,
STR-001,2025-01-13,2,0,False,
STR-001,2025-01-13,3,0,False,
STR-001,2025-01-13,4,0,False,
STR-001,2025-01-13,5,0,False,
STR-001,2025-01-13,6,2,False,
STR-001,2025-01-13,7,3,False,
STR-001,2025-01-13,8,3,False,
STR-001,2025-01-13,9,4,False,
STR-001,2025-01-13,10,8,False,
STR-001,2025-01-13,11,9,False,
STR-001,2025-01-13,12,8,False,
STR-001,2025-01-13,13,10,False,
STR-001,2025-01-13,14,8,False,
STR-001,2025-01-13,15,8,False,
STR-001,2025-01-13,16,11,False,
STR-001,2025-01-13,17,4,False,
STR-001,2025-01-13,18,15,False,
STR-001,2025-01-13,19,16,False,
STR-001,2025-01-13,20,8,False,
STR-001,2025-01-13,21,2,False,
STR-001,2025-01-13,22,1,False,
STR-001,2025-01-13,23,1,False,
STR-001,2025-01-14,0,0,False,Makar Sankranti / Pongal
STR-001,2025-01-14,1,0,False,Makar Sankranti / Pongal
STR-001,2025-01-14,2,0,False,Makar Sankranti / Pongal
STR-001,2025-01-14,3,0,False,Makar Sankranti / Pongal
STR-001,2025-01-14,4,0,False,Makar Sankranti / Pongal
STR-001,2025-01-14,5,0,False,Makar Sankranti / Pongal
STR-001,2025-01-14,6,1,False,Makar Sankranti / Pongal
STR-001,2025-01-14,7,5,False,Makar Sankranti / Pongal
STR-001,2025-01-14,8,4,False,Makar Sankranti / Pongal
STR-001,2025-01-14,9,6,False,Makar Sankranti / Pongal
STR-001,2025-01-14,10,13,False,Makar Sankranti / Pongal
STR-001,2025-01-14,11,17,False,Makar Sankranti / Pongal
STR-001,2025-01-14,12,17,False,Makar Sankranti / Pongal
STR-001,2025-01-14,13,25,False,Makar Sankranti / Pongal
STR-001,2025-01-14,14,17,False,Makar Sankranti / Pongal
STR-001,2025-01-14,15,15,False,Makar Sankranti / Pongal
STR-001,2025-01-14,16,10,False,Makar Sankranti / Pongal
STR-001,2025-01-14,17,11,False,Makar Sankranti / Pongal
STR-001,2025-01-14,18,20,False,Makar Sankranti / Pongal
STR-001,2025-01-14,19,21,False,Makar Sankranti / Pongal
STR-001,2025-01-14,20,25,False,Makar Sankranti / Pongal
STR-001,2025-01-14,21,20,False,Makar Sankranti / Pongal
STR-001,2025-01-14,22,5,False,Makar Sankranti / Pongal
STR-001,2025-01-14,23,4,False,Makar Sankranti / Pongal
STR-001,2025-01-15,0,0,False,
STR-001,2025-01-15,1,0,False,
STR-001,2025-01-15,2,0,False,
STR-001,2025-01-15,3,0,False,
STR-001,2025-01-15,4,0,False,
STR-001,2025-01-15,5,0,False,
STR-001,2025-01-15,6,1,False,
STR-001,2025-01-15,7,3,False,
STR-001,2025-01-15,8,3,False,
STR-001,2025-01-15,9,3,False,
STR-001,2025-01-15,10,4,False,
STR-001,2025-01-15,11,5,False,
STR-001,2025-01-15,12,7,False,
STR-001,2025-01-15,13,4,False,
STR-001,2025-01-15,14,7,False,
STR-001,2025-01-15,15,6,False,
STR-001,2025-01-15,16,4,False,
STR-001,2025-01-15,17,5,False,
STR-001,2025-01-15,18,8,False,
STR-001,2025-01-15,19,8,False,
STR-001,2025-01-15,20,16,False,
STR-001,2025-01-15,21,6,False,
STR-001,2025-01-15,22,4,False,
STR-001,2025-01-15,23,2,False,
STR-001,2025-01-16,0,0,False,
STR-001,2025-01-16,1,0,False,
STR-001,2025-01-16,2,0,False,
STR-001,2025-01-16,3,0,False,
STR-001,2025-01-16,4,0,False,
STR-001,2025-01-16,5,0,False,
STR-001,2025-01-16,6,2,False,
STR-001,2025-01-16,7,2,False,
STR-001,2025-01-16,8,4,False,
STR-001,2025-01-16,9,6,False,
STR-001,2025-01-16,10,10,False,
STR-001,2025-01-16,11,7,False,
STR-001,2025-01-16,12,9,False,
STR-001,2025-01-16,13,4,False,
STR-001,2025-01-16,14,10,False,
STR-001,2025-01-16,15,6,False,
STR-001,2025-01-16,16,9,False,
STR-001,2025-01-16,17,10,False,
STR-001,2025-01-16,18,9,False,
STR-001,2025-01-16,19,21,False,
STR-001,2025-01-16,20,11,False,
STR-001,2025-01-16,21,8,False,
STR-001,2025-01-16,22,2,False,
STR-001,2025-01-16,23,2,False,
STR-001,2025-01-17,0,0,False,
STR-001,2025-01-17,1,0,False,
STR-001,2025-01-17,2,0,False,
STR-001,2025-01-17,3,0,False,
STR-001,2025-01-17,4,0,False,
STR-001,2025-01-17,5,0,False,
STR-001,2025-01-17,6,1,False,
STR-001,2025-01-17,7,2,False,
STR-001,2025-01-17,8,6,False,
STR-001,2025-01-17,9,6,False,
STR-001,2025-01-17,10,5,False,
STR-001,2025-01-17,11,11,False,
STR-001,2025-01-17,12,11,False,
STR-001,2025-01-17,13,9,False,
STR-001,2025-01-17,14,7,False,
STR-001,2025-01-17,15,9,False,
STR-001,2025-01-17,16,4,False,
STR-001,2025-01-17,17,9,False,
STR-001,2025-01-17,18,14,False,
STR-001,2025-01-17,19,13,False,
STR-001,2025-01-17,20,7,False,
STR-001,2025-01-17,21,14,False,
STR-001,2025-01-17,22,1,False,
STR-001,2025-01-17,23,4,False,
STR-001,2025-01-18,0,0,True,
STR-001,2025-01-18,1,0,True,
STR-001,2025-01-18,2,0,True,
STR-001,2025-01-18,3,0,True,
STR-001,2025-01-18,4,0,True,
STR-001,2025-01-18,5,0,True,
STR-001,2025-01-18,6,1,True,
STR-001,2025-01-18,7,1,True,
STR-001,2025-01-18,8,5,True,
STR-001,2025-01-18,9,5,True,
STR-001,2025-01-18,10,10,True,
STR-001,2025-01-18,11,9,True,
STR-001,2025-01-18,12,11,True,
STR-001,2025-01-18,13,10,True,
STR-001,2025-01-18,14,8,True,
STR-001,2025-01-18,15,10,True,
STR-001,2025-01-18,16,8,True,
STR-001,2025-01-18,17,9,True,
STR-001,2025-01-18,18,11,True,
STR-001,2025-01-18,19,16,True,
STR-001,2025-01-18,20,11,True,
STR-001,2025-01-18,21,7,True,
STR-001,2025-01-18,22,4,True,
STR-001,2025-01-18,23,2,True,
STR-001,2025-01-19,0,0,True,
STR-001,2025-01-19,1,0,True,
STR-001,2025-01-19,2,0,True,
STR-001,2025-01-19,3,0,True,
STR-001,2025-01-19,4,0,True,
STR-001,2025-01-19,5,0,True,
STR-001,2025-01-19,6,0,True,
STR-001,2025-01-19,7,7,True,
STR-001,2025-01-19,8,6,True,
STR-001,2025-01-19,9,4,True,
STR-001,2025-01-19,10,11,True,
STR-001,2025-01-19,11,9,True,
STR-001,2025-01-19,12,16,True,
STR-001,2025-01-19,13,13,True,
STR-001,2025-01-19,14,7,True,
STR-001,2025-01-19,15,4,True,
STR-001,2025-01-19,16,6,True,
STR-001,2025-01-19,17,6,True,
STR-001,2025-01-19,18,13,True,
STR-001,2025-01-19,19,11,True,
STR-001,2025-01-19,20,16,True,
STR-001,2025-01-19,21,15,True,
STR-001,2025-01-19,22,7,True,
STR-001,2025-01-19,23,2,True,
STR-001,2025-01-20,0,0,False,
STR-001,2025-01-20,1,0,False,
STR-001,2025-01-20,2,0,False,
STR-001,2025-01-20,3,0,False,
STR-001,2025-01-20,4,0,False,
STR-001,2025-01-20,5,0,False,
STR-001,2025-01-20,6,1,False,
STR-001,2025-01-20,7,0,False,
STR-001,2025-01-20,8,4,False,
STR-001,2025-01-20,9,4,False,
STR-001,2025-01-20,10,4,False,
STR-001,2025-01-20,11,7,False,
STR-001,2025-01-20,12,5,False,
STR-001,2025-01-20,13,8,False,
STR-001,2025-01-20,14,2,False,
STR-001,2025-01-20,15,4,False,
STR-001,2025-01-20,16,11,False,
STR-001,2025-01-20,17,3,False,
STR-001,2025-01-20,18,6,False,
STR-001,2025-01-20,19,12,False,
STR-001,2025-01-20,20,10,False,
STR-001,2025-01-20,21,7,False,
STR-001,2025-01-20,22,2,False,
STR-001,2025-01-20,23,2,False,
STR-001,2025-01-21,0,0,False,
STR-001,2025-01-21,1,0,False,
STR-001,2025-01-21,2,0,False,
STR-001,2025-01-21,3,0,False,
STR-001,2025-01-21,4,0,False,
STR-001,2025-01-21,5,0,False,
STR-001,2025-01-21,6,2,False,
STR-001,2025-01-21,7,5,False,
STR-001,2025-01-21,8,3,False,
STR-001,2025-01-21,9,5,False,
STR-001,2025-01-21,10,7,False,
STR-001,2025-01-21,11,5,False,
STR-001,2025-01-21,12,3,False,
STR-001,2025-01-21,13,7,False,
STR-001,2025-01-21,14,8,False,
STR-001,2025-01-21,15,9,False,
STR-001,2025-01-21,16,6,False,
STR-001,2025-01-21,17,10,False,
STR-001,2025-01-21,18,11,False,
STR-001,2025-01-21,19,16,False,
STR-001,2025-01-21,20,6,False,
STR-001,2025-01-21,21,6,False,
STR-001,2025-01-21,22,2,False,
STR-001,2025-01-21,23,1,False,
STR-001,2025-01-22,0,0,False,
STR-001,2025-01-22,1,0,False,
STR-001,2025-01-22,2,0,False,
STR-001,2025-01-22,3,0,False,
STR-001,2025-01-22,4,0,False,
STR-001,2025-01-22,5,0,False,
STR-001,2025-01-22,6,3,False,
STR-001,2025-01-22,7,3,False,
STR-001,2025-01-22,8,2,False,
STR-001,2025-01-22,9,4,False,
STR-001,2025-01-22,10,4,False,
STR-001,2025-01-22,11,5,False,
STR-001,2025-01-22,12,12,False,
STR-001,2025-01-22,13,8,False,
STR-001,2025-01-22,14,9,False,
STR-001,2025-01-22,15,4,False,
STR-001,2025-01-22,16,10,False,
STR-001,2025-01-22,17,8,False,
STR-001,2025-01-22,18,15,False,
STR-001,2025-01-22,19,12,False,
STR-001,2025-01-22,20,10,False,
STR-001,2025-01-22,21,4,False,
STR-001,2025-01-22,22,3,False,
STR-001,2025-01-22,23,2,False,
STR-001,2025-01-23,0,0,False,
STR-001,2025-01-23,1,0,False,
STR-001,2025-01-23,2,0,False,
STR-001,2025-01-23,3,0,False,
STR-001,2025-01-23,4,0,False,
STR-001,2025-01-23,5,0,False,
STR-001,2025-01-23,6,0,False,
STR-001,2025-01-23,7,0,False,
STR-001,2025-01-23,8,4,False,
STR-001,2025-01-23,9,7,False,
STR-001,2025-01-23,10,12,False,
STR-001,2025-01-23,11,4,False,
STR-001,2025-01-23,12,10,False,
STR-001,2025-01-23,13,10,False,
STR-001,2025-01-23,14,9,False,
STR-001,2025-01-23,15,9,False,
STR-001,2025-01-23,16,6,False,
STR-001,2025-01-23,17,4,False,
STR-001,2025-01-23,18,8,False,
STR-001,2025-01-23,19,8,False,
STR-001,2025-01-23,20,15,False,
STR-001,2025-01-23,21,9,False,
STR-001,2025-01-23,22,4,False,
STR-001,2025-01-23,23,2,False,
STR-001,2025-01-24,0,0,False,
STR-001,2025-01-24,1,0,False,
STR-001,2025-01-24,2,0,False,
STR-001,2025-01-24,3,0,False,
STR-001,2025-01-24,4,0,False,
STR-001,2025-01-24,5,0,False,
STR-001,2025-01-24,6,1,False,
STR-001,2025-01-24,7,6,False,
STR-001,2025-01-24,8,2,False,
STR-001,2025-01-24,9,6,False,
STR-001,2025-01-24,10,7,False,
STR-001,2025-01-24,11,5,False,
STR-001,2025-01-24,12,12,False,
STR-001,2025-01-24,13,10,False,
STR-001,2025-01-24,14,5,False,
STR-001,2025-01-24,15,8,False,
STR-001,2025-01-24,16,4,False,
STR-001,2025-01-24,17,10,False,
STR-001,2025-01-24,18,8,False,
STR-001,2025-01-24,19,15,False,
STR-001,2025-01-24,20,7,False,
STR-001,2025-01-24,21,8,False,
STR-001,2025-01-24,22,1,False,
STR-001,2025-01-24,23,1,False,
STR-001,2025-01-25,0,0,True,
STR-001,2025-01-25,1,0,True,
STR-001,2025-01-25,2,0,True,
STR-001,2025-01-25,3,0,True,
STR-001,2025-01-25,4,0,True,
STR-001,2025-01-25,5,0,True,
STR-001,2025-01-25,6,0,True,
STR-001,2025-01-25,7,4,True,
STR-001,2025-01-25,8,5,True,
STR-001,2025-01-25,9,8,True,
STR-001,2025-01-25,10,9,True,
STR-001,2025-01-25,11,7,True,
STR-001,2025-01-25,12,6,True,
STR-001,2025-01-25,13,14,True,
STR-001,2025-01-25,14,14,True,
STR-001,2025-01-25,15,9,True,
STR-001,2025-01-25,16,10,True,
STR-001,2025-01-25,17,5,True,
STR-001,2025-01-25,18,10,True,
STR-001,2025-01-25,19,13,True,
STR-001,2025-01-25,20,16,True,
STR-001,2025-01-25,21,8,True,
STR-001,2025-01-25,22,2,True,
STR-001,2025-01-25,23,2,True,
STR-001,2025-01-26,0,0,True,Republic Day
STR-001,2025-01-26,1,0,True,Republic Day
STR-001,2025-01-26,2,0,True,Republic Day
STR-001,2025-01-26,3,0,True,Republic Day
STR-001,2025-01-26,4,0,True,Republic Day
STR-001,2025-01-26,5,0,True,Republic Day
STR-001,2025-01-26,6,3,True,Republic Day
STR-001,2025-01-26,7,6,True,Republic Day
STR-001,2025-01-26,8,14,True,Republic Day
STR-001,2025-01-26,9,12,True,Republic Day
STR-001,2025-01-26,10,13,True,Republic Day
STR-001,2025-01-26,11,10,True,Republic Day
STR-001,2025-01-26,12,21,True,Republic Day
STR-001,2025-01-26,13,14,True,Republic Day
STR-001,2025-01-26,14,16,True,Republic Day
STR-001,2025-01-26,15,15,True,Republic Day
STR-001,2025-01-26,16,18,True,Republic Day
STR-001,2025-01-26,17,12,True,Republic Day
STR-001,2025-01-26,18,20,True,Republic Day
STR-001,2025-01-26,19,21,True,Republic Day
STR-001,2025-01-26,20,24,True,Republic Day
STR-001,2025-01-26,21,9,True,Republic Day
STR-001,2025-01-26,22,1,True,Republic Day
STR-001,2025-01-26,23,2,True,Republic Day
STR-001,2025-01-27,0,0,False,
STR-001,2025-01-27,1,0,False,
STR-001,2025-01-27,2,0,False,
STR-001,2025-01-27,3,0,False,
STR-001,2025-01-27,4,0,False,
STR-001,2025-01-27,5,0,False,
STR-001,2025-01-27,6,1,False,
STR-001,2025-01-27,7,4,False,
STR-001,2025-01-27,8,6,False,
STR-001,2025-01-27,9,3,False,
STR-001,2025-01-27,10,8,False,
STR-001,2025-01-27,11,8,False,
STR-001,2025-01-27,12,6,False,
STR-001,2025-01-27,13,11,False,
STR-001,2025-01-27,14,5,False,
STR-001,2025-01-27,15,14,False,
STR-001,2025-01-27,16,6,False,
STR-001,2025-01-27,17,7,False,
STR-001,2025-01-27,18,8,False,
STR-001,2025-01-27,19,8,False,
STR-001,2025-01-27,20,8,False,
STR-001,2025-01-27,21,5,False,
STR-001,2025-01-27,22,2,False,
STR-001,2025-01-27,23,1,False,
STR-001,2025-01-28,0,0,False,
STR-001,2025-01-28,1,0,False,
STR-001,2025-01-28,2,0,False,
STR-001,2025-01-28,3,0,False,
STR-001,2025-01-28,4,0,False,
STR-001,2025-01-28,5,0,False,
STR-001,2025-01-28,6,2,False,
STR-001,2025-01-28,7,3,False,
STR-001,2025-01-28,8,7,False,
STR-001,2025-01-28,9,6,False,
STR-001,2025-01-28,10,7,False,
STR-001,2025-01-28,11,6,False,
STR-001,2025-01-28,12,10,False,
STR-001,2025-01-28,13,7,False,
STR-001,2025-01-28,14,6,False,
STR-001,2025-01-28,15,5,False,
STR-001,2025-01-28,16,6,False,
STR-001,2025-01-28,17,4,False,
STR-001,2025-01-28,18,16,False,
STR-001,2025-01-28,19,25,False,
STR-001,2025-01-28,20,7,False,
STR-001,2025-01-28,21,9,False,
STR-001,2025-01-28,22,5,False,
STR-001,2025-01-28,23,1,False,
STR-001,2025-01-29,0,0,False,
STR-001,2025-01-29,1,0,False,
STR-001,2025-01-29,2,0,False,
STR-001,2025-01-29,3,0,False,
STR-001,2025-01-29,4,0,False,
STR-001,2025-01-29,5,0,False,
STR-001,2025-01-29,6,4,False,
STR-001,2025-01-29,7,0,False,
STR-001,2025-01-29,8,3,False,
STR-001,2025-01-29,9,6,False,
STR-001,2025-01-29,10,6,False,
STR-001,2025-01-29,11,9,False,
STR-001,2025-01-29,12,7,False,
STR-001,2025-01-29,13,9,False,
STR-001,2025-01-29,14,7,False,
STR-001,2025-01-29,15,5,False,
STR-001,2025-01-29,16,3,False,
STR-001,2025-01-29,17,6,False,
STR-001,2025-01-29,18,10,False,
STR-001,2025-01-29,19,13,False,
STR-001,2025-01-29,20,14,False,
STR-001,2025-01-29,21,5,False,
STR-001,2025-01-29,22,4,False,
STR-001,2025-01-29,23,2,False,
STR-001,2025-01-30,0,0,False,
STR-001,2025-01-30,1,0,False,
STR-001,2025-01-30,2,0,False,
STR-001,2025-01-30,3,0,False,
STR-001,2025-01-30,4,0,False,
STR-001,2025-01-30,5,0,False,
STR-001,2025-01-30,6,1,False,
STR-001,2025-01-30,7,1,False,
STR-001,2025-01-30,8,6,False,
STR-001,2025-01-30,9,4,False,
STR-001,2025-01-30,10,9,False,
STR-001,2025-01-30,11,9,False,
STR-001,2025-01-30,12,6,False,
STR-001,2025-01-30,13,5,False,
STR-001,2025-01-30,14,5,False,
STR-001,2025-01-30,15,9,False,
STR-001,2025-01-30,16,4,False,
STR-001,2025-01-30,17,9,False,
STR-001,2025-01-30,18,11,False,
STR-001,2025-01-30,19,11,False,
STR-001,2025-01-30,20,12,False,
STR-001,2025-01-30,21,11,False,
STR-001,2025-01-30,22,2,False,
STR-001,2025-01-30,23,1,False,
STR-001,2025-01-31,0,0,False,
STR-001,2025-01-31,1,0,False,
STR-001,2025-01-31,2,0,False,
STR-001,2025-01-31,3,0,False,
STR-001,2025-01-31,4,0,False,
STR-001,2025-01-31,5,0,False,
STR-001,2025-01-31,6,0,False,
STR-001,2025-01-31,7,2,False,
STR-001,2025-01-31,8,5,False,
STR-001,2025-01-31,9,5,False,
STR-001,2025-01-31,10,9,False,
STR-001,2025-01-31,11,5,False,
STR-001,2025-01-31,12,7,False,
STR-001,2025-01-31,13,6,False,
STR-001,2025-01-31,14,7,False,
STR-001,2025-01-31,15,7,False,
STR-001,2025-01-31,16,3,False,
STR-001,2025-01-31,17,10,False,
STR-001,2025-01-31,18,9,False,
STR-001,2025-01-31,19,12,False,
STR-001,2025-01-31,20,13,False,
STR-001,2025-01-31,21,7,False,
STR-001,2025-01-31,22,1,False,
STR-001,2025-01-31,23,2,False,
STR-001,2025-02-01,0,0,True,
STR-001,2025-02-01,1,0,True,
STR-001,2025-02-01,2,0,True,
STR-001,2025-02-01,3,0,True,
STR-001,2025-02-01,4,0,True,
STR-001,2025-02-01,5,0,True,
STR-001,2025-02-01,6,0,True,
STR-001,2025-02-01,7,5,True,
STR-001,2025-02-01,8,5,True,
STR-001,2025-02-01,9,5,True,
STR-001,2025-02-01,10,7,True,
STR-001,2025-02-01,11,6,True,
STR-001,2025-02-01,12,6,True,
STR-001,2025-02-01,13,8,True,
STR-001,2025-02-01,14,6,True,
STR-001,2025-02-01,15,9,True,
STR-001,2025-02-01,16,7,True,
STR-001,2025-02-01,17,3,True,
STR-001,2025-02-01,18,9,True,
STR-001,2025-02-01,19,11,True,
STR-001,2025-02-01,20,17,True,
STR-001,2025-02-01,21,8,True,
STR-001,2025-02-01,22,1,True,
STR-001,2025-02-01,23,1,True,
STR-001,2025-02-02,0,0,True,
STR-001,2025-02-02,1,0,True,
STR-001,2025-02-02,2,0,True,
STR-001,2025-02-02,3,0,True,
STR-001,2025-02-02,4,0,True,
STR-001,2025-02-02,5,0,True,
STR-001,2025-02-02,6,4,True,
STR-001,2025-02-02,7,2,True,
STR-001,2025-02-02,8,11,True,
STR-001,2025-02-02,9,8,True,
STR-001,2025-02-02,10,2,True,
STR-001,2025-02-02,11,8,True,
STR-001,2025-02-02,12,14,True,
STR-001,2025-02-02,13,10,True,
STR-001,2025-02-02,14,12,True,
STR-001,2025-02-02,15,9,True,
STR-001,2025-02-02,16,14,True,
STR-001,2025-02-02,17,8,True,
STR-001,2025-02-02,18,12,True,
STR-001,2025-02-02,19,19,True,
STR-001,2025-02-02,20,17,True,
STR-001,2025-02-02,21,11,True,
STR-001,2025-02-02,22,5,True,
STR-001,2025-02-02,23,2,True,
STR-001,2025-02-03,0,0,False,
STR-001,2025-02-03,1,0,False,
STR-001,2025-02-03,2,0,False,
STR-001,2025-02-03,3,0,False,
STR-001,2025-02-03,4,0,False,
STR-001,2025-02-03,5,0,False,
STR-001,2025-02-03,6,1,False,
STR-001,2025-02-03,7,6,False,
STR-001,2025-02-03,8,7,False,
STR-001,2025-02-03,9,6,False,
STR-001,2025-02-03,10,9,False,
STR-001,2025-02-03,11,5,False,
STR-001,2025-02-03,12,8,False,
STR-001,2025-02-03,13,7,False,
STR-001,2025-02-03,14,10,False,
STR-001,2025-02-03,15,3,False,
STR-001,2025-02-03,16,2,False,
STR-001,2025-02-03,17,8,False,
STR-001,2025-02-03,18,9,False,
STR-001,2025-02-03,19,12,False,
STR-001,2025-02-03,20,9,False,
STR-001,2025-02-03,21,5,False,
STR-001,2025-02-03,22,0,False,
STR-001,2025-02-03,23,0,False,
STR-001,2025-02-04,0,0,False,
STR-001,2025-02-04,1,0,False,
STR-001,2025-02-04,2,0,False,
STR-001,2025-02-04,3,0,False,
STR-001,2025-02-04,4,0,False,
STR-001,2025-02-04,5,0,False,
STR-001,2025-02-04,6,1,False,
STR-001,2025-02-04,7,3,False,
STR-001,2025-02-04,8,3,False,
STR-001,2025-02-04,9,2,False,
STR-001,2025-02-04,10,8,False,
STR-001,2025-02-04,11,7,False,
STR-001,2025-02-04,12,8,False,
STR-001,2025-02-04,13,9,False,
STR-001,2025-02-04,14,9,False,
STR-001,2025-02-04,15,5,False,
STR-001,2025-02-04,16,6,False,
STR-001,2025-02-04,17,5,False,
STR-001,2025-02-04,18,9,False,
STR-001,2025-02-04,19,14,False,
STR-001,2025-02-04,20,6,False,
STR-001,2025-02-04,21,7,False,
STR-001,2025-02-04,22,1,False,
STR-001,2025-02-04,23,1,False,
STR-001,2025-02-05,0,0,False,
STR-001,2025-02-05,1,0,False,
STR-001,2025-02-05,2,0,False,
STR-001,2025-02-05,3,0,False,
STR-001,2025-02-05,4,0,False,
STR-001,2025-02-05,5,0,False,
STR-001,2025-02-05,6,1,False,
STR-001,2025-02-05,7,3,False,
STR-001,2025-02-05,8,6,False,
STR-001,2025-02-05,9,9,False,
STR-001,2025-02-05,10,8,False,
STR-001,2025-02-05,11,10,False,
STR-001,2025-02-05,12,7,False,
STR-001,2025-02-05,13,8,False,
STR-001,2025-02-05,14,7,False,
STR-001,2025-02-05,15,5,False,
STR-001,2025-02-05,16,10,False,
STR-001,2025-02-05,17,6,False,
STR-001,2025-02-05,18,13,False,
STR-001,2025-02-05,19,12,False,
STR-001,2025-02-05,20,12,False,
STR-001,2025-02-05,21,9,False,
STR-001,2025-02-05,22,5,False,
STR-001,2025-02-05,23,0,False,
STR-001,2025-02-06,0,0,False,
STR-001,2025-02-06,1,0,False,
STR-001,2025-02-06,2,0,False,
STR-001,2025-02-06,3,0,False,
STR-001,2025-02-06,4,0,False,
STR-001,2025-02-06,5,0,False,
STR-001,2025-02-06,6,1,False,
STR-001,2025-02-06,7,3,False,
STR-001,2025-02-06,8,9,False,
STR-001,2025-02-06,9,8,False,
STR-001,2025-02-06,10,5,False,
STR-001,2025-02-06,11,12,False,
STR-001,2025-02-06,12,12,False,
STR-001,2025-02-06,13,4,False,
STR-001,2025-02-06,14,11,False,
STR-001,2025-02-06,15,8,False,
STR-001,2025-02-06,16,7,False,
STR-001,2025-02-06,17,4,False,
STR-001,2025-02-06,18,10,False,
STR-001,2025-02-06,19,14,False,
STR-001,2025-02-06,20,7,False,
STR-001,2025-02-06,21,7,False,
STR-001,2025-02-06,22,4,False,
STR-001,2025-02-06,23,1,False,
STR-001,2025-02-07,0,0,False,
STR-001,2025-02-07,1,0,False,
STR-001,2025-02-07,2,0,False,
STR-001,2025-02-07,3,0,False,
STR-001,2025-02-07,4,0,False,
STR-001,2025-02-07,5,0,False,
STR-001,2025-02-07,6,1,False,
STR-001,2025-02-07,7,2,False,
STR-001,2025-02-07,8,3,False,
STR-001,2025-02-07,9,0,False,
STR-001,2025-02-07,10,10,False,
STR-001,2025-02-07,11,5,False,
STR-001,2025-02-07,12,9,False,
STR-001,2025-02-07,13,11,False,
STR-001,2025-02-07,14,8,False,
STR-001,2025-02-07,15,10,False,
STR-001,2025-02-07,16,7,False,
STR-001,2025-02-07,17,7,False,
STR-001,2025-02-07,18,10,False,
STR-001,2025-02-07,19,11,False,
STR-001,2025-02-07,20,14,False,
STR-001,2025-02-07,21,8,False,
STR-001,2025-02-07,22,1,False,
STR-001,2025-02-07,23,3,False,
STR-001,2025-02-08,0,0,True,
STR-001,2025-02-08,1,0,True,
STR-001,2025-02-08,2,0,True,
STR-001,2025-02-08,3,0,True,
STR-001,2025-02-08,4,0,True,
STR-001,2025-02-08,5,0,True,
STR-001,2025-02-08,6,0,True,
STR-001,2025-02-08,7,0,True,
STR-001,2025-02-08,8,5,True,
STR-001,2025-02-08,9,5,True,
STR-001,2025-02-08,10,12,True,
STR-001,2025-02-08,11,9,True,
STR-001,2025-02-08,12,14,True,
STR-001,2025-02-08,13,6,True,
STR-001,2025-02-08,14,9,True,
STR-001,2025-02-08,15,16,True,
STR-001,2025-02-08,16,8,True,
STR-001,2025-02-08,17,8,True,
STR-001,2025-02-08,18,13,True,
STR-001,2025-02-08,19,10,True,
STR-001,2025-02-08,20,10,True,
STR-001,2025-02-08,21,8,True,
STR-001,2025-02-08,22,3,True,
STR-001,2025-02-08,23,1,True,
STR-001,2025-02-09,0,0,True,
STR-001,2025-02-09,1,0,True,
STR-001,2025-02-09,2,0,True,
STR-001,2025-02-09,3,0,True,
STR-001,2025-02-09,4,0,True,
STR-001,2025-02-09,5,0,True,
STR-001,2025-02-09,6,1,True,
STR-001,2025-02-09,7,1,True,
STR-001,2025-02-09,8,4,True,
STR-001,2025-02-09,9,2,True,
STR-001,2025-02-09,10,9,True,
STR-001,2025-02-09,11,8,True,
STR-001,2025-02-09,12,10,True,
STR-001,2025-02-09,13,9,True,
STR-001,2025-02-09,14,11,True,
STR-001,2025-02-09,15,7,True,
STR-001,2025-02-09,16,18,True,
STR-001,2025-02-09,17,5,True,
STR-001,2025-02-09,18,15,True,
STR-001,2025-02-09,19,15,True,
STR-001,2025-02-09,20,13,True,
STR-001,2025-02-09,21,8,True,
STR-001,2025-02-09,22,3,True,
STR-001,2025-02-09,23,1,True,
STR-001,2025-02-10,0,0,False,
STR-001,2025-02-10,1,0,False,
STR-001,2025-02-10,2,0,False,
STR-001,2025-02-10,3,0,False,
STR-001,2025-02-10,4,0,False,
STR-001,2025-02-10,5,0,False,
STR-001,2025-02-10,6,0,False,
STR-001,2025-02-10,7,3,False,
STR-001,2025-02-10,8,1,False,
STR-001,2025-02-10,9,9,False,
STR-001,2025-02-10,10,1,False,
STR-001,2025-02-10,11,7,False,
STR-001,2025-02-10,12,5,False,
STR-001,2025-02-10,13,10,False,
STR-001,2025-02-10,14,5,False,
STR-001,2025-02-10,15,7,False,
STR-001,2025-02-10,16,7,False,
STR-001,2025-02-10,17,5,False,
STR-001,2025-02-10,18,12,False,
STR-001,2025-02-10,19,11,False,
STR-001,2025-02-10,20,7,False,
STR-001,2025-02-10,21,7,False,
STR-001,2025-02-10,22,3,False,
STR-001,2025-02-10,23,0,False,
STR-001,2025-02-11,0,0,False,
STR-001,2025-02-11,1,0,False,
STR-001,2025-02-11,2,0,False,
STR-001,2025-02-11,3,0,False,
STR-001,2025-02-11,4,0,False,
STR-001,2025-02-11,5,0,False,
STR-001,2025-02-11,6,1,False,
STR-001,2025-02-11,7,3,False,
STR-001,2025-02-11,8,3,False,
STR-001,2025-02-11,9,5,False,
STR-001,2025-02-11,10,7,False,
STR-001,2025-02-11,11,6,False,
STR-001,2025-02-11,12,4,False,
STR-001,2025-02-11,13,5,False,
STR-001,2025-02-11,14,10,False,
STR-001,2025-02-11,15,6,False,
STR-001,2025-02-11,16,5,False,
STR-001,2025-02-11,17,7,False,
STR-001,2025-02-11,18,12,False,
STR-001,2025-02-11,19,8,False,
STR-001,2025-02-11,20,7,False,
STR-001,2025-02-11,21,6,False,
STR-001,2025-02-11,22,2,False,
STR-001,2025-02-11,23,2,False,
STR-001,2025-02-12,0,0,False,
STR-001,2025-02-12,1,0,False,
STR-001,2025-02-12,2,0,False,
STR-001,2025-02-12,3,0,False,
STR-001,2025-02-12,4,0,False,
STR-001,2025-02-12,5,0,False,
STR-001,2025-02-12,6,3,False,
STR-001,2025-02-12,7,0,False,
STR-001,2025-02-12,8,3,False,
STR-001,2025-02-12,9,5,False,
STR-001,2025-02-12,10,4,False,
STR-001,2025-02-12,11,7,False,
STR-001,2025-02-12,12,14,False,
STR-001,2025-02-12,13,6,False,
STR-001,2025-02-12,14,11,False,
STR-001,2025-02-12,15,7,False,
STR-001,2025-02-12,16,8,False,
STR-001,2025-02-12,17,4,False,
STR-001,2025-02-12,18,9,False,
STR-001,2025-02-12,19,14,False,
STR-001,2025-02-12,20,12,False,
STR-001,2025-02-12,21,10,False,
STR-001,2025-02-12,22,3,False,
STR-001,2025-02-12,23,1,False,
STR-001,2025-02-13,0,0,False,
STR-001,2025-02-13,1,0,False,
STR-001,2025-02-13,2,0,False,
STR-001,2025-02-13,3,0,False,
STR-001,2025-02-13,4,0,False,
STR-001,2025-02-13,5,0,False,
STR-001,2025-02-13,6,0,False,
STR-001,2025-02-13,7,2,False,
STR-001,2025-02-13,8,7,False,
STR-001,2025-02-13,9,1,False,
STR-001,2025-02-13,10,5,False,
STR-001,2025-02-13,11,9,False,
STR-001,2025-02-13,12,13,False,
STR-001,2025-02-13,13,16,False,
STR-001,2025-02-13,14,5,False,
STR-001,2025-02-13,15,10,False,
STR-001,2025-02-13,16,7,False,
STR-001,2025-02-13,17,13,False,
STR-001,2025-02-13,18,14,False,
STR-001,2025-02-13,19,15,False,
STR-001,2025-02-13,20,14,False,
STR-001,2025-02-13,21,6,False,
STR-001,2025-02-13,22,2,False,
STR-001,2025-02-13,23,2,False,
STR-001,2025-02-14,0,0,False,
STR-001,2025-02-14,1,0,False,
STR-001,2025-02-14,2,0,False,
STR-001,2025-02-14,3,0,False,
STR-001,2025-02-14,4,0,False,
STR-001,2025-02-14,5,0,False,
STR-001,2025-02-14,6,1,False,
STR-001,2025-02-14,7,3,False,
STR-001,2025-02-14,8,8,False,
STR-001,2025-02-14,9,5,False,
STR-001,2025-02-14,10,1,False,
STR-001,2025-02-14,11,8,False,
STR-001,2025-02-14,12,8,False,
STR-001,2025-02-14,13,4,False,
STR-001,2025-02-14,14,9,False,
STR-001,2025-02-14,15,8,False,
STR-001,2025-02-14,16,7,False,
STR-001,2025-02-14,17,9,False,
STR-001,2025-02-14,18,13,False,
STR-001,2025-02-14,19,11,False,
STR-001,2025-02-14,20,16,False,
STR-001,2025-02-14,21,14,False,
STR-001,2025-02-14,22,3,False,
STR-001,2025-02-14,23,2,False,
STR-001,2025-02-15,0,0,True,
STR-001,2025-02-15,1,0,True,
STR-001,2025-02-15,2,0,True,
STR-001,2025-02-15,3,0,True,
STR-001,2025-02-15,4,0,True,
STR-001,2025-02-15,5,0,True,
STR-001,2025-02-15,6,1,True,
STR-001,2025-02-15,7,3,True,
STR-001,2025-02-15,8,2,True,
STR-001,2025-02-15,9,7,True,
STR-001,2025-02-15,10,13,True,
STR-001,2025-02-15,11,14,True,
STR-001,2025-02-15,12,21,True,
STR-001,2025-02-15,13,9,True,
STR-001,2025-02-15,14,7,True,
STR-001,2025-02-15,15,10,True,
STR-001,2025-02-15,16,7,True,
STR-001,2025-02-15,17,8,True,
STR-001,2025-02-15,18,15,True,
STR-001,2025-02-15,19,14,True,
STR-001,2025-02-15,20,17,True,
STR-001,2025-02-15,21,17,True,
STR-001,2025-02-15,22,5,True,
STR-001,2025-02-15,23,3,True,
STR-001,2025-02-16,0,0,True,
STR-001,2025-02-16,1,0,True,
STR-001,2025-02-16,2,0,True,
STR-001,2025-02-16,3,0,True,
STR-001,2025-02-16,4,0,True,
STR-001,2025-02-16,5,0,True,
STR-001,2025-02-16,6,3,True,
STR-001,2025-02-16,7,1,True,
STR-001,2025-02-16,8,4,True,
STR-001,2025-02-16,9,6,True,
STR-001,2025-02-16,10,8,True,
STR-001,2025-02-16,11,5,True,
STR-001,2025-02-16,12,13,True,
STR-001,2025-02-16,13,7,True,
STR-001,2025-02-16,14,16,True,
STR-001,2025-02-16,15,10,True,
STR-001,2025-02-16,16,7,True,
STR-001,2025-02-16,17,12,True,
STR-001,2025-02-16,18,11,True,
STR-001,2025-02-16,19,13,True,
STR-001,2025-02-16,20,14,True,
STR-001,2025-02-16,21,11,True,
STR-001,2025-02-16,22,5,True,
STR-001,2025-02-16,23,2,True,
STR-001,2025-02-17,0,0,False,
STR-001,2025-02-17,1,0,False,
STR-001,2025-02-17,2,0,False,
STR-001,2025-02-17,3,0,False,
STR-001,2025-02-17,4,0,False,
STR-001,2025-02-17,5,0,False,
STR-001,2025-02-17,6,0,False,
STR-001,2025-02-17,7,4,False,
STR-001,2025-02-17,8,3,False,
STR-001,2025-02-17,9,8,False,
STR-001,2025-02-17,10,7,False,
STR-001,2025-02-17,11,5,False,
STR-001,2025-02-17,12,12,False,
STR-001,2025-02-17,13,4,False,
STR-001,2025-02-17,14,7,False,
STR-001,2025-02-17,15,5,False,
STR-001,2025-02-17,16,9,False,
STR-001,2025-02-17,17,7,False,
STR-001,2025-02-17,18,13,False,
STR-001,2025-02-17,19,11,False,
STR-001,2025-02-17,20,11,False,
STR-001,2025-02-17,21,6,False,
STR-001,2025-02-17,22,7,False,
STR-001,2025-02-17,23,0,False,
STR-001,2025-02-18,0,0,False,
STR-001,2025-02-18,1,0,False,
STR-001,2025-02-18,2,0,False,
STR-001,2025-02-18,3,0,False,
STR-001,2025-02-18,4,0,False,
STR-001,2025-02-18,5,0,False,
STR-001,2025-02-18,6,0,False,
STR-001,2025-02-18,7,0,False,
STR-001,2025-02-18,8,5,False,
STR-001,2025-02-18,9,4,False,
STR-001,2025-02-18,10,9,False,
STR-001,2025-02-18,11,5,False,
STR-001,2025-02-18,12,13,False,
STR-001,2025-02-18,13,6,False,
STR-001,2025-02-18,14,14,False,
STR-001,2025-02-18,15,8,False,
STR-001,2025-02-18,16,5,False,
STR-001,2025-02-18,17,7,False,
STR-001,2025-02-18,18,5,False,
STR-001,2025-02-18,19,5,False,
STR-001,2025-02-18,20,3,False,
STR-001,2025-02-18,21,6,False,
STR-001,2025-02-18,22,5,False,
STR-001,2025-02-18,23,1,False,
STR-001,2025-02-19,0,0,False,
STR-001,2025-02-19,1,0,False,
STR-001,2025-02-19,2,0,False,
STR-001,2025-02-19,3,0,False,
STR-001,2025-02-19,4,0,False,
STR-001,2025-02-19,5,0,False,
STR-001,2025-02-19,6,0,False,
STR-001,2025-02-19,7,0,False,
STR-001,2025-02-19,8,5,False,
STR-001,2025-02-19,9,6,False,
STR-001,2025-02-19,10,6,False,
STR-001,2025-02-19,11,5,False,
STR-001,2025-02-19,12,9,False,
STR-001,2025-02-19,13,4,False,
STR-001,2025-02-19,14,7,False,
STR-001,2025-02-19,15,8,False,
STR-001,2025-02-19,16,6,False,
STR-001,2025-02-19,17,4,False,
STR-001,2025-02-19,18,9,False,
STR-001,2025-02-19,19,22,False,
STR-001,2025-02-19,20,15,False,
STR-001,2025-02-19,21,8,False,
STR-001,2025-02-19,22,4,False,
STR-001,2025-02-19,23,3,False,
STR-001,2025-02-20,0,0,False,
STR-001,2025-02-20,1,0,False,
STR-001,2025-02-20,2,0,False,
STR-001,2025-02-20,3,0,False,
STR-001,2025-02-20,4,0,False,
STR-001,2025-02-20,5,0,False,
STR-001,2025-02-20,6,3,False,
STR-001,2025-02-20,7,5,False,
STR-001,2025-02-20,8,2,False,
STR-001,2025-02-20,9,2,False,
STR-001,2025-02-20,10,8,False,
STR-001,2025-02-20,11,10,False,
STR-001,2025-02-20,12,8,False,
STR-001,2025-02-20,13,13,False,
STR-001,2025-02-20,14,8,False,
STR-001,2025-02-20,15,11,False,
STR-001,2025-02-20,16,7,False,
STR-001,2025-02-20,17,6,False,
STR-001,2025-02-20,18,10,False,
STR-001,2025-02-20,19,18,False,
STR-001,2025-02-20,20,12,False,
STR-001,2025-02-20,21,8,False,
STR-001,2025-02-20,22,3,False,
STR-001,2025-02-20,23,1,False,
STR-001,2025-02-21,0,0,False,
STR-001,2025-02-21,1,0,False,
STR-001,2025-02-21,2,0,False,
STR-001,2025-02-21,3,0,False,
STR-001,2025-02-21,4,0,False,
STR-001,2025-02-21,5,0,False,
STR-001,2025-02-21,6,0,False,
STR-001,2025-02-21,7,1,False,
STR-001,2025-02-21,8,1,False,
STR-001,2025-02-21,9,6,False,
STR-001,2025-02-21,10,11,False,
STR-001,2025-02-21,11,6,False,
STR-001,2025-02-21,12,15,False,
STR-001,2025-02-21,13,9,False,
STR-001,2025-02-21,14,9,False,
STR-001,2025-02-21,15,8,False,
STR-001,2025-02-21,16,10,False,
STR-001,2025-02-21,17,5,False,
STR-001,2025-02-21,18,10,False,
STR-001,2025-02-21,19,9,False,
STR-001,2025-02-21,20,11,False,
STR-001,2025-02-21,21,4,False,
STR-001,2025-02-21,22,1,False,
STR-001,2025-02-21,23,1,False,
STR-001,2025-02-22,0,0,True,
STR-001,2025-02-22,1,0,True,
STR-001,2025-02-22,2,0,True,
STR-001,2025-02-22,3,0,True,
STR-001,2025-02-22,4,0,True,
STR-001,2025-02-22,5,0,True,
STR-001,2025-02-22,6,2,True,
STR-001,2025-02-22,7,10,True,
STR-001,2025-02-22,8,3,True,
STR-001,2025-02-22,9,2,True,
STR-001,2025-02-22,10,6,True,
STR-001,2025-02-22,11,6,True,
STR-001,2025-02-22,12,9,True,
STR-001,2025-02-22,13,12,True,
STR-001,2025-02-22,14,11,True,
STR-001,2025-02-22,15,7,True,
STR-001,2025-02-22,16,10,True,
STR-001,2025-02-22,17,7,True,
STR-001,2025-02-22,18,13,True,
STR-001,2025-02-22,19,17,True,
STR-001,2025-02-22,20,9,True,
STR-001,2025-02-22,21,9,True,
STR-001,2025-02-22,22,3,True,
STR-001,2025-02-22,23,3,True,
STR-001,2025-02-23,0,0,True,
STR-001,2025-02-23,1,0,True,
STR-001,2025-02-23,2,0,True,
STR-001,2025-02-23,3,0,True,
STR-001,2025-02-23,4,0,True,
STR-001,2025-02-23,5,0,True,
STR-001,2025-02-23,6,2,True,
STR-001,2025-02-23,7,5,True,
STR-001,2025-02-23,8,7,True,
STR-001,2025-02-23,9,8,True,
STR-001,2025-02-23,10,8,True,
STR-001,2025-02-23,11,13,True,
STR-001,2025-02-23,12,15,True,
STR-001,2025-02-23,13,15,True,
STR-001,2025-02-23,14,13,True,
STR-001,2025-02-23,15,4,True,
STR-001,2025-02-23,16,8,True,
STR-001,2025-02-23,17,7,True,
STR-001,2025-02-23,18,14,True,
STR-001,2025-02-23,19,24,True,
STR-001,2025-02-23,20,25,True,
STR-001,2025-02-23,21,10,True,
STR-001,2025-02-23,22,5,True,
STR-001,2025-02-23,23,0,True,
STR-001,2025-02-24,0,0,False,
STR-001,2025-02-24,1,0,False,
STR-001,2025-02-24,2,0,False,
STR-001,2025-02-24,3,0,False,
STR-001,2025-02-24,4,0,False,
STR-001,2025-02-24,5,0,False,
STR-001,2025-02-24,6,2,False,
STR-001,2025-02-24,7,0,False,
STR-001,2025-02-24,8,0,False,
STR-001,2025-02-24,9,5,False,
STR-001,2025-02-24,10,8,False,
STR-001,2025-02-24,11,9,False,
STR-001,2025-02-24,12,14,False,
STR-001,2025-02-24,13,12,False,
STR-001,2025-02-24,14,10,False,
STR-001,2025-02-24,15,7,False,
STR-001,2025-02-24,16,8,False,
STR-001,2025-02-24,17,7,False,
STR-001,2025-02-24,18,14,False,
STR-001,2025-02-24,19,14,False,
STR-001,2025-02-24,20,6,False,
STR-001,2025-02-24,21,5,False,
STR-001,2025-02-24,22,3,False,
STR-001,2025-02-24,23,1,False,
STR-001,2025-02-25,0,0,False,
STR-001,2025-02-25,1,0,False,
STR-001,2025-02-25,2,0,False,
STR-001,2025-02-25,3,0,False,
STR-001,2025-02-25,4,0,False,
STR-001,2025-02-25,5,0,False,
STR-001,2025-02-25,6,1,False,
STR-001,2025-02-25,7,1,False,
STR-001,2025-02-25,8,5,False,
STR-001,2025-02-25,9,3,False,
STR-001,2025-02-25,10,5,False,
STR-001,2025-02-25,11,7,False,
STR-001,2025-02-25,12,6,False,
STR-001,2025-02-25,13,5,False,
STR-001,2025-02-25,14,7,False,
STR-001,2025-02-25,15,7,False,
STR-001,2025-02-25,16,5,False,
STR-001,2025-02-25,17,5,False,
STR-001,2025-02-25,18,10,False,
STR-001,2025-02-25,19,10,False,
STR-001,2025-02-25,20,11,False,
STR-001,2025-02-25,21,6,False,
STR-001,2025-02-25,22,1,False,
STR-001,2025-02-25,23,2,False,
STR-001,2025-02-26,0,0,False,Maha Shivratri
STR-001,2025-02-26,1,0,False,Maha Shivratri
STR-001,2025-02-26,2,0,False,Maha Shivratri
STR-001,2025-02-26,3,0,False,Maha Shivratri
STR-001,2025-02-26,4,0,False,Maha Shivratri
STR-001,2025-02-26,5,0,False,Maha Shivratri
STR-001,2025-02-26,6,3,False,Maha Shivratri
STR-001,2025-02-26,7,5,False,Maha Shivratri
STR-001,2025-02-26,8,3,False,Maha Shivratri
STR-001,2025-02-26,9,4,False,Maha Shivratri
STR-001,2025-02-26,10,13,False,Maha Shivratri
STR-001,2025-02-26,11,10,False,Maha Shivratri
STR-001,2025-02-26,12,12,False,Maha Shivratri
STR-001,2025-02-26,13,9,False,Maha Shivratri
STR-001,2025-02-26,14,14,False,Maha Shivratri
STR-001,2025-02-26,15,12,False,Maha Shivratri
STR-001,2025-02-26,16,6,False,Maha Shivratri
STR-001,2025-02-26,17,10,False,Maha Shivratri
STR-001,2025-02-26,18,18,False,Maha Shivratri
STR-001,2025-02-26,19,19,False,Maha Shivratri
STR-001,2025-02-26,20,17,False,Maha Shivratri
STR-001,2025-02-26,21,17,False,Maha Shivratri
STR-001,2025-02-26,22,4,False,Maha Shivratri
STR-001,2025-02-26,23,5,False,Maha Shivratri
STR-001,2025-02-27,0,0,False,
STR-001,2025-02-27,1,0,False,
STR-001,2025-02-27,2,0,False,
STR-001,2025-02-27,3,0,False,
STR-001,2025-02-27,4,0,False,
STR-001,2025-02-27,5,0,False,
STR-001,2025-02-27,6,1,False,
STR-001,2025-02-27,7,1,False,
STR-001,2025-02-27,8,6,False,
STR-001,2025-02-27,9,6,False,
STR-001,2025-02-27,10,10,False,
STR-001,2025-02-27,11,1,False,
STR-001,2025-02-27,12,10,False,
STR-001,2025-02-27,13,11,False,
STR-001,2025-02-27,14,10,False,
STR-001,2025-02-27,15,7,False,
STR-001,2025-02-27,16,9,False,
STR-001,2025-02-27,17,8,False,
STR-001,2025-02-27,18,7,False,
STR-001,2025-02-27,19,13,False,
STR-001,2025-02-27,20,13,False,
STR-001,2025-02-27,21,8,False,
STR-001,2025-02-27,22,2,False,
STR-001,2025-02-27,23,0,False,
STR-001,2025-02-28,0,0,False,
STR-001,2025-02-28,1,0,False,
STR-001,2025-02-28,2,0,False,
STR-001,2025-02-28,3,0,False,
STR-001,2025-02-28,4,0,False,
STR-001,2025-02-28,5,0,False,
STR-001,2025-02-28,6,0,False,
STR-001,2025-02-28,7,6,False,
STR-001,2025-02-28,8,7,False,
STR-001,2025-02-28,9,2,False,
STR-001,2025-02-28,10,7,False,
STR-001,2025-02-28,11,9,False,
STR-001,2025-02-28,12,8,False,
STR-001,2025-02-28,13,4,False,
STR-001,2025-02-28,14,6,False,
STR-001,2025-02-28,15,8,False,
STR-001,2025-02-28,16,4,False,
STR-001,2025-02-28,17,12,False,
STR-001,2025-02-28,18,11,False,
STR-001,2025-02-28,19,14,False,
STR-001,2025-02-28,20,19,False,
STR-001,2025-02-28,21,7,False,
STR-001,2025-02-28,22,4,False,
STR-001,2025-02-28,23,2,False,
STR-001,2025-03-01,0,0,True,
STR-001,2025-03-01,1,0,True,
STR-001,2025-03-01,2,0,True,
STR-001,2025-03-01,3,0,True,
STR-001,2025-03-01,4,0,True,
STR-001,2025-03-01,5,0,True,
STR-001,2025-03-01,6,3,True,
STR-001,2025-03-01,7,4,True,
STR-001,2025-03-01,8,7,True,
STR-001,2025-03-01,9,8,True,
STR-001,2025-03-01,10,10,True,
STR-001,2025-03-01,11,11,True,
STR-001,2025-03-01,12,13,True,
STR-001,2025-03-01,13,9,True,
STR-001,2025-03-01,14,11,True,
STR-001,2025-03-01,15,6,True,
STR-001,2025-03-01,16,14,True,
STR-001,2025-03-01,17,9,True,
STR-001,2025-03-01,18,7,True,
STR-001,2025-03-01,19,17,True,
STR-001,2025-03-01,20,20,True,
STR-001,2025-03-01,21,10,True,
STR-001,2025-03-01,22,5,True,
STR-001,2025-03-01,23,3,True,
STR-001,2025-03-02,0,0,True,
STR-001,2025-03-02,1,0,True,
STR-001,2025-03-02,2,0,True,
STR-001,2025-03-02,3,0,True,
STR-001,2025-03-02,4,0,True,
STR-001,2025-03-02,5,0,True,
STR-001,2025-03-02,6,2,True,
STR-001,2025-03-02,7,4,True,
STR-001,2025-03-02,8,4,True,
STR-001,2025-03-02,9,7,True,
STR-001,2025-03-02,10,9,True,
STR-001,2025-03-02,11,4,True,
STR-001,2025-03-02,12,15,True,
STR-001,2025-03-02,13,10,True,
STR-001,2025-03-02,14,8,True,
STR-001,2025-03-02,15,3,True,
STR-001,2025-03-02,16,7,True,
STR-001,2025-03-02,17,11,True,
STR-001,2025-03-02,18,11,True,
STR-001,2025-03-02,19,19,True,
STR-001,2025-03-02,20,10,True,
STR-001,2025-03-02,21,5,True,
STR-001,2025-03-02,22,2,True,
STR-001,2025-03-02,23,1,True,
STR-001,2025-03-03,0,0,False,
STR-001,2025-03-03,1,0,False,
STR-001,2025-03-03,2,0,False,
STR-001,2025-03-03,3,0,False,
STR-001,2025-03-03,4,0,False,
STR-001,2025-03-03,5,0,False,
STR-001,2025-03-03,6,0,False,
STR-001,2025-03-03,7,3,False,
STR-001,2025-03-03,8,2,False,
STR-001,2025-03-03,9,7,False,
STR-001,2025-03-03,10,2,False,
STR-001,2025-03-03,11,6,False,
STR-001,2025-03-03,12,13,False,
STR-001,2025-03-03,13,10,False,
STR-001,2025-03-03,14,11,False,
STR-001,2025-03-03,15,7,False,
STR-001,2025-03-03,16,6,False,
STR-001,2025-03-03,17,13,False,
STR-001,2025-03-03,18,17,False,
STR-001,2025-03-03,19,14,False,
STR-001,2025-03-03,20,9,False,
STR-001,2025-03-03,21,6,False,
STR-001,2025-03-03,22,4,False,
STR-001,2025-03-03,23,2,False,
STR-001,2025-03-04,0,0,False,
STR-001,2025-03-04,1,0,False,
STR-001,2025-03-04,2,0,False,
STR-001,2025-03-04,3,0,False,
STR-001,2025-03-04,4,0,False,
STR-001,2025-03-04,5,0,False,
STR-001,2025-03-04,6,1,False,
STR-001,2025-03-04,7,2,False,
STR-001,2025-03-04,8,3,False,
STR-001,2025-03-04,9,4,False,
STR-001,2025-03-04,10,7,False,
STR-001,2025-03-04,11,8,False,
STR-001,2025-03-04,12,10,False,
STR-001,2025-03-04,13,12,False,
STR-001,2025-03-04,14,6,False,
STR-001,2025-03-04,15,6,False,
STR-001,2025-03-04,16,9,False,
STR-001,2025-03-04,17,6,False,
STR-001,2025-03-04,18,6,False,
STR-001,2025-03-04,19,11,False,
STR-001,2025-03-04,20,15,False,
STR-001,2025-03-04,21,8,False,
STR-001,2025-03-04,22,1,False,
STR-001,2025-03-04,23,2,False,
STR-001,2025-03-05,0,0,False,
STR-001,2025-03-05,1,0,False,
STR-001,2025-03-05,2,0,False,
STR-001,2025-03-05,3,0,False,
STR-001,2025-03-05,4,0,False,
STR-001,2025-03-05,5,0,False,
STR-001,2025-03-05,6,4,False,
STR-001,2025-03-05,7,1,False,
STR-001,2025-03-05,8,0,False,
STR-001,2025-03-05,9,5,False,
STR-001,2025-03-05,10,5,False,
STR-001,2025-03-05,11,2,False,
STR-001,2025-03-05,12,3,False,
STR-001,2025-03-05,13,8,False,
STR-001,2025-03-05,14,4,False,
STR-001,2025-03-05,15,8,False,
STR-001,2025-03-05,16,5,False,
STR-001,2025-03-05,17,8,False,
STR-001,2025-03-05,18,8,False,
STR-001,2025-03-05,19,11,False,
STR-001,2025-03-05,20,9,False,
STR-001,2025-03-05,21,8,False,
STR-001,2025-03-05,22,4,False,
STR-001,2025-03-05,23,1,False,
STR-001,2025-03-06,0,0,False,
STR-001,2025-03-06,1,0,False,
STR-001,2025-03-06,2,0,False,
STR-001,2025-03-06,3,0,False,
STR-001,2025-03-06,4,0,False,
STR-001,2025-03-06,5,0,False,
STR-001,2025-03-06,6,5,False,
STR-001,2025-03-06,7,2,False,
STR-001,2025-03-06,8,5,False,
STR-001,2025-03-06,9,5,False,
STR-001,2025-03-06,10,3,False,
STR-001,2025-03-06,11,7,False,
STR-001,2025-03-06,12,12,False,
STR-001,2025-03-06,13,11,False,
STR-001,2025-03-06,14,5,False,
STR-001,2025-03-06,15,6,False,
STR-001,2025-03-06,16,9,False,
STR-001,2025-03-06,17,8,False,
STR-001,2025-03-06,18,12,False,
STR-001,2025-03-06,19,8,False,
STR-001,2025-03-06,20,15,False,
STR-001,2025-03-06,21,16,False,
STR-001,2025-03-06,22,3,False,
STR-001,2025-03-06,23,0,False,
STR-001,2025-03-07,0,0,False,
STR-001,2025-03-07,1,0,False,
STR-001,2025-03-07,2,0,False,
STR-001,2025-03-07,3,0,False,
STR-001,2025-03-07,4,0,False,
STR-001,2025-03-07,5,0,False,
STR-001,2025-03-07,6,0,False,
STR-001,2025-03-07,7,1,False,
STR-001,2025-03-07,8,3,False,
STR-001,2025-03-07,9,6,False,
STR-001,2025-03-07,10,4,False,
STR-001,2025-03-07,11,8,False,
STR-001,2025-03-07,12,8,False,
STR-001,2025-03-07,13,11,False,
STR-001,2025-03-07,14,5,False,
STR-001,2025-03-07,15,4,False,
STR-001,2025-03-07,16,11,False,
STR-001,2025-03-07,17,5,False,
STR-001,2025-03-07,18,10,False,
STR-001,2025-03-07,19,8,False,
STR-001,2025-03-07,20,11,False,
STR-001,2025-03-07,21,6,False,
STR-001,2025-03-07,22,0,False,
STR-001,2025-03-07,23,0,False,
STR-001,2025-03-08,0,0,True,Holi
STR-001,2025-03-08,1,0,True,Holi
STR-001,2025-03-08,2,0,True,Holi
STR-001,2025-03-08,3,0,True,Holi
STR-001,2025-03-08,4,0,True,Holi
STR-001,2025-03-08,5,0,True,Holi
STR-001,2025-03-08,6,6,True,Holi
STR-001,2025-03-08,7,5,True,Holi
STR-001,2025-03-08,8,6,True,Holi
STR-001,2025-03-08,9,6,True,Holi
STR-001,2025-03-08,10,17,True,Holi
STR-001,2025-03-08,11,20,True,Holi
STR-001,2025-03-08,12,20,True,Holi
STR-001,2025-03-08,13,10,True,Holi
STR-001,2025-03-08,14,17,True,Holi
STR-001,2025-03-08,15,21,True,Holi
STR-001,2025-03-08,16,12,True,Holi
STR-001,2025-03-08,17,9,True,Holi
STR-001,2025-03-08,18,19,True,Holi
STR-001,2025-03-08,19,28,True,Holi
STR-001,2025-03-08,20,16,True,Holi
STR-001,2025-03-08,21,19,True,Holi
STR-001,2025-03-08,22,8,True,Holi
STR-001,2025-03-08,23,2,True,Holi
STR-001,2025-03-09,0,0,True,
STR-001,2025-03-09,1,0,True,
STR-001,2025-03-09,2,0,True,
STR-001,2025-03-09,3,0,True,
STR-001,2025-03-09,4,0,True,
STR-001,2025-03-09,5,0,True,
STR-001,2025-03-09,6,3,True,
STR-001,2025-03-09,7,2,True,
STR-001,2025-03-09,8,2,True,
STR-001,2025-03-09,9,10,True,
STR-001,2025-03-09,10,9,True,
STR-001,2025-03-09,11,5,True,
STR-001,2025-03-09,12,10,True,
STR-001,2025-03-09,13,14,True,
STR-001,2025-03-09,14,8,True,
STR-001,2025-03-09,15,7,True,
STR-001,2025-03-09,16,15,True,
STR-001,2025-03-09,17,9,True,
STR-001,2025-03-09,18,16,True,
STR-001,2025-03-09,19,20,True,
STR-001,2025-03-09,20,16,True,
STR-001,2025-03-09,21,7,True,
STR-001,2025-03-09,22,4,True,
STR-001,2025-03-09,23,1,True,
STR-001,2025-03-10,0,0,False,
STR-001,2025-03-10,1,0,False,
STR-001,2025-03-10,2,0,False,
STR-001,2025-03-10,3,0,False,
STR-001,2025-03-10,4,0,False,
STR-001,2025-03-10,5,0,False,
STR-001,2025-03-10,6,1,False,
STR-001,2025-03-10,7,6,False,
STR-001,2025-03-10,8,5,False,
STR-001,2025-03-10,9,1,False,
STR-001,2025-03-10,10,10,False,
STR-001,2025-03-10,11,3,False,
STR-001,2025-03-10,12,15,False,
STR-001,2025-03-10,13,5,False,
STR-001,2025-03-10,14,10,False,
STR-001,2025-03-10,15,9,False,
STR-001,2025-03-10,16,4,False,
STR-001,2025-03-10,17,4,False,
STR-001,2025-03-10,18,9,False,
STR-001,2025-03-10,19,11,False,
STR-001,2025-03-10,20,17,False,
STR-001,2025-03-10,21,5,False,
STR-001,2025-03-10,22,2,False,
STR-001,2025-03-10,23,4,False,
STR-001,2025-03-11,0,0,False,
STR-001,2025-03-11,1,0,False,
STR-001,2025-03-11,2,0,False,
STR-001,2025-03-11,3,0,False,
STR-001,2025-03-11,4,0,False,
STR-001,2025-03-11,5,0,False,
STR-001,2025-03-11,6,1,False,
STR-001,2025-03-11,7,3,False,
STR-001,2025-03-11,8,4,False,
STR-001,2025-03-11,9,6,False,
STR-001,2025-03-11,10,7,False,
STR-001,2025-03-11,11,8,False,
STR-001,2025-03-11,12,9,False,
STR-001,2025-03-11,13,13,False,
STR-001,2025-03-11,14,11,False,
STR-001,2025-03-11,15,3,False,
STR-001,2025-03-11,16,7,False,
STR-001,2025-03-11,17,12,False,
STR-001,2025-03-11,18,10,False,
STR-001,2025-03-11,19,8,False,
STR-001,2025-03-11,20,7,False,
STR-001,2025-03-11,21,7,False,
STR-001,2025-03-11,22,1,False,
STR-001,2025-03-11,23,0,False,
STR-001,2025-03-12,0,0,False,
STR-001,2025-03-12,1,0,False,
STR-001,2025-03-12,2,0,False,
STR-001,2025-03-12,3,0,False,
STR-001,2025-03-12,4,0,False,
STR-001,2025-03-12,5,0,False,
STR-001,2025-03-12,6,1,False,
STR-001,2025-03-12,7,3,False,
STR-001,2025-03-12,8,5,False,
STR-001,2025-03-12,9,5,False,
STR-001,2025-03-12,10,10,False,
STR-001,2025-03-12,11,9,False,
STR-001,2025-03-12,12,11,False,
STR-001,2025-03-12,13,6,False,
STR-001,2025-03-12,14,9,False,
STR-001,2025-03-12,15,6,False,
STR-001,2025-03-12,16,2,False,
STR-001,2025-03-12,17,12,False,
STR-001,2025-03-12,18,12,False,
STR-001,2025-03-12,19,11,False,
STR-001,2025-03-12,20,10,False,
STR-001,2025-03-12,21,8,False,
STR-001,2025-03-12,22,1,False,
STR-001,2025-03-12,23,3,False,
STR-001,2025-03-13,0,0,False,
STR-001,2025-03-13,1,0,False,
STR-001,2025-03-13,2,0,False,
STR-001,2025-03-13,3,0,False,
STR-001,2025-03-13,4,0,False,
STR-001,2025-03-13,5,0,False,
STR-001,2025-03-13,6,1,False,
STR-001,2025-03-13,7,3,False,
STR-001,2025-03-13,8,5,False,
STR-001,2025-03-13,9,3,False,
STR-001,2025-03-13,10,4,False,
STR-001,2025-03-13,11,9,False,
STR-001,2025-03-13,12,8,False,
STR-001,2025-03-13,13,8,False,
STR-001,2025-03-13,14,9,False,
STR-001,2025-03-13,15,11,False,
STR-001,2025-03-13,16,6,False,
STR-001,2025-03-13,17,8,False,
STR-001,2025-03-13,18,10,False,
STR-001,2025-03-13,19,16,False,
STR-001,2025-03-13,20,9,False,
STR-001,2025-03-13,21,16,False,
STR-001,2025-03-13,22,4,False,
STR-001,2025-03-13,23,3,False,
STR-001,2025-03-14,0,0,False,
STR-001,2025-03-14,1,0,False,
STR-001,2025-03-14,2,0,False,
STR-001,2025-03-14,3,0,False,
STR-001,2025-03-14,4,0,False,
STR-001,2025-03-14,5,0,False,
STR-001,2025-03-14,6,1,False,
STR-001,2025-03-14,7,2,False,
STR-001,2025-03-14,8,3,False,
STR-001,2025-03-14,9,5,False,
STR-001,2025-03-14,10,9,False,
STR-001,2025-03-14,11,6,False,
STR-001,2025-03-14,12,10,False,
STR-001,2025-03-14,13,8,False,
STR-001,2025-03-14,14,8,False,
STR-001,2025-03-14,15,5,False,
STR-001,2025-03-14,16,9,False,
STR-001,2025-03-14,17,6,False,
STR-001,2025-03-14,18,6,False,
STR-001,2025-03-14,19,18,False,
STR-001,2025-03-14,20,10,False,
STR-001,2025-03-14,21,8,False,
STR-001,2025-03-14,22,1,False,
STR-001,2025-03-14,23,1,False,
STR-001,2025-03-15,0,0,True,
STR-001,2025-03-15,1,0,True,
STR-001,2025-03-15,2,0,True,
STR-001,2025-03-15,3,0,True,
STR-001,2025-03-15,4,0,True,
STR-001,2025-03-15,5,0,True,
STR-001,2025-03-15,6,1,True,
STR-001,2025-03-15,7,3,True,
STR-001,2025-03-15,8,4,True,
STR-001,2025-03-15,9,5,True,
STR-001,2025-03-15,10,7,True,
STR-001,2025-03-15,11,5,True,
STR-001,2025-03-15,12,7,True,
STR-001,2025-03-15,13,6,True,
STR-001,2025-03-15,14,10,True,
STR-001,2025-03-15,15,8,True,
STR-001,2025-03-15,16,4,True,
STR-001,2025-03-15,17,6,True,
STR-001,2025-03-15,18,24,True,
STR-001,2025-03-15,19,14,True,
STR-001,2025-03-15,20,14,True,
STR-001,2025-03-15,21,14,True,
STR-001,2025-03-15,22,1,True,
STR-001,2025-03-15,23,2,True,
STR-001,2025-03-16,0,0,True,
STR-001,2025-03-16,1,0,True,
STR-001,2025-03-16,2,0,True,
STR-001,2025-03-16,3,0,True,
STR-001,2025-03-16,4,0,True,
STR-001,2025-03-16,5,0,True,
STR-001,2025-03-16,6,1,True,
STR-001,2025-03-16,7,8,True,
STR-001,2025-03-16,8,8,True,
STR-001,2025-03-16,9,9,True,
STR-001,2025-03-16,10,5,True,
STR-001,2025-03-16,11,6,True,
STR-001,2025-03-16,12,12,True,
STR-001,2025-03-16,13,18,True,
STR-001,2025-03-16,14,14,True,
STR-001,2025-03-16,15,8,True,
STR-001,2025-03-16,16,12,True,
STR-001,2025-03-16,17,13,True,
STR-001,2025-03-16,18,19,True,
STR-001,2025-03-16,19,14,True,
STR-001,2025-03-16,20,19,True,
STR-001,2025-03-16,21,8,True,
STR-001,2025-03-16,22,3,True,
STR-001,2025-03-16,23,4,True,
STR-001,2025-03-17,0,0,False,
STR-001,2025-03-17,1,0,False,
STR-001,2025-03-17,2,0,False,
STR-001,2025-03-17,3,0,False,
STR-001,2025-03-17,4,0,False,
STR-001,2025-03-17,5,0,False,
STR-001,2025-03-17,6,1,False,
STR-001,2025-03-17,7,5,False,
STR-001,2025-03-17,8,1,False,
STR-001,2025-03-17,9,8,False,
STR-001,2025-03-17,10,12,False,
STR-001,2025-03-17,11,7,False,
STR-001,2025-03-17,12,12,False,
STR-001,2025-03-17,13,7,False,
STR-001,2025-03-17,14,7,False,
STR-001,2025-03-17,15,4,False,
STR-001,2025-03-17,16,7,False,
STR-001,2025-03-17,17,7,False,
STR-001,2025-03-17,18,11,False,
STR-001,2025-03-17,19,7,False,
STR-001,2025-03-17,20,9,False,
STR-001,2025-03-17,21,15,False,
STR-001,2025-03-17,22,1,False,
STR-001,2025-03-17,23,1,False,
STR-001,2025-03-18,0,0,False,
STR-001,2025-03-18,1,0,False,
STR-001,2025-03-18,2,0,False,
STR-001,2025-03-18,3,0,False,
STR-001,2025-03-18,4,0,False,
STR-001,2025-03-18,5,0,False,
STR-001,2025-03-18,6,3,False,
STR-001,2025-03-18,7,3,False,
STR-001,2025-03-18,8,1,False,
STR-001,2025-03-18,9,4,False,
STR-001,2025-03-18,10,6,False,
STR-001,2025-03-18,11,11,False,
STR-001,2025-03-18,12,11,False,
STR-001,2025-03-18,13,7,False,
STR-001,2025-03-18,14,10,False,
STR-001,2025-03-18,15,12,False,
STR-001,2025-03-18,16,9,False,
STR-001,2025-03-18,17,9,False,
STR-001,2025-03-18,18,10,False,
STR-001,2025-03-18,19,13,False,
STR-001,2025-03-18,20,13,False,
STR-001,2025-03-18,21,9,False,
STR-001,2025-03-18,22,3,False,
STR-001,2025-03-18,23,1,False,
STR-001,2025-03-19,0,0,False,
STR-001,2025-03-19,1,0,False,
STR-001,2025-03-19,2,0,False,
STR-001,2025-03-19,3,0,False,
STR-001,2025-03-19,4,0,False,
STR-001,2025-03-19,5,0,False,
STR-001,2025-03-19,6,3,False,
STR-001,2025-03-19,7,2,False,
STR-001,2025-03-19,8,4,False,
STR-001,2025-03-19,9,5,False,
STR-001,2025-03-19,10,3,False,
STR-001,2025-03-19,11,11,False,
STR-001,2025-03-19,12,7,False,
STR-001,2025-03-19,13,9,False,
STR-001,2025-03-19,14,12,False,
STR-001,2025-03-19,15,6,False,
STR-001,2025-03-19,16,6,False,
STR-001,2025-03-19,17,1,False,
STR-001,2025-03-19,18,15,False,
STR-001,2025-03-19,19,12,False,
STR-001,2025-03-19,20,17,False,
STR-001,2025-03-19,21,5,False,
STR-001,2025-03-19,22,4,False,
STR-001,2025-03-19,23,2,False,
STR-001,2025-03-20,0,0,False,
STR-001,2025-03-20,1,0,False,
STR-001,2025-03-20,2,0,False,
STR-001,2025-03-20,3,0,False,
STR-001,2025-03-20,4,0,False,
STR-001,2025-03-20,5,0,False,
STR-001,2025-03-20,6,2,False,
STR-001,2025-03-20,7,1,False,
STR-001,2025-03-20,8,6,False,
STR-001,2025-03-20,9,4,False,
STR-001,2025-03-20,10,8,False,
STR-001,2025-03-20,11,4,False,
STR-001,2025-03-20,12,9,False,
STR-001,2025-03-20,13,3,False,
STR-001,2025-03-20,14,14,False,
STR-001,2025-03-20,15,7,False,
STR-001,2025-03-20,16,12,False,
STR-001,2025-03-20,17,9,False,
STR-001,2025-03-20,18,7,False,
STR-001,2025-03-20,19,14,False,
STR-001,2025-03-20,20,10,False,
STR-001,2025-03-20,21,6,False,
STR-001,2025-03-20,22,2,False,
STR-001,2025-03-20,23,3,False,
STR-001,2025-03-21,0,0,False,
STR-001,2025-03-21,1,0,False,
STR-001,2025-03-21,2,0,False,
STR-001,2025-03-21,3,0,False,
STR-001,2025-03-21,4,0,False,
STR-001,2025-03-21,5,0,False,
STR-001,2025-03-21,6,3,False,
STR-001,2025-03-21,7,5,False,
STR-001,2025-03-21,8,6,False,
STR-001,2025-03-21,9,6,False,
STR-001,2025-03-21,10,10,False,
STR-001,2025-03-21,11,9,False,
STR-001,2025-03-21,12,10,False,
STR-001,2025-03-21,13,14,False,
STR-001,2025-03-21,14,6,False,
STR-001,2025-03-21,15,9,False,
STR-001,2025-03-21,16,9,False,
STR-001,2025-03-21,17,7,False,
STR-001,2025-03-21,18,8,False,
STR-001,2025-03-21,19,16,False,
STR-001,2025-03-21,20,11,False,
STR-001,2025-03-21,21,5,False,
STR-001,2025-03-21,22,1,False,
STR-001,2025-03-21,23,4,False,
STR-001,2025-03-22,0,0,True,
STR-001,2025-03-22,1,0,True,
STR-001,2025-03-22,2,0,True,
STR-001,2025-03-22,3,0,True,
STR-001,2025-03-22,4,0,True,
STR-001,2025-03-22,5,0,True,
STR-001,2025-03-22,6,3,True,
STR-001,2025-03-22,7,3,True,
STR-001,2025-03-22,8,5,True,
STR-001,2025-03-22,9,3,True,
STR-001,2025-03-22,10,9,True,
STR-001,2025-03-22,11,4,True,
STR-001,2025-03-22,12,16,True,
STR-001,2025-03-22,13,13,True,
STR-001,2025-03-22,14,15,True,
STR-001,2025-03-22,15,7,True,
STR-001,2025-03-22,16,11,True,
STR-001,2025-03-22,17,5,True,
STR-001,2025-03-22,18,13,True,
STR-001,2025-03-22,19,15,True,
STR-001,2025-03-22,20,11,True,
STR-001,2025-03-22,21,14,True,
STR-001,2025-03-22,22,2,True,
STR-001,2025-03-22,23,3,True,
STR-001,2025-03-23,0,0,True,
STR-001,2025-03-23,1,0,True,
STR-001,2025-03-23,2,0,True,
STR-001,2025-03-23,3,0,True,
STR-001,2025-03-23,4,0,True,
STR-001,2025-03-23,5,0,True,
STR-001,2025-03-23,6,1,True,
STR-001,2025-03-23,7,5,True,
STR-001,2025-03-23,8,3,True,
STR-001,2025-03-23,9,4,True,
STR-001,2025-03-23,10,4,True,
STR-001,2025-03-23,11,12,True,
STR-001,2025-03-23,12,12,True,
STR-001,2025-03-23,13,7,True,
STR-001,2025-03-23,14,10,True,
STR-001,2025-03-23,15,8,True,
STR-001,2025-03-23,16,7,True,
STR-001,2025-03-23,17,11,True,
STR-001,2025-03-23,18,13,True,
STR-001,2025-03-23,19,15,True,
STR-001,2025-03-23,20,13,True,
STR-001,2025-03-23,21,11,True,
STR-001,2025-03-23,22,4,True,
STR-001,2025-03-23,23,4,True,
STR-001,2025-03-24,0,0,False,
STR-001,2025-03-24,1,0,False,
STR-001,2025-03-24,2,0,False,
STR-001,2025-03-24,3,0,False,
STR-001,2025-03-24,4,0,False,
STR-001,2025-03-24,5,0,False,
STR-001,2025-03-24,6,1,False,
STR-001,2025-03-24,7,2,False,
STR-001,2025-03-24,8,0,False,
STR-001,2025-03-24,9,3,False,
STR-001,2025-03-24,10,7,False,
STR-001,2025-03-24,11,12,False,
STR-001,2025-03-24,12,3,False,
STR-001,2025-03-24,13,11,False,
STR-001,2025-03-24,14,12,False,
STR-001,2025-03-24,15,5,False,
STR-001,2025-03-24,16,5,False,
STR-001,2025-03-24,17,12,False,
STR-001,2025-03-24,18,13,False,
STR-001,2025-03-24,19,10,False,
STR-001,2025-03-24,20,15,False,
STR-001,2025-03-24,21,13,False,
STR-001,2025-03-24,22,2,False,
STR-001,2025-03-24,23,1,False,
STR-001,2025-03-25,0,0,False,
STR-001,2025-03-25,1,0,False,
STR-001,2025-03-25,2,0,False,
STR-001,2025-03-25,3,0,False,
STR-001,2025-03-25,4,0,False,
STR-001,2025-03-25,5,0,False,
STR-001,2025-03-25,6,1,False,
STR-001,2025-03-25,7,5,False,
STR-001,2025-03-25,8,1,False,
STR-001,2025-03-25,9,7,False,
STR-001,2025-03-25,10,6,False,
STR-001,2025-03-25,11,6,False,
STR-001,2025-03-25,12,7,False,
STR-001,2025-03-25,13,11,False,
STR-001,2025-03-25,14,6,False,
STR-001,2025-03-25,15,9,False,
STR-001,2025-03-25,16,5,False,
STR-001,2025-03-25,17,5,False,
STR-001,2025-03-25,18,16,False,
STR-001,2025-03-25,19,5,False,
STR-001,2025-03-25,20,11,False,
STR-001,2025-03-25,21,7,False,
STR-001,2025-03-25,22,4,False,
STR-001,2025-03-25,23,1,False,
STR-001,2025-03-26,0,0,False,
STR-001,2025-03-26,1,0,False,
STR-001,2025-03-26,2,0,False,
STR-001,2025-03-26,3,0,False,
STR-001,2025-03-26,4,0,False,
STR-001,2025-03-26,5,0,False,
STR-001,2025-03-26,6,3,False,
STR-001,2025-03-26,7,2,False,
STR-001,2025-03-26,8,5,False,
STR-001,2025-03-26,9,10,False,
STR-001,2025-03-26,10,2,False,
STR-001,2025-03-26,11,7,False,
STR-001,2025-03-26,12,11,False,
STR-001,2025-03-26,13,7,False,
STR-001,2025-03-26,14,6,False,
STR-001,2025-03-26,15,8,False,
STR-001,2025-03-26,16,2,False,
STR-001,2025-03-26,17,5,False,
STR-001,2025-03-26,18,11,False,
STR-001,2025-03-26,19,7,False,
STR-001,2025-03-26,20,9,False,
STR-001,2025-03-26,21,7,False,
STR-001,2025-03-26,22,3,False,
STR-001,2025-03-26,23,1,False,
STR-001,2025-03-27,0,0,False,
STR-001,2025-03-27,1,0,False,
STR-001,2025-03-27,2,0,False,
STR-001,2025-03-27,3,0,False,
STR-001,2025-03-27,4,0,False,
STR-001,2025-03-27,5,0,False,
STR-001,2025-03-27,6,3,False,
STR-001,2025-03-27,7,2,False,
STR-001,2025-03-27,8,5,False,
STR-001,2025-03-27,9,11,False,
STR-001,2025-03-27,10,7,False,
STR-001,2025-03-27,11,10,False,
STR-001,2025-03-27,12,15,False,
STR-001,2025-03-27,13,16,False,
STR-001,2025-03-27,14,9,False,
STR-001,2025-03-27,15,6,False,
STR-001,2025-03-27,16,8,False,
STR-001,2025-03-27,17,5,False,
STR-001,2025-03-27,18,17,False,
STR-001,2025-03-27,19,17,False,
STR-001,2025-03-27,20,8,False,
STR-001,2025-03-27,21,11,False,
STR-001,2025-03-27,22,3,False,
STR-001,2025-03-27,23,0,False,
STR-001,2025-03-28,0,0,False,
STR-001,2025-03-28,1,0,False,
STR-001,2025-03-28,2,0,False,
STR-001,2025-03-28,3,0,False,
STR-001,2025-03-28,4,0,False,
STR-001,2025-03-28,5,0,False,
STR-001,2025-03-28,6,1,False,
STR-001,2025-03-28,7,3,False,
STR-001,2025-03-28,8,5,False,
STR-001,2025-03-28,9,8,False,
STR-001,2025-03-28,10,7,False,
STR-001,2025-03-28,11,6,False,
STR-001,2025-03-28,12,15,False,
STR-001,2025-03-28,13,7,False,
STR-001,2025-03-28,14,7,False,
STR-001,2025-03-28,15,6,False,
STR-001,2025-03-28,16,5,False,
STR-001,2025-03-28,17,14,False,
STR-001,2025-03-28,18,7,False,
STR-001,2025-03-28,19,17,False,
STR-001,2025-03-28,20,11,False,
STR-001,2025-03-28,21,9,False,
STR-001,2025-03-28,22,3,False,
STR-001,2025-03-28,23,3,False,
STR-001,2025-03-29,0,0,True,
STR-001,2025-03-29,1,0,True,
STR-001,2025-03-29,2,0,True,
STR-001,2025-03-29,3,0,True,
STR-001,2025-03-29,4,0,True,
STR-001,2025-03-29,5,0,True,
STR-001,2025-03-29,6,1,True,
STR-001,2025-03-29,7,5,True,
STR-001,2025-03-29,8,8,True,
STR-001,2025-03-29,9,6,True,
STR-001,2025-03-29,10,9,True,
STR-001,2025-03-29,11,3,True,
STR-001,2025-03-29,12,13,True,
STR-001,2025-03-29,13,11,True,
STR-001,2025-03-29,14,8,True,
STR-001,2025-03-29,15,5,True,
STR-001,2025-03-29,16,8,True,
STR-001,2025-03-29,17,8,True,
STR-001,2025-03-29,18,19,True,
STR-001,2025-03-29,19,21,True,
STR-001,2025-03-29,20,9,True,
STR-001,2025-03-29,21,7,True,
STR-001,2025-03-29,22,5,True,
STR-001,2025-03-29,23,3,True,
STR-001,2025-03-30,0,0,True,
STR-001,2025-03-30,1,0,True,
STR-001,2025-03-30,2,0,True,
STR-001,2025-03-30,3,0,True,
STR-001,2025-03-30,4,0,True,
STR-001,2025-03-30,5,0,True,
STR-001,2025-03-30,6,2,True,
STR-001,2025-03-30,7,2,True,
STR-001,2025-03-30,8,3,True,
STR-001,2025-03-30,9,9,True,
STR-001,2025-03-30,10,9,True,
STR-001,2025-03-30,11,10,True,
STR-001,2025-03-30,12,10,True,
STR-001,2025-03-30,13,11,True,
STR-001,2025-03-30,14,8,True,
STR-001,2025-03-30,15,8,True,
STR-001,2025-03-30,16,9,True,
STR-001,2025-03-30,17,4,True,
STR-001,2025-03-30,18,14,True,
STR-001,2025-03-30,19,14,True,
STR-001,2025-03-30,20,12,True,
STR-001,2025-03-30,21,10,True,
STR-001,2025-03-30,22,3,True,
STR-001,2025-03-30,23,0,True,
STR-001,2025-03-31,0,0,False,
STR-001,2025-03-31,1,0,False,
STR-001,2025-03-31,2,0,False,
STR-001,2025-03-31,3,0,False,
STR-001,2025-03-31,4,0,False,
STR-001,2025-03-31,5,0,False,
STR-001,2025-03-31,6,4,False,
STR-001,2025-03-31,7,2,False,
STR-001,2025-03-31,8,4,False,
STR-001,2025-03-31,9,5,False,
STR-001,2025-03-31,10,5,False,
STR-001,2025-03-31,11,4,False,
STR-001,2025-03-31,12,13,False,
STR-001,2025-03-31,13,11,False,
STR-001,2025-03-31,14,7,False,
STR-001,2025-03-31,15,8,False,
STR-001,2025-03-31,16,11,False,
STR-001,2025-03-31,17,9,False,
STR-001,2025-03-31,18,12,False,
STR-001,2025-03-31,19,10,False,
STR-001,2025-03-31,20,15,False,
STR-001,2025-03-31,21,4,False,
STR-001,2025-03-31,22,2,False,
STR-001,2025-03-31,23,2,False,
STR-002,2024-10-02,0,0,False,Gandhi Jayanti
STR-002,2024-10-02,1,0,False,Gandhi Jayanti
STR-002,2024-10-02,2,0,False,Gandhi Jayanti
STR-002,2024-10-02,3,0,False,Gandhi Jayanti
STR-002,2024-10-02,4,0,False,Gandhi Jayanti
STR-002,2024-10-02,5,0,False,Gandhi Jayanti
STR-002,2024-10-02,6,3,False,Gandhi Jayanti
STR-002,2024-10-02,7,8,False,Gandhi Jayanti
STR-002,2024-10-02,8,19,False,Gandhi Jayanti
STR-002,2024-10-02,9,24,False,Gandhi Jayanti
STR-002,2024-10-02,10,31,False,Gandhi Jayanti
STR-002,2024-10-02,11,32,False,Gandhi Jayanti
STR-002,2024-10-02,12,32,False,Gandhi Jayanti
STR-002,2024-10-02,13,37,False,Gandhi Jayanti
STR-002,2024-10-02,14,41,False,Gandhi Jayanti
STR-002,2024-10-02,15,27,False,Gandhi Jayanti
STR-002,2024-10-02,16,28,False,Gandhi Jayanti
STR-002,2024-10-02,17,30,False,Gandhi Jayanti
STR-002,2024-10-02,18,39,False,Gandhi Jayanti
STR-002,2024-10-02,19,52,False,Gandhi Jayanti
STR-002,2024-10-02,20,52,False,Gandhi Jayanti
STR-002,2024-10-02,21,34,False,Gandhi Jayanti
STR-002,2024-10-02,22,13,False,Gandhi Jayanti
STR-002,2024-10-02,23,4,False,Gandhi Jayanti
STR-002,2024-10-03,0,0,False,
STR-002,2024-10-03,1,0,False,
STR-002,2024-10-03,2,0,False,
STR-002,2024-10-03,3,0,False,
STR-002,2024-10-03,4,0,False,
STR-002,2024-10-03,5,0,False,
STR-002,2024-10-03,6,7,False,
STR-002,2024-10-03,7,3,False,
STR-002,2024-10-03,8,14,False,
STR-002,2024-10-03,9,13,False,
STR-002,2024-10-03,10,25,False,
STR-002,2024-10-03,11,21,False,
STR-002,2024-10-03,12,41,False,
STR-002,2024-10-03,13,29,False,
STR-002,2024-10-03,14,26,False,
STR-002,2024-10-03,15,22,False,
STR-002,2024-10-03,16,26,False,
STR-002,2024-10-03,17,21,False,
STR-002,2024-10-03,18,29,False,
STR-002,2024-10-03,19,34,False,
STR-002,2024-10-03,20,43,False,
STR-002,2024-10-03,21,29,False,
STR-002,2024-10-03,22,17,False,
STR-002,2024-10-03,23,5,False,
STR-002,2024-10-04,0,0,False,
STR-002,2024-10-04,1,0,False,
STR-002,2024-10-04,2,0,False,
STR-002,2024-10-04,3,0,False,
STR-002,2024-10-04,4,0,False,
STR-002,2024-10-04,5,0,False,
STR-002,2024-10-04,6,3,False,
STR-002,2024-10-04,7,7,False,
STR-002,2024-10-04,8,15,False,
STR-002,2024-10-04,9,17,False,
STR-002,2024-10-04,10,20,False,
STR-002,2024-10-04,11,30,False,
STR-002,2024-10-04,12,21,False,
STR-002,2024-10-04,13,32,False,
STR-002,2024-10-04,14,24,False,
STR-002,2024-10-04,15,27,False,
STR-002,2024-10-04,16,21,False,
STR-002,2024-10-04,17,22,False,
STR-002,2024-10-04,18,29,False,
STR-002,2024-10-04,19,41,False,
STR-002,2024-10-04,20,36,False,
STR-002,2024-10-04,21,22,False,
STR-002,2024-10-04,22,6,False,
STR-002,2024-10-04,23,4,False,
STR-002,2024-10-05,0,0,True,
STR-002,2024-10-05,1,0,True,
STR-002,2024-10-05,2,0,True,
STR-002,2024-10-05,3,0,True,
STR-002,2024-10-05,4,0,True,
STR-002,2024-10-05,5,0,True,
STR-002,2024-10-05,6,6,True,
STR-002,2024-10-05,7,9,True,
STR-002,2024-10-05,8,20,True,
STR-002,2024-10-05,9,17,True,
STR-002,2024-10-05,10,16,True,
STR-002,2024-10-05,11,16,True,
STR-002,2024-10-05,12,36,True,
STR-002,2024-10-05,13,22,True,
STR-002,2024-10-05,14,24,True,
STR-002,2024-10-05,15,30,True,
STR-002,2024-10-05,16,19,True,
STR-002,2024-10-05,17,24,True,
STR-002,2024-10-05,18,38,True,
STR-002,2024-10-05,19,35,True,
STR-002,2024-10-05,20,46,True,
STR-002,2024-10-05,21,27,True,
STR-002,2024-10-05,22,14,True,
STR-002,2024-10-05,23,1,True,
STR-002,2024-10-06,0,0,True,
STR-002,2024-10-06,1,0,True,
STR-002,2024-10-06,2,0,True,
STR-002,2024-10-06,3,0,True,
STR-002,2024-10-06,4,0,True,
STR-002,2024-10-06,5,0,True,
STR-002,2024-10-06,6,1,True,
STR-002,2024-10-06,7,8,True,
STR-002,2024-10-06,8,13,True,
STR-002,2024-10-06,9,20,True,
STR-002,2024-10-06,10,24,True,
STR-002,2024-10-06,11,23,True,
STR-002,2024-10-06,12,22,True,
STR-002,2024-10-06,13,22,True,
STR-002,2024-10-06,14,13,True,
STR-002,2024-10-06,15,26,True,
STR-002,2024-10-06,16,20,True,
STR-002,2024-10-06,17,22,True,
STR-002,2024-10-06,18,38,True,
STR-002,2024-10-06,19,32,True,
STR-002,2024-10-06,20,41,True,
STR-002,2024-10-06,21,40,True,
STR-002,2024-10-06,22,12,True,
STR-002,2024-10-06,23,4,True,
STR-002,2024-10-07,0,0,False,
STR-002,2024-10-07,1,0,False,
STR-002,2024-10-07,2,0,False,
STR-002,2024-10-07,3,0,False,
STR-002,2024-10-07,4,0,False,
STR-002,2024-10-07,5,0,False,
STR-002,2024-10-07,6,6,False,
STR-002,2024-10-07,7,14,False,
STR-002,2024-10-07,8,15,False,
STR-002,2024-10-07,9,18,False,
STR-002,2024-10-07,10,22,False,
STR-002,2024-10-07,11,19,False,
STR-002,2024-10-07,12,29,False,
STR-002,2024-10-07,13,22,False,
STR-002,2024-10-07,14,29,False,
STR-002,2024-10-07,15,23,False,
STR-002,2024-10-07,16,17,False,
STR-002,2024-10-07,17,27,False,
STR-002,2024-10-07,18,46,False,
STR-002,2024-10-07,19,33,False,
STR-002,2024-10-07,20,36,False,
STR-002,2024-10-07,21,23,False,
STR-002,2024-10-07,22,7,False,
STR-002,2024-10-07,23,4,False,
STR-002,2024-10-08,0,0,False,
STR-002,2024-10-08,1,0,False,
STR-002,2024-10-08,2,0,False,
STR-002,2024-10-08,3,0,False,
STR-002,2024-10-08,4,0,False,
STR-002,2024-10-08,5,0,False,
STR-002,2024-10-08,6,7,False,
STR-002,2024-10-08,7,11,False,
STR-002,2024-10-08,8,13,False,
STR-002,2024-10-08,9,20,False,
STR-002,2024-10-08,10,17,False,
STR-002,2024-10-08,11,35,False,
STR-002,2024-10-08,12,28,False,
STR-002,2024-10-08,13,24,False,
STR-002,2024-10-08,14,21,False,
STR-002,2024-10-08,15,21,False,
STR-002,2024-10-08,16,18,False,
STR-002,2024-10-08,17,26,False,
STR-002,2024-10-08,18,31,False,
STR-002,2024-10-08,19,46,False,
STR-002,2024-10-08,20,37,False,
STR-002,2024-10-08,21,28,False,
STR-002,2024-10-08,22,8,False,
STR-002,2024-10-08,23,5,False,
STR-002,2024-10-09,0,0,False,
STR-002,2024-10-09,1,0,False,
STR-002,2024-10-09,2,0,False,
STR-002,2024-10-09,3,0,False,
STR-002,2024-10-09,4,0,False,
STR-002,2024-10-09,5,0,False,
STR-002,2024-10-09,6,3,False,
STR-002,2024-10-09,7,13,False,
STR-002,2024-10-09,8,25,False,
STR-002,2024-10-09,9,19,False,
STR-002,2024-10-09,10,18,False,
STR-002,2024-10-09,11,20,False,
STR-002,2024-10-09,12,26,False,
STR-002,2024-10-09,13,17,False,
STR-002,2024-10-09,14,28,False,
STR-002,2024-10-09,15,16,False,
STR-002,2024-10-09,16,20,False,
STR-002,2024-10-09,17,21,False,
STR-002,2024-10-09,18,29,False,
STR-002,2024-10-09,19,27,False,
STR-002,2024-10-09,20,39,False,
STR-002,2024-10-09,21,22,False,
STR-002,2024-10-09,22,4,False,
STR-002,2024-10-09,23,4,False,
STR-002,2024-10-10,0,0,False,
STR-002,2024-10-10,1,0,False,
STR-002,2024-10-10,2,0,False,
STR-002,2024-10-10,3,0,False,
STR-002,2024-10-10,4,0,False,
STR-002,2024-10-10,5,0,False,
STR-002,2024-10-10,6,3,False,
STR-002,2024-10-10,7,9,False,
STR-002,2024-10-10,8,10,False,
STR-002,2024-10-10,9,18,False,
STR-002,2024-10-10,10,17,False,
STR-002,2024-10-10,11,15,False,
STR-002,2024-10-10,12,25,False,
STR-002,2024-10-10,13,29,False,
STR-002,2024-10-10,14,24,False,
STR-002,2024-10-10,15,9,False,
STR-002,2024-10-10,16,19,False,
STR-002,2024-10-10,17,19,False,
STR-002,2024-10-10,18,33,False,
STR-002,2024-10-10,19,34,False,
STR-002,2024-10-10,20,39,False,
STR-002,2024-10-10,21,16,False,
STR-002,2024-10-10,22,2,False,
STR-002,2024-10-10,23,3,False,
STR-002,2024-10-11,0,0,False,
STR-002,2024-10-11,1,0,False,
STR-002,2024-10-11,2,0,False,
STR-002,2024-10-11,3,0,False,
STR-002,2024-10-11,4,0,False,
STR-002,2024-10-11,5,0,False,
STR-002,2024-10-11,6,4,False,
STR-002,2024-10-11,7,4,False,
STR-002,2024-10-11,8,13,False,
STR-002,2024-10-11,9,13,False,
STR-002,2024-10-11,10,26,False,
STR-002,2024-10-11,11,22,False,
STR-002,2024-10-11,12,28,False,
STR-002,2024-10-11,13,21,False,
STR-002,2024-10-11,14,14,False,
STR-002,2024-10-11,15,31,False,
STR-002,2024-10-11,16,28,False,
STR-002,2024-10-11,17,16,False,
STR-002,2024-10-11,18,29,False,
STR-002,2024-10-11,19,26,False,
STR-002,2024-10-11,20,31,False,
STR-002,2024-10-11,21,27,False,
STR-002,2024-10-11,22,7,False,
STR-002,2024-10-11,23,8,False,
STR-002,2024-10-12,0,0,True,
STR-002,2024-10-12,1,0,True,
STR-002,2024-10-12,2,0,True,
STR-002,2024-10-12,3,0,True,
STR-002,2024-10-12,4,0,True,
STR-002,2024-10-12,5,0,True,
STR-002,2024-10-12,6,6,True,
STR-002,2024-10-12,7,7,True,
STR-002,2024-10-12,8,18,True,
STR-002,2024-10-12,9,21,True,
STR-002,2024-10-12,10,24,True,
STR-002,2024-10-12,11,32,True,
STR-002,2024-10-12,12,33,True,
STR-002,2024-10-12,13,31,True,
STR-002,2024-10-12,14,27,True,
STR-002,2024-10-12,15,15,True,
STR-002,2024-10-12,16,23,True,
STR-002,2024-10-12,17,19,True,
STR-002,2024-10-12,18,29,True,
STR-002,2024-10-12,19,33,True,
STR-002,2024-10-12,20,35,True,
STR-002,2024-10-12,21,30,True,
STR-002,2024-10-12,22,8,True,
STR-002,2024-10-12,23,6,True,
STR-002,2024-10-13,0,0,True,
STR-002,2024-10-13,1,0,True,
STR-002,2024-10-13,2,0,True,
STR-002,2024-10-13,3,0,True,
STR-002,2024-10-13,4,0,True,
STR-002,2024-10-13,5,0,True,
STR-002,2024-10-13,6,7,True,
STR-002,2024-10-13,7,15,True,
STR-002,2024-10-13,8,15,True,
STR-002,2024-10-13,9,25,True,
STR-002,2024-10-13,10,25,True,
STR-002,2024-10-13,11,23,True,
STR-002,2024-10-13,12,45,True,
STR-002,2024-10-13,13,37,True,
STR-002,2024-10-13,14,22,True,
STR-002,2024-10-13,15,26,True,
STR-002,2024-10-13,16,18,True,
STR-002,2024-10-13,17,21,True,
STR-002,2024-10-13,18,35,True,
STR-002,2024-10-13,19,47,True,
STR-002,2024-10-13,20,32,True,
STR-002,2024-10-13,21,32,True,
STR-002,2024-10-13,22,7,True,
STR-002,2024-10-13,23,6,True,
STR-002,2024-10-14,0,0,False,
STR-002,2024-10-14,1,0,False,
STR-002,2024-10-14,2,0,False,
STR-002,2024-10-14,3,0,False,
STR-002,2024-10-14,4,0,False,
STR-002,2024-10-14,5,0,False,
STR-002,2024-10-14,6,2,False,
STR-002,2024-10-14,7,9,False,
STR-002,2024-10-14,8,11,False,
STR-002,2024-10-14,9,11,False,
STR-002,2024-10-14,10,23,False,
STR-002,2024-10-14,11,19,False,
STR-002,2024-10-14,12,31,False,
STR-002,2024-10-14,13,25,False,
STR-002,2024-10-14,14,20,False,
STR-002,2024-10-14,15,23,False,
STR-002,2024-10-14,16,14,False,
STR-002,2024-10-14,17,15,False,
STR-002,2024-10-14,18,22,False,
STR-002,2024-10-14,19,37,False,
STR-002,2024-10-14,20,31,False,
STR-002,2024-10-14,21,17,False,
STR-002,2024-10-14,22,7,False,
STR-002,2024-10-14,23,5,False,
STR-002,2024-10-15,0,0,False,
STR-002,2024-10-15,1,0,False,
STR-002,2024-10-15,2,0,False,
STR-002,2024-10-15,3,0,False,
STR-002,2024-10-15,4,0,False,
STR-002,2024-10-15,5,0,False,
STR-002,2024-10-15,6,1,False,
STR-002,2024-10-15,7,4,False,
STR-002,2024-10-15,8,12,False,
STR-002,2024-10-15,9,13,False,
STR-002,2024-10-15,10,22,False,
STR-002,2024-10-15,11,23,False,
STR-002,2024-10-15,12,20,False,
STR-002,2024-10-15,13,24,False,
STR-002,2024-10-15,14,23,False,
STR-002,2024-10-15,15,26,False,
STR-002,2024-10-15,16,19,False,
STR-002,2024-10-15,17,17,False,
STR-002,2024-10-15,18,37,False,
STR-002,2024-10-15,19,31,False,
STR-002,2024-10-15,20,39,False,
STR-002,2024-10-15,21,28,False,
STR-002,2024-10-15,22,7,False,
STR-002,2024-10-15,23,5,False,
STR-002,2024-10-16,0,0,False,
STR-002,2024-10-16,1,0,False,
STR-002,2024-10-16,2,0,False,
STR-002,2024-10-16,3,0,False,
STR-002,2024-10-16,4,0,False,
STR-002,2024-10-16,5,0,False,
STR-002,2024-10-16,6,4,False,
STR-002,2024-10-16,7,11,False,
STR-002,2024-10-16,8,9,False,
STR-002,2024-10-16,9,19,False,
STR-002,2024-10-16,10,22,False,
STR-002,2024-10-16,11,22,False,
STR-002,2024-10-16,12,25,False,
STR-002,2024-10-16,13,27,False,
STR-002,2024-10-16,14,20,False,
STR-002,2024-10-16,15,21,False,
STR-002,2024-10-16,16,14,False,
STR-002,2024-10-16,17,14,False,
STR-002,2024-10-16,18,31,False,
STR-002,2024-10-16,19,29,False,
STR-002,2024-10-16,20,28,False,
STR-002,2024-10-16,21,15,False,
STR-002,2024-10-16,22,13,False,
STR-002,2024-10-16,23,5,False,
STR-002,2024-10-17,0,0,False,
STR-002,2024-10-17,1,0,False,
STR-002,2024-10-17,2,0,False,
STR-002,2024-10-17,3,0,False,
STR-002,2024-10-17,4,0,False,
STR-002,2024-10-17,5,0,False,
STR-002,2024-10-17,6,4,False,
STR-002,2024-10-17,7,9,False,
STR-002,2024-10-17,8,14,False,
STR-002,2024-10-17,9,22,False,
STR-002,2024-10-17,10,20,False,
STR-002,2024-10-17,11,22,False,
STR-002,2024-10-17,12,29,False,
STR-002,2024-10-17,13,21,False,
STR-002,2024-10-17,14,26,False,
STR-002,2024-10-17,15,16,False,
STR-002,2024-10-17,16,23,False,
STR-002,2024-10-17,17,25,False,
STR-002,2024-10-17,18,32,False,
STR-002,2024-10-17,19,40,False,
STR-002,2024-10-17,20,37,False,
STR-002,2024-10-17,21,29,False,
STR-002,2024-10-17,22,6,False,
STR-002,2024-10-17,23,4,False,
STR-002,2024-10-18,0,0,False,
STR-002,2024-10-18,1,0,False,
STR-002,2024-10-18,2,0,False,
STR-002,2024-10-18,3,0,False,
STR-002,2024-10-18,4,0,False,
STR-002,2024-10-18,5,0,False,
STR-002,2024-10-18,6,6,False,
STR-002,2024-10-18,7,10,False,
STR-002,2024-10-18,8,15,False,
STR-002,2024-10-18,9,21,False,
STR-002,2024-10-18,10,19,False,
STR-002,2024-10-18,11,27,False,
STR-002,2024-10-18,12,30,False,
STR-002,2024-10-18,13,26,False,
STR-002,2024-10-18,14,19,False,
STR-002,2024-10-18,15,27,False,
STR-002,2024-10-18,16,23,False,
STR-002,2024-10-18,17,21,False,
STR-002,2024-10-18,18,34,False,
STR-002,2024-10-18,19,48,False,
STR-002,2024-10-18,20,34,False,
STR-002,2024-10-18,21,23,False,
STR-002,2024-10-18,22,14,False,
STR-002,2024-10-18,23,4,False,
STR-002,2024-10-19,0,0,True,
STR-002,2024-10-19,1,0,True,
STR-002,2024-10-19,2,0,True,
STR-002,2024-10-19,3,0,True,
STR-002,2024-10-19,4,0,True,
STR-002,2024-10-19,5,0,True,
STR-002,2024-10-19,6,5,True,
STR-002,2024-10-19,7,13,True,
STR-002,2024-10-19,8,16,True,
STR-002,2024-10-19,9,26,True,
STR-002,2024-10-19,10,27,True,
STR-002,2024-10-19,11,26,True,
STR-002,2024-10-19,12,32,True,
STR-002,2024-10-19,13,27,True,
STR-002,2024-10-19,14,24,True,
STR-002,2024-10-19,15,19,True,
STR-002,2024-10-19,16,24,True,
STR-002,2024-10-19,17,22,True,
STR-002,2024-10-19,18,41,True,
STR-002,2024-10-19,19,51,True,
STR-002,2024-10-19,20,40,True,
STR-002,2024-10-19,21,27,True,
STR-002,2024-10-19,22,13,True,
STR-002,2024-10-19,23,5,True,
STR-002,2024-10-20,0,0,True,
STR-002,2024-10-20,1,0,True,
STR-002,2024-10-20,2,0,True,
STR-002,2024-10-20,3,0,True,
STR-002,2024-10-20,4,0,True,
STR-002,2024-10-20,5,0,True,
STR-002,2024-10-20,6,3,True,
STR-002,2024-10-20,7,9,True,
STR-002,2024-10-20,8,12,True,
STR-002,2024-10-20,9,16,True,
STR-002,2024-10-20,10,30,True,
STR-002,2024-10-20,11,25,True,
STR-002,2024-10-20,12,32,True,
STR-002,2024-10-20,13,24,True,
STR-002,2024-10-20,14,16,True,
STR-002,2024-10-20,15,26,True,
STR-002,2024-10-20,16,24,True,
STR-002,2024-10-20,17,29,True,
STR-002,2024-10-20,18,37,True,
STR-002,2024-10-20,19,55,True,
STR-002,2024-10-20,20,30,True,
STR-002,2024-10-20,21,31,True,
STR-002,2024-10-20,22,11,True,
STR-002,2024-10-20,23,8,True,
STR-002,2024-10-21,0,0,False,
STR-002,2024-10-21,1,0,False,
STR-002,2024-10-21,2,0,False,
STR-002,2024-10-21,3,0,False,
STR-002,2024-10-21,4,0,False,
STR-002,2024-10-21,5,0,False,
STR-002,2024-10-21,6,3,False,
STR-002,2024-10-21,7,8,False,
STR-002,2024-10-21,8,14,False,
STR-002,2024-10-21,9,20,False,
STR-002,2024-10-21,10,26,False,
STR-002,2024-10-21,11,24,False,
STR-002,2024-10-21,12,28,False,
STR-002,2024-10-21,13,32,False,
STR-002,2024-10-21,14,28,False,
STR-002,2024-10-21,15,30,False,
STR-002,2024-10-21,16,22,False,
STR-002,2024-10-21,17,20,False,
STR-002,2024-10-21,18,31,False,
STR-002,2024-10-21,19,35,False,
STR-002,2024-10-21,20,45,False,
STR-002,2024-10-21,21,19,False,
STR-002,2024-10-21,22,10,False,
STR-002,2024-10-21,23,8,False,
STR-002,2024-10-22,0,0,False,Diwali
STR-002,2024-10-22,1,0,False,Diwali
STR-002,2024-10-22,2,0,False,Diwali
STR-002,2024-10-22,3,0,False,Diwali
STR-002,2024-10-22,4,0,False,Diwali
STR-002,2024-10-22,5,0,False,Diwali
STR-002,2024-10-22,6,8,False,Diwali
STR-002,2024-10-22,7,18,False,Diwali
STR-002,2024-10-22,8,21,False,Diwali
STR-002,2024-10-22,9,21,False,Diwali
STR-002,2024-10-22,10,22,False,Diwali
STR-002,2024-10-22,11,26,False,Diwali
STR-002,2024-10-22,12,38,False,Diwali
STR-002,2024-10-22,13,36,False,Diwali
STR-002,2024-10-22,14,29,False,Diwali
STR-002,2024-10-22,15,37,False,Diwali
STR-002,2024-10-22,16,24,False,Diwali
STR-002,2024-10-22,17,34,False,Diwali
STR-002,2024-10-22,18,51,False,Diwali
STR-002,2024-10-22,19,58,False,Diwali
STR-002,2024-10-22,20,44,False,Diwali
STR-002,2024-10-22,21,35,False,Diwali
STR-002,2024-10-22,22,8,False,Diwali
STR-002,2024-10-22,23,5,False,Diwali
STR-002,2024-10-23,0,0,False,
STR-002,2024-10-23,1,0,False,
STR-002,2024-10-23,2,0,False,
STR-002,2024-10-23,3,0,False,
STR-002,2024-10-23,4,0,False,
STR-002,2024-10-23,5,0,False,
STR-002,2024-10-23,6,3,False,
STR-002,2024-10-23,7,6,False,
STR-002,2024-10-23,8,14,False,
STR-002,2024-10-23,9,12,False,
STR-002,2024-10-23,10,11,False,
STR-002,2024-10-23,11,17,False,
STR-002,2024-10-23,12,25,False,
STR-002,2024-10-23,13,15,False,
STR-002,2024-10-23,14,18,False,
STR-002,2024-10-23,15,21,False,
STR-002,2024-10-23,16,22,False,
STR-002,2024-10-23,17,20,False,
STR-002,2024-10-23,18,25,False,
STR-002,2024-10-23,19,39,False,
STR-002,2024-10-23,20,30,False,
STR-002,2024-10-23,21,23,False,
STR-002,2024-10-23,22,3,False,
STR-002,2024-10-23,23,3,False,
STR-002,2024-10-24,0,0,False,
STR-002,2024-10-24,1,0,False,
STR-002,2024-10-24,2,0,False,
STR-002,2024-10-24,3,0,False,
STR-002,2024-10-24,4,0,False,
STR-002,2024-10-24,5,0,False,
STR-002,2024-10-24,6,1,False,
STR-002,2024-10-24,7,5,False,
STR-002,2024-10-24,8,15,False,
STR-002,2024-10-24,9,20,False,
STR-002,2024-10-24,10,22,False,
STR-002,2024-10-24,11,22,False,
STR-002,2024-10-24,12,28,False,
STR-002,2024-10-24,13,20,False,
STR-002,2024-10-24,14,28,False,
STR-002,2024-10-24,15,13,False,
STR-002,2024-10-24,16,22,False,
STR-002,2024-10-24,17,29,False,
STR-002,2024-10-24,18,38,False,
STR-002,2024-10-24,19,37,False,
STR-002,2024-10-24,20,33,False,
STR-002,2024-10-24,21,18,False,
STR-002,2024-10-24,22,7,False,
STR-002,2024-10-24,23,9,False,
STR-002,2024-10-25,0,0,False,
STR-002,2024-10-25,1,0,False,
STR-002,2024-10-25,2,0,False,
STR-002,2024-10-25,3,0,False,
STR-002,2024-10-25,4,0,False,
STR-002,2024-10-25,5,0,False,
STR-002,2024-10-25,6,3,False,
STR-002,2024-10-25,7,4,False,
STR-002,2024-10-25,8,10,False,
STR-002,2024-10-25,9,12,False,
STR-002,2024-10-25,10,19,False,
STR-002,2024-10-25,11,30,False,
STR-002,2024-10-25,12,35,False,
STR-002,2024-10-25,13,22,False,
STR-002,2024-10-25,14,13,False,
STR-002,2024-10-25,15,16,False,
STR-002,2024-10-25,16,20,False,
STR-002,2024-10-25,17,17,False,
STR-002,2024-10-25,18,29,False,
STR-002,2024-10-25,19,47,False,
STR-002,2024-10-25,20,31,False,
STR-002,2024-10-25,21,20,False,
STR-002,2024-10-25,22,7,False,
STR-002,2024-10-25,23,7,False,
STR-002,2024-10-26,0,0,True,
STR-002,2024-10-26,1,0,True,
STR-002,2024-10-26,2,0,True,
STR-002,2024-10-26,3,0,True,
STR-002,2024-10-26,4,0,True,
STR-002,2024-10-26,5,0,True,
STR-002,2024-10-26,6,6,True,
STR-002,2024-10-26,7,10,True,
STR-002,2024-10-26,8,7,True,
STR-002,2024-10-26,9,23,True,
STR-002,2024-10-26,10,32,True,
STR-002,2024-10-26,11,23,True,
STR-002,2024-10-26,12,38,True,
STR-002,2024-10-26,13,42,True,
STR-002,2024-10-26,14,36,True,
STR-002,2024-10-26,15,24,True,
STR-002,2024-10-26,16,27,True,
STR-002,2024-10-26,17,28,True,
STR-002,2024-10-26,18,31,True,
STR-002,2024-10-26,19,49,True,
STR-002,2024-10-26,20,39,True,
STR-002,2024-10-26,21,33,True,
STR-002,2024-10-26,22,16,True,
STR-002,2024-10-26,23,6,True,
STR-002,2024-10-27,0,0,True,
STR-002,2024-10-27,1,0,True,
STR-002,2024-10-27,2,0,True,
STR-002,2024-10-27,3,0,True,
STR-002,2024-10-27,4,0,True,
STR-002,2024-10-27,5,0,True,
STR-002,2024-10-27,6,2,True,
STR-002,2024-10-27,7,6,True,
STR-002,2024-10-27,8,21,True,
STR-002,2024-10-27,9,17,True,
STR-002,2024-10-27,10,32,True,
STR-002,2024-10-27,11,25,True,
STR-002,2024-10-27,12,41,True,
STR-002,2024-10-27,13,38,True,
STR-002,2024-10-27,14,28,True,
STR-002,2024-10-27,15,19,True,
STR-002,2024-10-27,16,23,True,
STR-002,2024-10-27,17,31,True,
STR-002,2024-10-27,18,50,True,
STR-002,2024-10-27,19,48,True,
STR-002,2024-10-27,20,31,True,
STR-002,2024-10-27,21,39,True,
STR-002,2024-10-27,22,10,True,
STR-002,2024-10-27,23,5,True,
STR-002,2024-10-28,0,0,False,
STR-002,2024-10-28,1,0,False,
STR-002,2024-10-28,2,0,False,
STR-002,2024-10-28,3,0,False,
STR-002,2024-10-28,4,0,False,
STR-002,2024-10-28,5,0,False,
STR-002,2024-10-28,6,4,False,
STR-002,2024-10-28,7,5,False,
STR-002,2024-10-28,8,10,False,
STR-002,2024-10-28,9,18,False,
STR-002,2024-10-28,10,16,False,
STR-002,2024-10-28,11,30,False,
STR-002,2024-10-28,12,39,False,
STR-002,2024-10-28,13,26,False,
STR-002,2024-10-28,14,19,False,
STR-002,2024-10-28,15,25,False,
STR-002,2024-10-28,16,22,False,
STR-002,2024-10-28,17,22,False,
STR-002,2024-10-28,18,25,False,
STR-002,2024-10-28,19,38,False,
STR-002,2024-10-28,20,39,False,
STR-002,2024-10-28,21,25,False,
STR-002,2024-10-28,22,9,False,
STR-002,2024-10-28,23,2,False,
STR-002,2024-10-29,0,0,False,
STR-002,2024-10-29,1,0,False,
STR-002,2024-10-29,2,0,False,
STR-002,2024-10-29,3,0,False,
STR-002,2024-10-29,4,0,False,
STR-002,2024-10-29,5,0,False,
STR-002,2024-10-29,6,5,False,
STR-002,2024-10-29,7,6,False,
STR-002,2024-10-29,8,9,False,
STR-002,2024-10-29,9,15,False,
STR-002,2024-10-29,10,19,False,
STR-002,2024-10-29,11,14,False,
STR-002,2024-10-29,12,25,False,
STR-002,2024-10-29,13,28,False,
STR-002,2024-10-29,14,17,False,
STR-002,2024-10-29,15,13,False,
STR-002,2024-10-29,16,18,False,
STR-002,2024-10-29,17,22,False,
STR-002,2024-10-29,18,34,False,
STR-002,2024-10-29,19,40,False,
STR-002,2024-10-29,20,27,False,
STR-002,2024-10-29,21,28,False,
STR-002,2024-10-29,22,6,False,
STR-002,2024-10-29,23,3,False,
STR-002,2024-10-30,0,0,False,
STR-002,2024-10-30,1,0,False,
STR-002,2024-10-30,2,0,False,
STR-002,2024-10-30,3,0,False,
STR-002,2024-10-30,4,0,False,
STR-002,2024-10-30,5,0,False,
STR-002,2024-10-30,6,5,False,
STR-002,2024-10-30,7,11,False,
STR-002,2024-10-30,8,14,False,
STR-002,2024-10-30,9,20,False,
STR-002,2024-10-30,10,23,False,
STR-002,2024-10-30,11,19,False,
STR-002,2024-10-30,12,23,False,
STR-002,2024-10-30,13,32,False,
STR-002,2024-10-30,14,30,False,
STR-002,2024-10-30,15,14,False,
STR-002,2024-10-30,16,30,False,
STR-002,2024-10-30,17,28,False,
STR-002,2024-10-30,18,31,False,
STR-002,2024-10-30,19,36,False,
STR-002,2024-10-30,20,39,False,
STR-002,2024-10-30,21,30,False,
STR-002,2024-10-30,22,8,False,
STR-002,2024-10-30,23,4,False,
STR-002,2024-10-31,0,0,False,
STR-002,2024-10-31,1,0,False,
STR-002,2024-10-31,2,0,False,
STR-002,2024-10-31,3,0,False,
STR-002,2024-10-31,4,0,False,
STR-002,2024-10-31,5,0,False,
STR-002,2024-10-31,6,5,False,
STR-002,2024-10-31,7,6,False,
STR-002,2024-10-31,8,19,False,
STR-002,2024-10-31,9,15,False,
STR-002,2024-10-31,10,16,False,
STR-002,2024-10-31,11,19,False,
STR-002,2024-10-31,12,27,False,
STR-002,2024-10-31,13,23,False,
STR-002,2024-10-31,14,16,False,
STR-002,2024-10-31,15,19,False,
STR-002,2024-10-31,16,16,False,
STR-002,2024-10-31,17,15,False,
STR-002,2024-10-31,18,19,False,
STR-002,2024-10-31,19,31,False,
STR-002,2024-10-31,20,36,False,
STR-002,2024-10-31,21,23,False,
STR-002,2024-10-31,22,5,False,
STR-002,2024-10-31,23,5,False,
STR-002,2024-11-01,0,0,False,Kannada Rajyotsava
STR-002,2024-11-01,1,0,False,Kannada Rajyotsava
STR-002,2024-11-01,2,0,False,Kannada Rajyotsava
STR-002,2024-11-01,3,0,False,Kannada Rajyotsava
STR-002,2024-11-01,4,0,False,Kannada Rajyotsava
STR-002,2024-11-01,5,0,False,Kannada Rajyotsava
STR-002,2024-11-01,6,5,False,Kannada Rajyotsava
STR-002,2024-11-01,7,12,False,Kannada Rajyotsava
STR-002,2024-11-01,8,14,False,Kannada Rajyotsava
STR-002,2024-11-01,9,22,False,Kannada Rajyotsava
STR-002,2024-11-01,10,34,False,Kannada Rajyotsava
STR-002,2024-11-01,11,36,False,Kannada Rajyotsava
STR-002,2024-11-01,12,37,False,Kannada Rajyotsava
STR-002,2024-11-01,13,35,False,Kannada Rajyotsava
STR-002,2024-11-01,14,34,False,Kannada Rajyotsava
STR-002,2024-11-01,15,27,False,Kannada Rajyotsava
STR-002,2024-11-01,16,32,False,Kannada Rajyotsava
STR-002,2024-11-01,17,28,False,Kannada Rajyotsava
STR-002,2024-11-01,18,51,False,Kannada Rajyotsava
STR-002,2024-11-01,19,70,False,Kannada Rajyotsava
STR-002,2024-11-01,20,62,False,Kannada Rajyotsava
STR-002,2024-11-01,21,53,False,Kannada Rajyotsava
STR-002,2024-11-01,22,10,False,Kannada Rajyotsava
STR-002,2024-11-01,23,8,False,Kannada Rajyotsava
STR-002,2024-11-02,0,0,True,
STR-002,2024-11-02,1,0,True,
STR-002,2024-11-02,2,0,True,
STR-002,2024-11-02,3,0,True,
STR-002,2024-11-02,4,0,True,
STR-002,2024-11-02,5,0,True,
STR-002,2024-11-02,6,7,True,
STR-002,2024-11-02,7,9,True,
STR-002,2024-11-02,8,19,True,
STR-002,2024-11-02,9,17,True,
STR-002,2024-11-02,10,24,True,
STR-002,2024-11-02,11,24,True,
STR-002,2024-11-02,12,31,True,
STR-002,2024-11-02,13,22,True,
STR-002,2024-11-02,14,19,True,
STR-002,2024-11-02,15,25,True,
STR-002,2024-11-02,16,24,True,
STR-002,2024-11-02,17,25,True,
STR-002,2024-11-02,18,39,True,
STR-002,2024-11-02,19,29,True,
STR-002,2024-11-02,20,38,True,
STR-002,2024-11-02,21,37,True,
STR-002,2024-11-02,22,8,True,
STR-002,2024-11-02,23,3,True,
STR-002,2024-11-03,0,0,True,
STR-002,2024-11-03,1,0,True,
STR-002,2024-11-03,2,0,True,
STR-002,2024-11-03,3,0,True,
STR-002,2024-11-03,4,0,True,
STR-002,2024-11-03,5,0,True,
STR-002,2024-11-03,6,7,True,
STR-002,2024-11-03,7,11,True,
STR-002,2024-11-03,8,13,True,
STR-002,2024-11-03,9,21,True,
STR-002,2024-11-03,10,30,True,
STR-002,2024-11-03,11,30,True,
STR-002,2024-11-03,12,35,True,
STR-002,2024-11-03,13,24,True,
STR-002,2024-11-03,14,41,True,
STR-002,2024-11-03,15,33,True,
STR-002,2024-11-03,16,29,True,
STR-002,2024-11-03,17,33,True,
STR-002,2024-11-03,18,42,True,
STR-002,2024-11-03,19,52,True,
STR-002,2024-11-03,20,49,True,
STR-002,2024-11-03,21,29,True,
STR-002,2024-11-03,22,15,True,
STR-002,2024-11-03,23,5,True,
STR-002,2024-11-04,0,0,False,
STR-002,2024-11-04,1,0,False,
STR-002,2024-11-04,2,0,False,
STR-002,2024-11-04,3,0,False,
STR-002,2024-11-04,4,0,False,
STR-002,2024-11-04,5,0,False,
STR-002,2024-11-04,6,1,False,
STR-002,2024-11-04,7,7,False,
STR-002,2024-11-04,8,13,False,
STR-002,2024-11-04,9,23,False,
STR-002,2024-11-04,10,21,False,
STR-002,2024-11-04,11,15,False,
STR-002,2024-11-04,12,41,False,
STR-002,2024-11-04,13,17,False,
STR-002,2024-11-04,14,30,False,
STR-002,2024-11-04,15,19,False,
STR-002,2024-11-04,16,15,False,
STR-002,2024-11-04,17,19,False,
STR-002,2024-11-04,18,33,False,
STR-002,2024-11-04,19,40,False,
STR-002,2024-11-04,20,25,False,
STR-002,2024-11-04,21,19,False,
STR-002,2024-11-04,22,5,False,
STR-002,2024-11-04,23,3,False,
STR-002,2024-11-05,0,0,False,
STR-002,2024-11-05,1,0,False,
STR-002,2024-11-05,2,0,False,
STR-002,2024-11-05,3,0,False,
STR-002,2024-11-05,4,0,False,
STR-002,2024-11-05,5,0,False,
STR-002,2024-11-05,6,2,False,
STR-002,2024-11-05,7,11,False,
STR-002,2024-11-05,8,7,False,
STR-002,2024-11-05,9,12,False,
STR-002,2024-11-05,10,13,False,
STR-002,2024-11-05,11,14,False,
STR-002,2024-11-05,12,30,False,
STR-002,2024-11-05,13,31,False,
STR-002,2024-11-05,14,20,False,
STR-002,2024-11-05,15,24,False,
STR-002,2024-11-05,16,17,False,
STR-002,2024-11-05,17,12,False,
STR-002,2024-11-05,18,31,False,
STR-002,2024-11-05,19,36,False,
STR-002,2024-11-05,20,25,False,
STR-002,2024-11-05,21,22,False,
STR-002,2024-11-05,22,7,False,
STR-002,2024-11-05,23,2,False,
STR-002,2024-11-06,0,0,False,
STR-002,2024-11-06,1,0,False,
STR-002,2024-11-06,2,0,False,
STR-002,2024-11-06,3,0,False,
STR-002,2024-11-06,4,0,False,
STR-002,2024-11-06,5,0,False,
STR-002,2024-11-06,6,6,False,
STR-002,2024-11-06,7,6,False,
STR-002,2024-11-06,8,15,False,
STR-002,2024-11-06,9,12,False,
STR-002,2024-11-06,10,20,False,
STR-002,2024-11-06,11,26,False,
STR-002,2024-11-06,12,35,False,
STR-002,2024-11-06,13,27,False,
STR-002,2024-11-06,14,20,False,
STR-002,2024-11-06,15,21,False,
STR-002,2024-11-06,16,19,False,
STR-002,2024-11-06,17,26,False,
STR-002,2024-11-06,18,32,False,
STR-002,2024-11-06,19,44,False,
STR-002,2024-11-06,20,29,False,
STR-002,2024-11-06,21,26,False,
STR-002,2024-11-06,22,6,False,
STR-002,2024-11-06,23,6,False,
STR-002,2024-11-07,0,0,False,
STR-002,2024-11-07,1,0,False,
STR-002,2024-11-07,2,0,False,
STR-002,2024-11-07,3,0,False,
STR-002,2024-11-07,4,0,False,
STR-002,2024-11-07,5,0,False,
STR-002,2024-11-07,6,8,False,
STR-002,2024-11-07,7,10,False,
STR-002,2024-11-07,8,18,False,
STR-002,2024-11-07,9,21,False,
STR-002,2024-11-07,10,16,False,
STR-002,2024-11-07,11,27,False,
STR-002,2024-11-07,12,29,False,
STR-002,2024-11-07,13,22,False,
STR-002,2024-11-07,14,17,False,
STR-002,2024-11-07,15,15,False,
STR-002,2024-11-07,16,20,False,
STR-002,2024-11-07,17,20,False,
STR-002,2024-11-07,18,19,False,
STR-002,2024-11-07,19,26,False,
STR-002,2024-11-07,20,28,False,
STR-002,2024-11-07,21,13,False,
STR-002,2024-11-07,22,10,False,
STR-002,2024-11-07,23,3,False,
STR-002,2024-11-08,0,0,False,
STR-002,2024-11-08,1,0,False,
STR-002,2024-11-08,2,0,False,
STR-002,2024-11-08,3,0,False,
STR-002,2024-11-08,4,0,False,
STR-002,2024-11-08,5,0,False,
STR-002,2024-11-08,6,4,False,
STR-002,2024-11-08,7,8,False,
STR-002,2024-11-08,8,12,False,
STR-002,2024-11-08,9,13,False,
STR-002,2024-11-08,10,16,False,
STR-002,2024-11-08,11,19,False,
STR-002,2024-11-08,12,19,False,
STR-002,2024-11-08,13,22,False,
STR-002,2024-11-08,14,28,False,
STR-002,2024-11-08,15,19,False,
STR-002,2024-11-08,16,11,False,
STR-002,2024-11-08,17,24,False,
STR-002,2024-11-08,18,34,False,
STR-002,2024-11-08,19,24,False,
STR-002,2024-11-08,20,28,False,
STR-002,2024-11-08,21,13,False,
STR-002,2024-11-08,22,4,False,
STR-002,2024-11-08,23,6,False,
STR-002,2024-11-09,0,0,True,
STR-002,2024-11-09,1,0,True,
STR-002,2024-11-09,2,0,True,
STR-002,2024-11-09,3,0,True,
STR-002,2024-11-09,4,0,True,
STR-002,2024-11-09,5,0,True,
STR-002,2024-11-09,6,7,True,
STR-002,2024-11-09,7,9,True,
STR-002,2024-11-09,8,16,True,
STR-002,2024-11-09,9,23,True,
STR-002,2024-11-09,10,29,True,
STR-002,2024-11-09,11,30,True,
STR-002,2024-11-09,12,46,True,
STR-002,2024-11-09,13,41,True,
STR-002,2024-11-09,14,34,True,
STR-002,2024-11-09,15,21,True,
STR-002,2024-11-09,16,29,True,
STR-002,2024-11-09,17,34,True,
STR-002,2024-11-09,18,49,True,
STR-002,2024-11-09,19,51,True,
STR-002,2024-11-09,20,48,True,
STR-002,2024-11-09,21,40,True,
STR-002,2024-11-09,22,13,True,
STR-002,2024-11-09,23,7,True,
STR-002,2024-11-10,0,0,True,
STR-002,2024-11-10,1,0,True,
STR-002,2024-11-10,2,0,True,
STR-002,2024-11-10,3,0,True,
STR-002,2024-11-10,4,0,True,
STR-002,2024-11-10,5,0,True,
STR-002,2024-11-10,6,5,True,
STR-002,2024-11-10,7,6,True,
STR-002,2024-11-10,8,16,True,
STR-002,2024-11-10,9,23,True,
STR-002,2024-11-10,10,25,True,
STR-002,2024-11-10,11,23,True,
STR-002,2024-11-10,12,32,True,
STR-002,2024-11-10,13,28,True,
STR-002,2024-11-10,14,23,True,
STR-002,2024-11-10,15,20,True,
STR-002,2024-11-10,16,29,True,
STR-002,2024-11-10,17,14,True,
STR-002,2024-11-10,18,40,True,
STR-002,2024-11-10,19,36,True,
STR-002,2024-11-10,20,41,True,
STR-002,2024-11-10,21,26,True,
STR-002,2024-11-10,22,14,True,
STR-002,2024-11-10,23,8,True,
STR-002,2024-11-11,0,0,False,
STR-002,2024-11-11,1,0,False,
STR-002,2024-11-11,2,0,False,
STR-002,2024-11-11,3,0,False,
STR-002,2024-11-11,4,0,False,
STR-002,2024-11-11,5,0,False,
STR-002,2024-11-11,6,0,False,
STR-002,2024-11-11,7,3,False,
STR-002,2024-11-11,8,17,False,
STR-002,2024-11-11,9,13,False,
STR-002,2024-11-11,10,16,False,
STR-002,2024-11-11,11,14,False,
STR-002,2024-11-11,12,25,False,
STR-002,2024-11-11,13,26,False,
STR-002,2024-11-11,14,27,False,
STR-002,2024-11-11,15,23,False,
STR-002,2024-11-11,16,15,False,
STR-002,2024-11-11,17,26,False,
STR-002,2024-11-11,18,29,False,
STR-002,2024-11-11,19,36,False,
STR-002,2024-11-11,20,26,False,
STR-002,2024-11-11,21,32,False,
STR-002,2024-11-11,22,7,False,
STR-002,2024-11-11,23,5,False,
STR-002,2024-11-12,0,0,False,
STR-002,2024-11-12,1,0,False,
STR-002,2024-11-12,2,0,False,
STR-002,2024-11-12,3,0,False,
STR-002,2024-11-12,4,0,False,
STR-002,2024-11-12,5,0,False,
STR-002,2024-11-12,6,2,False,
STR-002,2024-11-12,7,7,False,
STR-002,2024-11-12,8,19,False,
STR-002,2024-11-12,9,19,False,
STR-002,2024-11-12,10,13,False,
STR-002,2024-11-12,11,24,False,
STR-002,2024-11-12,12,30,False,
STR-002,2024-11-12,13,25,False,
STR-002,2024-11-12,14,31,False,
STR-002,2024-11-12,15,20,False,
STR-002,2024-11-12,16,27,False,
STR-002,2024-11-12,17,21,False,
STR-002,2024-11-12,18,42,False,
STR-002,2024-11-12,19,41,False,
STR-002,2024-11-12,20,47,False,
STR-002,2024-11-12,21,24,False,
STR-002,2024-11-12,22,11,False,
STR-002,2024-11-12,23,2,False,
STR-002,2024-11-13,0,0,False,
STR-002,2024-11-13,1,0,False,
STR-002,2024-11-13,2,0,False,
STR-002,2024-11-13,3,0,False,
STR-002,2024-11-13,4,0,False,
STR-002,2024-11-13,5,0,False,
STR-002,2024-11-13,6,4,False,
STR-002,2024-11-13,7,4,False,
STR-002,2024-11-13,8,11,False,
STR-002,2024-11-13,9,19,False,
STR-002,2024-11-13,10,16,False,
STR-002,2024-11-13,11,20,False,
STR-002,2024-11-13,12,28,False,
STR-002,2024-11-13,13,27,False,
STR-002,2024-11-13,14,15,False,
STR-002,2024-11-13,15,16,False,
STR-002,2024-11-13,16,19,False,
STR-002,2024-11-13,17,18,False,
STR-002,2024-11-13,18,33,False,
STR-002,2024-11-13,19,33,False,
STR-002,2024-11-13,20,27,False,
STR-002,2024-11-13,21,25,False,
STR-002,2024-11-13,22,7,False,
STR-002,2024-11-13,23,3,False,
STR-002,2024-11-14,0,0,False,
STR-002,2024-11-14,1,0,False,
STR-002,2024-11-14,2,0,False,
STR-002,2024-11-14,3,0,False,
STR-002,2024-11-14,4,0,False,
STR-002,2024-11-14,5,0,False,
STR-002,2024-11-14,6,2,False,
STR-002,2024-11-14,7,7,False,
STR-002,2024-11-14,8,14,False,
STR-002,2024-11-14,9,16,False,
STR-002,2024-11-14,10,19,False,
STR-002,2024-11-14,11,12,False,
STR-002,2024-11-14,12,26,False,
STR-002,2024-11-14,13,20,False,
STR-002,2024-11-14,14,23,False,
STR-002,2024-11-14,15,23,False,
STR-002,2024-11-14,16,20,False,
STR-002,2024-11-14,17,11,False,
STR-002,2024-11-14,18,34,False,
STR-002,2024-11-14,19,30,False,
STR-002,2024-11-14,20,24,False,
STR-002,2024-11-14,21,26,False,
STR-002,2024-11-14,22,7,False,
STR-002,2024-11-14,23,2,False,
STR-002,2024-11-15,0,0,False,Guru Nanak Jayanti
STR-002,2024-11-15,1,0,False,Guru Nanak Jayanti
STR-002,2024-11-15,2,0,False,Guru Nanak Jayanti
STR-002,2024-11-15,3,0,False,Guru Nanak Jayanti
STR-002,2024-11-15,4,0,False,Guru Nanak Jayanti
STR-002,2024-11-15,5,0,False,Guru Nanak Jayanti
STR-002,2024-11-15,6,3,False,Guru Nanak Jayanti
STR-002,2024-11-15,7,14,False,Guru Nanak Jayanti
STR-002,2024-11-15,8,25,False,Guru Nanak Jayanti
STR-002,2024-11-15,9,28,False,Guru Nanak Jayanti
STR-002,2024-11-15,10,38,False,Guru Nanak Jayanti
STR-002,2024-11-15,11,34,False,Guru Nanak Jayanti
STR-002,2024-11-15,12,45,False,Guru Nanak Jayanti
STR-002,2024-11-15,13,51,False,Guru Nanak Jayanti
STR-002,2024-11-15,14,37,False,Guru Nanak Jayanti
STR-002,2024-11-15,15,25,False,Guru Nanak Jayanti
STR-002,2024-11-15,16,40,False,Guru Nanak Jayanti
STR-002,2024-11-15,17,31,False,Guru Nanak Jayanti
STR-002,2024-11-15,18,67,False,Guru Nanak Jayanti
STR-002,2024-11-15,19,62,False,Guru Nanak Jayanti
STR-002,2024-11-15,20,49,False,Guru Nanak Jayanti
STR-002,2024-11-15,21,41,False,Guru Nanak Jayanti
STR-002,2024-11-15,22,18,False,Guru Nanak Jayanti
STR-002,2024-11-15,23,10,False,Guru Nanak Jayanti
STR-002,2024-11-16,0,0,True,
STR-002,2024-11-16,1,0,True,
STR-002,2024-11-16,2,0,True,
STR-002,2024-11-16,3,0,True,
STR-002,2024-11-16,4,0,True,
STR-002,2024-11-16,5,0,True,
STR-002,2024-11-16,6,9,True,
STR-002,2024-11-16,7,12,True,
STR-002,2024-11-16,8,18,True,
STR-002,2024-11-16,9,15,True,
STR-002,2024-11-16,10,33,True,
STR-002,2024-11-16,11,30,True,
STR-002,2024-11-16,12,33,True,
STR-002,2024-11-16,13,24,True,
STR-002,2024-11-16,14,37,True,
STR-002,2024-11-16,15,31,True,
STR-002,2024-11-16,16,35,True,
STR-002,2024-11-16,17,32,True,
STR-002,2024-11-16,18,49,True,
STR-002,2024-11-16,19,33,True,
STR-002,2024-11-16,20,37,True,
STR-002,2024-11-16,21,43,True,
STR-002,2024-11-16,22,10,True,
STR-002,2024-11-16,23,11,True,
STR-002,2024-11-17,0,0,True,
STR-002,2024-11-17,1,0,True,
STR-002,2024-11-17,2,0,True,
STR-002,2024-11-17,3,0,True,
STR-002,2024-11-17,4,0,True,
STR-002,2024-11-17,5,0,True,
STR-002,2024-11-17,6,2,True,
STR-002,2024-11-17,7,5,True,
STR-002,2024-11-17,8,10,True,
STR-002,2024-11-17,9,22,True,
STR-002,2024-11-17,10,16,True,
STR-002,2024-11-17,11,24,True,
STR-002,2024-11-17,12,27,True,
STR-002,2024-11-17,13,32,True,
STR-002,2024-11-17,14,22,True,
STR-002,2024-11-17,15,27,True,
STR-002,2024-11-17,16,21,True,
STR-002,2024-11-17,17,30,True,
STR-002,2024-11-17,18,26,True,
STR-002,2024-11-17,19,33,True,
STR-002,2024-11-17,20,28,True,
STR-002,2024-11-17,21,21,True,
STR-002,2024-11-17,22,10,True,
STR-002,2024-11-17,23,6,True,
STR-002,2024-11-18,0,0,False,
STR-002,2024-11-18,1,0,False,
STR-002,2024-11-18,2,0,False,
STR-002,2024-11-18,3,0,False,
STR-002,2024-11-18,4,0,False,
STR-002,2024-11-18,5,0,False,
STR-002,2024-11-18,6,7,False,
STR-002,2024-11-18,7,3,False,
STR-002,2024-11-18,8,8,False,
STR-002,2024-11-18,9,10,False,
STR-002,2024-11-18,10,19,False,
STR-002,2024-11-18,11,21,False,
STR-002,2024-11-18,12,24,False,
STR-002,2024-11-18,13,17,False,
STR-002,2024-11-18,14,25,False,
STR-002,2024-11-18,15,12,False,
STR-002,2024-11-18,16,22,False,
STR-002,2024-11-18,17,23,False,
STR-002,2024-11-18,18,31,False,
STR-002,2024-11-18,19,29,False,
STR-002,2024-11-18,20,23,False,
STR-002,2024-11-18,21,26,False,
STR-002,2024-11-18,22,11,False,
STR-002,2024-11-18,23,7,False,
STR-002,2024-11-19,0,0,False,
STR-002,2024-11-19,1,0,False,
STR-002,2024-11-19,2,0,False,
STR-002,2024-11-19,3,0,False,
STR-002,2024-11-19,4,0,False,
STR-002,2024-11-19,5,0,False,
STR-002,2024-11-19,6,8,False,
STR-002,2024-11-19,7,8,False,
STR-002,2024-11-19,8,12,False,
STR-002,2024-11-19,9,14,False,
STR-002,2024-11-19,10,16,False,
STR-002,2024-11-19,11,20,False,
STR-002,2024-11-19,12,29,False,
STR-002,2024-11-19,13,24,False,
STR-002,2024-11-19,14,31,False,
STR-002,2024-11-19,15,18,False,
STR-002,2024-11-19,16,20,False,
STR-002,2024-11-19,17,24,False,
STR-002,2024-11-19,18,32,False,
STR-002,2024-11-19,19,37,False,
STR-002,2024-11-19,20,37,False,
STR-002,2024-11-19,21,27,False,
STR-002,2024-11-19,22,10,False,
STR-002,2024-11-19,23,4,False,
STR-002,2024-11-20,0,0,False,
STR-002,2024-11-20,1,0,False,
STR-002,2024-11-20,2,0,False,
STR-002,2024-11-20,3,0,False,
STR-002,2024-11-20,4,0,False,
STR-002,2024-11-20,5,0,False,
STR-002,2024-11-20,6,5,False,
STR-002,2024-11-20,7,7,False,
STR-002,2024-11-20,8,11,False,
STR-002,2024-11-20,9,17,False,
STR-002,2024-11-20,10,18,False,
STR-002,2024-11-20,11,19,False,
STR-002,2024-11-20,12,34,False,
STR-002,2024-11-20,13,21,False,
STR-002,2024-11-20,14,18,False,
STR-002,2024-11-20,15,18,False,
STR-002,2024-11-20,16,23,False,
STR-002,2024-11-20,17,17,False,
STR-002,2024-11-20,18,26,False,
STR-002,2024-11-20,19,36,False,
STR-002,2024-11-20,20,38,False,
STR-002,2024-11-20,21,23,False,
STR-002,2024-11-20,22,6,False,
STR-002,2024-11-20,23,2,False,
STR-002,2024-11-21,0,0,False,
STR-002,2024-11-21,1,0,False,
STR-002,2024-11-21,2,0,False,
STR-002,2024-11-21,3,0,False,
STR-002,2024-11-21,4,0,False,
STR-002,2024-11-21,5,0,False,
STR-002,2024-11-21,6,5,False,
STR-002,2024-11-21,7,8,False,
STR-002,2024-11-21,8,10,False,
STR-002,2024-11-21,9,10,False,
STR-002,2024-11-21,10,19,False,
STR-002,2024-11-21,11,23,False,
STR-002,2024-11-21,12,25,False,
STR-002,2024-11-21,13,24,False,
STR-002,2024-11-21,14,31,False,
STR-002,2024-11-21,15,15,False,
STR-002,2024-11-21,16,23,False,
STR-002,2024-11-21,17,21,False,
STR-002,2024-11-21,18,32,False,
STR-002,2024-11-21,19,45,False,
STR-002,2024-11-21,20,34,False,
STR-002,2024-11-21,21,20,False,
STR-002,2024-11-21,22,5,False,
STR-002,2024-11-21,23,2,False,
STR-002,2024-11-22,0,0,False,
STR-002,2024-11-22,1,0,False,
STR-002,2024-11-22,2,0,False,
STR-002,2024-11-22,3,0,False,
STR-002,2024-11-22,4,0,False,
STR-002,2024-11-22,5,0,False,
STR-002,2024-11-22,6,6,False,
STR-002,2024-11-22,7,8,False,
STR-002,2024-11-22,8,6,False,
STR-002,2024-11-22,9,20,False,
STR-002,2024-11-22,10,21,False,
STR-002,2024-11-22,11,20,False,
STR-002,2024-11-22,12,25,False,
STR-002,2024-11-22,13,25,False,
STR-002,2024-11-22,14,21,False,
STR-002,2024-11-22,15,22,False,
STR-002,2024-11-22,16,18,False,
STR-002,2024-11-22,17,21,False,
STR-002,2024-11-22,18,18,False,
STR-002,2024-11-22,19,30,False,
STR-002,2024-11-22,20,38,False,
STR-002,2024-11-22,21,27,False,
STR-002,2024-11-22,22,4,False,
STR-002,2024-11-22,23,6,False,
STR-002,2024-11-23,0,0,True,
STR-002,2024-11-23,1,0,True,
STR-002,2024-11-23,2,0,True,
STR-002,2024-11-23,3,0,True,
STR-002,2024-11-23,4,0,True,
STR-002,2024-11-23,5,0,True,
STR-002,2024-11-23,6,2,True,
STR-002,2024-11-23,7,11,True,
STR-002,2024-11-23,8,9,True,
STR-002,2024-11-23,9,14,True,
STR-002,2024-11-23,10,24,True,
STR-002,2024-11-23,11,11,True,
STR-002,2024-11-23,12,25,True,
STR-002,2024-11-23,13,20,True,
STR-002,2024-11-23,14,11,True,
STR-002,2024-11-23,15,23,True,
STR-002,2024-11-23,16,20,True,
STR-002,2024-11-23,17,19,True,
STR-002,2024-11-23,18,36,True,
STR-002,2024-11-23,19,35,True,
STR-002,2024-11-23,20,33,True,
STR-002,2024-11-23,21,38,True,
STR-002,2024-11-23,22,7,True,
STR-002,2024-11-23,23,6,True,
STR-002,2024-11-24,0,0,True,
STR-002,2024-11-24,1,0,True,
STR-002,2024-11-24,2,0,True,
STR-002,2024-11-24,3,0,True,
STR-002,2024-11-24,4,0,True,
STR-002,2024-11-24,5,0,True,
STR-002,2024-11-24,6,3,True,
STR-002,2024-11-24,7,6,True,
STR-002,2024-11-24,8,12,True,
STR-002,2024-11-24,9,10,True,
STR-002,2024-11-24,10,19,True,
STR-002,2024-11-24,11,30,True,
STR-002,2024-11-24,12,31,True,
STR-002,2024-11-24,13,22,True,
STR-002,2024-11-24,14,21,True,
STR-002,2024-11-24,15,32,True,
STR-002,2024-11-24,16,22,True,
STR-002,2024-11-24,17,27,True,
STR-002,2024-11-24,18,36,True,
STR-002,2024-11-24,19,45,True,
STR-002,2024-11-24,20,26,True,
STR-002,2024-11-24,21,31,True,
STR-002,2024-11-24,22,17,True,
STR-002,2024-11-24,23,5,True,
STR-002,2024-11-25,0,0,False,
STR-002,2024-11-25,1,0,False,
STR-002,2024-11-25,2,0,False,
STR-002,2024-11-25,3,0,False,
STR-002,2024-11-25,4,0,False,
STR-002,2024-11-25,5,0,False,
STR-002,2024-11-25,6,4,False,
STR-002,2024-11-25,7,8,False,
STR-002,2024-11-25,8,8,False,
STR-002,2024-11-25,9,20,False,
STR-002,2024-11-25,10,25,False,
STR-002,2024-11-25,11,20,False,
STR-002,2024-11-25,12,36,False,
STR-002,2024-11-25,13,21,False,
STR-002,2024-11-25,14,20,False,
STR-002,2024-11-25,15,18,False,
STR-002,2024-11-25,16,21,False,
STR-002,2024-11-25,17,19,False,
STR-002,2024-11-25,18,37,False,
STR-002,2024-11-25,19,39,False,
STR-002,2024-11-25,20,36,False,
STR-002,2024-11-25,21,31,False,
STR-002,2024-11-25,22,8,False,
STR-002,2024-11-25,23,2,False,
STR-002,2024-11-26,0,0,False,
STR-002,2024-11-26,1,0,False,
STR-002,2024-11-26,2,0,False,
STR-002,2024-11-26,3,0,False,
STR-002,2024-11-26,4,0,False,
STR-002,2024-11-26,5,0,False,
STR-002,2024-11-26,6,3,False,
STR-002,2024-11-26,7,5,False,
STR-002,2024-11-26,8,11,False,
STR-002,2024-11-26,9,12,False,
STR-002,2024-11-26,10,21,False,
STR-002,2024-11-26,11,17,False,
STR-002,2024-11-26,12,26,False,
STR-002,2024-11-26,13,17,False,
STR-002,2024-11-26,14,25,False,
STR-002,2024-11-26,15,22,False,
STR-002,2024-11-26,16,7,False,
STR-002,2024-11-26,17,17,False,
STR-002,2024-11-26,18,13,False,
STR-002,2024-11-26,19,22,False,
STR-002,2024-11-26,20,27,False,
STR-002,2024-11-26,21,21,False,
STR-002,2024-11-26,22,4,False,
STR-002,2024-11-26,23,1,False,
STR-002,2024-11-27,0,0,False,
STR-002,2024-11-27,1,0,False,
STR-002,2024-11-27,2,0,False,
STR-002,2024-11-27,3,0,False,
STR-002,2024-11-27,4,0,False,
STR-002,2024-11-27,5,0,False,
STR-002,2024-11-27,6,7,False,
STR-002,2024-11-27,7,3,False,
STR-002,2024-11-27,8,10,False,
STR-002,2024-11-27,9,24,False,
STR-002,2024-11-27,10,15,False,
STR-002,2024-11-27,11,21,False,
STR-002,2024-11-27,12,24,False,
STR-002,2024-11-27,13,21,False,
STR-002,2024-11-27,14,21,False,
STR-002,2024-11-27,15,15,False,
STR-002,2024-11-27,16,18,False,
STR-002,2024-11-27,17,22,False,
STR-002,2024-11-27,18,38,False,
STR-002,2024-11-27,19,31,False,
STR-002,2024-11-27,20,35,False,
STR-002,2024-11-27,21,26,False,
STR-002,2024-11-27,22,7,False,
STR-002,2024-11-27,23,6,False,
STR-002,2024-11-28,0,0,False,
STR-002,2024-11-28,1,0,False,
STR-002,2024-11-28,2,0,False,
STR-002,2024-11-28,3,0,False,
STR-002,2024-11-28,4,0,False,
STR-002,2024-11-28,5,0,False,
STR-002,2024-11-28,6,1,False,
STR-002,2024-11-28,7,6,False,
STR-002,2024-11-28,8,13,False,
STR-002,2024-11-28,9,23,False,
STR-002,2024-11-28,10,24,False,
STR-002,2024-11-28,11,26,False,
STR-002,2024-11-28,12,22,False,
STR-002,2024-11-28,13,14,False,
STR-002,2024-11-28,14,24,False,
STR-002,2024-11-28,15,17,False,
STR-002,2024-11-28,16,15,False,
STR-002,2024-11-28,17,24,False,
STR-002,2024-11-28,18,41,False,
STR-002,2024-11-28,19,40,False,
STR-002,2024-11-28,20,33,False,
STR-002,2024-11-28,21,22,False,
STR-002,2024-11-28,22,4,False,
STR-002,2024-11-28,23,3,False,
STR-002,2024-11-29,0,0,False,
STR-002,2024-11-29,1,0,False,
STR-002,2024-11-29,2,0,False,
STR-002,2024-11-29,3,0,False,
STR-002,2024-11-29,4,0,False,
STR-002,2024-11-29,5,0,False,
STR-002,2024-11-29,6,7,False,
STR-002,2024-11-29,7,3,False,
STR-002,2024-11-29,8,11,False,
STR-002,2024-11-29,9,14,False,
STR-002,2024-11-29,10,18,False,
STR-002,2024-11-29,11,23,False,
STR-002,2024-11-29,12,29,False,
STR-002,2024-11-29,13,32,False,
STR-002,2024-11-29,14,21,False,
STR-002,2024-11-29,15,25,False,
STR-002,2024-11-29,16,15,False,
STR-002,2024-11-29,17,23,False,
STR-002,2024-11-29,18,39,False,
STR-002,2024-11-29,19,25,False,
STR-002,2024-11-29,20,43,False,
STR-002,2024-11-29,21,21,False,
STR-002,2024-11-29,22,10,False,
STR-002,2024-11-29,23,5,False,
STR-002,2024-11-30,0,0,True,
STR-002,2024-11-30,1,0,True,
STR-002,2024-11-30,2,0,True,
STR-002,2024-11-30,3,0,True,
STR-002,2024-11-30,4,0,True,
STR-002,2024-11-30,5,0,True,
STR-002,2024-11-30,6,6,True,
STR-002,2024-11-30,7,3,True,
STR-002,2024-11-30,8,11,True,
STR-002,2024-11-30,9,15,True,
STR-002,2024-11-30,10,26,True,
STR-002,2024-11-30,11,24,True,
STR-002,2024-11-30,12,28,True,
STR-002,2024-11-30,13,24,True,
STR-002,2024-11-30,14,17,True,
STR-002,2024-11-30,15,16,True,
STR-002,2024-11-30,16,21,True,
STR-002,2024-11-30,17,18,True,
STR-002,2024-11-30,18,27,True,
STR-002,2024-11-30,19,47,True,
STR-002,2024-11-30,20,33,True,
STR-002,2024-11-30,21,23,True,
STR-002,2024-11-30,22,9,True,
STR-002,2024-11-30,23,6,True,
STR-002,2024-12-01,0,0,True,
STR-002,2024-12-01,1,0,True,
STR-002,2024-12-01,2,0,True,
STR-002,2024-12-01,3,0,True,
STR-002,2024-12-01,4,0,True,
STR-002,2024-12-01,5,0,True,
STR-002,2024-12-01,6,2,True,
STR-002,2024-12-01,7,4,True,
STR-002,2024-12-01,8,4,True,
STR-002,2024-12-01,9,15,True,
STR-002,2024-12-01,10,26,True,
STR-002,2024-12-01,11,26,True,
STR-002,2024-12-01,12,31,True,
STR-002,2024-12-01,13,20,True,
STR-002,2024-12-01,14,28,True,
STR-002,2024-12-01,15,21,True,
STR-002,2024-12-01,16,26,True,
STR-002,2024-12-01,17,23,True,
STR-002,2024-12-01,18,33,True,
STR-002,2024-12-01,19,58,True,
STR-002,2024-12-01,20,38,True,
STR-002,2024-12-01,21,34,True,
STR-002,2024-12-01,22,9,True,
STR-002,2024-12-01,23,6,True,
STR-002,2024-12-02,0,0,False,
STR-002,2024-12-02,1,0,False,
STR-002,2024-12-02,2,0,False,
STR-002,2024-12-02,3,0,False,
STR-002,2024-12-02,4,0,False,
STR-002,2024-12-02,5,0,False,
STR-002,2024-12-02,6,1,False,
STR-002,2024-12-02,7,7,False,
STR-002,2024-12-02,8,15,False,
STR-002,2024-12-02,9,18,False,
STR-002,2024-12-02,10,12,False,
STR-002,2024-12-02,11,21,False,
STR-002,2024-12-02,12,26,False,
STR-002,2024-12-02,13,29,False,
STR-002,2024-12-02,14,20,False,
STR-002,2024-12-02,15,20,False,
STR-002,2024-12-02,16,19,False,
STR-002,2024-12-02,17,28,False,
STR-002,2024-12-02,18,27,False,
STR-002,2024-12-02,19,47,False,
STR-002,2024-12-02,20,38,False,
STR-002,2024-12-02,21,30,False,
STR-002,2024-12-02,22,9,False,
STR-002,2024-12-02,23,6,False,
STR-002,2024-12-03,0,0,False,
STR-002,2024-12-03,1,0,False,
STR-002,2024-12-03,2,0,False,
STR-002,2024-12-03,3,0,False,
STR-002,2024-12-03,4,0,False,
STR-002,2024-12-03,5,0,False,
STR-002,2024-12-03,6,5,False,
STR-002,2024-12-03,7,7,False,
STR-002,2024-12-03,8,5,False,
STR-002,2024-12-03,9,20,False,
STR-002,2024-12-03,10,18,False,
STR-002,2024-12-03,11,29,False,
STR-002,2024-12-03,12,23,False,
STR-002,2024-12-03,13,24,False,
STR-002,2024-12-03,14,17,False,
STR-002,2024-12-03,15,21,False,
STR-002,2024-12-03,16,23,False,
STR-002,2024-12-03,17,21,False,
STR-002,2024-12-03,18,22,False,
STR-002,2024-12-03,19,32,False,
STR-002,2024-12-03,20,36,False,
STR-002,2024-12-03,21,22,False,
STR-002,2024-12-03,22,8,False,
STR-002,2024-12-03,23,2,False,
STR-002,2024-12-04,0,0,False,
STR-002,2024-12-04,1,0,False,
STR-002,2024-12-04,2,0,False,
STR-002,2024-12-04,3,0,False,
STR-002,2024-12-04,4,0,False,
STR-002,2024-12-04,5,0,False,
STR-002,2024-12-04,6,5,False,
STR-002,2024-12-04,7,6,False,
STR-002,2024-12-04,8,8,False,
STR-002,2024-12-04,9,15,False,
STR-002,2024-12-04,10,19,False,
STR-002,2024-12-04,11,18,False,
STR-002,2024-12-04,12,23,False,
STR-002,2024-12-04,13,16,False,
STR-002,2024-12-04,14,14,False,
STR-002,2024-12-04,15,14,False,
STR-002,2024-12-04,16,11,False,
STR-002,2024-12-04,17,23,False,
STR-002,2024-12-04,18,33,False,
STR-002,2024-12-04,19,28,False,
STR-002,2024-12-04,20,35,False,
STR-002,2024-12-04,21,21,False,
STR-002,2024-12-04,22,7,False,
STR-002,2024-12-04,23,4,False,
STR-002,2024-12-05,0,0,False,
STR-002,2024-12-05,1,0,False,
STR-002,2024-12-05,2,0,False,
STR-002,2024-12-05,3,0,False,
STR-002,2024-12-05,4,0,False,
STR-002,2024-12-05,5,0,False,
STR-002,2024-12-05,6,5,False,
STR-002,2024-12-05,7,10,False,
STR-002,2024-12-05,8,14,False,
STR-002,2024-12-05,9,19,False,
STR-002,2024-12-05,10,32,False,
STR-002,2024-12-05,11,20,False,
STR-002,2024-12-05,12,24,False,
STR-002,2024-12-05,13,18,False,
STR-002,2024-12-05,14,23,False,
STR-002,2024-12-05,15,19,False,
STR-002,2024-12-05,16,25,False,
STR-002,2024-12-05,17,21,False,
STR-002,2024-12-05,18,43,False,
STR-002,2024-12-05,19,31,False,
STR-002,2024-12-05,20,24,False,
STR-002,2024-12-05,21,31,False,
STR-002,2024-12-05,22,10,False,
STR-002,2024-12-05,23,5,False,
STR-002,2024-12-06,0,0,False,
STR-002,2024-12-06,1,0,False,
STR-002,2024-12-06,2,0,False,
STR-002,2024-12-06,3,0,False,
STR-002,2024-12-06,4,0,False,
STR-002,2024-12-06,5,0,False,
STR-002,2024-12-06,6,6,False,
STR-002,2024-12-06,7,6,False,
STR-002,2024-12-06,8,18,False,
STR-002,2024-12-06,9,14,False,
STR-002,2024-12-06,10,13,False,
STR-002,2024-12-06,11,24,False,
STR-002,2024-12-06,12,31,False,
STR-002,2024-12-06,13,22,False,
STR-002,2024-12-06,14,24,False,
STR-002,2024-12-06,15,16,False,
STR-002,2024-12-06,16,17,False,
STR-002,2024-12-06,17,23,False,
STR-002,2024-12-06,18,38,False,
STR-002,2024-12-06,19,33,False,
STR-002,2024-12-06,20,35,False,
STR-002,2024-12-06,21,22,False,
STR-002,2024-12-06,22,9,False,
STR-002,2024-12-06,23,2,False,
STR-002,2024-12-07,0,0,True,
STR-002,2024-12-07,1,0,True,
STR-002,2024-12-07,2,0,True,
STR-002,2024-12-07,3,0,True,
STR-002,2024-12-07,4,0,True,
STR-002,2024-12-07,5,0,True,
STR-002,2024-12-07,6,6,True,
STR-002,2024-12-07,7,9,True,
STR-002,2024-12-07,8,9,True,
STR-002,2024-12-07,9,21,True,
STR-002,2024-12-07,10,22,True,
STR-002,2024-12-07,11,27,True,
STR-002,2024-12-07,12,41,True,
STR-002,2024-12-07,13,40,True,
STR-002,2024-12-07,14,37,True,
STR-002,2024-12-07,15,27,True,
STR-002,2024-12-07,16,29,True,
STR-002,2024-12-07,17,29,True,
STR-002,2024-12-07,18,48,True,
STR-002,2024-12-07,19,50,True,
STR-002,2024-12-07,20,51,True,
STR-002,2024-12-07,21,36,True,
STR-002,2024-12-07,22,8,True,
STR-002,2024-12-07,23,4,True,
STR-002,2024-12-08,0,0,True,
STR-002,2024-12-08,1,0,True,
STR-002,2024-12-08,2,0,True,
STR-002,2024-12-08,3,0,True,
STR-002,2024-12-08,4,0,True,
STR-002,2024-12-08,5,0,True,
STR-002,2024-12-08,6,5,True,
STR-002,2024-12-08,7,9,True,
STR-002,2024-12-08,8,14,True,
STR-002,2024-12-08,9,24,True,
STR-002,2024-12-08,10,21,True,
STR-002,2024-12-08,11,28,True,
STR-002,2024-12-08,12,28,True,
STR-002,2024-12-08,13,33,True,
STR-002,2024-12-08,14,20,True,
STR-002,2024-12-08,15,24,True,
STR-002,2024-12-08,16,24,True,
STR-002,2024-12-08,17,26,True,
STR-002,2024-12-08,18,51,True,
STR-002,2024-12-08,19,45,True,
STR-002,2024-12-08,20,42,True,
STR-002,2024-12-08,21,35,True,
STR-002,2024-12-08,22,10,True,
STR-002,2024-12-08,23,6,True,
STR-002,2024-12-09,0,0,False,
STR-002,2024-12-09,1,0,False,
STR-002,2024-12-09,2,0,False,
STR-002,2024-12-09,3,0,False,
STR-002,2024-12-09,4,0,False,
STR-002,2024-12-09,5,0,False,
STR-002,2024-12-09,6,5,False,
STR-002,2024-12-09,7,7,False,
STR-002,2024-12-09,8,15,False,
STR-002,2024-12-09,9,19,False,
STR-002,2024-12-09,10,24,False,
STR-002,2024-12-09,11,18,False,
STR-002,2024-12-09,12,32,False,
STR-002,2024-12-09,13,28,False,
STR-002,2024-12-09,14,23,False,
STR-002,2024-12-09,15,13,False,
STR-002,2024-12-09,16,18,False,
STR-002,2024-12-09,17,16,False,
STR-002,2024-12-09,18,33,False,
STR-002,2024-12-09,19,50,False,
STR-002,2024-12-09,20,35,False,
STR-002,2024-12-09,21,23,False,
STR-002,2024-12-09,22,5,False,
STR-002,2024-12-09,23,3,False,
STR-002,2024-12-10,0,0,False,
STR-002,2024-12-10,1,0,False,
STR-002,2024-12-10,2,0,False,
STR-002,2024-12-10,3,0,False,
STR-002,2024-12-10,4,0,False,
STR-002,2024-12-10,5,0,False,
STR-002,2024-12-10,6,1,False,
STR-002,2024-12-10,7,8,False,
STR-002,2024-12-10,8,12,False,
STR-002,2024-12-10,9,17,False,
STR-002,2024-12-10,10,16,False,
STR-002,2024-12-10,11,12,False,
STR-002,2024-12-10,12,20,False,
STR-002,2024-12-10,13,15,False,
STR-002,2024-12-10,14,16,False,
STR-002,2024-12-10,15,13,False,
STR-002,2024-12-10,16,19,False,
STR-002,2024-12-10,17,15,False,
STR-002,2024-12-10,18,28,False,
STR-002,2024-12-10,19,28,False,
STR-002,2024-12-10,20,19,False,
STR-002,2024-12-10,21,22,False,
STR-002,2024-12-10,22,6,False,
STR-002,2024-12-10,23,4,False,
STR-002,2024-12-11,0,0,False,
STR-002,2024-12-11,1,0,False,
STR-002,2024-12-11,2,0,False,
STR-002,2024-12-11,3,0,False,
STR-002,2024-12-11,4,0,False,
STR-002,2024-12-11,5,0,False,
STR-002,2024-12-11,6,6,False,
STR-002,2024-12-11,7,8,False,
STR-002,2024-12-11,8,15,False,
STR-002,2024-12-11,9,13,False,
STR-002,2024-12-11,10,17,False,
STR-002,2024-12-11,11,18,False,
STR-002,2024-12-11,12,31,False,
STR-002,2024-12-11,13,30,False,
STR-002,2024-12-11,14,27,False,
STR-002,2024-12-11,15,21,False,
STR-002,2024-12-11,16,27,False,
STR-002,2024-12-11,17,20,False,
STR-002,2024-12-11,18,34,False,
STR-002,2024-12-11,19,43,False,
STR-002,2024-12-11,20,26,False,
STR-002,2024-12-11,21,22,False,
STR-002,2024-12-11,22,9,False,
STR-002,2024-12-11,23,8,False,
STR-002,2024-12-12,0,0,False,
STR-002,2024-12-12,1,0,False,
STR-002,2024-12-12,2,0,False,
STR-002,2024-12-12,3,0,False,
STR-002,2024-12-12,4,0,False,
STR-002,2024-12-12,5,0,False,
STR-002,2024-12-12,6,4,False,
STR-002,2024-12-12,7,12,False,
STR-002,2024-12-12,8,13,False,
STR-002,2024-12-12,9,25,False,
STR-002,2024-12-12,10,21,False,
STR-002,2024-12-12,11,31,False,
STR-002,2024-12-12,12,29,False,
STR-002,2024-12-12,13,37,False,
STR-002,2024-12-12,14,32,False,
STR-002,2024-12-12,15,28,False,
STR-002,2024-12-12,16,22,False,
STR-002,2024-12-12,17,19,False,
STR-002,2024-12-12,18,40,False,
STR-002,2024-12-12,19,37,False,
STR-002,2024-12-12,20,41,False,
STR-002,2024-12-12,21,24,False,
STR-002,2024-12-12,22,10,False,
STR-002,2024-12-12,23,5,False,
STR-002,2024-12-13,0,0,False,
STR-002,2024-12-13,1,0,False,
STR-002,2024-12-13,2,0,False,
STR-002,2024-12-13,3,0,False,
STR-002,2024-12-13,4,0,False,
STR-002,2024-12-13,5,0,False,
STR-002,2024-12-13,6,2,False,
STR-002,2024-12-13,7,8,False,
STR-002,2024-12-13,8,6,False,
STR-002,2024-12-13,9,12,False,
STR-002,2024-12-13,10,18,False,
STR-002,2024-12-13,11,13,False,
STR-002,2024-12-13,12,24,False,
STR-002,2024-12-13,13,22,False,
STR-002,2024-12-13,14,27,False,
STR-002,2024-12-13,15,20,False,
STR-002,2024-12-13,16,24,False,
STR-002,2024-12-13,17,15,False,
STR-002,2024-12-13,18,30,False,
STR-002,2024-12-13,19,32,False,
STR-002,2024-12-13,20,27,False,
STR-002,2024-12-13,21,22,False,
STR-002,2024-12-13,22,9,False,
STR-002,2024-12-13,23,3,False,
STR-002,2024-12-14,0,0,True,
STR-002,2024-12-14,1,0,True,
STR-002,2024-12-14,2,0,True,
STR-002,2024-12-14,3,0,True,
STR-002,2024-12-14,4,0,True,
STR-002,2024-12-14,5,0,True,
STR-002,2024-12-14,6,6,True,
STR-002,2024-12-14,7,14,True,
STR-002,2024-12-14,8,12,True,
STR-002,2024-12-14,9,23,True,
STR-002,2024-12-14,10,34,True,
STR-002,2024-12-14,11,22,True,
STR-002,2024-12-14,12,32,True,
STR-002,2024-12-14,13,33,True,
STR-002,2024-12-14,14,30,True,
STR-002,2024-12-14,15,34,True,
STR-002,2024-12-14,16,30,True,
STR-002,2024-12-14,17,38,True,
STR-002,2024-12-14,18,38,True,
STR-002,2024-12-14,19,51,True,
STR-002,2024-12-14,20,45,True,
STR-002,2024-12-14,21,41,True,
STR-002,2024-12-14,22,10,True,
STR-002,2024-12-14,23,5,True,
STR-002,2024-12-15,0,0,True,
STR-002,2024-12-15,1,0,True,
STR-002,2024-12-15,2,0,True,
STR-002,2024-12-15,3,0,True,
STR-002,2024-12-15,4,0,True,
STR-002,2024-12-15,5,0,True,
STR-002,2024-12-15,6,6,True,
STR-002,2024-12-15,7,8,True,
STR-002,2024-12-15,8,16,True,
STR-002,2024-12-15,9,23,True,
STR-002,2024-12-15,10,27,True,
STR-002,2024-12-15,11,24,True,
STR-002,2024-12-15,12,32,True,
STR-002,2024-12-15,13,25,True,
STR-002,2024-12-15,14,28,True,
STR-002,2024-12-15,15,21,True,
STR-002,2024-12-15,16,23,True,
STR-002,2024-12-15,17,31,True,
STR-002,2024-12-15,18,41,True,
STR-002,2024-12-15,19,33,True,
STR-002,2024-12-15,20,37,True,
STR-002,2024-12-15,21,36,True,
STR-002,2024-12-15,22,11,True,
STR-002,2024-12-15,23,4,True,
STR-002,2024-12-16,0,0,False,
STR-002,2024-12-16,1,0,False,
STR-002,2024-12-16,2,0,False,
STR-002,2024-12-16,3,0,False,
STR-002,2024-12-16,4,0,False,
STR-002,2024-12-16,5,0,False,
STR-002,2024-12-16,6,4,False,
STR-002,2024-12-16,7,4,False,
STR-002,2024-12-16,8,11,False,
STR-002,2024-12-16,9,19,False,
STR-002,2024-12-16,10,23,False,
STR-002,2024-12-16,11,23,False,
STR-002,2024-12-16,12,27,False,
STR-002,2024-12-16,13,24,False,
STR-002,2024-12-16,14,20,False,
STR-002,2024-12-16,15,27,False,
STR-002,2024-12-16,16,27,False,
STR-002,2024-12-16,17,21,False,
STR-002,2024-12-16,18,39,False,
STR-002,2024-12-16,19,44,False,
STR-002,2024-12-16,20,35,False,
STR-002,2024-12-16,21,21,False,
STR-002,2024-12-16,22,10,False,
STR-002,2024-12-16,23,4,False,
STR-002,2024-12-17,0,0,False,
STR-002,2024-12-17,1,0,False,
STR-002,2024-12-17,2,0,False,
STR-002,2024-12-17,3,0,False,
STR-002,2024-12-17,4,0,False,
STR-002,2024-12-17,5,0,False,
STR-002,2024-12-17,6,4,False,
STR-002,2024-12-17,7,9,False,
STR-002,2024-12-17,8,13,False,
STR-002,2024-12-17,9,11,False,
STR-002,2024-12-17,10,13,False,
STR-002,2024-12-17,11,28,False,
STR-002,2024-12-17,12,26,False,
STR-002,2024-12-17,13,41,False,
STR-002,2024-12-17,14,24,False,
STR-002,2024-12-17,15,15,False,
STR-002,2024-12-17,16,13,False,
STR-002,2024-12-17,17,25,False,
STR-002,2024-12-17,18,32,False,
STR-002,2024-12-17,19,35,False,
STR-002,2024-12-17,20,34,False,
STR-002,2024-12-17,21,15,False,
STR-002,2024-12-17,22,7,False,
STR-002,2024-12-17,23,3,False,
STR-002,2024-12-18,0,0,False,
STR-002,2024-12-18,1,0,False,
STR-002,2024-12-18,2,0,False,
STR-002,2024-12-18,3,0,False,
STR-002,2024-12-18,4,0,False,
STR-002,2024-12-18,5,0,False,
STR-002,2024-12-18,6,1,False,
STR-002,2024-12-18,7,1,False,
STR-002,2024-12-18,8,4,False,
STR-002,2024-12-18,9,10,False,
STR-002,2024-12-18,10,15,False,
STR-002,2024-12-18,11,15,False,
STR-002,2024-12-18,12,16,False,
STR-002,2024-12-18,13,21,False,
STR-002,2024-12-18,14,16,False,
STR-002,2024-12-18,15,18,False,
STR-002,2024-12-18,16,18,False,
STR-002,2024-12-18,17,22,False,
STR-002,2024-12-18,18,24,False,
STR-002,2024-12-18,19,24,False,
STR-002,2024-12-18,20,30,False,
STR-002,2024-12-18,21,20,False,
STR-002,2024-12-18,22,8,False,
STR-002,2024-12-18,23,3,False,
STR-002,2024-12-19,0,0,False,
STR-002,2024-12-19,1,0,False,
STR-002,2024-12-19,2,0,False,
STR-002,2024-12-19,3,0,False,
STR-002,2024-12-19,4,0,False,
STR-002,2024-12-19,5,0,False,
STR-002,2024-12-19,6,2,False,
STR-002,2024-12-19,7,8,False,
STR-002,2024-12-19,8,15,False,
STR-002,2024-12-19,9,17,False,
STR-002,2024-12-19,10,29,False,
STR-002,2024-12-19,11,30,False,
STR-002,2024-12-19,12,38,False,
STR-002,2024-12-19,13,33,False,
STR-002,2024-12-19,14,33,False,
STR-002,2024-12-19,15,18,False,
STR-002,2024-12-19,16,19,False,
STR-002,2024-12-19,17,16,False,
STR-002,2024-12-19,18,22,False,
STR-002,2024-12-19,19,40,False,
STR-002,2024-12-19,20,30,False,
STR-002,2024-12-19,21,22,False,
STR-002,2024-12-19,22,6,False,
STR-002,2024-12-19,23,5,False,
STR-002,2024-12-20,0,0,False,
STR-002,2024-12-20,1,0,False,
STR-002,2024-12-20,2,0,False,
STR-002,2024-12-20,3,0,False,
STR-002,2024-12-20,4,0,False,
STR-002,2024-12-20,5,0,False,
STR-002,2024-12-20,6,8,False,
STR-002,2024-12-20,7,14,False,
STR-002,2024-12-20,8,18,False,
STR-002,2024-12-20,9,15,False,
STR-002,2024-12-20,10,25,False,
STR-002,2024-12-20,11,23,False,
STR-002,2024-12-20,12,36,False,
STR-002,2024-12-20,13,27,False,
STR-002,2024-12-20,14,19,False,
STR-002,2024-12-20,15,19,False,
STR-002,2024-12-20,16,26,False,
STR-002,2024-12-20,17,29,False,
STR-002,2024-12-20,18,29,False,
STR-002,2024-12-20,19,38,False,
STR-002,2024-12-20,20,33,False,
STR-002,2024-12-20,21,18,False,
STR-002,2024-12-20,22,9,False,
STR-002,2024-12-20,23,4,False,
STR-002,2024-12-21,0,0,True,
STR-002,2024-12-21,1,0,True,
STR-002,2024-12-21,2,0,True,
STR-002,2024-12-21,3,0,True,
STR-002,2024-12-21,4,0,True,
STR-002,2024-12-21,5,0,True,
STR-002,2024-12-21,6,4,True,
STR-002,2024-12-21,7,3,True,
STR-002,2024-12-21,8,13,True,
STR-002,2024-12-21,9,28,True,
STR-002,2024-12-21,10,23,True,
STR-002,2024-12-21,11,25,True,
STR-002,2024-12-21,12,36,True,
STR-002,2024-12-21,13,30,True,
STR-002,2024-12-21,14,21,True,
STR-002,2024-12-21,15,27,True,
STR-002,2024-12-21,16,26,True,
STR-002,2024-12-21,17,26,True,
STR-002,2024-12-21,18,27,True,
STR-002,2024-12-21,19,43,True,
STR-002,2024-12-21,20,49,True,
STR-002,2024-12-21,21,22,True,
STR-002,2024-12-21,22,8,True,
STR-002,2024-12-21,23,7,True,
STR-002,2024-12-22,0,0,True,
STR-002,2024-12-22,1,0,True,
STR-002,2024-12-22,2,0,True,
STR-002,2024-12-22,3,0,True,
STR-002,2024-12-22,4,0,True,
STR-002,2024-12-22,5,0,True,
STR-002,2024-12-22,6,4,True,
STR-002,2024-12-22,7,8,True,
STR-002,2024-12-22,8,12,True,
STR-002,2024-12-22,9,25,True,
STR-002,2024-12-22,10,21,True,
STR-002,2024-12-22,11,20,True,
STR-002,2024-12-22,12,37,True,
STR-002,2024-12-22,13,33,True,
STR-002,2024-12-22,14,23,True,
STR-002,2024-12-22,15,31,True,
STR-002,2024-12-22,16,27,True,
STR-002,2024-12-22,17,26,True,
STR-002,2024-12-22,18,39,True,
STR-002,2024-12-22,19,43,True,
STR-002,2024-12-22,20,36,True,
STR-002,2024-12-22,21,31,True,
STR-002,2024-12-22,22,9,True,
STR-002,2024-12-22,23,3,True,
STR-002,2024-12-23,0,0,False,
STR-002,2024-12-23,1,0,False,
STR-002,2024-12-23,2,0,False,
STR-002,2024-12-23,3,0,False,
STR-002,2024-12-23,4,0,False,
STR-002,2024-12-23,5,0,False,
STR-002,2024-12-23,6,5,False,
STR-002,2024-12-23,7,5,False,
STR-002,2024-12-23,8,11,False,
STR-002,2024-12-23,9,13,False,
STR-002,2024-12-23,10,26,False,
STR-002,2024-12-23,11,22,False,
STR-002,2024-12-23,12,26,False,
STR-002,2024-12-23,13,37,False,
STR-002,2024-12-23,14,19,False,
STR-002,2024-12-23,15,14,False,
STR-002,2024-12-23,16,20,False,
STR-002,2024-12-23,17,14,False,
STR-002,2024-12-23,18,35,False,
STR-002,2024-12-23,19,44,False,
STR-002,2024-12-23,20,28,False,
STR-002,2024-12-23,21,24,False,
STR-002,2024-12-23,22,5,False,
STR-002,2024-12-23,23,5,False,
STR-002,2024-12-24,0,0,False,
STR-002,2024-12-24,1,0,False,
STR-002,2024-12-24,2,0,False,
STR-002,2024-12-24,3,0,False,
STR-002,2024-12-24,4,0,False,
STR-002,2024-12-24,5,0,False,
STR-002,2024-12-24,6,1,False,
STR-002,2024-12-24,7,14,False,
STR-002,2024-12-24,8,13,False,
STR-002,2024-12-24,9,16,False,
STR-002,2024-12-24,10,20,False,
STR-002,2024-12-24,11,27,False,
STR-002,2024-12-24,12,21,False,
STR-002,2024-12-24,13,23,False,
STR-002,2024-12-24,14,23,False,
STR-002,2024-12-24,15,18,False,
STR-002,2024-12-24,16,15,False,
STR-002,2024-12-24,17,23,False,
STR-002,2024-12-24,18,42,False,
STR-002,2024-12-24,19,40,False,
STR-002,2024-12-24,20,36,False,
STR-002,2024-12-24,21,21,False,
STR-002,2024-12-24,22,8,False,
STR-002,2024-12-24,23,4,False,
STR-002,2024-12-25,0,0,False,Christmas
STR-002,2024-12-25,1,0,False,Christmas
STR-002,2024-12-25,2,0,False,Christmas
STR-002,2024-12-25,3,0,False,Christmas
STR-002,2024-12-25,4,0,False,Christmas
STR-002,2024-12-25,5,0,False,Christmas
STR-002,2024-12-25,6,6,False,Christmas
STR-002,2024-12-25,7,14,False,Christmas
STR-002,2024-12-25,8,21,False,Christmas
STR-002,2024-12-25,9,21,False,Christmas
STR-002,2024-12-25,10,30,False,Christmas
STR-002,2024-12-25,11,25,False,Christmas
STR-002,2024-12-25,12,44,False,Christmas
STR-002,2024-12-25,13,44,False,Christmas
STR-002,2024-12-25,14,37,False,Christmas
STR-002,2024-12-25,15,37,False,Christmas
STR-002,2024-12-25,16,28,False,Christmas
STR-002,2024-12-25,17,37,False,Christmas
STR-002,2024-12-25,18,50,False,Christmas
STR-002,2024-12-25,19,48,False,Christmas
STR-002,2024-12-25,20,45,False,Christmas
STR-002,2024-12-25,21,31,False,Christmas
STR-002,2024-12-25,22,18,False,Christmas
STR-002,2024-12-25,23,9,False,Christmas
STR-002,2024-12-26,0,0,False,
STR-002,2024-12-26,1,0,False,
STR-002,2024-12-26,2,0,False,
STR-002,2024-12-26,3,0,False,
STR-002,2024-12-26,4,0,False,
STR-002,2024-12-26,5,0,False,
STR-002,2024-12-26,6,7,False,
STR-002,2024-12-26,7,8,False,
STR-002,2024-12-26,8,11,False,
STR-002,2024-12-26,9,13,False,
STR-002,2024-12-26,10,25,False,
STR-002,2024-12-26,11,18,False,
STR-002,2024-12-26,12,31,False,
STR-002,2024-12-26,13,38,False,
STR-002,2024-12-26,14,22,False,
STR-002,2024-12-26,15,23,False,
STR-002,2024-12-26,16,19,False,
STR-002,2024-12-26,17,32,False,
STR-002,2024-12-26,18,32,False,
STR-002,2024-12-26,19,30,False,
STR-002,2024-12-26,20,34,False,
STR-002,2024-12-26,21,25,False,
STR-002,2024-12-26,22,8,False,
STR-002,2024-12-26,23,3,False,
STR-002,2024-12-27,0,0,False,
STR-002,2024-12-27,1,0,False,
STR-002,2024-12-27,2,0,False,
STR-002,2024-12-27,3,0,False,
STR-002,2024-12-27,4,0,False,
STR-002,2024-12-27,5,0,False,
STR-002,2024-12-27,6,3,False,
STR-002,2024-12-27,7,11,False,
STR-002,2024-12-27,8,16,False,
STR-002,2024-12-27,9,16,False,
STR-002,2024-12-27,10,23,False,
STR-002,2024-12-27,11,26,False,
STR-002,2024-12-27,12,32,False,
STR-002,2024-12-27,13,26,False,
STR-002,2024-12-27,14,19,False,
STR-002,2024-12-27,15,16,False,
STR-002,2024-12-27,16,26,False,
STR-002,2024-12-27,17,30,False,
STR-002,2024-12-27,18,41,False,
STR-002,2024-12-27,19,28,False,
STR-002,2024-12-27,20,37,False,
STR-002,2024-12-27,21,32,False,
STR-002,2024-12-27,22,4,False,
STR-002,2024-12-27,23,2,False,
STR-002,2024-12-28,0,0,True,
STR-002,2024-12-28,1,0,True,
STR-002,2024-12-28,2,0,True,
STR-002,2024-12-28,3,0,True,
STR-002,2024-12-28,4,0,True,
STR-002,2024-12-28,5,0,True,
STR-002,2024-12-28,6,2,True,
STR-002,2024-12-28,7,9,True,
STR-002,2024-12-28,8,8,True,
STR-002,2024-12-28,9,20,True,
STR-002,2024-12-28,10,16,True,
STR-002,2024-12-28,11,28,True,
STR-002,2024-12-28,12,39,True,
STR-002,2024-12-28,13,32,True,
STR-002,2024-12-28,14,34,True,
STR-002,2024-12-28,15,24,True,
STR-002,2024-12-28,16,25,True,
STR-002,2024-12-28,17,35,True,
STR-002,2024-12-28,18,38,True,
STR-002,2024-12-28,19,28,True,
STR-002,2024-12-28,20,38,True,
STR-002,2024-12-28,21,32,True,
STR-002,2024-12-28,22,7,True,
STR-002,2024-12-28,23,3,True,
STR-002,2024-12-29,0,0,True,
STR-002,2024-12-29,1,0,True,
STR-002,2024-12-29,2,0,True,
STR-002,2024-12-29,3,0,True,
STR-002,2024-12-29,4,0,True,
STR-002,2024-12-29,5,0,True,
STR-002,2024-12-29,6,6,True,
STR-002,2024-12-29,7,5,True,
STR-002,2024-12-29,8,22,True,
STR-002,2024-12-29,9,17,True,
STR-002,2024-12-29,10,20,True,
STR-002,2024-12-29,11,25,True,
STR-002,2024-12-29,12,33,True,
STR-002,2024-12-29,13,28,True,
STR-002,2024-12-29,14,26,True,
STR-002,2024-12-29,15,14,True,
STR-002,2024-12-29,16,19,True,
STR-002,2024-12-29,17,25,True,
STR-002,2024-12-29,18,35,True,
STR-002,2024-12-29,19,37,True,
STR-002,2024-12-29,20,36,True,
STR-002,2024-12-29,21,27,True,
STR-002,2024-12-29,22,10,True,
STR-002,2024-12-29,23,8,True,
STR-002,2024-12-30,0,0,False,
STR-002,2024-12-30,1,0,False,
STR-002,2024-12-30,2,0,False,
STR-002,2024-12-30,3,0,False,
STR-002,2024-12-30,4,0,False,
STR-002,2024-12-30,5,0,False,
STR-002,2024-12-30,6,3,False,
STR-002,2024-12-30,7,10,False,
STR-002,2024-12-30,8,14,False,
STR-002,2024-12-30,9,25,False,
STR-002,2024-12-30,10,22,False,
STR-002,2024-12-30,11,14,False,
STR-002,2024-12-30,12,43,False,
STR-002,2024-12-30,13,22,False,
STR-002,2024-12-30,14,30,False,
STR-002,2024-12-30,15,18,False,
STR-002,2024-12-30,16,24,False,
STR-002,2024-12-30,17,24,False,
STR-002,2024-12-30,18,41,False,
STR-002,2024-12-30,19,35,False,
STR-002,2024-12-30,20,50,False,
STR-002,2024-12-30,21,35,False,
STR-002,2024-12-30,22,7,False,
STR-002,2024-12-30,23,4,False,
STR-002,2024-12-31,0,0,False,
STR-002,2024-12-31,1,0,False,
STR-002,2024-12-31,2,0,False,
STR-002,2024-12-31,3,0,False,
STR-002,2024-12-31,4,0,False,
STR-002,2024-12-31,5,0,False,
STR-002,2024-12-31,6,3,False,
STR-002,2024-12-31,7,9,False,
STR-002,2024-12-31,8,9,False,
STR-002,2024-12-31,9,17,False,
STR-002,2024-12-31,10,24,False,
STR-002,2024-12-31,11,21,False,
STR-002,2024-12-31,12,28,False,
STR-002,2024-12-31,13,18,False,
STR-002,2024-12-31,14,25,False,
STR-002,2024-12-31,15,19,False,
STR-002,2024-12-31,16,19,False,
STR-002,2024-12-31,17,22,False,
STR-002,2024-12-31,18,23,False,
STR-002,2024-12-31,19,36,False,
STR-002,2024-12-31,20,23,False,
STR-002,2024-12-31,21,23,False,
STR-002,2024-12-31,22,11,False,
STR-002,2024-12-31,23,8,False,
STR-002,2025-01-01,0,0,False,
STR-002,2025-01-01,1,0,False,
STR-002,2025-01-01,2,0,False,
STR-002,2025-01-01,3,0,False,
STR-002,2025-01-01,4,0,False,
STR-002,2025-01-01,5,0,False,
STR-002,2025-01-01,6,1,False,
STR-002,2025-01-01,7,10,False,
STR-002,2025-01-01,8,6,False,
STR-002,2025-01-01,9,15,False,
STR-002,2025-01-01,10,23,False,
STR-002,2025-01-01,11,26,False,
STR-002,2025-01-01,12,33,False,
STR-002,2025-01-01,13,27,False,
STR-002,2025-01-01,14,25,False,
STR-002,2025-01-01,15,18,False,
STR-002,2025-01-01,16,17,False,
STR-002,2025-01-01,17,22,False,
STR-002,2025-01-01,18,30,False,
STR-002,2025-01-01,19,40,False,
STR-002,2025-01-01,20,35,False,
STR-002,2025-01-01,21,26,False,
STR-002,2025-01-01,22,12,False,
STR-002,2025-01-01,23,6,False,
STR-002,2025-01-02,0,0,False,
STR-002,2025-01-02,1,0,False,
STR-002,2025-01-02,2,0,False,
STR-002,2025-01-02,3,0,False,
STR-002,2025-01-02,4,0,False,
STR-002,2025-01-02,5,0,False,
STR-002,2025-01-02,6,6,False,
STR-002,2025-01-02,7,8,False,
STR-002,2025-01-02,8,13,False,
STR-002,2025-01-02,9,18,False,
STR-002,2025-01-02,10,9,False,
STR-002,2025-01-02,11,21,False,
STR-002,2025-01-02,12,20,False,
STR-002,2025-01-02,13,24,False,
STR-002,2025-01-02,14,19,False,
STR-002,2025-01-02,15,13,False,
STR-002,2025-01-02,16,18,False,
STR-002,2025-01-02,17,21,False,
STR-002,2025-01-02,18,32,False,
STR-002,2025-01-02,19,22,False,
STR-002,2025-01-02,20,37,False,
STR-002,2025-01-02,21,25,False,
STR-002,2025-01-02,22,8,False,
STR-002,2025-01-02,23,3,False,
STR-002,2025-01-03,0,0,False,
STR-002,2025-01-03,1,0,False,
STR-002,2025-01-03,2,0,False,
STR-002,2025-01-03,3,0,False,
STR-002,2025-01-03,4,0,False,
STR-002,2025-01-03,5,0,False,
STR-002,2025-01-03,6,3,False,
STR-002,2025-01-03,7,13,False,
STR-002,2025-01-03,8,9,False,
STR-002,2025-01-03,9,11,False,
STR-002,2025-01-03,10,14,False,
STR-002,2025-01-03,11,15,False,
STR-002,2025-01-03,12,22,False,
STR-002,2025-01-03,13,21,False,
STR-002,2025-01-03,14,18,False,
STR-002,2025-01-03,15,26,False,
STR-002,2025-01-03,16,27,False,
STR-002,2025-01-03,17,17,False,
STR-002,2025-01-03,18,41,False,
STR-002,2025-01-03,19,30,False,
STR-002,2025-01-03,20,42,False,
STR-002,2025-01-03,21,24,False,
STR-002,2025-01-03,22,11,False,
STR-002,2025-01-03,23,5,False,
STR-002,2025-01-04,0,0,True,
STR-002,2025-01-04,1,0,True,
STR-002,2025-01-04,2,0,True,
STR-002,2025-01-04,3,0,True,
STR-002,2025-01-04,4,0,True,
STR-002,2025-01-04,5,0,True,
STR-002,2025-01-04,6,5,True,
STR-002,2025-01-04,7,9,True,
STR-002,2025-01-04,8,15,True,
STR-002,2025-01-04,9,19,True,
STR-002,2025-01-04,10,27,True,
STR-002,2025-01-04,11,22,True,
STR-002,2025-01-04,12,27,True,
STR-002,2025-01-04,13,25,True,
STR-002,2025-01-04,14,25,True,
STR-002,2025-01-04,15,31,True,
STR-002,2025-01-04,16,27,True,
STR-002,2025-01-04,17,22,True,
STR-002,2025-01-04,18,40,True,
STR-002,2025-01-04,19,45,True,
STR-002,2025-01-04,20,30,True,
STR-002,2025-01-04,21,38,True,
STR-002,2025-01-04,22,11,True,
STR-002,2025-01-04,23,4,True,
STR-002,2025-01-05,0,0,True,
STR-002,2025-01-05,1,0,True,
STR-002,2025-01-05,2,0,True,
STR-002,2025-01-05,3,0,True,
STR-002,2025-01-05,4,0,True,
STR-002,2025-01-05,5,0,True,
STR-002,2025-01-05,6,2,True,
STR-002,2025-01-05,7,8,True,
STR-002,2025-01-05,8,14,True,
STR-002,2025-01-05,9,18,True,
STR-002,2025-01-05,10,34,True,
STR-002,2025-01-05,11,22,True,
STR-002,2025-01-05,12,13,True,
STR-002,2025-01-05,13,28,True,
STR-002,2025-01-05,14,22,True,
STR-002,2025-01-05,15,30,True,
STR-002,2025-01-05,16,25,True,
STR-002,2025-01-05,17,19,True,
STR-002,2025-01-05,18,38,True,
STR-002,2025-01-05,19,58,True,
STR-002,2025-01-05,20,40,True,
STR-002,2025-01-05,21,19,True,
STR-002,2025-01-05,22,5,True,
STR-002,2025-01-05,23,5,True,
STR-002,2025-01-06,0,0,False,
STR-002,2025-01-06,1,0,False,
STR-002,2025-01-06,2,0,False,
STR-002,2025-01-06,3,0,False,
STR-002,2025-01-06,4,0,False,
STR-002,2025-01-06,5,0,False,
STR-002,2025-01-06,6,5,False,
STR-002,2025-01-06,7,8,False,
STR-002,2025-01-06,8,3,False,
STR-002,2025-01-06,9,17,False,
STR-002,2025-01-06,10,22,False,
STR-002,2025-01-06,11,21,False,
STR-002,2025-01-06,12,33,False,
STR-002,2025-01-06,13,22,False,
STR-002,2025-01-06,14,25,False,
STR-002,2025-01-06,15,22,False,
STR-002,2025-01-06,16,20,False,
STR-002,2025-01-06,17,19,False,
STR-002,2025-01-06,18,31,False,
STR-002,2025-01-06,19,26,False,
STR-002,2025-01-06,20,45,False,
STR-002,2025-01-06,21,33,False,
STR-002,2025-01-06,22,7,False,
STR-002,2025-01-06,23,3,False,
STR-002,2025-01-07,0,0,False,
STR-002,2025-01-07,1,0,False,
STR-002,2025-01-07,2,0,False,
STR-002,2025-01-07,3,0,False,
STR-002,2025-01-07,4,0,False,
STR-002,2025-01-07,5,0,False,
STR-002,2025-01-07,6,2,False,
STR-002,2025-01-07,7,8,False,
STR-002,2025-01-07,8,11,False,
STR-002,2025-01-07,9,14,False,
STR-002,2025-01-07,10,15,False,
STR-002,2025-01-07,11,16,False,
STR-002,2025-01-07,12,26,False,
STR-002,2025-01-07,13,18,False,
STR-002,2025-01-07,14,17,False,
STR-002,2025-01-07,15,13,False,
STR-002,2025-01-07,16,16,False,
STR-002,2025-01-07,17,18,False,
STR-002,2025-01-07,18,36,False,
STR-002,2025-01-07,19,32,False,
STR-002,2025-01-07,20,31,False,
STR-002,2025-01-07,21,16,False,
STR-002,2025-01-07,22,5,False,
STR-002,2025-01-07,23,4,False,
STR-002,2025-01-08,0,0,False,
STR-002,2025-01-08,1,0,False,
STR-002,2025-01-08,2,0,False,
STR-002,2025-01-08,3,0,False,
STR-002,2025-01-08,4,0,False,
STR-002,2025-01-08,5,0,False,
STR-002,2025-01-08,6,5,False,
STR-002,2025-01-08,7,5,False,
STR-002,2025-01-08,8,6,False,
STR-002,2025-01-08,9,17,False,
STR-002,2025-01-08,10,13,False,
STR-002,2025-01-08,11,17,False,
STR-002,2025-01-08,12,23,False,
STR-002,2025-01-08,13,20,False,
STR-002,2025-01-08,14,20,False,
STR-002,2025-01-08,15,18,False,
STR-002,2025-01-08,16,16,False,
STR-002,2025-01-08,17,18,False,
STR-002,2025-01-08,18,40,False,
STR-002,2025-01-08,19,32,False,
STR-002,2025-01-08,20,18,False,
STR-002,2025-01-08,21,11,False,
STR-002,2025-01-08,22,7,False,
STR-002,2025-01-08,23,1,False,
STR-002,2025-01-09,0,0,False,
STR-002,2025-01-09,1,0,False,
STR-002,2025-01-09,2,0,False,
STR-002,2025-01-09,3,0,False,
STR-002,2025-01-09,4,0,False,
STR-002,2025-01-09,5,0,False,
STR-002,2025-01-09,6,2,False,
STR-002,2025-01-09,7,6,False,
STR-002,2025-01-09,8,15,False,
STR-002,2025-01-09,9,22,False,
STR-002,2025-01-09,10,24,False,
STR-002,2025-01-09,11,19,False,
STR-002,2025-01-09,12,36,False,
STR-002,2025-01-09,13,32,False,
STR-002,2025-01-09,14,24,False,
STR-002,2025-01-09,15,16,False,
STR-002,2025-01-09,16,20,False,
STR-002,2025-01-09,17,19,False,
STR-002,2025-01-09,18,40,False,
STR-002,2025-01-09,19,41,False,
STR-002,2025-01-09,20,30,False,
STR-002,2025-01-09,21,27,False,
STR-002,2025-01-09,22,9,False,
STR-002,2025-01-09,23,3,False,
STR-002,2025-01-10,0,0,False,
STR-002,2025-01-10,1,0,False,
STR-002,2025-01-10,2,0,False,
STR-002,2025-01-10,3,0,False,
STR-002,2025-01-10,4,0,False,
STR-002,2025-01-10,5,0,False,
STR-002,2025-01-10,6,3,False,
STR-002,2025-01-10,7,8,False,
STR-002,2025-01-10,8,17,False,
STR-002,2025-01-10,9,17,False,
STR-002,2025-01-10,10,22,False,
STR-002,2025-01-10,11,24,False,
STR-002,2025-01-10,12,28,False,
STR-002,2025-01-10,13,25,False,
STR-002,2025-01-10,14,18,False,
STR-002,2025-01-10,15,19,False,
STR-002,2025-01-10,16,18,False,
STR-002,2025-01-10,17,19,False,
STR-002,2025-01-10,18,24,False,
STR-002,2025-01-10,19,31,False,
STR-002,2025-01-10,20,35,False,
STR-002,2025-01-10,21,24,False,
STR-002,2025-01-10,22,10,False,
STR-002,2025-01-10,23,4,False,
STR-002,2025-01-11,0,0,True,
STR-002,2025-01-11,1,0,True,
STR-002,2025-01-11,2,0,True,
STR-002,2025-01-11,3,0,True,
STR-002,2025-01-11,4,0,True,
STR-002,2025-01-11,5,0,True,
STR-002,2025-01-11,6,3,True,
STR-002,2025-01-11,7,18,True,
STR-002,2025-01-11,8,16,True,
STR-002,2025-01-11,9,21,True,
STR-002,2025-01-11,10,27,True,
STR-002,2025-01-11,11,20,True,
STR-002,2025-01-11,12,33,True,
STR-002,2025-01-11,13,43,True,
STR-002,2025-01-11,14,37,True,
STR-002,2025-01-11,15,19,True,
STR-002,2025-01-11,16,24,True,
STR-002,2025-01-11,17,33,True,
STR-002,2025-01-11,18,33,True,
STR-002,2025-01-11,19,48,True,
STR-002,2025-01-11,20,33,True,
STR-002,2025-01-11,21,29,True,
STR-002,2025-01-11,22,9,True,
STR-002,2025-01-11,23,7,True,
STR-002,2025-01-12,0,0,True,
STR-002,2025-01-12,1,0,True,
STR-002,2025-01-12,2,0,True,
STR-002,2025-01-12,3,0,True,
STR-002,2025-01-12,4,0,True,
STR-002,2025-01-12,5,0,True,
STR-002,2025-01-12,6,7,True,
STR-002,2025-01-12,7,13,True,
STR-002,2025-01-12,8,13,True,
STR-002,2025-01-12,9,19,True,
STR-002,2025-01-12,10,19,True,
STR-002,2025-01-12,11,15,True,
STR-002,2025-01-12,12,41,True,
STR-002,2025-01-12,13,29,True,
STR-002,2025-01-12,14,23,True,
STR-002,2025-01-12,15,25,True,
STR-002,2025-01-12,16,19,True,
STR-002,2025-01-12,17,25,True,
STR-002,2025-01-12,18,33,True,
STR-002,2025-01-12,19,43,True,
STR-002,2025-01-12,20,38,True,
STR-002,2025-01-12,21,27,True,
STR-002,2025-01-12,22,9,True,
STR-002,2025-01-12,23,3,True,
STR-002,2025-01-13,0,0,False,
STR-002,2025-01-13,1,0,False,
STR-002,2025-01-13,2,0,False,
STR-002,2025-01-13,3,0,False,
STR-002,2025-01-13,4,0,False,
STR-002,2025-01-13,5,0,False,
STR-002,2025-01-13,6,7,False,
STR-002,2025-01-13,7,1,False,
STR-002,2025-01-13,8,10,False,
STR-002,2025-01-13,9,19,False,
STR-002,2025-01-13,10,20,False,
STR-002,2025-01-13,11,18,False,
STR-002,2025-01-13,12,33,False,
STR-002,2025-01-13,13,25,False,
STR-002,2025-01-13,14,30,False,
STR-002,2025-01-13,15,23,False,
STR-002,2025-01-13,16,18,False,
STR-002,2025-01-13,17,23,False,
STR-002,2025-01-13,18,32,False,
STR-002,2025-01-13,19,42,False,
STR-002,2025-01-13,20,29,False,
STR-002,2025-01-13,21,23,False,
STR-002,2025-01-13,22,5,False,
STR-002,2025-01-13,23,5,False,
STR-002,2025-01-14,0,0,False,Makar Sankranti / Pongal
STR-002,2025-01-14,1,0,False,Makar Sankranti / Pongal
STR-002,2025-01-14,2,0,False,Makar Sankranti / Pongal
STR-002,2025-01-14,3,0,False,Makar Sankranti / Pongal
STR-002,2025-01-14,4,0,False,Makar Sankranti / Pongal
STR-002,2025-01-14,5,0,False,Makar Sankranti / Pongal
STR-002,2025-01-14,6,6,False,Makar Sankranti / Pongal
STR-002,2025-01-14,7,19,False,Makar Sankranti / Pongal
STR-002,2025-01-14,8,27,False,Makar Sankranti / Pongal
STR-002,2025-01-14,9,31,False,Makar Sankranti / Pongal
STR-002,2025-01-14,10,28,False,Makar Sankranti / Pongal
STR-002,2025-01-14,11,39,False,Makar Sankranti / Pongal
STR-002,2025-01-14,12,45,False,Makar Sankranti / Pongal
STR-002,2025-01-14,13,36,False,Makar Sankranti / Pongal
STR-002,2025-01-14,14,35,False,Makar Sankranti / Pongal
STR-002,2025-01-14,15,24,False,Makar Sankranti / Pongal
STR-002,2025-01-14,16,36,False,Makar Sankranti / Pongal
STR-002,2025-01-14,17,39,False,Makar Sankranti / Pongal
STR-002,2025-01-14,18,69,False,Makar Sankranti / Pongal
STR-002,2025-01-14,19,65,False,Makar Sankranti / Pongal
STR-002,2025-01-14,20,63,False,Makar Sankranti / Pongal
STR-002,2025-01-14,21,42,False,Makar Sankranti / Pongal
STR-002,2025-01-14,22,18,False,Makar Sankranti / Pongal
STR-002,2025-01-14,23,3,False,Makar Sankranti / Pongal
STR-002,2025-01-15,0,0,False,
STR-002,2025-01-15,1,0,False,
STR-002,2025-01-15,2,0,False,
STR-002,2025-01-15,3,0,False,
STR-002,2025-01-15,4,0,False,
STR-002,2025-01-15,5,0,False,
STR-002,2025-01-15,6,3,False,
STR-002,2025-01-15,7,11,False,
STR-002,2025-01-15,8,12,False,
STR-002,2025-01-15,9,18,False,
STR-002,2025-01-15,10,16,False,
STR-002,2025-01-15,11,22,False,
STR-002,2025-01-15,12,34,False,
STR-002,2025-01-15,13,23,False,
STR-002,2025-01-15,14,24,False,
STR-002,2025-01-15,15,17,False,
STR-002,2025-01-15,16,22,False,
STR-002,2025-01-15,17,19,False,
STR-002,2025-01-15,18,38,False,
STR-002,2025-01-15,19,26,False,
STR-002,2025-01-15,20,26,False,
STR-002,2025-01-15,21,23,False,
STR-002,2025-01-15,22,11,False,
STR-002,2025-01-15,23,4,False,
STR-002,2025-01-16,0,0,False,
STR-002,2025-01-16,1,0,False,
STR-002,2025-01-16,2,0,False,
STR-002,2025-01-16,3,0,False,
STR-002,2025-01-16,4,0,False,
STR-002,2025-01-16,5,0,False,
STR-002,2025-01-16,6,7,False,
STR-002,2025-01-16,7,11,False,
STR-002,2025-01-16,8,10,False,
STR-002,2025-01-16,9,14,False,
STR-002,2025-01-16,10,20,False,
STR-002,2025-01-16,11,16,False,
STR-002,2025-01-16,12,25,False,
STR-002,2025-01-16,13,16,False,
STR-002,2025-01-16,14,22,False,
STR-002,2025-01-16,15,26,False,
STR-002,2025-01-16,16,17,False,
STR-002,2025-01-16,17,19,False,
STR-002,2025-01-16,18,26,False,
STR-002,2025-01-16,19,28,False,
STR-002,2025-01-16,20,26,False,
STR-002,2025-01-16,21,23,False,
STR-002,2025-01-16,22,2,False,
STR-002,2025-01-16,23,5,False,
STR-002,2025-01-17,0,0,False,
STR-002,2025-01-17,1,0,False,
STR-002,2025-01-17,2,0,False,
STR-002,2025-01-17,3,0,False,
STR-002,2025-01-17,4,0,False,
STR-002,2025-01-17,5,0,False,
STR-002,2025-01-17,6,4,False,
STR-002,2025-01-17,7,4,False,
STR-002,2025-01-17,8,13,False,
STR-002,2025-01-17,9,17,False,
STR-002,2025-01-17,10,30,False,
STR-002,2025-01-17,11,30,False,
STR-002,2025-01-17,12,32,False,
STR-002,2025-01-17,13,19,False,
STR-002,2025-01-17,14,32,False,
STR-002,2025-01-17,15,23,False,
STR-002,2025-01-17,16,24,False,
STR-002,2025-01-17,17,16,False,
STR-002,2025-01-17,18,40,False,
STR-002,2025-01-17,19,44,False,
STR-002,2025-01-17,20,36,False,
STR-002,2025-01-17,21,30,False,
STR-002,2025-01-17,22,9,False,
STR-002,2025-01-17,23,8,False,
STR-002,2025-01-18,0,0,True,
STR-002,2025-01-18,1,0,True,
STR-002,2025-01-18,2,0,True,
STR-002,2025-01-18,3,0,True,
STR-002,2025-01-18,4,0,True,
STR-002,2025-01-18,5,0,True,
STR-002,2025-01-18,6,1,True,
STR-002,2025-01-18,7,7,True,
STR-002,2025-01-18,8,13,True,
STR-002,2025-01-18,9,15,True,
STR-002,2025-01-18,10,20,True,
STR-002,2025-01-18,11,23,True,
STR-002,2025-01-18,12,27,True,
STR-002,2025-01-18,13,22,True,
STR-002,2025-01-18,14,33,True,
STR-002,2025-01-18,15,24,True,
STR-002,2025-01-18,16,23,True,
STR-002,2025-01-18,17,29,True,
STR-002,2025-01-18,18,29,True,
STR-002,2025-01-18,19,38,True,
STR-002,2025-01-18,20,39,True,
STR-002,2025-01-18,21,28,True,
STR-002,2025-01-18,22,7,True,
STR-002,2025-01-18,23,2,True,
STR-002,2025-01-19,0,0,True,
STR-002,2025-01-19,1,0,True,
STR-002,2025-01-19,2,0,True,
STR-002,2025-01-19,3,0,True,
STR-002,2025-01-19,4,0,True,
STR-002,2025-01-19,5,0,True,
STR-002,2025-01-19,6,11,True,
STR-002,2025-01-19,7,8,True,
STR-002,2025-01-19,8,16,True,
STR-002,2025-01-19,9,18,True,
STR-002,2025-01-19,10,25,True,
STR-002,2025-01-19,11,25,True,
STR-002,2025-01-19,12,39,True,
STR-002,2025-01-19,13,25,True,
STR-002,2025-01-19,14,25,True,
STR-002,2025-01-19,15,24,True,
STR-002,2025-01-19,16,13,True,
STR-002,2025-01-19,17,30,True,
STR-002,2025-01-19,18,34,True,
STR-002,2025-01-19,19,39,True,
STR-002,2025-01-19,20,44,True,
STR-002,2025-01-19,21,33,True,
STR-002,2025-01-19,22,8,True,
STR-002,2025-01-19,23,15,True,
STR-002,2025-01-20,0,0,False,
STR-002,2025-01-20,1,0,False,
STR-002,2025-01-20,2,0,False,
STR-002,2025-01-20,3,0,False,
STR-002,2025-01-20,4,0,False,
STR-002,2025-01-20,5,0,False,
STR-002,2025-01-20,6,3,False,
STR-002,2025-01-20,7,5,False,
STR-002,2025-01-20,8,6,False,
STR-002,2025-01-20,9,16,False,
STR-002,2025-01-20,10,15,False,
STR-002,2025-01-20,11,14,False,
STR-002,2025-01-20,12,22,False,
STR-002,2025-01-20,13,30,False,
STR-002,2025-01-20,14,14,False,
STR-002,2025-01-20,15,20,False,
STR-002,2025-01-20,16,15,False,
STR-002,2025-01-20,17,21,False,
STR-002,2025-01-20,18,32,False,
STR-002,2025-01-20,19,47,False,
STR-002,2025-01-20,20,32,False,
STR-002,2025-01-20,21,19,False,
STR-002,2025-01-20,22,7,False,
STR-002,2025-01-20,23,5,False,
STR-002,2025-01-21,0,0,False,
STR-002,2025-01-21,1,0,False,
STR-002,2025-01-21,2,0,False,
STR-002,2025-01-21,3,0,False,
STR-002,2025-01-21,4,0,False,
STR-002,2025-01-21,5,0,False,
STR-002,2025-01-21,6,4,False,
STR-002,2025-01-21,7,10,False,
STR-002,2025-01-21,8,7,False,
STR-002,2025-01-21,9,20,False,
STR-002,2025-01-21,10,20,False,
STR-002,2025-01-21,11,28,False,
STR-002,2025-01-21,12,28,False,
STR-002,2025-01-21,13,31,False,
STR-002,2025-01-21,14,26,False,
STR-002,2025-01-21,15,27,False,
STR-002,2025-01-21,16,17,False,
STR-002,2025-01-21,17,17,False,
STR-002,2025-01-21,18,38,False,
STR-002,2025-01-21,19,33,False,
STR-002,2025-01-21,20,24,False,
STR-002,2025-01-21,21,22,False,
STR-002,2025-01-21,22,8,False,
STR-002,2025-01-21,23,2,False,
STR-002,2025-01-22,0,0,False,
STR-002,2025-01-22,1,0,False,
STR-002,2025-01-22,2,0,False,
STR-002,2025-01-22,3,0,False,
STR-002,2025-01-22,4,0,False,
STR-002,2025-01-22,5,0,False,
STR-002,2025-01-22,6,1,False,
STR-002,2025-01-22,7,12,False,
STR-002,2025-01-22,8,9,False,
STR-002,2025-01-22,9,16,False,
STR-002,2025-01-22,10,21,False,
STR-002,2025-01-22,11,27,False,
STR-002,2025-01-22,12,26,False,
STR-002,2025-01-22,13,22,False,
STR-002,2025-01-22,14,14,False,
STR-002,2025-01-22,15,24,False,
STR-002,2025-01-22,16,26,False,
STR-002,2025-01-22,17,14,False,
STR-002,2025-01-22,18,33,False,
STR-002,2025-01-22,19,41,False,
STR-002,2025-01-22,20,28,False,
STR-002,2025-01-22,21,32,False,
STR-002,2025-01-22,22,8,False,
STR-002,2025-01-22,23,3,False,
STR-002,2025-01-23,0,0,False,
STR-002,2025-01-23,1,0,False,
STR-002,2025-01-23,2,0,False,
STR-002,2025-01-23,3,0,False,
STR-002,2025-01-23,4,0,False,
STR-002,2025-01-23,5,0,False,
STR-002,2025-01-23,6,0,False,
STR-002,2025-01-23,7,10,False,
STR-002,2025-01-23,8,8,False,
STR-002,2025-01-23,9,18,False,
STR-002,2025-01-23,10,19,False,
STR-002,2025-01-23,11,20,False,
STR-002,2025-01-23,12,27,False,
STR-002,2025-01-23,13,30,False,
STR-002,2025-01-23,14,31,False,
STR-002,2025-01-23,15,16,False,
STR-002,2025-01-23,16,16,False,
STR-002,2025-01-23,17,23,False,
STR-002,2025-01-23,18,25,False,
STR-002,2025-01-23,19,37,False,
STR-002,2025-01-23,20,24,False,
STR-002,2025-01-23,21,19,False,
STR-002,2025-01-23,22,15,False,
STR-002,2025-01-23,23,2,False,
STR-002,2025-01-24,0,0,False,
STR-002,2025-01-24,1,0,False,
STR-002,2025-01-24,2,0,False,
STR-002,2025-01-24,3,0,False,
STR-002,2025-01-24,4,0,False,
STR-002,2025-01-24,5,0,False,
STR-002,2025-01-24,6,4,False,
STR-002,2025-01-24,7,7,False,
STR-002,2025-01-24,8,11,False,
STR-002,2025-01-24,9,22,False,
STR-002,2025-01-24,10,28,False,
STR-002,2025-01-24,11,15,False,
STR-002,2025-01-24,12,28,False,
STR-002,2025-01-24,13,20,False,
STR-002,2025-01-24,14,21,False,
STR-002,2025-01-24,15,25,False,
STR-002,2025-01-24,16,29,False,
STR-002,2025-01-24,17,15,False,
STR-002,2025-01-24,18,34,False,
STR-002,2025-01-24,19,47,False,
STR-002,2025-01-24,20,34,False,
STR-002,2025-01-24,21,25,False,
STR-002,2025-01-24,22,11,False,
STR-002,2025-01-24,23,6,False,
STR-002,2025-01-25,0,0,True,
STR-002,2025-01-25,1,0,True,
STR-002,2025-01-25,2,0,True,
STR-002,2025-01-25,3,0,True,
STR-002,2025-01-25,4,0,True,
STR-002,2025-01-25,5,0,True,
STR-002,2025-01-25,6,6,True,
STR-002,2025-01-25,7,6,True,
STR-002,2025-01-25,8,12,True,
STR-002,2025-01-25,9,22,True,
STR-002,2025-01-25,10,35,True,
STR-002,2025-01-25,11,17,True,
STR-002,2025-01-25,12,31,True,
STR-002,2025-01-25,13,26,True,
STR-002,2025-01-25,14,28,True,
STR-002,2025-01-25,15,28,True,
STR-002,2025-01-25,16,30,True,
STR-002,2025-01-25,17,21,True,
STR-002,2025-01-25,18,51,True,
STR-002,2025-01-25,19,48,True,
STR-002,2025-01-25,20,34,True,
STR-002,2025-01-25,21,24,True,
STR-002,2025-01-25,22,13,True,
STR-002,2025-01-25,23,3,True,
STR-002,2025-01-26,0,0,True,Republic Day
STR-002,2025-01-26,1,0,True,Republic Day
STR-002,2025-01-26,2,0,True,Republic Day
STR-002,2025-01-26,3,0,True,Republic Day
STR-002,2025-01-26,4,0,True,Republic Day
STR-002,2025-01-26,5,0,True,Republic Day
STR-002,2025-01-26,6,15,True,Republic Day
STR-002,2025-01-26,7,16,True,Republic Day
STR-002,2025-01-26,8,30,True,Republic Day
STR-002,2025-01-26,9,42,True,Republic Day
STR-002,2025-01-26,10,48,True,Republic Day
STR-002,2025-01-26,11,42,True,Republic Day
STR-002,2025-01-26,12,75,True,Republic Day
STR-002,2025-01-26,13,52,True,Republic Day
STR-002,2025-01-26,14,47,True,Republic Day
STR-002,2025-01-26,15,51,True,Republic Day
STR-002,2025-01-26,16,37,True,Republic Day
STR-002,2025-01-26,17,34,True,Republic Day
STR-002,2025-01-26,18,75,True,Republic Day
STR-002,2025-01-26,19,76,True,Republic Day
STR-002,2025-01-26,20,84,True,Republic Day
STR-002,2025-01-26,21,54,True,Republic Day
STR-002,2025-01-26,22,19,True,Republic Day
STR-002,2025-01-26,23,7,True,Republic Day
STR-002,2025-01-27,0,0,False,
STR-002,2025-01-27,1,0,False,
STR-002,2025-01-27,2,0,False,
STR-002,2025-01-27,3,0,False,
STR-002,2025-01-27,4,0,False,
STR-002,2025-01-27,5,0,False,
STR-002,2025-01-27,6,2,False,
STR-002,2025-01-27,7,5,False,
STR-002,2025-01-27,8,6,False,
STR-002,2025-01-27,9,13,False,
STR-002,2025-01-27,10,22,False,
STR-002,2025-01-27,11,17,False,
STR-002,2025-01-27,12,22,False,
STR-002,2025-01-27,13,23,False,
STR-002,2025-01-27,14,21,False,
STR-002,2025-01-27,15,15,False,
STR-002,2025-01-27,16,15,False,
STR-002,2025-01-27,17,16,False,
STR-002,2025-01-27,18,25,False,
STR-002,2025-01-27,19,23,False,
STR-002,2025-01-27,20,43,False,
STR-002,2025-01-27,21,24,False,
STR-002,2025-01-27,22,4,False,
STR-002,2025-01-27,23,2,False,
STR-002,2025-01-28,0,0,False,
STR-002,2025-01-28,1,0,False,
STR-002,2025-01-28,2,0,False,
STR-002,2025-01-28,3,0,False,
STR-002,2025-01-28,4,0,False,
STR-002,2025-01-28,5,0,False,
STR-002,2025-01-28,6,1,False,
STR-002,2025-01-28,7,8,False,
STR-002,2025-01-28,8,13,False,
STR-002,2025-01-28,9,19,False,
STR-002,2025-01-28,10,14,False,
STR-002,2025-01-28,11,16,False,
STR-002,2025-01-28,12,21,False,
STR-002,2025-01-28,13,10,False,
STR-002,2025-01-28,14,27,False,
STR-002,2025-01-28,15,22,False,
STR-002,2025-01-28,16,16,False,
STR-002,2025-01-28,17,18,False,
STR-002,2025-01-28,18,22,False,
STR-002,2025-01-28,19,41,False,
STR-002,2025-01-28,20,33,False,
STR-002,2025-01-28,21,16,False,
STR-002,2025-01-28,22,4,False,
STR-002,2025-01-28,23,2,False,
STR-002,2025-01-29,0,0,False,
STR-002,2025-01-29,1,0,False,
STR-002,2025-01-29,2,0,False,
STR-002,2025-01-29,3,0,False,
STR-002,2025-01-29,4,0,False,
STR-002,2025-01-29,5,0,False,
STR-002,2025-01-29,6,5,False,
STR-002,2025-01-29,7,4,False,
STR-002,2025-01-29,8,14,False,
STR-002,2025-01-29,9,6,False,
STR-002,2025-01-29,10,22,False,
STR-002,2025-01-29,11,15,False,
STR-002,2025-01-29,12,24,False,
STR-002,2025-01-29,13,17,False,
STR-002,2025-01-29,14,17,False,
STR-002,2025-01-29,15,18,False,
STR-002,2025-01-29,16,19,False,
STR-002,2025-01-29,17,19,False,
STR-002,2025-01-29,18,24,False,
STR-002,2025-01-29,19,29,False,
STR-002,2025-01-29,20,32,False,
STR-002,2025-01-29,21,28,False,
STR-002,2025-01-29,22,13,False,
STR-002,2025-01-29,23,1,False,
STR-002,2025-01-30,0,0,False,
STR-002,2025-01-30,1,0,False,
STR-002,2025-01-30,2,0,False,
STR-002,2025-01-30,3,0,False,
STR-002,2025-01-30,4,0,False,
STR-002,2025-01-30,5,0,False,
STR-002,2025-01-30,6,8,False,
STR-002,2025-01-30,7,9,False,
STR-002,2025-01-30,8,8,False,
STR-002,2025-01-30,9,15,False,
STR-002,2025-01-30,10,34,False,
STR-002,2025-01-30,11,16,False,
STR-002,2025-01-30,12,27,False,
STR-002,2025-01-30,13,21,False,
STR-002,2025-01-30,14,20,False,
STR-002,2025-01-30,15,19,False,
STR-002,2025-01-30,16,19,False,
STR-002,2025-01-30,17,17,False,
STR-002,2025-01-30,18,31,False,
STR-002,2025-01-30,19,30,False,
STR-002,2025-01-30,20,28,False,
STR-002,2025-01-30,21,20,False,
STR-002,2025-01-30,22,13,False,
STR-002,2025-01-30,23,3,False,
STR-002,2025-01-31,0,0,False,
STR-002,2025-01-31,1,0,False,
STR-002,2025-01-31,2,0,False,
STR-002,2025-01-31,3,0,False,
STR-002,2025-01-31,4,0,False,
STR-002,2025-01-31,5,0,False,
STR-002,2025-01-31,6,7,False,
STR-002,2025-01-31,7,7,False,
STR-002,2025-01-31,8,16,False,
STR-002,2025-01-31,9,17,False,
STR-002,2025-01-31,10,19,False,
STR-002,2025-01-31,11,29,False,
STR-002,2025-01-31,12,32,False,
STR-002,2025-01-31,13,30,False,
STR-002,2025-01-31,14,26,False,
STR-002,2025-01-31,15,33,False,
STR-002,2025-01-31,16,24,False,
STR-002,2025-01-31,17,20,False,
STR-002,2025-01-31,18,40,False,
STR-002,2025-01-31,19,29,False,
STR-002,2025-01-31,20,39,False,
STR-002,2025-01-31,21,30,False,
STR-002,2025-01-31,22,10,False,
STR-002,2025-01-31,23,4,False,
STR-002,2025-02-01,0,0,True,
STR-002,2025-02-01,1,0,True,
STR-002,2025-02-01,2,0,True,
STR-002,2025-02-01,3,0,True,
STR-002,2025-02-01,4,0,True,
STR-002,2025-02-01,5,0,True,
STR-002,2025-02-01,6,3,True,
STR-002,2025-02-01,7,12,True,
STR-002,2025-02-01,8,20,True,
STR-002,2025-02-01,9,26,True,
STR-002,2025-02-01,10,30,True,
STR-002,2025-02-01,11,36,True,
STR-002,2025-02-01,12,39,True,
STR-002,2025-02-01,13,40,True,
STR-002,2025-02-01,14,38,True,
STR-002,2025-02-01,15,29,True,
STR-002,2025-02-01,16,26,True,
STR-002,2025-02-01,17,20,True,
STR-002,2025-02-01,18,32,True,
STR-002,2025-02-01,19,55,True,
STR-002,2025-02-01,20,39,True,
STR-002,2025-02-01,21,38,True,
STR-002,2025-02-01,22,12,True,
STR-002,2025-02-01,23,4,True,
STR-002,2025-02-02,0,0,True,
STR-002,2025-02-02,1,0,True,
STR-002,2025-02-02,2,0,True,
STR-002,2025-02-02,3,0,True,
STR-002,2025-02-02,4,0,True,
STR-002,2025-02-02,5,0,True,
STR-002,2025-02-02,6,5,True,
STR-002,2025-02-02,7,10,True,
STR-002,2025-02-02,8,12,True,
STR-002,2025-02-02,9,12,True,
STR-002,2025-02-02,10,30,True,
STR-002,2025-02-02,11,29,True,
STR-002,2025-02-02,12,29,True,
STR-002,2025-02-02,13,26,True,
STR-002,2025-02-02,14,29,True,
STR-002,2025-02-02,15,31,True,
STR-002,2025-02-02,16,21,True,
STR-002,2025-02-02,17,13,True,
STR-002,2025-02-02,18,40,True,
STR-002,2025-02-02,19,47,True,
STR-002,2025-02-02,20,28,True,
STR-002,2025-02-02,21,21,True,
STR-002,2025-02-02,22,12,True,
STR-002,2025-02-02,23,3,True,
STR-002,2025-02-03,0,0,False,
STR-002,2025-02-03,1,0,False,
STR-002,2025-02-03,2,0,False,
STR-002,2025-02-03,3,0,False,
STR-002,2025-02-03,4,0,False,
STR-002,2025-02-03,5,0,False,
STR-002,2025-02-03,6,3,False,
STR-002,2025-02-03,7,7,False,
STR-002,2025-02-03,8,4,False,
STR-002,2025-02-03,9,19,False,
STR-002,2025-02-03,10,15,False,
STR-002,2025-02-03,11,31,False,
STR-002,2025-02-03,12,20,False,
STR-002,2025-02-03,13,26,False,
STR-002,2025-02-03,14,25,False,
STR-002,2025-02-03,15,22,False,
STR-002,2025-02-03,16,16,False,
STR-002,2025-02-03,17,21,False,
STR-002,2025-02-03,18,24,False,
STR-002,2025-02-03,19,32,False,
STR-002,2025-02-03,20,29,False,
STR-002,2025-02-03,21,22,False,
STR-002,2025-02-03,22,13,False,
STR-002,2025-02-03,23,3,False,
STR-002,2025-02-04,0,0,False,
STR-002,2025-02-04,1,0,False,
STR-002,2025-02-04,2,0,False,
STR-002,2025-02-04,3,0,False,
STR-002,2025-02-04,4,0,False,
STR-002,2025-02-04,5,0,False,
STR-002,2025-02-04,6,5,False,
STR-002,2025-02-04,7,5,False,
STR-002,2025-02-04,8,6,False,
STR-002,2025-02-04,9,10,False,
STR-002,2025-02-04,10,22,False,
STR-002,2025-02-04,11,21,False,
STR-002,2025-02-04,12,25,False,
STR-002,2025-02-04,13,30,False,
STR-002,2025-02-04,14,23,False,
STR-002,2025-02-04,15,17,False,
STR-002,2025-02-04,16,30,False,
STR-002,2025-02-04,17,13,False,
STR-002,2025-02-04,18,45,False,
STR-002,2025-02-04,19,32,False,
STR-002,2025-02-04,20,48,False,
STR-002,2025-02-04,21,18,False,
STR-002,2025-02-04,22,11,False,
STR-002,2025-02-04,23,2,False,
STR-002,2025-02-05,0,0,False,
STR-002,2025-02-05,1,0,False,
STR-002,2025-02-05,2,0,False,
STR-002,2025-02-05,3,0,False,
STR-002,2025-02-05,4,0,False,
STR-002,2025-02-05,5,0,False,
STR-002,2025-02-05,6,6,False,
STR-002,2025-02-05,7,3,False,
STR-002,2025-02-05,8,12,False,
STR-002,2025-02-05,9,16,False,
STR-002,2025-02-05,10,26,False,
STR-002,2025-02-05,11,10,False,
STR-002,2025-02-05,12,21,False,
STR-002,2025-02-05,13,23,False,
STR-002,2025-02-05,14,19,False,
STR-002,2025-02-05,15,17,False,
STR-002,2025-02-05,16,25,False,
STR-002,2025-02-05,17,27,False,
STR-002,2025-02-05,18,40,False,
STR-002,2025-02-05,19,31,False,
STR-002,2025-02-05,20,22,False,
STR-002,2025-02-05,21,26,False,
STR-002,2025-02-05,22,4,False,
STR-002,2025-02-05,23,2,False,
STR-002,2025-02-06,0,0,False,
STR-002,2025-02-06,1,0,False,
STR-002,2025-02-06,2,0,False,
STR-002,2025-02-06,3,0,False,
STR-002,2025-02-06,4,0,False,
STR-002,2025-02-06,5,0,False,
STR-002,2025-02-06,6,5,False,
STR-002,2025-02-06,7,16,False,
STR-002,2025-02-06,8,16,False,
STR-002,2025-02-06,9,23,False,
STR-002,2025-02-06,10,25,False,
STR-002,2025-02-06,11,26,False,
STR-002,2025-02-06,12,34,False,
STR-002,2025-02-06,13,29,False,
STR-002,2025-02-06,14,21,False,
STR-002,2025-02-06,15,17,False,
STR-002,2025-02-06,16,19,False,
STR-002,2025-02-06,17,18,False,
STR-002,2025-02-06,18,32,False,
STR-002,2025-02-06,19,33,False,
STR-002,2025-02-06,20,30,False,
STR-002,2025-02-06,21,17,False,
STR-002,2025-02-06,22,10,False,
STR-002,2025-02-06,23,5,False,
STR-002,2025-02-07,0,0,False,
STR-002,2025-02-07,1,0,False,
STR-002,2025-02-07,2,0,False,
STR-002,2025-02-07,3,0,False,
STR-002,2025-02-07,4,0,False,
STR-002,2025-02-07,5,0,False,
STR-002,2025-02-07,6,1,False,
STR-002,2025-02-07,7,9,False,
STR-002,2025-02-07,8,11,False,
STR-002,2025-02-07,9,17,False,
STR-002,2025-02-07,10,25,False,
STR-002,2025-02-07,11,21,False,
STR-002,2025-02-07,12,33,False,
STR-002,2025-02-07,13,20,False,
STR-002,2025-02-07,14,20,False,
STR-002,2025-02-07,15,23,False,
STR-002,2025-02-07,16,28,False,
STR-002,2025-02-07,17,25,False,
STR-002,2025-02-07,18,29,False,
STR-002,2025-02-07,19,38,False,
STR-002,2025-02-07,20,28,False,
STR-002,2025-02-07,21,27,False,
STR-002,2025-02-07,22,8,False,
STR-002,2025-02-07,23,4,False,
STR-002,2025-02-08,0,0,True,
STR-002,2025-02-08,1,0,True,
STR-002,2025-02-08,2,0,True,
STR-002,2025-02-08,3,0,True,
STR-002,2025-02-08,4,0,True,
STR-002,2025-02-08,5,0,True,
STR-002,2025-02-08,6,6,True,
STR-002,2025-02-08,7,14,True,
STR-002,2025-02-08,8,18,True,
STR-002,2025-02-08,9,11,True,
STR-002,2025-02-08,10,28,True,
STR-002,2025-02-08,11,25,True,
STR-002,2025-02-08,12,35,True,
STR-002,2025-02-08,13,34,True,
STR-002,2025-02-08,14,24,True,
STR-002,2025-02-08,15,29,True,
STR-002,2025-02-08,16,33,True,
STR-002,2025-02-08,17,28,True,
STR-002,2025-02-08,18,53,True,
STR-002,2025-02-08,19,47,True,
STR-002,2025-02-08,20,36,True,
STR-002,2025-02-08,21,31,True,
STR-002,2025-02-08,22,8,True,
STR-002,2025-02-08,23,7,True,
STR-002,2025-02-09,0,0,True,
STR-002,2025-02-09,1,0,True,
STR-002,2025-02-09,2,0,True,
STR-002,2025-02-09,3,0,True,
STR-002,2025-02-09,4,0,True,
STR-002,2025-02-09,5,0,True,
STR-002,2025-02-09,6,7,True,
STR-002,2025-02-09,7,7,True,
STR-002,2025-02-09,8,11,True,
STR-002,2025-02-09,9,20,True,
STR-002,2025-02-09,10,20,True,
STR-002,2025-02-09,11,23,True,
STR-002,2025-02-09,12,28,True,
STR-002,2025-02-09,13,23,True,
STR-002,2025-02-09,14,24,True,
STR-002,2025-02-09,15,15,True,
STR-002,2025-02-09,16,30,True,
STR-002,2025-02-09,17,20,True,
STR-002,2025-02-09,18,42,True,
STR-002,2025-02-09,19,52,True,
STR-002,2025-02-09,20,47,True,
STR-002,2025-02-09,21,32,True,
STR-002,2025-02-09,22,13,True,
STR-002,2025-02-09,23,5,True,
STR-002,2025-02-10,0,0,False,
STR-002,2025-02-10,1,0,False,
STR-002,2025-02-10,2,0,False,
STR-002,2025-02-10,3,0,False,
STR-002,2025-02-10,4,0,False,
STR-002,2025-02-10,5,0,False,
STR-002,2025-02-10,6,4,False,
STR-002,2025-02-10,7,7,False,
STR-002,2025-02-10,8,12,False,
STR-002,2025-02-10,9,11,False,
STR-002,2025-02-10,10,19,False,
STR-002,2025-02-10,11,18,False,
STR-002,2025-02-10,12,31,False,
STR-002,2025-02-10,13,18,False,
STR-002,2025-02-10,14,16,False,
STR-002,2025-02-10,15,16,False,
STR-002,2025-02-10,16,19,False,
STR-002,2025-02-10,17,16,False,
STR-002,2025-02-10,18,32,False,
STR-002,2025-02-10,19,27,False,
STR-002,2025-02-10,20,34,False,
STR-002,2025-02-10,21,23,False,
STR-002,2025-02-10,22,4,False,
STR-002,2025-02-10,23,5,False,
STR-002,2025-02-11,0,0,False,
STR-002,2025-02-11,1,0,False,
STR-002,2025-02-11,2,0,False,
STR-002,2025-02-11,3,0,False,
STR-002,2025-02-11,4,0,False,
STR-002,2025-02-11,5,0,False,
STR-002,2025-02-11,6,8,False,
STR-002,2025-02-11,7,12,False,
STR-002,2025-02-11,8,11,False,
STR-002,2025-02-11,9,17,False,
STR-002,2025-02-11,10,9,False,
STR-002,2025-02-11,11,27,False,
STR-002,2025-02-11,12,28,False,
STR-002,2025-02-11,13,29,False,
STR-002,2025-02-11,14,22,False,
STR-002,2025-02-11,15,13,False,
STR-002,2025-02-11,16,16,False,
STR-002,2025-02-11,17,14,False,
STR-002,2025-02-11,18,21,False,
STR-002,2025-02-11,19,38,False,
STR-002,2025-02-11,20,22,False,
STR-002,2025-02-11,21,26,False,
STR-002,2025-02-11,22,5,False,
STR-002,2025-02-11,23,5,False,
STR-002,2025-02-12,0,0,False,
STR-002,2025-02-12,1,0,False,
STR-002,2025-02-12,2,0,False,
STR-002,2025-02-12,3,0,False,
STR-002,2025-02-12,4,0,False,
STR-002,2025-02-12,5,0,False,
STR-002,2025-02-12,6,4,False,
STR-002,2025-02-12,7,9,False,
STR-002,2025-02-12,8,13,False,
STR-002,2025-02-12,9,21,False,
STR-002,2025-02-12,10,23,False,
STR-002,2025-02-12,11,21,False,
STR-002,2025-02-12,12,27,False,
STR-002,2025-02-12,13,21,False,
STR-002,2025-02-12,14,20,False,
STR-002,2025-02-12,15,17,False,
STR-002,2025-02-12,16,23,False,
STR-002,2025-02-12,17,20,False,
STR-002,2025-02-12,18,41,False,
STR-002,2025-02-12,19,36,False,
STR-002,2025-02-12,20,27,False,
STR-002,2025-02-12,21,16,False,
STR-002,2025-02-12,22,5,False,
STR-002,2025-02-12,23,5,False,
STR-002,2025-02-13,0,0,False,
STR-002,2025-02-13,1,0,False,
STR-002,2025-02-13,2,0,False,
STR-002,2025-02-13,3,0,False,
STR-002,2025-02-13,4,0,False,
STR-002,2025-02-13,5,0,False,
STR-002,2025-02-13,6,7,False,
STR-002,2025-02-13,7,11,False,
STR-002,2025-02-13,8,13,False,
STR-002,2025-02-13,9,15,False,
STR-002,2025-02-13,10,20,False,
STR-002,2025-02-13,11,27,False,
STR-002,2025-02-13,12,31,False,
STR-002,2025-02-13,13,25,False,
STR-002,2025-02-13,14,15,False,
STR-002,2025-02-13,15,29,False,
STR-002,2025-02-13,16,20,False,
STR-002,2025-02-13,17,19,False,
STR-002,2025-02-13,18,37,False,
STR-002,2025-02-13,19,46,False,
STR-002,2025-02-13,20,29,False,
STR-002,2025-02-13,21,26,False,
STR-002,2025-02-13,22,9,False,
STR-002,2025-02-13,23,6,False,
STR-002,2025-02-14,0,0,False,
STR-002,2025-02-14,1,0,False,
STR-002,2025-02-14,2,0,False,
STR-002,2025-02-14,3,0,False,
STR-002,2025-02-14,4,0,False,
STR-002,2025-02-14,5,0,False,
STR-002,2025-02-14,6,5,False,
STR-002,2025-02-14,7,8,False,
STR-002,2025-02-14,8,10,False,
STR-002,2025-02-14,9,18,False,
STR-002,2025-02-14,10,19,False,
STR-002,2025-02-14,11,18,False,
STR-002,2025-02-14,12,28,False,
STR-002,2025-02-14,13,19,False,
STR-002,2025-02-14,14,17,False,
STR-002,2025-02-14,15,23,False,
STR-002,2025-02-14,16,26,False,
STR-002,2025-02-14,17,25,False,
STR-002,2025-02-14,18,34,False,
STR-002,2025-02-14,19,40,False,
STR-002,2025-02-14,20,39,False,
STR-002,2025-02-14,21,28,False,
STR-002,2025-02-14,22,8,False,
STR-002,2025-02-14,23,3,False,
STR-002,2025-02-15,0,0,True,
STR-002,2025-02-15,1,0,True,
STR-002,2025-02-15,2,0,True,
STR-002,2025-02-15,3,0,True,
STR-002,2025-02-15,4,0,True,
STR-002,2025-02-15,5,0,True,
STR-002,2025-02-15,6,6,True,
STR-002,2025-02-15,7,10,True,
STR-002,2025-02-15,8,16,True,
STR-002,2025-02-15,9,17,True,
STR-002,2025-02-15,10,30,True,
STR-002,2025-02-15,11,26,True,
STR-002,2025-02-15,12,37,True,
STR-002,2025-02-15,13,35,True,
STR-002,2025-02-15,14,23,True,
STR-002,2025-02-15,15,28,True,
STR-002,2025-02-15,16,19,True,
STR-002,2025-02-15,17,32,True,
STR-002,2025-02-15,18,50,True,
STR-002,2025-02-15,19,47,True,
STR-002,2025-02-15,20,34,True,
STR-002,2025-02-15,21,34,True,
STR-002,2025-02-15,22,11,True,
STR-002,2025-02-15,23,6,True,
STR-002,2025-02-16,0,0,True,
STR-002,2025-02-16,1,0,True,
STR-002,2025-02-16,2,0,True,
STR-002,2025-02-16,3,0,True,
STR-002,2025-02-16,4,0,True,
STR-002,2025-02-16,5,0,True,
STR-002,2025-02-16,6,6,True,
STR-002,2025-02-16,7,15,True,
STR-002,2025-02-16,8,15,True,
STR-002,2025-02-16,9,22,True,
STR-002,2025-02-16,10,22,True,
STR-002,2025-02-16,11,22,True,
STR-002,2025-02-16,12,42,True,
STR-002,2025-02-16,13,36,True,
STR-002,2025-02-16,14,34,True,
STR-002,2025-02-16,15,30,True,
STR-002,2025-02-16,16,31,True,
STR-002,2025-02-16,17,28,True,
STR-002,2025-02-16,18,45,True,
STR-002,2025-02-16,19,47,True,
STR-002,2025-02-16,20,43,True,
STR-002,2025-02-16,21,25,True,
STR-002,2025-02-16,22,9,True,
STR-002,2025-02-16,23,3,True,
STR-002,2025-02-17,0,0,False,
STR-002,2025-02-17,1,0,False,
STR-002,2025-02-17,2,0,False,
STR-002,2025-02-17,3,0,False,
STR-002,2025-02-17,4,0,False,
STR-002,2025-02-17,5,0,False,
STR-002,2025-02-17,6,7,False,
STR-002,2025-02-17,7,10,False,
STR-002,2025-02-17,8,19,False,
STR-002,2025-02-17,9,23,False,
STR-002,2025-02-17,10,25,False,
STR-002,2025-02-17,11,16,False,
STR-002,2025-02-17,12,34,False,
STR-002,2025-02-17,13,22,False,
STR-002,2025-02-17,14,23,False,
STR-002,2025-02-17,15,29,False,
STR-002,2025-02-17,16,17,False,
STR-002,2025-02-17,17,23,False,
STR-002,2025-02-17,18,42,False,
STR-002,2025-02-17,19,36,False,
STR-002,2025-02-17,20,29,False,
STR-002,2025-02-17,21,23,False,
STR-002,2025-02-17,22,8,False,
STR-002,2025-02-17,23,1,False,
STR-002,2025-02-18,0,0,False,
STR-002,2025-02-18,1,0,False,
STR-002,2025-02-18,2,0,False,
STR-002,2025-02-18,3,0,False,
STR-002,2025-02-18,4,0,False,
STR-002,2025-02-18,5,0,False,
STR-002,2025-02-18,6,3,False,
STR-002,2025-02-18,7,4,False,
STR-002,2025-02-18,8,9,False,
STR-002,2025-02-18,9,12,False,
STR-002,2025-02-18,10,14,False,
STR-002,2025-02-18,11,20,False,
STR-002,2025-02-18,12,24,False,
STR-002,2025-02-18,13,22,False,
STR-002,2025-02-18,14,27,False,
STR-002,2025-02-18,15,17,False,
STR-002,2025-02-18,16,20,False,
STR-002,2025-02-18,17,23,False,
STR-002,2025-02-18,18,34,False,
STR-002,2025-02-18,19,36,False,
STR-002,2025-02-18,20,22,False,
STR-002,2025-02-18,21,23,False,
STR-002,2025-02-18,22,6,False,
STR-002,2025-02-18,23,7,False,
STR-002,2025-02-19,0,0,False,
STR-002,2025-02-19,1,0,False,
STR-002,2025-02-19,2,0,False,
STR-002,2025-02-19,3,0,False,
STR-002,2025-02-19,4,0,False,
STR-002,2025-02-19,5,0,False,
STR-002,2025-02-19,6,3,False,
STR-002,2025-02-19,7,9,False,
STR-002,2025-02-19,8,15,False,
STR-002,2025-02-19,9,17,False,
STR-002,2025-02-19,10,23,False,
STR-002,2025-02-19,11,19,False,
STR-002,2025-02-19,12,27,False,
STR-002,2025-02-19,13,13,False,
STR-002,2025-02-19,14,20,False,
STR-002,2025-02-19,15,19,False,
STR-002,2025-02-19,16,22,False,
STR-002,2025-02-19,17,20,False,
STR-002,2025-02-19,18,35,False,
STR-002,2025-02-19,19,34,False,
STR-002,2025-02-19,20,28,False,
STR-002,2025-02-19,21,24,False,
STR-002,2025-02-19,22,12,False,
STR-002,2025-02-19,23,8,False,
STR-002,2025-02-20,0,0,False,
STR-002,2025-02-20,1,0,False,
STR-002,2025-02-20,2,0,False,
STR-002,2025-02-20,3,0,False,
STR-002,2025-02-20,4,0,False,
STR-002,2025-02-20,5,0,False,
STR-002,2025-02-20,6,8,False,
STR-002,2025-02-20,7,12,False,
STR-002,2025-02-20,8,20,False,
STR-002,2025-02-20,9,12,False,
STR-002,2025-02-20,10,28,False,
STR-002,2025-02-20,11,15,False,
STR-002,2025-02-20,12,23,False,
STR-002,2025-02-20,13,19,False,
STR-002,2025-02-20,14,27,False,
STR-002,2025-02-20,15,22,False,
STR-002,2025-02-20,16,13,False,
STR-002,2025-02-20,17,19,False,
STR-002,2025-02-20,18,31,False,
STR-002,2025-02-20,19,40,False,
STR-002,2025-02-20,20,23,False,
STR-002,2025-02-20,21,21,False,
STR-002,2025-02-20,22,8,False,
STR-002,2025-02-20,23,3,False,
STR-002,2025-02-21,0,0,False,
STR-002,2025-02-21,1,0,False,
STR-002,2025-02-21,2,0,False,
STR-002,2025-02-21,3,0,False,
STR-002,2025-02-21,4,0,False,
STR-002,2025-02-21,5,0,False,
STR-002,2025-02-21,6,3,False,
STR-002,2025-02-21,7,6,False,
STR-002,2025-02-21,8,8,False,
STR-002,2025-02-21,9,15,False,
STR-002,2025-02-21,10,20,False,
STR-002,2025-02-21,11,16,False,
STR-002,2025-02-21,12,31,False,
STR-002,2025-02-21,13,23,False,
STR-002,2025-02-21,14,25,False,
STR-002,2025-02-21,15,12,False,
STR-002,2025-02-21,16,18,False,
STR-002,2025-02-21,17,20,False,
STR-002,2025-02-21,18,22,False,
STR-002,2025-02-21,19,28,False,
STR-002,2025-02-21,20,27,False,
STR-002,2025-02-21,21,24,False,
STR-002,2025-02-21,22,12,False,
STR-002,2025-02-21,23,3,False,
STR-002,2025-02-22,0,0,True,
STR-002,2025-02-22,1,0,True,
STR-002,2025-02-22,2,0,True,
STR-002,2025-02-22,3,0,True,
STR-002,2025-02-22,4,0,True,
STR-002,2025-02-22,5,0,True,
STR-002,2025-02-22,6,2,True,
STR-002,2025-02-22,7,9,True,
STR-002,2025-02-22,8,11,True,
STR-002,2025-02-22,9,14,True,
STR-002,2025-02-22,10,15,True,
STR-002,2025-02-22,11,15,True,
STR-002,2025-02-22,12,29,True,
STR-002,2025-02-22,13,23,True,
STR-002,2025-02-22,14,17,True,
STR-002,2025-02-22,15,26,True,
STR-002,2025-02-22,16,19,True,
STR-002,2025-02-22,17,22,True,
STR-002,2025-02-22,18,39,True,
STR-002,2025-02-22,19,36,True,
STR-002,2025-02-22,20,35,True,
STR-002,2025-02-22,21,24,True,
STR-002,2025-02-22,22,4,True,
STR-002,2025-02-22,23,2,True,
STR-002,2025-02-23,0,0,True,
STR-002,2025-02-23,1,0,True,
STR-002,2025-02-23,2,0,True,
STR-002,2025-02-23,3,0,True,
STR-002,2025-02-23,4,0,True,
STR-002,2025-02-23,5,0,True,
STR-002,2025-02-23,6,3,True,
STR-002,2025-02-23,7,8,True,
STR-002,2025-02-23,8,14,True,
STR-002,2025-02-23,9,18,True,
STR-002,2025-02-23,10,23,True,
STR-002,2025-02-23,11,28,True,
STR-002,2025-02-23,12,34,True,
STR-002,2025-02-23,13,36,True,
STR-002,2025-02-23,14,26,True,
STR-002,2025-02-23,15,29,True,
STR-002,2025-02-23,16,29,True,
STR-002,2025-02-23,17,30,True,
STR-002,2025-02-23,18,53,True,
STR-002,2025-02-23,19,62,True,
STR-002,2025-02-23,20,51,True,
STR-002,2025-02-23,21,34,True,
STR-002,2025-02-23,22,9,True,
STR-002,2025-02-23,23,7,True,
STR-002,2025-02-24,0,0,False,
STR-002,2025-02-24,1,0,False,
STR-002,2025-02-24,2,0,False,
STR-002,2025-02-24,3,0,False,
STR-002,2025-02-24,4,0,False,
STR-002,2025-02-24,5,0,False,
STR-002,2025-02-24,6,4,False,
STR-002,2025-02-24,7,9,False,
STR-002,2025-02-24,8,15,False,
STR-002,2025-02-24,9,18,False,
STR-002,2025-02-24,10,30,False,
STR-002,2025-02-24,11,19,False,
STR-002,2025-02-24,12,24,False,
STR-002,2025-02-24,13,28,False,
STR-002,2025-02-24,14,26,False,
STR-002,2025-02-24,15,19,False,
STR-002,2025-02-24,16,33,False,
STR-002,2025-02-24,17,18,False,
STR-002,2025-02-24,18,34,False,
STR-002,2025-02-24,19,40,False,
STR-002,2025-02-24,20,34,False,
STR-002,2025-02-24,21,26,False,
STR-002,2025-02-24,22,2,False,
STR-002,2025-02-24,23,5,False,
STR-002,2025-02-25,0,0,False,
STR-002,2025-02-25,1,0,False,
STR-002,2025-02-25,2,0,False,
STR-002,2025-02-25,3,0,False,
STR-002,2025-02-25,4,0,False,
STR-002,2025-02-25,5,0,False,
STR-002,2025-02-25,6,4,False,
STR-002,2025-02-25,7,3,False,
STR-002,2025-02-25,8,10,False,
STR-002,2025-02-25,9,14,False,
STR-002,2025-02-25,10,17,False,
STR-002,2025-02-25,11,9,False,
STR-002,2025-02-25,12,24,False,
STR-002,2025-02-25,13,26,False,
STR-002,2025-02-25,14,17,False,
STR-002,2025-02-25,15,22,False,
STR-002,2025-02-25,16,14,False,
STR-002,2025-02-25,17,17,False,
STR-002,2025-02-25,18,40,False,
STR-002,2025-02-25,19,29,False,
STR-002,2025-02-25,20,25,False,
STR-002,2025-02-25,21,25,False,
STR-002,2025-02-25,22,6,False,
STR-002,2025-02-25,23,3,False,
STR-002,2025-02-26,0,0,False,Maha Shivratri
STR-002,2025-02-26,1,0,False,Maha Shivratri
STR-002,2025-02-26,2,0,False,Maha Shivratri
STR-002,2025-02-26,3,0,False,Maha Shivratri
STR-002,2025-02-26,4,0,False,Maha Shivratri
STR-002,2025-02-26,5,0,False,Maha Shivratri
STR-002,2025-02-26,6,6,False,Maha Shivratri
STR-002,2025-02-26,7,11,False,Maha Shivratri
STR-002,2025-02-26,8,16,False,Maha Shivratri
STR-002,2025-02-26,9,27,False,Maha Shivratri
STR-002,2025-02-26,10,23,False,Maha Shivratri
STR-002,2025-02-26,11,34,False,Maha Shivratri
STR-002,2025-02-26,12,38,False,Maha Shivratri
STR-002,2025-02-26,13,30,False,Maha Shivratri
STR-002,2025-02-26,14,26,False,Maha Shivratri
STR-002,2025-02-26,15,33,False,Maha Shivratri
STR-002,2025-02-26,16,30,False,Maha Shivratri
STR-002,2025-02-26,17,26,False,Maha Shivratri
STR-002,2025-02-26,18,45,False,Maha Shivratri
STR-002,2025-02-26,19,33,False,Maha Shivratri
STR-002,2025-02-26,20,50,False,Maha Shivratri
STR-002,2025-02-26,21,35,False,Maha Shivratri
STR-002,2025-02-26,22,16,False,Maha Shivratri
STR-002,2025-02-26,23,2,False,Maha Shivratri
STR-002,2025-02-27,0,0,False,
STR-002,2025-02-27,1,0,False,
STR-002,2025-02-27,2,0,False,
STR-002,2025-02-27,3,0,False,
STR-002,2025-02-27,4,0,False,
STR-002,2025-02-27,5,0,False,
STR-002,2025-02-27,6,5,False,
STR-002,2025-02-27,7,13,False,
STR-002,2025-02-27,8,13,False,
STR-002,2025-02-27,9,20,False,
STR-002,2025-02-27,10,19,False,
STR-002,2025-02-27,11,26,False,
STR-002,2025-02-27,12,29,False,
STR-002,2025-02-27,13,24,False,
STR-002,2025-02-27,14,25,False,
STR-002,2025-02-27,15,16,False,
STR-002,2025-02-27,16,24,False,
STR-002,2025-02-27,17,29,False,
STR-002,2025-02-27,18,27,False,
STR-002,2025-02-27,19,40,False,
STR-002,2025-02-27,20,37,False,
STR-002,2025-02-27,21,26,False,
STR-002,2025-02-27,22,5,False,
STR-002,2025-02-27,23,4,False,
STR-002,2025-02-28,0,0,False,
STR-002,2025-02-28,1,0,False,
STR-002,2025-02-28,2,0,False,
STR-002,2025-02-28,3,0,False,
STR-002,2025-02-28,4,0,False,
STR-002,2025-02-28,5,0,False,
STR-002,2025-02-28,6,4,False,
STR-002,2025-02-28,7,6,False,
STR-002,2025-02-28,8,14,False,
STR-002,2025-02-28,9,14,False,
STR-002,2025-02-28,10,21,False,
STR-002,2025-02-28,11,19,False,
STR-002,2025-02-28,12,35,False,
STR-002,2025-02-28,13,17,False,
STR-002,2025-02-28,14,26,False,
STR-002,2025-02-28,15,19,False,
STR-002,2025-02-28,16,23,False,
STR-002,2025-02-28,17,12,False,
STR-002,2025-02-28,18,31,False,
STR-002,2025-02-28,19,32,False,
STR-002,2025-02-28,20,31,False,
STR-002,2025-02-28,21,24,False,
STR-002,2025-02-28,22,4,False,
STR-002,2025-02-28,23,2,False,
STR-002,2025-03-01,0,0,True,
STR-002,2025-03-01,1,0,True,
STR-002,2025-03-01,2,0,True,
STR-002,2025-03-01,3,0,True,
STR-002,2025-03-01,4,0,True,
STR-002,2025-03-01,5,0,True,
STR-002,2025-03-01,6,5,True,
STR-002,2025-03-01,7,9,True,
STR-002,2025-03-01,8,13,True,
STR-002,2025-03-01,9,20,True,
STR-002,2025-03-01,10,17,True,
STR-002,2025-03-01,11,25,True,
STR-002,2025-03-01,12,37,True,
STR-002,2025-03-01,13,28,True,
STR-002,2025-03-01,14,20,True,
STR-002,2025-03-01,15,25,True,
STR-002,2025-03-01,16,22,True,
STR-002,2025-03-01,17,27,True,
STR-002,2025-03-01,18,38,True,
STR-002,2025-03-01,19,29,True,
STR-002,2025-03-01,20,35,True,
STR-002,2025-03-01,21,18,True,
STR-002,2025-03-01,22,8,True,
STR-002,2025-03-01,23,2,True,
STR-002,2025-03-02,0,0,True,
STR-002,2025-03-02,1,0,True,
STR-002,2025-03-02,2,0,True,
STR-002,2025-03-02,3,0,True,
STR-002,2025-03-02,4,0,True,
STR-002,2025-03-02,5,0,True,
STR-002,2025-03-02,6,3,True,
STR-002,2025-03-02,7,9,True,
STR-002,2025-03-02,8,15,True,
STR-002,2025-03-02,9,27,True,
STR-002,2025-03-02,10,27,True,
STR-002,2025-03-02,11,32,True,
STR-002,2025-03-02,12,46,True,
STR-002,2025-03-02,13,31,True,
STR-002,2025-03-02,14,41,True,
STR-002,2025-03-02,15,29,True,
STR-002,2025-03-02,16,34,True,
STR-002,2025-03-02,17,29,True,
STR-002,2025-03-02,18,51,True,
STR-002,2025-03-02,19,54,True,
STR-002,2025-03-02,20,44,True,
STR-002,2025-03-02,21,51,True,
STR-002,2025-03-02,22,14,True,
STR-002,2025-03-02,23,5,True,
STR-002,2025-03-03,0,0,False,
STR-002,2025-03-03,1,0,False,
STR-002,2025-03-03,2,0,False,
STR-002,2025-03-03,3,0,False,
STR-002,2025-03-03,4,0,False,
STR-002,2025-03-03,5,0,False,
STR-002,2025-03-03,6,5,False,
STR-002,2025-03-03,7,5,False,
STR-002,2025-03-03,8,4,False,
STR-002,2025-03-03,9,17,False,
STR-002,2025-03-03,10,17,False,
STR-002,2025-03-03,11,19,False,
STR-002,2025-03-03,12,29,False,
STR-002,2025-03-03,13,22,False,
STR-002,2025-03-03,14,19,False,
STR-002,2025-03-03,15,19,False,
STR-002,2025-03-03,16,16,False,
STR-002,2025-03-03,17,25,False,
STR-002,2025-03-03,18,27,False,
STR-002,2025-03-03,19,33,False,
STR-002,2025-03-03,20,31,False,
STR-002,2025-03-03,21,27,False,
STR-002,2025-03-03,22,6,False,
STR-002,2025-03-03,23,4,False,
STR-002,2025-03-04,0,0,False,
STR-002,2025-03-04,1,0,False,
STR-002,2025-03-04,2,0,False,
STR-002,2025-03-04,3,0,False,
STR-002,2025-03-04,4,0,False,
STR-002,2025-03-04,5,0,False,
STR-002,2025-03-04,6,6,False,
STR-002,2025-03-04,7,13,False,
STR-002,2025-03-04,8,10,False,
STR-002,2025-03-04,9,13,False,
STR-002,2025-03-04,10,19,False,
STR-002,2025-03-04,11,24,False,
STR-002,2025-03-04,12,33,False,
STR-002,2025-03-04,13,33,False,
STR-002,2025-03-04,14,20,False,
STR-002,2025-03-04,15,17,False,
STR-002,2025-03-04,16,18,False,
STR-002,2025-03-04,17,28,False,
STR-002,2025-03-04,18,31,False,
STR-002,2025-03-04,19,33,False,
STR-002,2025-03-04,20,37,False,
STR-002,2025-03-04,21,29,False,
STR-002,2025-03-04,22,7,False,
STR-002,2025-03-04,23,3,False,
STR-002,2025-03-05,0,0,False,
STR-002,2025-03-05,1,0,False,
STR-002,2025-03-05,2,0,False,
STR-002,2025-03-05,3,0,False,
STR-002,2025-03-05,4,0,False,
STR-002,2025-03-05,5,0,False,
STR-002,2025-03-05,6,2,False,
STR-002,2025-03-05,7,5,False,
STR-002,2025-03-05,8,6,False,
STR-002,2025-03-05,9,16,False,
STR-002,2025-03-05,10,18,False,
STR-002,2025-03-05,11,13,False,
STR-002,2025-03-05,12,23,False,
STR-002,2025-03-05,13,16,False,
STR-002,2025-03-05,14,15,False,
STR-002,2025-03-05,15,12,False,
STR-002,2025-03-05,16,15,False,
STR-002,2025-03-05,17,21,False,
STR-002,2025-03-05,18,29,False,
STR-002,2025-03-05,19,28,False,
STR-002,2025-03-05,20,26,False,
STR-002,2025-03-05,21,21,False,
STR-002,2025-03-05,22,5,False,
STR-002,2025-03-05,23,4,False,
STR-002,2025-03-06,0,0,False,
STR-002,2025-03-06,1,0,False,
STR-002,2025-03-06,2,0,False,
STR-002,2025-03-06,3,0,False,
STR-002,2025-03-06,4,0,False,
STR-002,2025-03-06,5,0,False,
STR-002,2025-03-06,6,5,False,
STR-002,2025-03-06,7,6,False,
STR-002,2025-03-06,8,7,False,
STR-002,2025-03-06,9,21,False,
STR-002,2025-03-06,10,20,False,
STR-002,2025-03-06,11,26,False,
STR-002,2025-03-06,12,34,False,
STR-002,2025-03-06,13,23,False,
STR-002,2025-03-06,14,18,False,
STR-002,2025-03-06,15,30,False,
STR-002,2025-03-06,16,20,False,
STR-002,2025-03-06,17,21,False,
STR-002,2025-03-06,18,25,False,
STR-002,2025-03-06,19,37,False,
STR-002,2025-03-06,20,41,False,
STR-002,2025-03-06,21,25,False,
STR-002,2025-03-06,22,6,False,
STR-002,2025-03-06,23,2,False,
STR-002,2025-03-07,0,0,False,
STR-002,2025-03-07,1,0,False,
STR-002,2025-03-07,2,0,False,
STR-002,2025-03-07,3,0,False,
STR-002,2025-03-07,4,0,False,
STR-002,2025-03-07,5,0,False,
STR-002,2025-03-07,6,6,False,
STR-002,2025-03-07,7,9,False,
STR-002,2025-03-07,8,7,False,
STR-002,2025-03-07,9,8,False,
STR-002,2025-03-07,10,24,False,
STR-002,2025-03-07,11,19,False,
STR-002,2025-03-07,12,30,False,
STR-002,2025-03-07,13,20,False,
STR-002,2025-03-07,14,22,False,
STR-002,2025-03-07,15,21,False,
STR-002,2025-03-07,16,14,False,
STR-002,2025-03-07,17,10,False,
STR-002,2025-03-07,18,42,False,
STR-002,2025-03-07,19,33,False,
STR-002,2025-03-07,20,23,False,
STR-002,2025-03-07,21,19,False,
STR-002,2025-03-07,22,7,False,
STR-002,2025-03-07,23,2,False,
STR-002,2025-03-08,0,0,True,Holi
STR-002,2025-03-08,1,0,True,Holi
STR-002,2025-03-08,2,0,True,Holi
STR-002,2025-03-08,3,0,True,Holi
STR-002,2025-03-08,4,0,True,Holi
STR-002,2025-03-08,5,0,True,Holi
STR-002,2025-03-08,6,9,True,Holi
STR-002,2025-03-08,7,20,True,Holi
STR-002,2025-03-08,8,27,True,Holi
STR-002,2025-03-08,9,31,True,Holi
STR-002,2025-03-08,10,39,True,Holi
STR-002,2025-03-08,11,35,True,Holi
STR-002,2025-03-08,12,55,True,Holi
STR-002,2025-03-08,13,51,True,Holi
STR-002,2025-03-08,14,35,True,Holi
STR-002,2025-03-08,15,46,True,Holi
STR-002,2025-03-08,16,37,True,Holi
STR-002,2025-03-08,17,43,True,Holi
STR-002,2025-03-08,18,80,True,Holi
STR-002,2025-03-08,19,84,True,Holi
STR-002,2025-03-08,20,71,True,Holi
STR-002,2025-03-08,21,46,True,Holi
STR-002,2025-03-08,22,20,True,Holi
STR-002,2025-03-08,23,7,True,Holi
STR-002,2025-03-09,0,0,True,
STR-002,2025-03-09,1,0,True,
STR-002,2025-03-09,2,0,True,
STR-002,2025-03-09,3,0,True,
STR-002,2025-03-09,4,0,True,
STR-002,2025-03-09,5,0,True,
STR-002,2025-03-09,6,7,True,
STR-002,2025-03-09,7,16,True,
STR-002,2025-03-09,8,17,True,
STR-002,2025-03-09,9,21,True,
STR-002,2025-03-09,10,33,True,
STR-002,2025-03-09,11,19,True,
STR-002,2025-03-09,12,33,True,
STR-002,2025-03-09,13,33,True,
STR-002,2025-03-09,14,26,True,
STR-002,2025-03-09,15,24,True,
STR-002,2025-03-09,16,24,True,
STR-002,2025-03-09,17,20,True,
STR-002,2025-03-09,18,28,True,
STR-002,2025-03-09,19,38,True,
STR-002,2025-03-09,20,48,True,
STR-002,2025-03-09,21,30,True,
STR-002,2025-03-09,22,9,True,
STR-002,2025-03-09,23,2,True,
STR-002,2025-03-10,0,0,False,
STR-002,2025-03-10,1,0,False,
STR-002,2025-03-10,2,0,False,
STR-002,2025-03-10,3,0,False,
STR-002,2025-03-10,4,0,False,
STR-002,2025-03-10,5,0,False,
STR-002,2025-03-10,6,4,False,
STR-002,2025-03-10,7,3,False,
STR-002,2025-03-10,8,6,False,
STR-002,2025-03-10,9,14,False,
STR-002,2025-03-10,10,20,False,
STR-002,2025-03-10,11,16,False,
STR-002,2025-03-10,12,31,False,
STR-002,2025-03-10,13,17,False,
STR-002,2025-03-10,14,12,False,
STR-002,2025-03-10,15,17,False,
STR-002,2025-03-10,16,13,False,
STR-002,2025-03-10,17,18,False,
STR-002,2025-03-10,18,25,False,
STR-002,2025-03-10,19,32,False,
STR-002,2025-03-10,20,21,False,
STR-002,2025-03-10,21,21,False,
STR-002,2025-03-10,22,8,False,
STR-002,2025-03-10,23,2,False,
STR-002,2025-03-11,0,0,False,
STR-002,2025-03-11,1,0,False,
STR-002,2025-03-11,2,0,False,
STR-002,2025-03-11,3,0,False,
STR-002,2025-03-11,4,0,False,
STR-002,2025-03-11,5,0,False,
STR-002,2025-03-11,6,6,False,
STR-002,2025-03-11,7,9,False,
STR-002,2025-03-11,8,17,False,
STR-002,2025-03-11,9,15,False,
STR-002,2025-03-11,10,14,False,
STR-002,2025-03-11,11,25,False,
STR-002,2025-03-11,12,22,False,
STR-002,2025-03-11,13,35,False,
STR-002,2025-03-11,14,20,False,
STR-002,2025-03-11,15,12,False,
STR-002,2025-03-11,16,26,False,
STR-002,2025-03-11,17,22,False,
STR-002,2025-03-11,18,29,False,
STR-002,2025-03-11,19,27,False,
STR-002,2025-03-11,20,33,False,
STR-002,2025-03-11,21,32,False,
STR-002,2025-03-11,22,9,False,
STR-002,2025-03-11,23,4,False,
STR-002,2025-03-12,0,0,False,
STR-002,2025-03-12,1,0,False,
STR-002,2025-03-12,2,0,False,
STR-002,2025-03-12,3,0,False,
STR-002,2025-03-12,4,0,False,
STR-002,2025-03-12,5,0,False,
STR-002,2025-03-12,6,2,False,
STR-002,2025-03-12,7,10,False,
STR-002,2025-03-12,8,11,False,
STR-002,2025-03-12,9,23,False,
STR-002,2025-03-12,10,23,False,
STR-002,2025-03-12,11,19,False,
STR-002,2025-03-12,12,24,False,
STR-002,2025-03-12,13,25,False,
STR-002,2025-03-12,14,19,False,
STR-002,2025-03-12,15,19,False,
STR-002,2025-03-12,16,25,False,
STR-002,2025-03-12,17,18,False,
STR-002,2025-03-12,18,36,False,
STR-002,2025-03-12,19,31,False,
STR-002,2025-03-12,20,29,False,
STR-002,2025-03-12,21,24,False,
STR-002,2025-03-12,22,9,False,
STR-002,2025-03-12,23,2,False,
STR-002,2025-03-13,0,0,False,
STR-002,2025-03-13,1,0,False,
STR-002,2025-03-13,2,0,False,
STR-002,2025-03-13,3,0,False,
STR-002,2025-03-13,4,0,False,
STR-002,2025-03-13,5,0,False,
STR-002,2025-03-13,6,6,False,
STR-002,2025-03-13,7,8,False,
STR-002,2025-03-13,8,7,False,
STR-002,2025-03-13,9,19,False,
STR-002,2025-03-13,10,27,False,
STR-002,2025-03-13,11,19,False,
STR-002,2025-03-13,12,27,False,
STR-002,2025-03-13,13,25,False,
STR-002,2025-03-13,14,23,False,
STR-002,2025-03-13,15,31,False,
STR-002,2025-03-13,16,22,False,
STR-002,2025-03-13,17,21,False,
STR-002,2025-03-13,18,38,False,
STR-002,2025-03-13,19,35,False,
STR-002,2025-03-13,20,34,False,
STR-002,2025-03-13,21,19,False,
STR-002,2025-03-13,22,7,False,
STR-002,2025-03-13,23,4,False,
STR-002,2025-03-14,0,0,False,
STR-002,2025-03-14,1,0,False,
STR-002,2025-03-14,2,0,False,
STR-002,2025-03-14,3,0,False,
STR-002,2025-03-14,4,0,False,
STR-002,2025-03-14,5,0,False,
STR-002,2025-03-14,6,5,False,
STR-002,2025-03-14,7,2,False,
STR-002,2025-03-14,8,13,False,
STR-002,2025-03-14,9,20,False,
STR-002,2025-03-14,10,17,False,
STR-002,2025-03-14,11,19,False,
STR-002,2025-03-14,12,24,False,
STR-002,2025-03-14,13,25,False,
STR-002,2025-03-14,14,31,False,
STR-002,2025-03-14,15,19,False,
STR-002,2025-03-14,16,15,False,
STR-002,2025-03-14,17,20,False,
STR-002,2025-03-14,18,38,False,
STR-002,2025-03-14,19,33,False,
STR-002,2025-03-14,20,25,False,
STR-002,2025-03-14,21,20,False,
STR-002,2025-03-14,22,8,False,
STR-002,2025-03-14,23,4,False,
STR-002,2025-03-15,0,0,True,
STR-002,2025-03-15,1,0,True,
STR-002,2025-03-15,2,0,True,
STR-002,2025-03-15,3,0,True,
STR-002,2025-03-15,4,0,True,
STR-002,2025-03-15,5,0,True,
STR-002,2025-03-15,6,5,True,
STR-002,2025-03-15,7,9,True,
STR-002,2025-03-15,8,17,True,
STR-002,2025-03-15,9,19,True,
STR-002,2025-03-15,10,23,True,
STR-002,2025-03-15,11,26,True,
STR-002,2025-03-15,12,40,True,
STR-002,2025-03-15,13,32,True,
STR-002,2025-03-15,14,40,True,
STR-002,2025-03-15,15,27,True,
STR-002,2025-03-15,16,31,True,
STR-002,2025-03-15,17,27,True,
STR-002,2025-03-15,18,32,True,
STR-002,2025-03-15,19,62,True,
STR-002,2025-03-15,20,46,True,
STR-002,2025-03-15,21,28,True,
STR-002,2025-03-15,22,16,True,
STR-002,2025-03-15,23,3,True,
STR-002,2025-03-16,0,0,True,
STR-002,2025-03-16,1,0,True,
STR-002,2025-03-16,2,0,True,
STR-002,2025-03-16,3,0,True,
STR-002,2025-03-16,4,0,True,
STR-002,2025-03-16,5,0,True,
STR-002,2025-03-16,6,7,True,
STR-002,2025-03-16,7,5,True,
STR-002,2025-03-16,8,13,True,
STR-002,2025-03-16,9,20,True,
STR-002,2025-03-16,10,24,True,
STR-002,2025-03-16,11,26,True,
STR-002,2025-03-16,12,28,True,
STR-002,2025-03-16,13,35,True,
STR-002,2025-03-16,14,29,True,
STR-002,2025-03-16,15,23,True,
STR-002,2025-03-16,16,23,True,
STR-002,2025-03-16,17,29,True,
STR-002,2025-03-16,18,36,True,
STR-002,2025-03-16,19,41,True,
STR-002,2025-03-16,20,28,True,
STR-002,2025-03-16,21,28,True,
STR-002,2025-03-16,22,12,True,
STR-002,2025-03-16,23,3,True,
STR-002,2025-03-17,0,0,False,
STR-002,2025-03-17,1,0,False,
STR-002,2025-03-17,2,0,False,
STR-002,2025-03-17,3,0,False,
STR-002,2025-03-17,4,0,False,
STR-002,2025-03-17,5,0,False,
STR-002,2025-03-17,6,7,False,
STR-002,2025-03-17,7,8,False,
STR-002,2025-03-17,8,18,False,
STR-002,2025-03-17,9,20,False,
STR-002,2025-03-17,10,22,False,
STR-002,2025-03-17,11,14,False,
STR-002,2025-03-17,12,33,False,
STR-002,2025-03-17,13,20,False,
STR-002,2025-03-17,14,21,False,
STR-002,2025-03-17,15,25,False,
STR-002,2025-03-17,16,22,False,
STR-002,2025-03-17,17,27,False,
STR-002,2025-03-17,18,28,False,
STR-002,2025-03-17,19,49,False,
STR-002,2025-03-17,20,20,False,
STR-002,2025-03-17,21,24,False,
STR-002,2025-03-17,22,9,False,
STR-002,2025-03-17,23,4,False,
STR-002,2025-03-18,0,0,False,
STR-002,2025-03-18,1,0,False,
STR-002,2025-03-18,2,0,False,
STR-002,2025-03-18,3,0,False,
STR-002,2025-03-18,4,0,False,
STR-002,2025-03-18,5,0,False,
STR-002,2025-03-18,6,1,False,
STR-002,2025-03-18,7,7,False,
STR-002,2025-03-18,8,9,False,
STR-002,2025-03-18,9,16,False,
STR-002,2025-03-18,10,17,False,
STR-002,2025-03-18,11,18,False,
STR-002,2025-03-18,12,35,False,
STR-002,2025-03-18,13,25,False,
STR-002,2025-03-18,14,20,False,
STR-002,2025-03-18,15,22,False,
STR-002,2025-03-18,16,17,False,
STR-002,2025-03-18,17,16,False,
STR-002,2025-03-18,18,21,False,
STR-002,2025-03-18,19,33,False,
STR-002,2025-03-18,20,22,False,
STR-002,2025-03-18,21,21,False,
STR-002,2025-03-18,22,11,False,
STR-002,2025-03-18,23,7,False,
STR-002,2025-03-19,0,0,False,
STR-002,2025-03-19,1,0,False,
STR-002,2025-03-19,2,0,False,
STR-002,2025-03-19,3,0,False,
STR-002,2025-03-19,4,0,False,
STR-002,2025-03-19,5,0,False,
STR-002,2025-03-19,6,6,False,
STR-002,2025-03-19,7,10,False,
STR-002,2025-03-19,8,7,False,
STR-002,2025-03-19,9,16,False,
STR-002,2025-03-19,10,23,False,
STR-002,2025-03-19,11,21,False,
STR-002,2025-03-19,12,30,False,
STR-002,2025-03-19,13,22,False,
STR-002,2025-03-19,14,19,False,
STR-002,2025-03-19,15,23,False,
STR-002,2025-03-19,16,23,False,
STR-002,2025-03-19,17,15,False,
STR-002,2025-03-19,18,27,False,
STR-002,2025-03-19,19,45,False,
STR-002,2025-03-19,20,28,False,
STR-002,2025-03-19,21,13,False,
STR-002,2025-03-19,22,10,False,
STR-002,2025-03-19,23,3,False,
STR-002,2025-03-20,0,0,False,
STR-002,2025-03-20,1,0,False,
STR-002,2025-03-20,2,0,False,
STR-002,2025-03-20,3,0,False,
STR-002,2025-03-20,4,0,False,
STR-002,2025-03-20,5,0,False,
STR-002,2025-03-20,6,3,False,
STR-002,2025-03-20,7,7,False,
STR-002,2025-03-20,8,7,False,
STR-002,2025-03-20,9,10,False,
STR-002,2025-03-20,10,13,False,
STR-002,2025-03-20,11,15,False,
STR-002,2025-03-20,12,30,False,
STR-002,2025-03-20,13,20,False,
STR-002,2025-03-20,14,16,False,
STR-002,2025-03-20,15,7,False,
STR-002,2025-03-20,16,19,False,
STR-002,2025-03-20,17,14,False,
STR-002,2025-03-20,18,31,False,
STR-002,2025-03-20,19,29,False,
STR-002,2025-03-20,20,24,False,
STR-002,2025-03-20,21,21,False,
STR-002,2025-03-20,22,7,False,
STR-002,2025-03-20,23,4,False,
STR-002,2025-03-21,0,0,False,
STR-002,2025-03-21,1,0,False,
STR-002,2025-03-21,2,0,False,
STR-002,2025-03-21,3,0,False,
STR-002,2025-03-21,4,0,False,
STR-002,2025-03-21,5,0,False,
STR-002,2025-03-21,6,2,False,
STR-002,2025-03-21,7,7,False,
STR-002,2025-03-21,8,13,False,
STR-002,2025-03-21,9,13,False,
STR-002,2025-03-21,10,16,False,
STR-002,2025-03-21,11,15,False,
STR-002,2025-03-21,12,27,False,
STR-002,2025-03-21,13,27,False,
STR-002,2025-03-21,14,23,False,
STR-002,2025-03-21,15,15,False,
STR-002,2025-03-21,16,23,False,
STR-002,2025-03-21,17,20,False,
STR-002,2025-03-21,18,24,False,
STR-002,2025-03-21,19,32,False,
STR-002,2025-03-21,20,27,False,
STR-002,2025-03-21,21,16,False,
STR-002,2025-03-21,22,6,False,
STR-002,2025-03-21,23,4,False,
STR-002,2025-03-22,0,0,True,
STR-002,2025-03-22,1,0,True,
STR-002,2025-03-22,2,0,True,
STR-002,2025-03-22,3,0,True,
STR-002,2025-03-22,4,0,True,
STR-002,2025-03-22,5,0,True,
STR-002,2025-03-22,6,3,True,
STR-002,2025-03-22,7,20,True,
STR-002,2025-03-22,8,13,True,
STR-002,2025-03-22,9,31,True,
STR-002,2025-03-22,10,31,True,
STR-002,2025-03-22,11,23,True,
STR-002,2025-03-22,12,40,True,
STR-002,2025-03-22,13,31,True,
STR-002,2025-03-22,14,11,True,
STR-002,2025-03-22,15,23,True,
STR-002,2025-03-22,16,29,True,
STR-002,2025-03-22,17,24,True,
STR-002,2025-03-22,18,43,True,
STR-002,2025-03-22,19,48,True,
STR-002,2025-03-22,20,37,True,
STR-002,2025-03-22,21,39,True,
STR-002,2025-03-22,22,8,True,
STR-002,2025-03-22,23,4,True,
STR-002,2025-03-23,0,0,True,
STR-002,2025-03-23,1,0,True,
STR-002,2025-03-23,2,0,True,
STR-002,2025-03-23,3,0,True,
STR-002,2025-03-23,4,0,True,
STR-002,2025-03-23,5,0,True,
STR-002,2025-03-23,6,4,True,
STR-002,2025-03-23,7,5,True,
STR-002,2025-03-23,8,16,True,
STR-002,2025-03-23,9,25,True,
STR-002,2025-03-23,10,26,True,
STR-002,2025-03-23,11,28,True,
STR-002,2025-03-23,12,36,True,
STR-002,2025-03-23,13,30,True,
STR-002,2025-03-23,14,18,True,
STR-002,2025-03-23,15,26,True,
STR-002,2025-03-23,16,26,True,
STR-002,2025-03-23,17,24,True,
STR-002,2025-03-23,18,52,True,
STR-002,2025-03-23,19,52,True,
STR-002,2025-03-23,20,43,True,
STR-002,2025-03-23,21,32,True,
STR-002,2025-03-23,22,11,True,
STR-002,2025-03-23,23,7,True,
STR-002,2025-03-24,0,0,False,
STR-002,2025-03-24,1,0,False,
STR-002,2025-03-24,2,0,False,
STR-002,2025-03-24,3,0,False,
STR-002,2025-03-24,4,0,False,
STR-002,2025-03-24,5,0,False,
STR-002,2025-03-24,6,4,False,
STR-002,2025-03-24,7,3,False,
STR-002,2025-03-24,8,8,False,
STR-002,2025-03-24,9,14,False,
STR-002,2025-03-24,10,21,False,
STR-002,2025-03-24,11,22,False,
STR-002,2025-03-24,12,31,False,
STR-002,2025-03-24,13,25,False,
STR-002,2025-03-24,14,19,False,
STR-002,2025-03-24,15,16,False,
STR-002,2025-03-24,16,14,False,
STR-002,2025-03-24,17,23,False,
STR-002,2025-03-24,18,29,False,
STR-002,2025-03-24,19,25,False,
STR-002,2025-03-24,20,34,False,
STR-002,2025-03-24,21,27,False,
STR-002,2025-03-24,22,6,False,
STR-002,2025-03-24,23,4,False,
STR-002,2025-03-25,0,0,False,
STR-002,2025-03-25,1,0,False,
STR-002,2025-03-25,2,0,False,
STR-002,2025-03-25,3,0,False,
STR-002,2025-03-25,4,0,False,
STR-002,2025-03-25,5,0,False,
STR-002,2025-03-25,6,4,False,
STR-002,2025-03-25,7,6,False,
STR-002,2025-03-25,8,9,False,
STR-002,2025-03-25,9,15,False,
STR-002,2025-03-25,10,19,False,
STR-002,2025-03-25,11,19,False,
STR-002,2025-03-25,12,24,False,
STR-002,2025-03-25,13,26,False,
STR-002,2025-03-25,14,16,False,
STR-002,2025-03-25,15,23,False,
STR-002,2025-03-25,16,16,False,
STR-002,2025-03-25,17,22,False,
STR-002,2025-03-25,18,32,False,
STR-002,2025-03-25,19,43,False,
STR-002,2025-03-25,20,37,False,
STR-002,2025-03-25,21,25,False,
STR-002,2025-03-25,22,8,False,
STR-002,2025-03-25,23,3,False,
STR-002,2025-03-26,0,0,False,
STR-002,2025-03-26,1,0,False,
STR-002,2025-03-26,2,0,False,
STR-002,2025-03-26,3,0,False,
STR-002,2025-03-26,4,0,False,
STR-002,2025-03-26,5,0,False,
STR-002,2025-03-26,6,4,False,
STR-002,2025-03-26,7,11,False,
STR-002,2025-03-26,8,12,False,
STR-002,2025-03-26,9,16,False,
STR-002,2025-03-26,10,14,False,
STR-002,2025-03-26,11,17,False,
STR-002,2025-03-26,12,29,False,
STR-002,2025-03-26,13,15,False,
STR-002,2025-03-26,14,26,False,
STR-002,2025-03-26,15,16,False,
STR-002,2025-03-26,16,22,False,
STR-002,2025-03-26,17,11,False,
STR-002,2025-03-26,18,22,False,
STR-002,2025-03-26,19,27,False,
STR-002,2025-03-26,20,24,False,
STR-002,2025-03-26,21,21,False,
STR-002,2025-03-26,22,8,False,
STR-002,2025-03-26,23,3,False,
STR-002,2025-03-27,0,0,False,
STR-002,2025-03-27,1,0,False,
STR-002,2025-03-27,2,0,False,
STR-002,2025-03-27,3,0,False,
STR-002,2025-03-27,4,0,False,
STR-002,2025-03-27,5,0,False,
STR-002,2025-03-27,6,8,False,
STR-002,2025-03-27,7,7,False,
STR-002,2025-03-27,8,18,False,
STR-002,2025-03-27,9,15,False,
STR-002,2025-03-27,10,36,False,
STR-002,2025-03-27,11,22,False,
STR-002,2025-03-27,12,38,False,
STR-002,2025-03-27,13,26,False,
STR-002,2025-03-27,14,24,False,
STR-002,2025-03-27,15,18,False,
STR-002,2025-03-27,16,16,False,
STR-002,2025-03-27,17,28,False,
STR-002,2025-03-27,18,32,False,
STR-002,2025-03-27,19,46,False,
STR-002,2025-03-27,20,28,False,
STR-002,2025-03-27,21,26,False,
STR-002,2025-03-27,22,6,False,
STR-002,2025-03-27,23,6,False,
STR-002,2025-03-28,0,0,False,
STR-002,2025-03-28,1,0,False,
STR-002,2025-03-28,2,0,False,
STR-002,2025-03-28,3,0,False,
STR-002,2025-03-28,4,0,False,
STR-002,2025-03-28,5,0,False,
STR-002,2025-03-28,6,5,False,
STR-002,2025-03-28,7,7,False,
STR-002,2025-03-28,8,17,False,
STR-002,2025-03-28,9,15,False,
STR-002,2025-03-28,10,24,False,
STR-002,2025-03-28,11,21,False,
STR-002,2025-03-28,12,23,False,
STR-002,2025-03-28,13,23,False,
STR-002,2025-03-28,14,24,False,
STR-002,2025-03-28,15,15,False,
STR-002,2025-03-28,16,17,False,
STR-002,2025-03-28,17,16,False,
STR-002,2025-03-28,18,35,False,
STR-002,2025-03-28,19,33,False,
STR-002,2025-03-28,20,44,False,
STR-002,2025-03-28,21,22,False,
STR-002,2025-03-28,22,8,False,
STR-002,2025-03-28,23,1,False,
STR-002,2025-03-29,0,0,True,
STR-002,2025-03-29,1,0,True,
STR-002,2025-03-29,2,0,True,
STR-002,2025-03-29,3,0,True,
STR-002,2025-03-29,4,0,True,
STR-002,2025-03-29,5,0,True,
STR-002,2025-03-29,6,6,True,
STR-002,2025-03-29,7,6,True,
STR-002,2025-03-29,8,18,True,
STR-002,2025-03-29,9,14,True,
STR-002,2025-03-29,10,18,True,
STR-002,2025-03-29,11,21,True,
STR-002,2025-03-29,12,35,True,
STR-002,2025-03-29,13,24,True,
STR-002,2025-03-29,14,30,True,
STR-002,2025-03-29,15,18,True,
STR-002,2025-03-29,16,16,True,
STR-002,2025-03-29,17,27,True,
STR-002,2025-03-29,18,37,True,
STR-002,2025-03-29,19,32,True,
STR-002,2025-03-29,20,44,True,
STR-002,2025-03-29,21,26,True,
STR-002,2025-03-29,22,8,True,
STR-002,2025-03-29,23,4,True,
STR-002,2025-03-30,0,0,True,
STR-002,2025-03-30,1,0,True,
STR-002,2025-03-30,2,0,True,
STR-002,2025-03-30,3,0,True,
STR-002,2025-03-30,4,0,True,
STR-002,2025-03-30,5,0,True,
STR-002,2025-03-30,6,2,True,
STR-002,2025-03-30,7,9,True,
STR-002,2025-03-30,8,9,True,
STR-002,2025-03-30,9,28,True,
STR-002,2025-03-30,10,31,True,
STR-002,2025-03-30,11,25,True,
STR-002,2025-03-30,12,35,True,
STR-002,2025-03-30,13,21,True,
STR-002,2025-03-30,14,20,True,
STR-002,2025-03-30,15,37,True,
STR-002,2025-03-30,16,30,True,
STR-002,2025-03-30,17,20,True,
STR-002,2025-03-30,18,44,True,
STR-002,2025-03-30,19,48,True,
STR-002,2025-03-30,20,41,True,
STR-002,2025-03-30,21,37,True,
STR-002,2025-03-30,22,13,True,
STR-002,2025-03-30,23,6,True,
STR-002,2025-03-31,0,0,False,
STR-002,2025-03-31,1,0,False,
STR-002,2025-03-31,2,0,False,
STR-002,2025-03-31,3,0,False,
STR-002,2025-03-31,4,0,False,
STR-002,2025-03-31,5,0,False,
STR-002,2025-03-31,6,7,False,
STR-002,2025-03-31,7,12,False,
STR-002,2025-03-31,8,19,False,
STR-002,2025-03-31,9,23,False,
STR-002,2025-03-31,10,17,False,
STR-002,2025-03-31,11,29,False,
STR-002,2025-03-31,12,43,False,
STR-002,2025-03-31,13,19,False,
STR-002,2025-03-31,14,18,False,
STR-002,2025-03-31,15,20,False,
STR-002,2025-03-31,16,17,False,
STR-002,2025-03-31,17,23,False,
STR-002,2025-03-31,18,29,False,
STR-002,2025-03-31,19,41,False,
STR-002,2025-03-31,20,31,False,
STR-002,2025-03-31,21,22,False,
STR-002,2025-03-31,22,10,False,
STR-002,2025-03-31,23,4,False,
STR-003,2024-10-02,0,0,False,Gandhi Jayanti
STR-003,2024-10-02,1,0,False,Gandhi Jayanti
STR-003,2024-10-02,2,0,False,Gandhi Jayanti
STR-003,2024-10-02,3,0,False,Gandhi Jayanti
STR-003,2024-10-02,4,0,False,Gandhi Jayanti
STR-003,2024-10-02,5,0,False,Gandhi Jayanti
STR-003,2024-10-02,6,5,False,Gandhi Jayanti
STR-003,2024-10-02,7,10,False,Gandhi Jayanti
STR-003,2024-10-02,8,22,False,Gandhi Jayanti
STR-003,2024-10-02,9,16,False,Gandhi Jayanti
STR-003,2024-10-02,10,46,False,Gandhi Jayanti
STR-003,2024-10-02,11,32,False,Gandhi Jayanti
STR-003,2024-10-02,12,44,False,Gandhi Jayanti
STR-003,2024-10-02,13,45,False,Gandhi Jayanti
STR-003,2024-10-02,14,26,False,Gandhi Jayanti
STR-003,2024-10-02,15,36,False,Gandhi Jayanti
STR-003,2024-10-02,16,33,False,Gandhi Jayanti
STR-003,2024-10-02,17,30,False,Gandhi Jayanti
STR-003,2024-10-02,18,51,False,Gandhi Jayanti
STR-003,2024-10-02,19,58,False,Gandhi Jayanti
STR-003,2024-10-02,20,37,False,Gandhi Jayanti
STR-003,2024-10-02,21,40,False,Gandhi Jayanti
STR-003,2024-10-02,22,13,False,Gandhi Jayanti
STR-003,2024-10-02,23,9,False,Gandhi Jayanti
STR-003,2024-10-03,0,0,False,
STR-003,2024-10-03,1,0,False,
STR-003,2024-10-03,2,0,False,
STR-003,2024-10-03,3,0,False,
STR-003,2024-10-03,4,0,False,
STR-003,2024-10-03,5,0,False,
STR-003,2024-10-03,6,3,False,
STR-003,2024-10-03,7,6,False,
STR-003,2024-10-03,8,10,False,
STR-003,2024-10-03,9,16,False,
STR-003,2024-10-03,10,19,False,
STR-003,2024-10-03,11,20,False,
STR-003,2024-10-03,12,19,False,
STR-003,2024-10-03,13,23,False,
STR-003,2024-10-03,14,15,False,
STR-003,2024-10-03,15,23,False,
STR-003,2024-10-03,16,22,False,
STR-003,2024-10-03,17,21,False,
STR-003,2024-10-03,18,30,False,
STR-003,2024-10-03,19,27,False,
STR-003,2024-10-03,20,33,False,
STR-003,2024-10-03,21,23,False,
STR-003,2024-10-03,22,8,False,
STR-003,2024-10-03,23,7,False,
STR-003,2024-10-04,0,0,False,
STR-003,2024-10-04,1,0,False,
STR-003,2024-10-04,2,0,False,
STR-003,2024-10-04,3,0,False,
STR-003,2024-10-04,4,0,False,
STR-003,2024-10-04,5,0,False,
STR-003,2024-10-04,6,1,False,
STR-003,2024-10-04,7,11,False,
STR-003,2024-10-04,8,12,False,
STR-003,2024-10-04,9,18,False,
STR-003,2024-10-04,10,21,False,
STR-003,2024-10-04,11,25,False,
STR-003,2024-10-04,12,40,False,
STR-003,2024-10-04,13,35,False,
STR-003,2024-10-04,14,29,False,
STR-003,2024-10-04,15,20,False,
STR-003,2024-10-04,16,16,False,
STR-003,2024-10-04,17,36,False,
STR-003,2024-10-04,18,44,False,
STR-003,2024-10-04,19,29,False,
STR-003,2024-10-04,20,40,False,
STR-003,2024-10-04,21,28,False,
STR-003,2024-10-04,22,8,False,
STR-003,2024-10-04,23,5,False,
STR-003,2024-10-05,0,0,True,
STR-003,2024-10-05,1,0,True,
STR-003,2024-10-05,2,0,True,
STR-003,2024-10-05,3,0,True,
STR-003,2024-10-05,4,0,True,
STR-003,2024-10-05,5,0,True,
STR-003,2024-10-05,6,5,True,
STR-003,2024-10-05,7,8,True,
STR-003,2024-10-05,8,16,True,
STR-003,2024-10-05,9,15,True,
STR-003,2024-10-05,10,20,True,
STR-003,2024-10-05,11,26,True,
STR-003,2024-10-05,12,32,True,
STR-003,2024-10-05,13,21,True,
STR-003,2024-10-05,14,20,True,
STR-003,2024-10-05,15,22,True,
STR-003,2024-10-05,16,26,True,
STR-003,2024-10-05,17,22,True,
STR-003,2024-10-05,18,33,True,
STR-003,2024-10-05,19,43,True,
STR-003,2024-10-05,20,31,True,
STR-003,2024-10-05,21,33,True,
STR-003,2024-10-05,22,10,True,
STR-003,2024-10-05,23,7,True,
STR-003,2024-10-06,0,0,True,
STR-003,2024-10-06,1,0,True,
STR-003,2024-10-06,2,0,True,
STR-003,2024-10-06,3,0,True,
STR-003,2024-10-06,4,0,True,
STR-003,2024-10-06,5,0,True,
STR-003,2024-10-06,6,8,True,
STR-003,2024-10-06,7,10,True,
STR-003,2024-10-06,8,16,True,
STR-003,2024-10-06,9,28,True,
STR-003,2024-10-06,10,31,True,
STR-003,2024-10-06,11,24,True,
STR-003,2024-10-06,12,30,True,
STR-003,2024-10-06,13,40,True,
STR-003,2024-10-06,14,30,True,
STR-003,2024-10-06,15,38,True,
STR-003,2024-10-06,16,26,True,
STR-003,2024-10-06,17,22,True,
STR-003,2024-10-06,18,49,True,
STR-003,2024-10-06,19,46,True,
STR-003,2024-10-06,20,48,True,
STR-003,2024-10-06,21,32,True,
STR-003,2024-10-06,22,12,True,
STR-003,2024-10-06,23,5,True,
STR-003,2024-10-07,0,0,False,
STR-003,2024-10-07,1,0,False,
STR-003,2024-10-07,2,0,False,
STR-003,2024-10-07,3,0,False,
STR-003,2024-10-07,4,0,False,
STR-003,2024-10-07,5,0,False,
STR-003,2024-10-07,6,4,False,
STR-003,2024-10-07,7,8,False,
STR-003,2024-10-07,8,14,False,
STR-003,2024-10-07,9,20,False,
STR-003,2024-10-07,10,19,False,
STR-003,2024-10-07,11,19,False,
STR-003,2024-10-07,12,28,False,
STR-003,2024-10-07,13,23,False,
STR-003,2024-10-07,14,17,False,
STR-003,2024-10-07,15,21,False,
STR-003,2024-10-07,16,25,False,
STR-003,2024-10-07,17,23,False,
STR-003,2024-10-07,18,26,False,
STR-003,2024-10-07,19,25,False,
STR-003,2024-10-07,20,38,False,
STR-003,2024-10-07,21,27,False,
STR-003,2024-10-07,22,7,False,
STR-003,2024-10-07,23,6,False,
STR-003,2024-10-08,0,0,False,
STR-003,2024-10-08,1,0,False,
STR-003,2024-10-08,2,0,False,
STR-003,2024-10-08,3,0,False,
STR-003,2024-10-08,4,0,False,
STR-003,2024-10-08,5,0,False,
STR-003,2024-10-08,6,2,False,
STR-003,2024-10-08,7,6,False,
STR-003,2024-10-08,8,11,False,
STR-003,2024-10-08,9,17,False,
STR-003,2024-10-08,10,21,False,
STR-003,2024-10-08,11,18,False,
STR-003,2024-10-08,12,22,False,
STR-003,2024-10-08,13,25,False,
STR-003,2024-10-08,14,19,False,
STR-003,2024-10-08,15,18,False,
STR-003,2024-10-08,16,19,False,
STR-003,2024-10-08,17,17,False,
STR-003,2024-10-08,18,24,False,
STR-003,2024-10-08,19,33,False,
STR-003,2024-10-08,20,28,False,
STR-003,2024-10-08,21,26,False,
STR-003,2024-10-08,22,9,False,
STR-003,2024-10-08,23,1,False,
STR-003,2024-10-09,0,0,False,
STR-003,2024-10-09,1,0,False,
STR-003,2024-10-09,2,0,False,
STR-003,2024-10-09,3,0,False,
STR-003,2024-10-09,4,0,False,
STR-003,2024-10-09,5,0,False,
STR-003,2024-10-09,6,1,False,
STR-003,2024-10-09,7,6,False,
STR-003,2024-10-09,8,12,False,
STR-003,2024-10-09,9,16,False,
STR-003,2024-10-09,10,21,False,
STR-003,2024-10-09,11,28,False,
STR-003,2024-10-09,12,29,False,
STR-003,2024-10-09,13,28,False,
STR-003,2024-10-09,14,24,False,
STR-003,2024-10-09,15,15,False,
STR-003,2024-10-09,16,15,False,
STR-003,2024-10-09,17,12,False,
STR-003,2024-10-09,18,36,False,
STR-003,2024-10-09,19,33,False,
STR-003,2024-10-09,20,22,False,
STR-003,2024-10-09,21,29,False,
STR-003,2024-10-09,22,12,False,
STR-003,2024-10-09,23,4,False,
STR-003,2024-10-10,0,0,False,
STR-003,2024-10-10,1,0,False,
STR-003,2024-10-10,2,0,False,
STR-003,2024-10-10,3,0,False,
STR-003,2024-10-10,4,0,False,
STR-003,2024-10-10,5,0,False,
STR-003,2024-10-10,6,4,False,
STR-003,2024-10-10,7,5,False,
STR-003,2024-10-10,8,11,False,
STR-003,2024-10-10,9,15,False,
STR-003,2024-10-10,10,25,False,
STR-003,2024-10-10,11,26,False,
STR-003,2024-10-10,12,21,False,
STR-003,2024-10-10,13,23,False,
STR-003,2024-10-10,14,25,False,
STR-003,2024-10-10,15,20,False,
STR-003,2024-10-10,16,28,False,
STR-003,2024-10-10,17,18,False,
STR-003,2024-10-10,18,26,False,
STR-003,2024-10-10,19,35,False,
STR-003,2024-10-10,20,40,False,
STR-003,2024-10-10,21,33,False,
STR-003,2024-10-10,22,3,False,
STR-003,2024-10-10,23,2,False,
STR-003,2024-10-11,0,0,False,
STR-003,2024-10-11,1,0,False,
STR-003,2024-10-11,2,0,False,
STR-003,2024-10-11,3,0,False,
STR-003,2024-10-11,4,0,False,
STR-003,2024-10-11,5,0,False,
STR-003,2024-10-11,6,7,False,
STR-003,2024-10-11,7,11,False,
STR-003,2024-10-11,8,7,False,
STR-003,2024-10-11,9,9,False,
STR-003,2024-10-11,10,20,False,
STR-003,2024-10-11,11,13,False,
STR-003,2024-10-11,12,31,False,
STR-003,2024-10-11,13,29,False,
STR-003,2024-10-11,14,23,False,
STR-003,2024-10-11,15,26,False,
STR-003,2024-10-11,16,19,False,
STR-003,2024-10-11,17,19,False,
STR-003,2024-10-11,18,21,False,
STR-003,2024-10-11,19,35,False,
STR-003,2024-10-11,20,31,False,
STR-003,2024-10-11,21,18,False,
STR-003,2024-10-11,22,6,False,
STR-003,2024-10-11,23,3,False,
STR-003,2024-10-12,0,0,True,
STR-003,2024-10-12,1,0,True,
STR-003,2024-10-12,2,0,True,
STR-003,2024-10-12,3,0,True,
STR-003,2024-10-12,4,0,True,
STR-003,2024-10-12,5,0,True,
STR-003,2024-10-12,6,7,True,
STR-003,2024-10-12,7,11,True,
STR-003,2024-10-12,8,6,True,
STR-003,2024-10-12,9,25,True,
STR-003,2024-10-12,10,24,True,
STR-003,2024-10-12,11,28,True,
STR-003,2024-10-12,12,36,True,
STR-003,2024-10-12,13,32,True,
STR-003,2024-10-12,14,28,True,
STR-003,2024-10-12,15,23,True,
STR-003,2024-10-12,16,24,True,
STR-003,2024-10-12,17,29,True,
STR-003,2024-10-12,18,40,True,
STR-003,2024-10-12,19,44,True,
STR-003,2024-10-12,20,39,True,
STR-003,2024-10-12,21,34,True,
STR-003,2024-10-12,22,14,True,
STR-003,2024-10-12,23,5,True,
STR-003,2024-10-13,0,0,True,
STR-003,2024-10-13,1,0,True,
STR-003,2024-10-13,2,0,True,
STR-003,2024-10-13,3,0,True,
STR-003,2024-10-13,4,0,True,
STR-003,2024-10-13,5,0,True,
STR-003,2024-10-13,6,5,True,
STR-003,2024-10-13,7,10,True,
STR-003,2024-10-13,8,21,True,
STR-003,2024-10-13,9,21,True,
STR-003,2024-10-13,10,31,True,
STR-003,2024-10-13,11,22,True,
STR-003,2024-10-13,12,36,True,
STR-003,2024-10-13,13,30,True,
STR-003,2024-10-13,14,38,True,
STR-003,2024-10-13,15,22,True,
STR-003,2024-10-13,16,36,True,
STR-003,2024-10-13,17,33,True,
STR-003,2024-10-13,18,43,True,
STR-003,2024-10-13,19,49,True,
STR-003,2024-10-13,20,52,True,
STR-003,2024-10-13,21,41,True,
STR-003,2024-10-13,22,14,True,
STR-003,2024-10-13,23,7,True,
STR-003,2024-10-14,0,0,False,
STR-003,2024-10-14,1,0,False,
STR-003,2024-10-14,2,0,False,
STR-003,2024-10-14,3,0,False,
STR-003,2024-10-14,4,0,False,
STR-003,2024-10-14,5,0,False,
STR-003,2024-10-14,6,5,False,
STR-003,2024-10-14,7,10,False,
STR-003,2024-10-14,8,12,False,
STR-003,2024-10-14,9,18,False,
STR-003,2024-10-14,10,14,False,
STR-003,2024-10-14,11,18,False,
STR-003,2024-10-14,12,31,False,
STR-003,2024-10-14,13,28,False,
STR-003,2024-10-14,14,24,False,
STR-003,2024-10-14,15,16,False,
STR-003,2024-10-14,16,22,False,
STR-003,2024-10-14,17,17,False,
STR-003,2024-10-14,18,37,False,
STR-003,2024-10-14,19,52,False,
STR-003,2024-10-14,20,27,False,
STR-003,2024-10-14,21,29,False,
STR-003,2024-10-14,22,12,False,
STR-003,2024-10-14,23,6,False,
STR-003,2024-10-15,0,0,False,
STR-003,2024-10-15,1,0,False,
STR-003,2024-10-15,2,0,False,
STR-003,2024-10-15,3,0,False,
STR-003,2024-10-15,4,0,False,
STR-003,2024-10-15,5,0,False,
STR-003,2024-10-15,6,4,False,
STR-003,2024-10-15,7,5,False,
STR-003,2024-10-15,8,14,False,
STR-003,2024-10-15,9,10,False,
STR-003,2024-10-15,10,14,False,
STR-003,2024-10-15,11,15,False,
STR-003,2024-10-15,12,25,False,
STR-003,2024-10-15,13,18,False,
STR-003,2024-10-15,14,23,False,
STR-003,2024-10-15,15,15,False,
STR-003,2024-10-15,16,19,False,
STR-003,2024-10-15,17,21,False,
STR-003,2024-10-15,18,38,False,
STR-003,2024-10-15,19,27,False,
STR-003,2024-10-15,20,26,False,
STR-003,2024-10-15,21,21,False,
STR-003,2024-10-15,22,11,False,
STR-003,2024-10-15,23,3,False,
STR-003,2024-10-16,0,0,False,
STR-003,2024-10-16,1,0,False,
STR-003,2024-10-16,2,0,False,
STR-003,2024-10-16,3,0,False,
STR-003,2024-10-16,4,0,False,
STR-003,2024-10-16,5,0,False,
STR-003,2024-10-16,6,3,False,
STR-003,2024-10-16,7,14,False,
STR-003,2024-10-16,8,12,False,
STR-003,2024-10-16,9,16,False,
STR-003,2024-10-16,10,14,False,
STR-003,2024-10-16,11,23,False,
STR-003,2024-10-16,12,34,False,
STR-003,2024-10-16,13,20,False,
STR-003,2024-10-16,14,16,False,
STR-003,2024-10-16,15,26,False,
STR-003,2024-10-16,16,24,False,
STR-003,2024-10-16,17,22,False,
STR-003,2024-10-16,18,39,False,
STR-003,2024-10-16,19,38,False,
STR-003,2024-10-16,20,47,False,
STR-003,2024-10-16,21,27,False,
STR-003,2024-10-16,22,7,False,
STR-003,2024-10-16,23,4,False,
STR-003,2024-10-17,0,0,False,
STR-003,2024-10-17,1,0,False,
STR-003,2024-10-17,2,0,False,
STR-003,2024-10-17,3,0,False,
STR-003,2024-10-17,4,0,False,
STR-003,2024-10-17,5,0,False,
STR-003,2024-10-17,6,4,False,
STR-003,2024-10-17,7,12,False,
STR-003,2024-10-17,8,10,False,
STR-003,2024-10-17,9,12,False,
STR-003,2024-10-17,10,21,False,
STR-003,2024-10-17,11,9,False,
STR-003,2024-10-17,12,38,False,
STR-003,2024-10-17,13,15,False,
STR-003,2024-10-17,14,32,False,
STR-003,2024-10-17,15,16,False,
STR-003,2024-10-17,16,15,False,
STR-003,2024-10-17,17,18,False,
STR-003,2024-10-17,18,24,False,
STR-003,2024-10-17,19,34,False,
STR-003,2024-10-17,20,34,False,
STR-003,2024-10-17,21,33,False,
STR-003,2024-10-17,22,8,False,
STR-003,2024-10-17,23,5,False,
STR-003,2024-10-18,0,0,False,
STR-003,2024-10-18,1,0,False,
STR-003,2024-10-18,2,0,False,
STR-003,2024-10-18,3,0,False,
STR-003,2024-10-18,4,0,False,
STR-003,2024-10-18,5,0,False,
STR-003,2024-10-18,6,4,False,
STR-003,2024-10-18,7,5,False,
STR-003,2024-10-18,8,11,False,
STR-003,2024-10-18,9,13,False,
STR-003,2024-10-18,10,16,False,
STR-003,2024-10-18,11,23,False,
STR-003,2024-10-18,12,23,False,
STR-003,2024-10-18,13,24,False,
STR-003,2024-10-18,14,31,False,
STR-003,2024-10-18,15,8,False,
STR-003,2024-10-18,16,18,False,
STR-003,2024-10-18,17,14,False,
STR-003,2024-10-18,18,23,False,
STR-003,2024-10-18,19,39,False,
STR-003,2024-10-18,20,23,False,
STR-003,2024-10-18,21,27,False,
STR-003,2024-10-18,22,11,False,
STR-003,2024-10-18,23,1,False,
STR-003,2024-10-19,0,0,True,
STR-003,2024-10-19,1,0,True,
STR-003,2024-10-19,2,0,True,
STR-003,2024-10-19,3,0,True,
STR-003,2024-10-19,4,0,True,
STR-003,2024-10-19,5,0,True,
STR-003,2024-10-19,6,4,True,
STR-003,2024-10-19,7,7,True,
STR-003,2024-10-19,8,16,True,
STR-003,2024-10-19,9,20,True,
STR-003,2024-10-19,10,19,True,
STR-003,2024-10-19,11,27,True,
STR-003,2024-10-19,12,24,True,
STR-003,2024-10-19,13,29,True,
STR-003,2024-10-19,14,30,True,
STR-003,2024-10-19,15,29,True,
STR-003,2024-10-19,16,24,True,
STR-003,2024-10-19,17,30,True,
STR-003,2024-10-19,18,42,True,
STR-003,2024-10-19,19,45,True,
STR-003,2024-10-19,20,38,True,
STR-003,2024-10-19,21,33,True,
STR-003,2024-10-19,22,10,True,
STR-003,2024-10-19,23,6,True,
STR-003,2024-10-20,0,0,True,
STR-003,2024-10-20,1,0,True,
STR-003,2024-10-20,2,0,True,
STR-003,2024-10-20,3,0,True,
STR-003,2024-10-20,4,0,True,
STR-003,2024-10-20,5,0,True,
STR-003,2024-10-20,6,6,True,
STR-003,2024-10-20,7,11,True,
STR-003,2024-10-20,8,13,True,
STR-003,2024-10-20,9,22,True,
STR-003,2024-10-20,10,32,True,
STR-003,2024-10-20,11,21,True,
STR-003,2024-10-20,12,34,True,
STR-003,2024-10-20,13,35,True,
STR-003,2024-10-20,14,21,True,
STR-003,2024-10-20,15,20,True,
STR-003,2024-10-20,16,24,True,
STR-003,2024-10-20,17,22,True,
STR-003,2024-10-20,18,37,True,
STR-003,2024-10-20,19,37,True,
STR-003,2024-10-20,20,35,True,
STR-003,2024-10-20,21,33,True,
STR-003,2024-10-20,22,7,True,
STR-003,2024-10-20,23,6,True,
STR-003,2024-10-21,0,0,False,
STR-003,2024-10-21,1,0,False,
STR-003,2024-10-21,2,0,False,
STR-003,2024-10-21,3,0,False,
STR-003,2024-10-21,4,0,False,
STR-003,2024-10-21,5,0,False,
STR-003,2024-10-21,6,3,False,
STR-003,2024-10-21,7,3,False,
STR-003,2024-10-21,8,7,False,
STR-003,2024-10-21,9,18,False,
STR-003,2024-10-21,10,28,False,
STR-003,2024-10-21,11,17,False,
STR-003,2024-10-21,12,24,False,
STR-003,2024-10-21,13,25,False,
STR-003,2024-10-21,14,24,False,
STR-003,2024-10-21,15,25,False,
STR-003,2024-10-21,16,19,False,
STR-003,2024-10-21,17,15,False,
STR-003,2024-10-21,18,35,False,
STR-003,2024-10-21,19,40,False,
STR-003,2024-10-21,20,36,False,
STR-003,2024-10-21,21,33,False,
STR-003,2024-10-21,22,10,False,
STR-003,2024-10-21,23,3,False,
STR-003,2024-10-22,0,0,False,Diwali
STR-003,2024-10-22,1,0,False,Diwali
STR-003,2024-10-22,2,0,False,Diwali
STR-003,2024-10-22,3,0,False,Diwali
STR-003,2024-10-22,4,0,False,Diwali
STR-003,2024-10-22,5,0,False,Diwali
STR-003,2024-10-22,6,10,False,Diwali
STR-003,2024-10-22,7,13,False,Diwali
STR-003,2024-10-22,8,31,False,Diwali
STR-003,2024-10-22,9,37,False,Diwali
STR-003,2024-10-22,10,34,False,Diwali
STR-003,2024-10-22,11,40,False,Diwali
STR-003,2024-10-22,12,42,False,Diwali
STR-003,2024-10-22,13,32,False,Diwali
STR-003,2024-10-22,14,48,False,Diwali
STR-003,2024-10-22,15,34,False,Diwali
STR-003,2024-10-22,16,28,False,Diwali
STR-003,2024-10-22,17,33,False,Diwali
STR-003,2024-10-22,18,42,False,Diwali
STR-003,2024-10-22,19,53,False,Diwali
STR-003,2024-10-22,20,67,False,Diwali
STR-003,2024-10-22,21,42,False,Diwali
STR-003,2024-10-22,22,14,False,Diwali
STR-003,2024-10-22,23,3,False,Diwali
STR-003,2024-10-23,0,0,False,
STR-003,2024-10-23,1,0,False,
STR-003,2024-10-23,2,0,False,
STR-003,2024-10-23,3,0,False,
STR-003,2024-10-23,4,0,False,
STR-003,2024-10-23,5,0,False,
STR-003,2024-10-23,6,5,False,
STR-003,2024-10-23,7,8,False,
STR-003,2024-10-23,8,14,False,
STR-003,2024-10-23,9,10,False,
STR-003,2024-10-23,10,20,False,
STR-003,2024-10-23,11,17,False,
STR-003,2024-10-23,12,22,False,
STR-003,2024-10-23,13,30,False,
STR-003,2024-10-23,14,28,False,
STR-003,2024-10-23,15,23,False,
STR-003,2024-10-23,16,35,False,
STR-003,2024-10-23,17,28,False,
STR-003,2024-10-23,18,35,False,
STR-003,2024-10-23,19,42,False,
STR-003,2024-10-23,20,27,False,
STR-003,2024-10-23,21,28,False,
STR-003,2024-10-23,22,11,False,
STR-003,2024-10-23,23,1,False,
STR-003,2024-10-24,0,0,False,
STR-003,2024-10-24,1,0,False,
STR-003,2024-10-24,2,0,False,
STR-003,2024-10-24,3,0,False,
STR-003,2024-10-24,4,0,False,
STR-003,2024-10-24,5,0,False,
STR-003,2024-10-24,6,4,False,
STR-003,2024-10-24,7,0,False,
STR-003,2024-10-24,8,6,False,
STR-003,2024-10-24,9,20,False,
STR-003,2024-10-24,10,19,False,
STR-003,2024-10-24,11,12,False,
STR-003,2024-10-24,12,31,False,
STR-003,2024-10-24,13,19,False,
STR-003,2024-10-24,14,21,False,
STR-003,2024-10-24,15,18,False,
STR-003,2024-10-24,16,21,False,
STR-003,2024-10-24,17,11,False,
STR-003,2024-10-24,18,55,False,
STR-003,2024-10-24,19,38,False,
STR-003,2024-10-24,20,38,False,
STR-003,2024-10-24,21,23,False,
STR-003,2024-10-24,22,3,False,
STR-003,2024-10-24,23,3,False,
STR-003,2024-10-25,0,0,False,
STR-003,2024-10-25,1,0,False,
STR-003,2024-10-25,2,0,False,
STR-003,2024-10-25,3,0,False,
STR-003,2024-10-25,4,0,False,
STR-003,2024-10-25,5,0,False,
STR-003,2024-10-25,6,5,False,
STR-003,2024-10-25,7,7,False,
STR-003,2024-10-25,8,12,False,
STR-003,2024-10-25,9,17,False,
STR-003,2024-10-25,10,30,False,
STR-003,2024-10-25,11,19,False,
STR-003,2024-10-25,12,24,False,
STR-003,2024-10-25,13,18,False,
STR-003,2024-10-25,14,17,False,
STR-003,2024-10-25,15,21,False,
STR-003,2024-10-25,16,16,False,
STR-003,2024-10-25,17,13,False,
STR-003,2024-10-25,18,34,False,
STR-003,2024-10-25,19,33,False,
STR-003,2024-10-25,20,35,False,
STR-003,2024-10-25,21,27,False,
STR-003,2024-10-25,22,10,False,
STR-003,2024-10-25,23,6,False,
STR-003,2024-10-26,0,0,True,
STR-003,2024-10-26,1,0,True,
STR-003,2024-10-26,2,0,True,
STR-003,2024-10-26,3,0,True,
STR-003,2024-10-26,4,0,True,
STR-003,2024-10-26,5,0,True,
STR-003,2024-10-26,6,3,True,
STR-003,2024-10-26,7,9,True,
STR-003,2024-10-26,8,17,True,
STR-003,2024-10-26,9,23,True,
STR-003,2024-10-26,10,20,True,
STR-003,2024-10-26,11,25,True,
STR-003,2024-10-26,12,25,True,
STR-003,2024-10-26,13,29,True,
STR-003,2024-10-26,14,31,True,
STR-003,2024-10-26,15,24,True,
STR-003,2024-10-26,16,21,True,
STR-003,2024-10-26,17,19,True,
STR-003,2024-10-26,18,44,True,
STR-003,2024-10-26,19,51,True,
STR-003,2024-10-26,20,47,True,
STR-003,2024-10-26,21,34,True,
STR-003,2024-10-26,22,8,True,
STR-003,2024-10-26,23,3,True,
STR-003,2024-10-27,0,0,True,
STR-003,2024-10-27,1,0,True,
STR-003,2024-10-27,2,0,True,
STR-003,2024-10-27,3,0,True,
STR-003,2024-10-27,4,0,True,
STR-003,2024-10-27,5,0,True,
STR-003,2024-10-27,6,1,True,
STR-003,2024-10-27,7,10,True,
STR-003,2024-10-27,8,23,True,
STR-003,2024-10-27,9,27,True,
STR-003,2024-10-27,10,23,True,
STR-003,2024-10-27,11,27,True,
STR-003,2024-10-27,12,37,True,
STR-003,2024-10-27,13,44,True,
STR-003,2024-10-27,14,39,True,
STR-003,2024-10-27,15,28,True,
STR-003,2024-10-27,16,26,True,
STR-003,2024-10-27,17,28,True,
STR-003,2024-10-27,18,55,True,
STR-003,2024-10-27,19,47,True,
STR-003,2024-10-27,20,42,True,
STR-003,2024-10-27,21,46,True,
STR-003,2024-10-27,22,11,True,
STR-003,2024-10-27,23,6,True,
STR-003,2024-10-28,0,0,False,
STR-003,2024-10-28,1,0,False,
STR-003,2024-10-28,2,0,False,
STR-003,2024-10-28,3,0,False,
STR-003,2024-10-28,4,0,False,
STR-003,2024-10-28,5,0,False,
STR-003,2024-10-28,6,4,False,
STR-003,2024-10-28,7,9,False,
STR-003,2024-10-28,8,14,False,
STR-003,2024-10-28,9,16,False,
STR-003,2024-10-28,10,14,False,
STR-003,2024-10-28,11,12,False,
STR-003,2024-10-28,12,33,False,
STR-003,2024-10-28,13,25,False,
STR-003,2024-10-28,14,22,False,
STR-003,2024-10-28,15,16,False,
STR-003,2024-10-28,16,17,False,
STR-003,2024-10-28,17,18,False,
STR-003,2024-10-28,18,35,False,
STR-003,2024-10-28,19,24,False,
STR-003,2024-10-28,20,23,False,
STR-003,2024-10-28,21,23,False,
STR-003,2024-10-28,22,16,False,
STR-003,2024-10-28,23,3,False,
STR-003,2024-10-29,0,0,False,
STR-003,2024-10-29,1,0,False,
STR-003,2024-10-29,2,0,False,
STR-003,2024-10-29,3,0,False,
STR-003,2024-10-29,4,0,False,
STR-003,2024-10-29,5,0,False,
STR-003,2024-10-29,6,5,False,
STR-003,2024-10-29,7,7,False,
STR-003,2024-10-29,8,8,False,
STR-003,2024-10-29,9,10,False,
STR-003,2024-10-29,10,18,False,
STR-003,2024-10-29,11,18,False,
STR-003,2024-10-29,12,31,False,
STR-003,2024-10-29,13,16,False,
STR-003,2024-10-29,14,13,False,
STR-003,2024-10-29,15,15,False,
STR-003,2024-10-29,16,15,False,
STR-003,2024-10-29,17,13,False,
STR-003,2024-10-29,18,26,False,
STR-003,2024-10-29,19,27,False,
STR-003,2024-10-29,20,18,False,
STR-003,2024-10-29,21,22,False,
STR-003,2024-10-29,22,7,False,
STR-003,2024-10-29,23,3,False,
STR-003,2024-10-30,0,0,False,
STR-003,2024-10-30,1,0,False,
STR-003,2024-10-30,2,0,False,
STR-003,2024-10-30,3,0,False,
STR-003,2024-10-30,4,0,False,
STR-003,2024-10-30,5,0,False,
STR-003,2024-10-30,6,1,False,
STR-003,2024-10-30,7,13,False,
STR-003,2024-10-30,8,12,False,
STR-003,2024-10-30,9,16,False,
STR-003,2024-10-30,10,18,False,
STR-003,2024-10-30,11,18,False,
STR-003,2024-10-30,12,32,False,
STR-003,2024-10-30,13,18,False,
STR-003,2024-10-30,14,18,False,
STR-003,2024-10-30,15,21,False,
STR-003,2024-10-30,16,25,False,
STR-003,2024-10-30,17,16,False,
STR-003,2024-10-30,18,31,False,
STR-003,2024-10-30,19,34,False,
STR-003,2024-10-30,20,27,False,
STR-003,2024-10-30,21,23,False,
STR-003,2024-10-30,22,7,False,
STR-003,2024-10-30,23,4,False,
STR-003,2024-10-31,0,0,False,
STR-003,2024-10-31,1,0,False,
STR-003,2024-10-31,2,0,False,
STR-003,2024-10-31,3,0,False,
STR-003,2024-10-31,4,0,False,
STR-003,2024-10-31,5,0,False,
STR-003,2024-10-31,6,3,False,
STR-003,2024-10-31,7,3,False,
STR-003,2024-10-31,8,11,False,
STR-003,2024-10-31,9,8,False,
STR-003,2024-10-31,10,20,False,
STR-003,2024-10-31,11,10,False,
STR-003,2024-10-31,12,27,False,
STR-003,2024-10-31,13,28,False,
STR-003,2024-10-31,14,17,False,
STR-003,2024-10-31,15,25,False,
STR-003,2024-10-31,16,14,False,
STR-003,2024-10-31,17,17,False,
STR-003,2024-10-31,18,23,False,
STR-003,2024-10-31,19,36,False,
STR-003,2024-10-31,20,22,False,
STR-003,2024-10-31,21,23,False,
STR-003,2024-10-31,22,10,False,
STR-003,2024-10-31,23,2,False,
STR-003,2024-11-01,0,0,False,Kannada Rajyotsava
STR-003,2024-11-01,1,0,False,Kannada Rajyotsava
STR-003,2024-11-01,2,0,False,Kannada Rajyotsava
STR-003,2024-11-01,3,0,False,Kannada Rajyotsava
STR-003,2024-11-01,4,0,False,Kannada Rajyotsava
STR-003,2024-11-01,5,0,False,Kannada Rajyotsava
STR-003,2024-11-01,6,6,False,Kannada Rajyotsava
STR-003,2024-11-01,7,9,False,Kannada Rajyotsava
STR-003,2024-11-01,8,16,False,Kannada Rajyotsava
STR-003,2024-11-01,9,22,False,Kannada Rajyotsava
STR-003,2024-11-01,10,44,False,Kannada Rajyotsava
STR-003,2024-11-01,11,20,False,Kannada Rajyotsava
STR-003,2024-11-01,12,48,False,Kannada Rajyotsava
STR-003,2024-11-01,13,34,False,Kannada Rajyotsava
STR-003,2024-11-01,14,24,False,Kannada Rajyotsava
STR-003,2024-11-01,15,28,False,Kannada Rajyotsava
STR-003,2024-11-01,16,27,False,Kannada Rajyotsava
STR-003,2024-11-01,17,29,False,Kannada Rajyotsava
STR-003,2024-11-01,18,34,False,Kannada Rajyotsava
STR-003,2024-11-01,19,52,False,Kannada Rajyotsava
STR-003,2024-11-01,20,43,False,Kannada Rajyotsava
STR-003,2024-11-01,21,29,False,Kannada Rajyotsava
STR-003,2024-11-01,22,12,False,Kannada Rajyotsava
STR-003,2024-11-01,23,2,False,Kannada Rajyotsava
STR-003,2024-11-02,0,0,True,
STR-003,2024-11-02,1,0,True,
STR-003,2024-11-02,2,0,True,
STR-003,2024-11-02,3,0,True,
STR-003,2024-11-02,4,0,True,
STR-003,2024-11-02,5,0,True,
STR-003,2024-11-02,6,6,True,
STR-003,2024-11-02,7,8,True,
STR-003,2024-11-02,8,11,True,
STR-003,2024-11-02,9,22,True,
STR-003,2024-11-02,10,21,True,
STR-003,2024-11-02,11,17,True,
STR-003,2024-11-02,12,36,True,
STR-003,2024-11-02,13,29,True,
STR-003,2024-11-02,14,24,True,
STR-003,2024-11-02,15,23,True,
STR-003,2024-11-02,16,28,True,
STR-003,2024-11-02,17,17,True,
STR-003,2024-11-02,18,31,True,
STR-003,2024-11-02,19,34,True,
STR-003,2024-11-02,20,41,True,
STR-003,2024-11-02,21,25,True,
STR-003,2024-11-02,22,11,True,
STR-003,2024-11-02,23,6,True,
STR-003,2024-11-03,0,0,True,
STR-003,2024-11-03,1,0,True,
STR-003,2024-11-03,2,0,True,
STR-003,2024-11-03,3,0,True,
STR-003,2024-11-03,4,0,True,
STR-003,2024-11-03,5,0,True,
STR-003,2024-11-03,6,5,True,
STR-003,2024-11-03,7,6,True,
STR-003,2024-11-03,8,14,True,
STR-003,2024-11-03,9,12,True,
STR-003,2024-11-03,10,22,True,
STR-003,2024-11-03,11,25,True,
STR-003,2024-11-03,12,31,True,
STR-003,2024-11-03,13,20,True,
STR-003,2024-11-03,14,27,True,
STR-003,2024-11-03,15,22,True,
STR-003,2024-11-03,16,25,True,
STR-003,2024-11-03,17,23,True,
STR-003,2024-11-03,18,40,True,
STR-003,2024-11-03,19,52,True,
STR-003,2024-11-03,20,36,True,
STR-003,2024-11-03,21,27,True,
STR-003,2024-11-03,22,7,True,
STR-003,2024-11-03,23,3,True,
STR-003,2024-11-04,0,0,False,
STR-003,2024-11-04,1,0,False,
STR-003,2024-11-04,2,0,False,
STR-003,2024-11-04,3,0,False,
STR-003,2024-11-04,4,0,False,
STR-003,2024-11-04,5,0,False,
STR-003,2024-11-04,6,3,False,
STR-003,2024-11-04,7,13,False,
STR-003,2024-11-04,8,9,False,
STR-003,2024-11-04,9,15,False,
STR-003,2024-11-04,10,20,False,
STR-003,2024-11-04,11,28,False,
STR-003,2024-11-04,12,35,False,
STR-003,2024-11-04,13,25,False,
STR-003,2024-11-04,14,19,False,
STR-003,2024-11-04,15,34,False,
STR-003,2024-11-04,16,18,False,
STR-003,2024-11-04,17,28,False,
STR-003,2024-11-04,18,42,False,
STR-003,2024-11-04,19,29,False,
STR-003,2024-11-04,20,41,False,
STR-003,2024-11-04,21,25,False,
STR-003,2024-11-04,22,4,False,
STR-003,2024-11-04,23,1,False,
STR-003,2024-11-05,0,0,False,
STR-003,2024-11-05,1,0,False,
STR-003,2024-11-05,2,0,False,
STR-003,2024-11-05,3,0,False,
STR-003,2024-11-05,4,0,False,
STR-003,2024-11-05,5,0,False,
STR-003,2024-11-05,6,2,False,
STR-003,2024-11-05,7,17,False,
STR-003,2024-11-05,8,11,False,
STR-003,2024-11-05,9,11,False,
STR-003,2024-11-05,10,20,False,
STR-003,2024-11-05,11,25,False,
STR-003,2024-11-05,12,18,False,
STR-003,2024-11-05,13,28,False,
STR-003,2024-11-05,14,34,False,
STR-003,2024-11-05,15,15,False,
STR-003,2024-11-05,16,17,False,
STR-003,2024-11-05,17,20,False,
STR-003,2024-11-05,18,30,False,
STR-003,2024-11-05,19,38,False,
STR-003,2024-11-05,20,33,False,
STR-003,2024-11-05,21,37,False,
STR-003,2024-11-05,22,14,False,
STR-003,2024-11-05,23,3,False,
STR-003,2024-11-06,0,0,False,
STR-003,2024-11-06,1,0,False,
STR-003,2024-11-06,2,0,False,
STR-003,2024-11-06,3,0,False,
STR-003,2024-11-06,4,0,False,
STR-003,2024-11-06,5,0,False,
STR-003,2024-11-06,6,5,False,
STR-003,2024-11-06,7,5,False,
STR-003,2024-11-06,8,10,False,
STR-003,2024-11-06,9,15,False,
STR-003,2024-11-06,10,21,False,
STR-003,2024-11-06,11,19,False,
STR-003,2024-11-06,12,27,False,
STR-003,2024-11-06,13,18,False,
STR-003,2024-11-06,14,39,False,
STR-003,2024-11-06,15,12,False,
STR-003,2024-11-06,16,13,False,
STR-003,2024-11-06,17,13,False,
STR-003,2024-11-06,18,37,False,
STR-003,2024-11-06,19,40,False,
STR-003,2024-11-06,20,42,False,
STR-003,2024-11-06,21,32,False,
STR-003,2024-11-06,22,10,False,
STR-003,2024-11-06,23,9,False,
STR-003,2024-11-07,0,0,False,
STR-003,2024-11-07,1,0,False,
STR-003,2024-11-07,2,0,False,
STR-003,2024-11-07,3,0,False,
STR-003,2024-11-07,4,0,False,
STR-003,2024-11-07,5,0,False,
STR-003,2024-11-07,6,4,False,
STR-003,2024-11-07,7,4,False,
STR-003,2024-11-07,8,11,False,
STR-003,2024-11-07,9,11,False,
STR-003,2024-11-07,10,12,False,
STR-003,2024-11-07,11,16,False,
STR-003,2024-11-07,12,23,False,
STR-003,2024-11-07,13,26,False,
STR-003,2024-11-07,14,19,False,
STR-003,2024-11-07,15,22,False,
STR-003,2024-11-07,16,16,False,
STR-003,2024-11-07,17,14,False,
STR-003,2024-11-07,18,25,False,
STR-003,2024-11-07,19,34,False,
STR-003,2024-11-07,20,29,False,
STR-003,2024-11-07,21,29,False,
STR-003,2024-11-07,22,11,False,
STR-003,2024-11-07,23,5,False,
STR-003,2024-11-08,0,0,False,
STR-003,2024-11-08,1,0,False,
STR-003,2024-11-08,2,0,False,
STR-003,2024-11-08,3,0,False,
STR-003,2024-11-08,4,0,False,
STR-003,2024-11-08,5,0,False,
STR-003,2024-11-08,6,4,False,
STR-003,2024-11-08,7,12,False,
STR-003,2024-11-08,8,18,False,
STR-003,2024-11-08,9,20,False,
STR-003,2024-11-08,10,31,False,
STR-003,2024-11-08,11,24,False,
STR-003,2024-11-08,12,22,False,
STR-003,2024-11-08,13,32,False,
STR-003,2024-11-08,14,21,False,
STR-003,2024-11-08,15,22,False,
STR-003,2024-11-08,16,12,False,
STR-003,2024-11-08,17,13,False,
STR-003,2024-11-08,18,50,False,
STR-003,2024-11-08,19,26,False,
STR-003,2024-11-08,20,39,False,
STR-003,2024-11-08,21,25,False,
STR-003,2024-11-08,22,6,False,
STR-003,2024-11-08,23,6,False,
STR-003,2024-11-09,0,0,True,
STR-003,2024-11-09,1,0,True,
STR-003,2024-11-09,2,0,True,
STR-003,2024-11-09,3,0,True,
STR-003,2024-11-09,4,0,True,
STR-003,2024-11-09,5,0,True,
STR-003,2024-11-09,6,5,True,
STR-003,2024-11-09,7,10,True,
STR-003,2024-11-09,8,13,True,
STR-003,2024-11-09,9,26,True,
STR-003,2024-11-09,10,24,True,
STR-003,2024-11-09,11,15,True,
STR-003,2024-11-09,12,30,True,
STR-003,2024-11-09,13,30,True,
STR-003,2024-11-09,14,35,True,
STR-003,2024-11-09,15,22,True,
STR-003,2024-11-09,16,25,True,
STR-003,2024-11-09,17,23,True,
STR-003,2024-11-09,18,43,True,
STR-003,2024-11-09,19,55,True,
STR-003,2024-11-09,20,48,True,
STR-003,2024-11-09,21,38,True,
STR-003,2024-11-09,22,8,True,
STR-003,2024-11-09,23,4,True,
STR-003,2024-11-10,0,0,True,
STR-003,2024-11-10,1,0,True,
STR-003,2024-11-10,2,0,True,
STR-003,2024-11-10,3,0,True,
STR-003,2024-11-10,4,0,True,
STR-003,2024-11-10,5,0,True,
STR-003,2024-11-10,6,3,True,
STR-003,2024-11-10,7,7,True,
STR-003,2024-11-10,8,12,True,
STR-003,2024-11-10,9,15,True,
STR-003,2024-11-10,10,31,True,
STR-003,2024-11-10,11,18,True,
STR-003,2024-11-10,12,25,True,
STR-003,2024-11-10,13,26,True,
STR-003,2024-11-10,14,28,True,
STR-003,2024-11-10,15,19,True,
STR-003,2024-11-10,16,23,True,
STR-003,2024-11-10,17,21,True,
STR-003,2024-11-10,18,32,True,
STR-003,2024-11-10,19,45,True,
STR-003,2024-11-10,20,36,True,
STR-003,2024-11-10,21,24,True,
STR-003,2024-11-10,22,2,True,
STR-003,2024-11-10,23,3,True,
STR-003,2024-11-11,0,0,False,
STR-003,2024-11-11,1,0,False,
STR-003,2024-11-11,2,0,False,
STR-003,2024-11-11,3,0,False,
STR-003,2024-11-11,4,0,False,
STR-003,2024-11-11,5,0,False,
STR-003,2024-11-11,6,3,False,
STR-003,2024-11-11,7,10,False,
STR-003,2024-11-11,8,14,False,
STR-003,2024-11-11,9,14,False,
STR-003,2024-11-11,10,20,False,
STR-003,2024-11-11,11,16,False,
STR-003,2024-11-11,12,30,False,
STR-003,2024-11-11,13,23,False,
STR-003,2024-11-11,14,17,False,
STR-003,2024-11-11,15,17,False,
STR-003,2024-11-11,16,21,False,
STR-003,2024-11-11,17,22,False,
STR-003,2024-11-11,18,38,False,
STR-003,2024-11-11,19,42,False,
STR-003,2024-11-11,20,33,False,
STR-003,2024-11-11,21,24,False,
STR-003,2024-11-11,22,5,False,
STR-003,2024-11-11,23,5,False,
STR-003,2024-11-12,0,0,False,
STR-003,2024-11-12,1,0,False,
STR-003,2024-11-12,2,0,False,
STR-003,2024-11-12,3,0,False,
STR-003,2024-11-12,4,0,False,
STR-003,2024-11-12,5,0,False,
STR-003,2024-11-12,6,3,False,
STR-003,2024-11-12,7,4,False,
STR-003,2024-11-12,8,8,False,
STR-003,2024-11-12,9,7,False,
STR-003,2024-11-12,10,22,False,
STR-003,2024-11-12,11,15,False,
STR-003,2024-11-12,12,27,False,
STR-003,2024-11-12,13,20,False,
STR-003,2024-11-12,14,27,False,
STR-003,2024-11-12,15,18,False,
STR-003,2024-11-12,16,29,False,
STR-003,2024-11-12,17,26,False,
STR-003,2024-11-12,18,31,False,
STR-003,2024-11-12,19,32,False,
STR-003,2024-11-12,20,29,False,
STR-003,2024-11-12,21,16,False,
STR-003,2024-11-12,22,15,False,
STR-003,2024-11-12,23,5,False,
STR-003,2024-11-13,0,0,False,
STR-003,2024-11-13,1,0,False,
STR-003,2024-11-13,2,0,False,
STR-003,2024-11-13,3,0,False,
STR-003,2024-11-13,4,0,False,
STR-003,2024-11-13,5,0,False,
STR-003,2024-11-13,6,3,False,
STR-003,2024-11-13,7,5,False,
STR-003,2024-11-13,8,10,False,
STR-003,2024-11-13,9,18,False,
STR-003,2024-11-13,10,21,False,
STR-003,2024-11-13,11,18,False,
STR-003,2024-11-13,12,34,False,
STR-003,2024-11-13,13,22,False,
STR-003,2024-11-13,14,20,False,
STR-003,2024-11-13,15,15,False,
STR-003,2024-11-13,16,18,False,
STR-003,2024-11-13,17,24,False,
STR-003,2024-11-13,18,44,False,
STR-003,2024-11-13,19,31,False,
STR-003,2024-11-13,20,36,False,
STR-003,2024-11-13,21,20,False,
STR-003,2024-11-13,22,9,False,
STR-003,2024-11-13,23,4,False,
STR-003,2024-11-14,0,0,False,
STR-003,2024-11-14,1,0,False,
STR-003,2024-11-14,2,0,False,
STR-003,2024-11-14,3,0,False,
STR-003,2024-11-14,4,0,False,
STR-003,2024-11-14,5,0,False,
STR-003,2024-11-14,6,3,False,
STR-003,2024-11-14,7,14,False,
STR-003,2024-11-14,8,25,False,
STR-003,2024-11-14,9,18,False,
STR-003,2024-11-14,10,18,False,
STR-003,2024-11-14,11,19,False,
STR-003,2024-11-14,12,25,False,
STR-003,2024-11-14,13,27,False,
STR-003,2024-11-14,14,20,False,
STR-003,2024-11-14,15,15,False,
STR-003,2024-11-14,16,17,False,
STR-003,2024-11-14,17,20,False,
STR-003,2024-11-14,18,21,False,
STR-003,2024-11-14,19,42,False,
STR-003,2024-11-14,20,32,False,
STR-003,2024-11-14,21,29,False,
STR-003,2024-11-14,22,5,False,
STR-003,2024-11-14,23,5,False,
STR-003,2024-11-15,0,0,False,Guru Nanak Jayanti
STR-003,2024-11-15,1,0,False,Guru Nanak Jayanti
STR-003,2024-11-15,2,0,False,Guru Nanak Jayanti
STR-003,2024-11-15,3,0,False,Guru Nanak Jayanti
STR-003,2024-11-15,4,0,False,Guru Nanak Jayanti
STR-003,2024-11-15,5,0,False,Guru Nanak Jayanti
STR-003,2024-11-15,6,7,False,Guru Nanak Jayanti
STR-003,2024-11-15,7,10,False,Guru Nanak Jayanti
STR-003,2024-11-15,8,17,False,Guru Nanak Jayanti
STR-003,2024-11-15,9,25,False,Guru Nanak Jayanti
STR-003,2024-11-15,10,30,False,Guru Nanak Jayanti
STR-003,2024-11-15,11,33,False,Guru Nanak Jayanti
STR-003,2024-11-15,12,49,False,Guru Nanak Jayanti
STR-003,2024-11-15,13,31,False,Guru Nanak Jayanti
STR-003,2024-11-15,14,46,False,Guru Nanak Jayanti
STR-003,2024-11-15,15,36,False,Guru Nanak Jayanti
STR-003,2024-11-15,16,24,False,Guru Nanak Jayanti
STR-003,2024-11-15,17,30,False,Guru Nanak Jayanti
STR-003,2024-11-15,18,47,False,Guru Nanak Jayanti
STR-003,2024-11-15,19,46,False,Guru Nanak Jayanti
STR-003,2024-11-15,20,50,False,Guru Nanak Jayanti
STR-003,2024-11-15,21,47,False,Guru Nanak Jayanti
STR-003,2024-11-15,22,15,False,Guru Nanak Jayanti
STR-003,2024-11-15,23,10,False,Guru Nanak Jayanti
STR-003,2024-11-16,0,0,True,
STR-003,2024-11-16,1,0,True,
STR-003,2024-11-16,2,0,True,
STR-003,2024-11-16,3,0,True,
STR-003,2024-11-16,4,0,True,
STR-003,2024-11-16,5,0,True,
STR-003,2024-11-16,6,8,True,
STR-003,2024-11-16,7,9,True,
STR-003,2024-11-16,8,13,True,
STR-003,2024-11-16,9,18,True,
STR-003,2024-11-16,10,24,True,
STR-003,2024-11-16,11,31,True,
STR-003,2024-11-16,12,34,True,
STR-003,2024-11-16,13,26,True,
STR-003,2024-11-16,14,23,True,
STR-003,2024-11-16,15,22,True,
STR-003,2024-11-16,16,19,True,
STR-003,2024-11-16,17,21,True,
STR-003,2024-11-16,18,39,True,
STR-003,2024-11-16,19,48,True,
STR-003,2024-11-16,20,44,True,
STR-003,2024-11-16,21,28,True,
STR-003,2024-11-16,22,8,True,
STR-003,2024-11-16,23,6,True,
STR-003,2024-11-17,0,0,True,
STR-003,2024-11-17,1,0,True,
STR-003,2024-11-17,2,0,True,
STR-003,2024-11-17,3,0,True,
STR-003,2024-11-17,4,0,True,
STR-003,2024-11-17,5,0,True,
STR-003,2024-11-17,6,5,True,
STR-003,2024-11-17,7,6,True,
STR-003,2024-11-17,8,16,True,
STR-003,2024-11-17,9,24,True,
STR-003,2024-11-17,10,33,True,
STR-003,2024-11-17,11,20,True,
STR-003,2024-11-17,12,28,True,
STR-003,2024-11-17,13,30,True,
STR-003,2024-11-17,14,34,True,
STR-003,2024-11-17,15,27,True,
STR-003,2024-11-17,16,30,True,
STR-003,2024-11-17,17,25,True,
STR-003,2024-11-17,18,42,True,
STR-003,2024-11-17,19,46,True,
STR-003,2024-11-17,20,47,True,
STR-003,2024-11-17,21,21,True,
STR-003,2024-11-17,22,11,True,
STR-003,2024-11-17,23,8,True,
STR-003,2024-11-18,0,0,False,
STR-003,2024-11-18,1,0,False,
STR-003,2024-11-18,2,0,False,
STR-003,2024-11-18,3,0,False,
STR-003,2024-11-18,4,0,False,
STR-003,2024-11-18,5,0,False,
STR-003,2024-11-18,6,6,False,
STR-003,2024-11-18,7,4,False,
STR-003,2024-11-18,8,10,False,
STR-003,2024-11-18,9,18,False,
STR-003,2024-11-18,10,19,False,
STR-003,2024-11-18,11,18,False,
STR-003,2024-11-18,12,28,False,
STR-003,2024-11-18,13,24,False,
STR-003,2024-11-18,14,13,False,
STR-003,2024-11-18,15,29,False,
STR-003,2024-11-18,16,17,False,
STR-003,2024-11-18,17,18,False,
STR-003,2024-11-18,18,39,False,
STR-003,2024-11-18,19,39,False,
STR-003,2024-11-18,20,26,False,
STR-003,2024-11-18,21,29,False,
STR-003,2024-11-18,22,6,False,
STR-003,2024-11-18,23,2,False,
STR-003,2024-11-19,0,0,False,
STR-003,2024-11-19,1,0,False,
STR-003,2024-11-19,2,0,False,
STR-003,2024-11-19,3,0,False,
STR-003,2024-11-19,4,0,False,
STR-003,2024-11-19,5,0,False,
STR-003,2024-11-19,6,1,False,
STR-003,2024-11-19,7,8,False,
STR-003,2024-11-19,8,9,False,
STR-003,2024-11-19,9,13,False,
STR-003,2024-11-19,10,21,False,
STR-003,2024-11-19,11,20,False,
STR-003,2024-11-19,12,30,False,
STR-003,2024-11-19,13,26,False,
STR-003,2024-11-19,14,28,False,
STR-003,2024-11-19,15,18,False,
STR-003,2024-11-19,16,12,False,
STR-003,2024-11-19,17,17,False,
STR-003,2024-11-19,18,31,False,
STR-003,2024-11-19,19,39,False,
STR-003,2024-11-19,20,29,False,
STR-003,2024-11-19,21,24,False,
STR-003,2024-11-19,22,11,False,
STR-003,2024-11-19,23,6,False,
STR-003,2024-11-20,0,0,False,
STR-003,2024-11-20,1,0,False,
STR-003,2024-11-20,2,0,False,
STR-003,2024-11-20,3,0,False,
STR-003,2024-11-20,4,0,False,
STR-003,2024-11-20,5,0,False,
STR-003,2024-11-20,6,2,False,
STR-003,2024-11-20,7,9,False,
STR-003,2024-11-20,8,8,False,
STR-003,2024-11-20,9,22,False,
STR-003,2024-11-20,10,12,False,
STR-003,2024-11-20,11,19,False,
STR-003,2024-11-20,12,30,False,
STR-003,2024-11-20,13,24,False,
STR-003,2024-11-20,14,23,False,
STR-003,2024-11-20,15,20,False,
STR-003,2024-11-20,16,22,False,
STR-003,2024-11-20,17,24,False,
STR-003,2024-11-20,18,33,False,
STR-003,2024-11-20,19,44,False,
STR-003,2024-11-20,20,29,False,
STR-003,2024-11-20,21,19,False,
STR-003,2024-11-20,22,13,False,
STR-003,2024-11-20,23,4,False,
STR-003,2024-11-21,0,0,False,
STR-003,2024-11-21,1,0,False,
STR-003,2024-11-21,2,0,False,
STR-003,2024-11-21,3,0,False,
STR-003,2024-11-21,4,0,False,
STR-003,2024-11-21,5,0,False,
STR-003,2024-11-21,6,3,False,
STR-003,2024-11-21,7,6,False,
STR-003,2024-11-21,8,14,False,
STR-003,2024-11-21,9,16,False,
STR-003,2024-11-21,10,31,False,
STR-003,2024-11-21,11,15,False,
STR-003,2024-11-21,12,38,False,
STR-003,2024-11-21,13,30,False,
STR-003,2024-11-21,14,29,False,
STR-003,2024-11-21,15,21,False,
STR-003,2024-11-21,16,27,False,
STR-003,2024-11-21,17,14,False,
STR-003,2024-11-21,18,29,False,
STR-003,2024-11-21,19,34,False,
STR-003,2024-11-21,20,28,False,
STR-003,2024-11-21,21,23,False,
STR-003,2024-11-21,22,6,False,
STR-003,2024-11-21,23,8,False,
STR-003,2024-11-22,0,0,False,
STR-003,2024-11-22,1,0,False,
STR-003,2024-11-22,2,0,False,
STR-003,2024-11-22,3,0,False,
STR-003,2024-11-22,4,0,False,
STR-003,2024-11-22,5,0,False,
STR-003,2024-11-22,6,7,False,
STR-003,2024-11-22,7,8,False,
STR-003,2024-11-22,8,13,False,
STR-003,2024-11-22,9,22,False,
STR-003,2024-11-22,10,15,False,
STR-003,2024-11-22,11,22,False,
STR-003,2024-11-22,12,23,False,
STR-003,2024-11-22,13,31,False,
STR-003,2024-11-22,14,28,False,
STR-003,2024-11-22,15,20,False,
STR-003,2024-11-22,16,18,False,
STR-003,2024-11-22,17,24,False,
STR-003,2024-11-22,18,33,False,
STR-003,2024-11-22,19,40,False,
STR-003,2024-11-22,20,38,False,
STR-003,2024-11-22,21,31,False,
STR-003,2024-11-22,22,12,False,
STR-003,2024-11-22,23,3,False,
STR-003,2024-11-23,0,0,True,
STR-003,2024-11-23,1,0,True,
STR-003,2024-11-23,2,0,True,
STR-003,2024-11-23,3,0,True,
STR-003,2024-11-23,4,0,True,
STR-003,2024-11-23,5,0,True,
STR-003,2024-11-23,6,4,True,
STR-003,2024-11-23,7,3,True,
STR-003,2024-11-23,8,12,True,
STR-003,2024-11-23,9,20,True,
STR-003,2024-11-23,10,20,True,
STR-003,2024-11-23,11,15,True,
STR-003,2024-11-23,12,32,True,
STR-003,2024-11-23,13,27,True,
STR-003,2024-11-23,14,23,True,
STR-003,2024-11-23,15,27,True,
STR-003,2024-11-23,16,29,True,
STR-003,2024-11-23,17,20,True,
STR-003,2024-11-23,18,31,True,
STR-003,2024-11-23,19,35,True,
STR-003,2024-11-23,20,28,True,
STR-003,2024-11-23,21,24,True,
STR-003,2024-11-23,22,7,True,
STR-003,2024-11-23,23,4,True,
STR-003,2024-11-24,0,0,True,
STR-003,2024-11-24,1,0,True,
STR-003,2024-11-24,2,0,True,
STR-003,2024-11-24,3,0,True,
STR-003,2024-11-24,4,0,True,
STR-003,2024-11-24,5,0,True,
STR-003,2024-11-24,6,4,True,
STR-003,2024-11-24,7,19,True,
STR-003,2024-11-24,8,16,True,
STR-003,2024-11-24,9,19,True,
STR-003,2024-11-24,10,25,True,
STR-003,2024-11-24,11,19,True,
STR-003,2024-11-24,12,32,True,
STR-003,2024-11-24,13,34,True,
STR-003,2024-11-24,14,31,True,
STR-003,2024-11-24,15,21,True,
STR-003,2024-11-24,16,25,True,
STR-003,2024-11-24,17,27,True,
STR-003,2024-11-24,18,32,True,
STR-003,2024-11-24,19,45,True,
STR-003,2024-11-24,20,49,True,
STR-003,2024-11-24,21,32,True,
STR-003,2024-11-24,22,12,True,
STR-003,2024-11-24,23,6,True,
STR-003,2024-11-25,0,0,False,
STR-003,2024-11-25,1,0,False,
STR-003,2024-11-25,2,0,False,
STR-003,2024-11-25,3,0,False,
STR-003,2024-11-25,4,0,False,
STR-003,2024-11-25,5,0,False,
STR-003,2024-11-25,6,2,False,
STR-003,2024-11-25,7,14,False,
STR-003,2024-11-25,8,12,False,
STR-003,2024-11-25,9,25,False,
STR-003,2024-11-25,10,22,False,
STR-003,2024-11-25,11,26,False,
STR-003,2024-11-25,12,30,False,
STR-003,2024-11-25,13,23,False,
STR-003,2024-11-25,14,20,False,
STR-003,2024-11-25,15,18,False,
STR-003,2024-11-25,16,24,False,
STR-003,2024-11-25,17,25,False,
STR-003,2024-11-25,18,27,False,
STR-003,2024-11-25,19,34,False,
STR-003,2024-11-25,20,29,False,
STR-003,2024-11-25,21,22,False,
STR-003,2024-11-25,22,8,False,
STR-003,2024-11-25,23,3,False,
STR-003,2024-11-26,0,0,False,
STR-003,2024-11-26,1,0,False,
STR-003,2024-11-26,2,0,False,
STR-003,2024-11-26,3,0,False,
STR-003,2024-11-26,4,0,False,
STR-003,2024-11-26,5,0,False,
STR-003,2024-11-26,6,6,False,
STR-003,2024-11-26,7,9,False,
STR-003,2024-11-26,8,16,False,
STR-003,2024-11-26,9,19,False,
STR-003,2024-11-26,10,20,False,
STR-003,2024-11-26,11,26,False,
STR-003,2024-11-26,12,36,False,
STR-003,2024-11-26,13,32,False,
STR-003,2024-11-26,14,25,False,
STR-003,2024-11-26,15,31,False,
STR-003,2024-11-26,16,20,False,
STR-003,2024-11-26,17,18,False,
STR-003,2024-11-26,18,28,False,
STR-003,2024-11-26,19,42,False,
STR-003,2024-11-26,20,26,False,
STR-003,2024-11-26,21,34,False,
STR-003,2024-11-26,22,6,False,
STR-003,2024-11-26,23,4,False,
STR-003,2024-11-27,0,0,False,
STR-003,2024-11-27,1,0,False,
STR-003,2024-11-27,2,0,False,
STR-003,2024-11-27,3,0,False,
STR-003,2024-11-27,4,0,False,
STR-003,2024-11-27,5,0,False,
STR-003,2024-11-27,6,6,False,
STR-003,2024-11-27,7,10,False,
STR-003,2024-11-27,8,9,False,
STR-003,2024-11-27,9,22,False,
STR-003,2024-11-27,10,21,False,
STR-003,2024-11-27,11,24,False,
STR-003,2024-11-27,12,30,False,
STR-003,2024-11-27,13,29,False,
STR-003,2024-11-27,14,22,False,
STR-003,2024-11-27,15,22,False,
STR-003,2024-11-27,16,29,False,
STR-003,2024-11-27,17,12,False,
STR-003,2024-11-27,18,22,False,
STR-003,2024-11-27,19,37,False,
STR-003,2024-11-27,20,28,False,
STR-003,2024-11-27,21,26,False,
STR-003,2024-11-27,22,3,False,
STR-003,2024-11-27,23,3,False,
STR-003,2024-11-28,0,0,False,
STR-003,2024-11-28,1,0,False,
STR-003,2024-11-28,2,0,False,
STR-003,2024-11-28,3,0,False,
STR-003,2024-11-28,4,0,False,
STR-003,2024-11-28,5,0,False,
STR-003,2024-11-28,6,2,False,
STR-003,2024-11-28,7,9,False,
STR-003,2024-11-28,8,11,False,
STR-003,2024-11-28,9,13,False,
STR-003,2024-11-28,10,24,False,
STR-003,2024-11-28,11,22,False,
STR-003,2024-11-28,12,24,False,
STR-003,2024-11-28,13,27,False,
STR-003,2024-11-28,14,19,False,
STR-003,2024-11-28,15,18,False,
STR-003,2024-11-28,16,21,False,
STR-003,2024-11-28,17,20,False,
STR-003,2024-11-28,18,28,False,
STR-003,2024-11-28,19,43,False,
STR-003,2024-11-28,20,28,False,
STR-003,2024-11-28,21,29,False,
STR-003,2024-11-28,22,9,False,
STR-003,2024-11-28,23,2,False,
STR-003,2024-11-29,0,0,False,
STR-003,2024-11-29,1,0,False,
STR-003,2024-11-29,2,0,False,
STR-003,2024-11-29,3,0,False,
STR-003,2024-11-29,4,0,False,
STR-003,2024-11-29,5,0,False,
STR-003,2024-11-29,6,4,False,
STR-003,2024-11-29,7,6,False,
STR-003,2024-11-29,8,13,False,
STR-003,2024-11-29,9,21,False,
STR-003,2024-11-29,10,19,False,
STR-003,2024-11-29,11,25,False,
STR-003,2024-11-29,12,19,False,
STR-003,2024-11-29,13,26,False,
STR-003,2024-11-29,14,22,False,
STR-003,2024-11-29,15,20,False,
STR-003,2024-11-29,16,21,False,
STR-003,2024-11-29,17,30,False,
STR-003,2024-11-29,18,25,False,
STR-003,2024-11-29,19,30,False,
STR-003,2024-11-29,20,33,False,
STR-003,2024-11-29,21,22,False,
STR-003,2024-11-29,22,8,False,
STR-003,2024-11-29,23,4,False,
STR-003,2024-11-30,0,0,True,
STR-003,2024-11-30,1,0,True,
STR-003,2024-11-30,2,0,True,
STR-003,2024-11-30,3,0,True,
STR-003,2024-11-30,4,0,True,
STR-003,2024-11-30,5,0,True,
STR-003,2024-11-30,6,4,True,
STR-003,2024-11-30,7,12,True,
STR-003,2024-11-30,8,17,True,
STR-003,2024-11-30,9,12,True,
STR-003,2024-11-30,10,19,True,
STR-003,2024-11-30,11,33,True,
STR-003,2024-11-30,12,34,True,
STR-003,2024-11-30,13,31,True,
STR-003,2024-11-30,14,19,True,
STR-003,2024-11-30,15,18,True,
STR-003,2024-11-30,16,13,True,
STR-003,2024-11-30,17,24,True,
STR-003,2024-11-30,18,34,True,
STR-003,2024-11-30,19,42,True,
STR-003,2024-11-30,20,41,True,
STR-003,2024-11-30,21,22,True,
STR-003,2024-11-30,22,11,True,
STR-003,2024-11-30,23,4,True,
STR-003,2024-12-01,0,0,True,
STR-003,2024-12-01,1,0,True,
STR-003,2024-12-01,2,0,True,
STR-003,2024-12-01,3,0,True,
STR-003,2024-12-01,4,0,True,
STR-003,2024-12-01,5,0,True,
STR-003,2024-12-01,6,5,True,
STR-003,2024-12-01,7,6,True,
STR-003,2024-12-01,8,12,True,
STR-003,2024-12-01,9,20,True,
STR-003,2024-12-01,10,16,True,
STR-003,2024-12-01,11,21,True,
STR-003,2024-12-01,12,28,True,
STR-003,2024-12-01,13,23,True,
STR-003,2024-12-01,14,23,True,
STR-003,2024-12-01,15,21,True,
STR-003,2024-12-01,16,27,True,
STR-003,2024-12-01,17,15,True,
STR-003,2024-12-01,18,19,True,
STR-003,2024-12-01,19,40,True,
STR-003,2024-12-01,20,27,True,
STR-003,2024-12-01,21,26,True,
STR-003,2024-12-01,22,7,True,
STR-003,2024-12-01,23,6,True,
STR-003,2024-12-02,0,0,False,
STR-003,2024-12-02,1,0,False,
STR-003,2024-12-02,2,0,False,
STR-003,2024-12-02,3,0,False,
STR-003,2024-12-02,4,0,False,
STR-003,2024-12-02,5,0,False,
STR-003,2024-12-02,6,3,False,
STR-003,2024-12-02,7,6,False,
STR-003,2024-12-02,8,13,False,
STR-003,2024-12-02,9,12,False,
STR-003,2024-12-02,10,15,False,
STR-003,2024-12-02,11,16,False,
STR-003,2024-12-02,12,23,False,
STR-003,2024-12-02,13,35,False,
STR-003,2024-12-02,14,28,False,
STR-003,2024-12-02,15,17,False,
STR-003,2024-12-02,16,19,False,
STR-003,2024-12-02,17,20,False,
STR-003,2024-12-02,18,42,False,
STR-003,2024-12-02,19,27,False,
STR-003,2024-12-02,20,27,False,
STR-003,2024-12-02,21,19,False,
STR-003,2024-12-02,22,7,False,
STR-003,2024-12-02,23,2,False,
STR-003,2024-12-03,0,0,False,
STR-003,2024-12-03,1,0,False,
STR-003,2024-12-03,2,0,False,
STR-003,2024-12-03,3,0,False,
STR-003,2024-12-03,4,0,False,
STR-003,2024-12-03,5,0,False,
STR-003,2024-12-03,6,2,False,
STR-003,2024-12-03,7,7,False,
STR-003,2024-12-03,8,16,False,
STR-003,2024-12-03,9,20,False,
STR-003,2024-12-03,10,21,False,
STR-003,2024-12-03,11,28,False,
STR-003,2024-12-03,12,19,False,
STR-003,2024-12-03,13,23,False,
STR-003,2024-12-03,14,23,False,
STR-003,2024-12-03,15,18,False,
STR-003,2024-12-03,16,13,False,
STR-003,2024-12-03,17,14,False,
STR-003,2024-12-03,18,25,False,
STR-003,2024-12-03,19,42,False,
STR-003,2024-12-03,20,27,False,
STR-003,2024-12-03,21,26,False,
STR-003,2024-12-03,22,2,False,
STR-003,2024-12-03,23,2,False,
STR-003,2024-12-04,0,0,False,
STR-003,2024-12-04,1,0,False,
STR-003,2024-12-04,2,0,False,
STR-003,2024-12-04,3,0,False,
STR-003,2024-12-04,4,0,False,
STR-003,2024-12-04,5,0,False,
STR-003,2024-12-04,6,2,False,
STR-003,2024-12-04,7,8,False,
STR-003,2024-12-04,8,12,False,
STR-003,2024-12-04,9,18,False,
STR-003,2024-12-04,10,16,False,
STR-003,2024-12-04,11,19,False,
STR-003,2024-12-04,12,19,False,
STR-003,2024-12-04,13,20,False,
STR-003,2024-12-04,14,20,False,
STR-003,2024-12-04,15,18,False,
STR-003,2024-12-04,16,17,False,
STR-003,2024-12-04,17,12,False,
STR-003,2024-12-04,18,23,False,
STR-003,2024-12-04,19,30,False,
STR-003,2024-12-04,20,24,False,
STR-003,2024-12-04,21,27,False,
STR-003,2024-12-04,22,10,False,
STR-003,2024-12-04,23,2,False,
STR-003,2024-12-05,0,0,False,
STR-003,2024-12-05,1,0,False,
STR-003,2024-12-05,2,0,False,
STR-003,2024-12-05,3,0,False,
STR-003,2024-12-05,4,0,False,
STR-003,2024-12-05,5,0,False,
STR-003,2024-12-05,6,2,False,
STR-003,2024-12-05,7,9,False,
STR-003,2024-12-05,8,5,False,
STR-003,2024-12-05,9,21,False,
STR-003,2024-12-05,10,20,False,
STR-003,2024-12-05,11,19,False,
STR-003,2024-12-05,12,31,False,
STR-003,2024-12-05,13,17,False,
STR-003,2024-12-05,14,21,False,
STR-003,2024-12-05,15,27,False,
STR-003,2024-12-05,16,19,False,
STR-003,2024-12-05,17,18,False,
STR-003,2024-12-05,18,34,False,
STR-003,2024-12-05,19,34,False,
STR-003,2024-12-05,20,26,False,
STR-003,2024-12-05,21,24,False,
STR-003,2024-12-05,22,14,False,
STR-003,2024-12-05,23,0,False,
STR-003,2024-12-06,0,0,False,
STR-003,2024-12-06,1,0,False,
STR-003,2024-12-06,2,0,False,
STR-003,2024-12-06,3,0,False,
STR-003,2024-12-06,4,0,False,
STR-003,2024-12-06,5,0,False,
STR-003,2024-12-06,6,4,False,
STR-003,2024-12-06,7,6,False,
STR-003,2024-12-06,8,8,False,
STR-003,2024-12-06,9,16,False,
STR-003,2024-12-06,10,12,False,
STR-003,2024-12-06,11,18,False,
STR-003,2024-12-06,12,25,False,
STR-003,2024-12-06,13,28,False,
STR-003,2024-12-06,14,20,False,
STR-003,2024-12-06,15,9,False,
STR-003,2024-12-06,16,14,False,
STR-003,2024-12-06,17,18,False,
STR-003,2024-12-06,18,38,False,
STR-003,2024-12-06,19,41,False,
STR-003,2024-12-06,20,34,False,
STR-003,2024-12-06,21,22,False,
STR-003,2024-12-06,22,6,False,
STR-003,2024-12-06,23,3,False,
STR-003,2024-12-07,0,0,True,
STR-003,2024-12-07,1,0,True,
STR-003,2024-12-07,2,0,True,
STR-003,2024-12-07,3,0,True,
STR-003,2024-12-07,4,0,True,
STR-003,2024-12-07,5,0,True,
STR-003,2024-12-07,6,6,True,
STR-003,2024-12-07,7,10,True,
STR-003,2024-12-07,8,10,True,
STR-003,2024-12-07,9,23,True,
STR-003,2024-12-07,10,41,True,
STR-003,2024-12-07,11,22,True,
STR-003,2024-12-07,12,32,True,
STR-003,2024-12-07,13,41,True,
STR-003,2024-12-07,14,35,True,
STR-003,2024-12-07,15,21,True,
STR-003,2024-12-07,16,34,True,
STR-003,2024-12-07,17,30,True,
STR-003,2024-12-07,18,42,True,
STR-003,2024-12-07,19,35,True,
STR-003,2024-12-07,20,49,True,
STR-003,2024-12-07,21,35,True,
STR-003,2024-12-07,22,11,True,
STR-003,2024-12-07,23,7,True,
STR-003,2024-12-08,0,0,True,
STR-003,2024-12-08,1,0,True,
STR-003,2024-12-08,2,0,True,
STR-003,2024-12-08,3,0,True,
STR-003,2024-12-08,4,0,True,
STR-003,2024-12-08,5,0,True,
STR-003,2024-12-08,6,7,True,
STR-003,2024-12-08,7,13,True,
STR-003,2024-12-08,8,19,True,
STR-003,2024-12-08,9,22,True,
STR-003,2024-12-08,10,28,True,
STR-003,2024-12-08,11,32,True,
STR-003,2024-12-08,12,42,True,
STR-003,2024-12-08,13,35,True,
STR-003,2024-12-08,14,20,True,
STR-003,2024-12-08,15,24,True,
STR-003,2024-12-08,16,36,True,
STR-003,2024-12-08,17,33,True,
STR-003,2024-12-08,18,50,True,
STR-003,2024-12-08,19,45,True,
STR-003,2024-12-08,20,37,True,
STR-003,2024-12-08,21,37,True,
STR-003,2024-12-08,22,10,True,
STR-003,2024-12-08,23,12,True,
STR-003,2024-12-09,0,0,False,
STR-003,2024-12-09,1,0,False,
STR-003,2024-12-09,2,0,False,
STR-003,2024-12-09,3,0,False,
STR-003,2024-12-09,4,0,False,
STR-003,2024-12-09,5,0,False,
STR-003,2024-12-09,6,2,False,
STR-003,2024-12-09,7,6,False,
STR-003,2024-12-09,8,15,False,
STR-003,2024-12-09,9,13,False,
STR-003,2024-12-09,10,11,False,
STR-003,2024-12-09,11,20,False,
STR-003,2024-12-09,12,26,False,
STR-003,2024-12-09,13,17,False,
STR-003,2024-12-09,14,19,False,
STR-003,2024-12-09,15,19,False,
STR-003,2024-12-09,16,26,False,
STR-003,2024-12-09,17,25,False,
STR-003,2024-12-09,18,37,False,
STR-003,2024-12-09,19,41,False,
STR-003,2024-12-09,20,25,False,
STR-003,2024-12-09,21,28,False,
STR-003,2024-12-09,22,4,False,
STR-003,2024-12-09,23,7,False,
STR-003,2024-12-10,0,0,False,
STR-003,2024-12-10,1,0,False,
STR-003,2024-12-10,2,0,False,
STR-003,2024-12-10,3,0,False,
STR-003,2024-12-10,4,0,False,
STR-003,2024-12-10,5,0,False,
STR-003,2024-12-10,6,3,False,
STR-003,2024-12-10,7,9,False,
STR-003,2024-12-10,8,14,False,
STR-003,2024-12-10,9,18,False,
STR-003,2024-12-10,10,22,False,
STR-003,2024-12-10,11,17,False,
STR-003,2024-12-10,12,34,False,
STR-003,2024-12-10,13,31,False,
STR-003,2024-12-10,14,25,False,
STR-003,2024-12-10,15,28,False,
STR-003,2024-12-10,16,24,False,
STR-003,2024-12-10,17,25,False,
STR-003,2024-12-10,18,38,False,
STR-003,2024-12-10,19,46,False,
STR-003,2024-12-10,20,36,False,
STR-003,2024-12-10,21,38,False,
STR-003,2024-12-10,22,9,False,
STR-003,2024-12-10,23,6,False,
STR-003,2024-12-11,0,0,False,
STR-003,2024-12-11,1,0,False,
STR-003,2024-12-11,2,0,False,
STR-003,2024-12-11,3,0,False,
STR-003,2024-12-11,4,0,False,
STR-003,2024-12-11,5,0,False,
STR-003,2024-12-11,6,2,False,
STR-003,2024-12-11,7,15,False,
STR-003,2024-12-11,8,9,False,
STR-003,2024-12-11,9,15,False,
STR-003,2024-12-11,10,19,False,
STR-003,2024-12-11,11,27,False,
STR-003,2024-12-11,12,40,False,
STR-003,2024-12-11,13,26,False,
STR-003,2024-12-11,14,21,False,
STR-003,2024-12-11,15,17,False,
STR-003,2024-12-11,16,24,False,
STR-003,2024-12-11,17,24,False,
STR-003,2024-12-11,18,42,False,
STR-003,2024-12-11,19,38,False,
STR-003,2024-12-11,20,28,False,
STR-003,2024-12-11,21,27,False,
STR-003,2024-12-11,22,9,False,
STR-003,2024-12-11,23,4,False,
STR-003,2024-12-12,0,0,False,
STR-003,2024-12-12,1,0,False,
STR-003,2024-12-12,2,0,False,
STR-003,2024-12-12,3,0,False,
STR-003,2024-12-12,4,0,False,
STR-003,2024-12-12,5,0,False,
STR-003,2024-12-12,6,3,False,
STR-003,2024-12-12,7,7,False,
STR-003,2024-12-12,8,15,False,
STR-003,2024-12-12,9,19,False,
STR-003,2024-12-12,10,24,False,
STR-003,2024-12-12,11,22,False,
STR-003,2024-12-12,12,25,False,
STR-003,2024-12-12,13,19,False,
STR-003,2024-12-12,14,18,False,
STR-003,2024-12-12,15,18,False,
STR-003,2024-12-12,16,21,False,
STR-003,2024-12-12,17,22,False,
STR-003,2024-12-12,18,39,False,
STR-003,2024-12-12,19,35,False,
STR-003,2024-12-12,20,19,False,
STR-003,2024-12-12,21,28,False,
STR-003,2024-12-12,22,8,False,
STR-003,2024-12-12,23,1,False,
STR-003,2024-12-13,0,0,False,
STR-003,2024-12-13,1,0,False,
STR-003,2024-12-13,2,0,False,
STR-003,2024-12-13,3,0,False,
STR-003,2024-12-13,4,0,False,
STR-003,2024-12-13,5,0,False,
STR-003,2024-12-13,6,1,False,
STR-003,2024-12-13,7,14,False,
STR-003,2024-12-13,8,12,False,
STR-003,2024-12-13,9,19,False,
STR-003,2024-12-13,10,24,False,
STR-003,2024-12-13,11,27,False,
STR-003,2024-12-13,12,24,False,
STR-003,2024-12-13,13,18,False,
STR-003,2024-12-13,14,17,False,
STR-003,2024-12-13,15,10,False,
STR-003,2024-12-13,16,22,False,
STR-003,2024-12-13,17,14,False,
STR-003,2024-12-13,18,26,False,
STR-003,2024-12-13,19,36,False,
STR-003,2024-12-13,20,28,False,
STR-003,2024-12-13,21,18,False,
STR-003,2024-12-13,22,7,False,
STR-003,2024-12-13,23,3,False,
STR-003,2024-12-14,0,0,True,
STR-003,2024-12-14,1,0,True,
STR-003,2024-12-14,2,0,True,
STR-003,2024-12-14,3,0,True,
STR-003,2024-12-14,4,0,True,
STR-003,2024-12-14,5,0,True,
STR-003,2024-12-14,6,2,True,
STR-003,2024-12-14,7,12,True,
STR-003,2024-12-14,8,16,True,
STR-003,2024-12-14,9,19,True,
STR-003,2024-12-14,10,25,True,
STR-003,2024-12-14,11,24,True,
STR-003,2024-12-14,12,33,True,
STR-003,2024-12-14,13,21,True,
STR-003,2024-12-14,14,25,True,
STR-003,2024-12-14,15,23,True,
STR-003,2024-12-14,16,17,True,
STR-003,2024-12-14,17,23,True,
STR-003,2024-12-14,18,35,True,
STR-003,2024-12-14,19,38,True,
STR-003,2024-12-14,20,37,True,
STR-003,2024-12-14,21,28,True,
STR-003,2024-12-14,22,10,True,
STR-003,2024-12-14,23,3,True,
STR-003,2024-12-15,0,0,True,
STR-003,2024-12-15,1,0,True,
STR-003,2024-12-15,2,0,True,
STR-003,2024-12-15,3,0,True,
STR-003,2024-12-15,4,0,True,
STR-003,2024-12-15,5,0,True,
STR-003,2024-12-15,6,3,True,
STR-003,2024-12-15,7,4,True,
STR-003,2024-12-15,8,18,True,
STR-003,2024-12-15,9,19,True,
STR-003,2024-12-15,10,19,True,
STR-003,2024-12-15,11,32,True,
STR-003,2024-12-15,12,37,True,
STR-003,2024-12-15,13,33,True,
STR-003,2024-12-15,14,28,True,
STR-003,2024-12-15,15,35,True,
STR-003,2024-12-15,16,22,True,
STR-003,2024-12-15,17,22,True,
STR-003,2024-12-15,18,36,True,
STR-003,2024-12-15,19,48,True,
STR-003,2024-12-15,20,42,True,
STR-003,2024-12-15,21,25,True,
STR-003,2024-12-15,22,4,True,
STR-003,2024-12-15,23,6,True,
STR-003,2024-12-16,0,0,False,
STR-003,2024-12-16,1,0,False,
STR-003,2024-12-16,2,0,False,
STR-003,2024-12-16,3,0,False,
STR-003,2024-12-16,4,0,False,
STR-003,2024-12-16,5,0,False,
STR-003,2024-12-16,6,3,False,
STR-003,2024-12-16,7,7,False,
STR-003,2024-12-16,8,9,False,
STR-003,2024-12-16,9,12,False,
STR-003,2024-12-16,10,24,False,
STR-003,2024-12-16,11,17,False,
STR-003,2024-12-16,12,18,False,
STR-003,2024-12-16,13,15,False,
STR-003,2024-12-16,14,20,False,
STR-003,2024-12-16,15,19,False,
STR-003,2024-12-16,16,11,False,
STR-003,2024-12-16,17,19,False,
STR-003,2024-12-16,18,31,False,
STR-003,2024-12-16,19,31,False,
STR-003,2024-12-16,20,32,False,
STR-003,2024-12-16,21,24,False,
STR-003,2024-12-16,22,4,False,
STR-003,2024-12-16,23,6,False,
STR-003,2024-12-17,0,0,False,
STR-003,2024-12-17,1,0,False,
STR-003,2024-12-17,2,0,False,
STR-003,2024-12-17,3,0,False,
STR-003,2024-12-17,4,0,False,
STR-003,2024-12-17,5,0,False,
STR-003,2024-12-17,6,0,False,
STR-003,2024-12-17,7,11,False,
STR-003,2024-12-17,8,11,False,
STR-003,2024-12-17,9,27,False,
STR-003,2024-12-17,10,27,False,
STR-003,2024-12-17,11,17,False,
STR-003,2024-12-17,12,32,False,
STR-003,2024-12-17,13,27,False,
STR-003,2024-12-17,14,24,False,
STR-003,2024-12-17,15,19,False,
STR-003,2024-12-17,16,22,False,
STR-003,2024-12-17,17,21,False,
STR-003,2024-12-17,18,34,False,
STR-003,2024-12-17,19,53,False,
STR-003,2024-12-17,20,18,False,
STR-003,2024-12-17,21,22,False,
STR-003,2024-12-17,22,10,False,
STR-003,2024-12-17,23,1,False,
STR-003,2024-12-18,0,0,False,
STR-003,2024-12-18,1,0,False,
STR-003,2024-12-18,2,0,False,
STR-003,2024-12-18,3,0,False,
STR-003,2024-12-18,4,0,False,
STR-003,2024-12-18,5,0,False,
STR-003,2024-12-18,6,1,False,
STR-003,2024-12-18,7,9,False,
STR-003,2024-12-18,8,14,False,
STR-003,2024-12-18,9,16,False,
STR-003,2024-12-18,10,16,False,
STR-003,2024-12-18,11,17,False,
STR-003,2024-12-18,12,22,False,
STR-003,2024-12-18,13,26,False,
STR-003,2024-12-18,14,25,False,
STR-003,2024-12-18,15,29,False,
STR-003,2024-12-18,16,19,False,
STR-003,2024-12-18,17,23,False,
STR-003,2024-12-18,18,33,False,
STR-003,2024-12-18,19,41,False,
STR-003,2024-12-18,20,30,False,
STR-003,2024-12-18,21,18,False,
STR-003,2024-12-18,22,7,False,
STR-003,2024-12-18,23,6,False,
STR-003,2024-12-19,0,0,False,
STR-003,2024-12-19,1,0,False,
STR-003,2024-12-19,2,0,False,
STR-003,2024-12-19,3,0,False,
STR-003,2024-12-19,4,0,False,
STR-003,2024-12-19,5,0,False,
STR-003,2024-12-19,6,7,False,
STR-003,2024-12-19,7,11,False,
STR-003,2024-12-19,8,13,False,
STR-003,2024-12-19,9,18,False,
STR-003,2024-12-19,10,20,False,
STR-003,2024-12-19,11,17,False,
STR-003,2024-12-19,12,42,False,
STR-003,2024-12-19,13,32,False,
STR-003,2024-12-19,14,21,False,
STR-003,2024-12-19,15,23,False,
STR-003,2024-12-19,16,33,False,
STR-003,2024-12-19,17,24,False,
STR-003,2024-12-19,18,35,False,
STR-003,2024-12-19,19,40,False,
STR-003,2024-12-19,20,32,False,
STR-003,2024-12-19,21,32,False,
STR-003,2024-12-19,22,11,False,
STR-003,2024-12-19,23,4,False,
STR-003,2024-12-20,0,0,False,
STR-003,2024-12-20,1,0,False,
STR-003,2024-12-20,2,0,False,
STR-003,2024-12-20,3,0,False,
STR-003,2024-12-20,4,0,False,
STR-003,2024-12-20,5,0,False,
STR-003,2024-12-20,6,4,False,
STR-003,2024-12-20,7,8,False,
STR-003,2024-12-20,8,7,False,
STR-003,2024-12-20,9,11,False,
STR-003,2024-12-20,10,13,False,
STR-003,2024-12-20,11,17,False,
STR-003,2024-12-20,12,28,False,
STR-003,2024-12-20,13,24,False,
STR-003,2024-12-20,14,27,False,
STR-003,2024-12-20,15,10,False,
STR-003,2024-12-20,16,22,False,
STR-003,2024-12-20,17,17,False,
STR-003,2024-12-20,18,34,False,
STR-003,2024-12-20,19,37,False,
STR-003,2024-12-20,20,30,False,
STR-003,2024-12-20,21,24,False,
STR-003,2024-12-20,22,5,False,
STR-003,2024-12-20,23,1,False,
STR-003,2024-12-21,0,0,True,
STR-003,2024-12-21,1,0,True,
STR-003,2024-12-21,2,0,True,
STR-003,2024-12-21,3,0,True,
STR-003,2024-12-21,4,0,True,
STR-003,2024-12-21,5,0,True,
STR-003,2024-12-21,6,3,True,
STR-003,2024-12-21,7,7,True,
STR-003,2024-12-21,8,13,True,
STR-003,2024-12-21,9,14,True,
STR-003,2024-12-21,10,14,True,
STR-003,2024-12-21,11,24,True,
STR-003,2024-12-21,12,30,True,
STR-003,2024-12-21,13,22,True,
STR-003,2024-12-21,14,18,True,
STR-003,2024-12-21,15,19,True,
STR-003,2024-12-21,16,15,True,
STR-003,2024-12-21,17,27,True,
STR-003,2024-12-21,18,40,True,
STR-003,2024-12-21,19,46,True,
STR-003,2024-12-21,20,30,True,
STR-003,2024-12-21,21,32,True,
STR-003,2024-12-21,22,10,True,
STR-003,2024-12-21,23,4,True,
STR-003,2024-12-22,0,0,True,
STR-003,2024-12-22,1,0,True,
STR-003,2024-12-22,2,0,True,
STR-003,2024-12-22,3,0,True,
STR-003,2024-12-22,4,0,True,
STR-003,2024-12-22,5,0,True,
STR-003,2024-12-22,6,7,True,
STR-003,2024-12-22,7,5,True,
STR-003,2024-12-22,8,12,True,
STR-003,2024-12-22,9,14,True,
STR-003,2024-12-22,10,13,True,
STR-003,2024-12-22,11,24,True,
STR-003,2024-12-22,12,38,True,
STR-003,2024-12-22,13,32,True,
STR-003,2024-12-22,14,14,True,
STR-003,2024-12-22,15,17,True,
STR-003,2024-12-22,16,24,True,
STR-003,2024-12-22,17,25,True,
STR-003,2024-12-22,18,37,True,
STR-003,2024-12-22,19,47,True,
STR-003,2024-12-22,20,35,True,
STR-003,2024-12-22,21,28,True,
STR-003,2024-12-22,22,9,True,
STR-003,2024-12-22,23,1,True,
STR-003,2024-12-23,0,0,False,
STR-003,2024-12-23,1,0,False,
STR-003,2024-12-23,2,0,False,
STR-003,2024-12-23,3,0,False,
STR-003,2024-12-23,4,0,False,
STR-003,2024-12-23,5,0,False,
STR-003,2024-12-23,6,2,False,
STR-003,2024-12-23,7,12,False,
STR-003,2024-12-23,8,15,False,
STR-003,2024-12-23,9,21,False,
STR-003,2024-12-23,10,20,False,
STR-003,2024-12-23,11,23,False,
STR-003,2024-12-23,12,27,False,
STR-003,2024-12-23,13,28,False,
STR-003,2024-12-23,14,31,False,
STR-003,2024-12-23,15,22,False,
STR-003,2024-12-23,16,24,False,
STR-003,2024-12-23,17,24,False,
STR-003,2024-12-23,18,34,False,
STR-003,2024-12-23,19,27,False,
STR-003,2024-12-23,20,38,False,
STR-003,2024-12-23,21,37,False,
STR-003,2024-12-23,22,13,False,
STR-003,2024-12-23,23,6,False,
STR-003,2024-12-24,0,0,False,
STR-003,2024-12-24,1,0,False,
STR-003,2024-12-24,2,0,False,
STR-003,2024-12-24,3,0,False,
STR-003,2024-12-24,4,0,False,
STR-003,2024-12-24,5,0,False,
STR-003,2024-12-24,6,3,False,
STR-003,2024-12-24,7,10,False,
STR-003,2024-12-24,8,12,False,
STR-003,2024-12-24,9,27,False,
STR-003,2024-12-24,10,17,False,
STR-003,2024-12-24,11,17,False,
STR-003,2024-12-24,12,33,False,
STR-003,2024-12-24,13,23,False,
STR-003,2024-12-24,14,16,False,
STR-003,2024-12-24,15,19,False,
STR-003,2024-12-24,16,11,False,
STR-003,2024-12-24,17,20,False,
STR-003,2024-12-24,18,23,False,
STR-003,2024-12-24,19,33,False,
STR-003,2024-12-24,20,25,False,
STR-003,2024-12-24,21,20,False,
STR-003,2024-12-24,22,8,False,
STR-003,2024-12-24,23,6,False,
STR-003,2024-12-25,0,0,False,Christmas
STR-003,2024-12-25,1,0,False,Christmas
STR-003,2024-12-25,2,0,False,Christmas
STR-003,2024-12-25,3,0,False,Christmas
STR-003,2024-12-25,4,0,False,Christmas
STR-003,2024-12-25,5,0,False,Christmas
STR-003,2024-12-25,6,9,False,Christmas
STR-003,2024-12-25,7,13,False,Christmas
STR-003,2024-12-25,8,21,False,Christmas
STR-003,2024-12-25,9,23,False,Christmas
STR-003,2024-12-25,10,43,False,Christmas
STR-003,2024-12-25,11,41,False,Christmas
STR-003,2024-12-25,12,49,False,Christmas
STR-003,2024-12-25,13,45,False,Christmas
STR-003,2024-12-25,14,37,False,Christmas
STR-003,2024-12-25,15,27,False,Christmas
STR-003,2024-12-25,16,33,False,Christmas
STR-003,2024-12-25,17,35,False,Christmas
STR-003,2024-12-25,18,57,False,Christmas
STR-003,2024-12-25,19,61,False,Christmas
STR-003,2024-12-25,20,71,False,Christmas
STR-003,2024-12-25,21,47,False,Christmas
STR-003,2024-12-25,22,9,False,Christmas
STR-003,2024-12-25,23,5,False,Christmas
STR-003,2024-12-26,0,0,False,
STR-003,2024-12-26,1,0,False,
STR-003,2024-12-26,2,0,False,
STR-003,2024-12-26,3,0,False,
STR-003,2024-12-26,4,0,False,
STR-003,2024-12-26,5,0,False,
STR-003,2024-12-26,6,5,False,
STR-003,2024-12-26,7,9,False,
STR-003,2024-12-26,8,7,False,
STR-003,2024-12-26,9,14,False,
STR-003,2024-12-26,10,22,False,
STR-003,2024-12-26,11,18,False,
STR-003,2024-12-26,12,25,False,
STR-003,2024-12-26,13,23,False,
STR-003,2024-12-26,14,17,False,
STR-003,2024-12-26,15,16,False,
STR-003,2024-12-26,16,21,False,
STR-003,2024-12-26,17,24,False,
STR-003,2024-12-26,18,35,False,
STR-003,2024-12-26,19,35,False,
STR-003,2024-12-26,20,34,False,
STR-003,2024-12-26,21,28,False,
STR-003,2024-12-26,22,8,False,
STR-003,2024-12-26,23,7,False,
STR-003,2024-12-27,0,0,False,
STR-003,2024-12-27,1,0,False,
STR-003,2024-12-27,2,0,False,
STR-003,2024-12-27,3,0,False,
STR-003,2024-12-27,4,0,False,
STR-003,2024-12-27,5,0,False,
STR-003,2024-12-27,6,3,False,
STR-003,2024-12-27,7,9,False,
STR-003,2024-12-27,8,12,False,
STR-003,2024-12-27,9,19,False,
STR-003,2024-12-27,10,16,False,
STR-003,2024-12-27,11,24,False,
STR-003,2024-12-27,12,36,False,
STR-003,2024-12-27,13,26,False,
STR-003,2024-12-27,14,24,False,
STR-003,2024-12-27,15,21,False,
STR-003,2024-12-27,16,20,False,
STR-003,2024-12-27,17,22,False,
STR-003,2024-12-27,18,34,False,
STR-003,2024-12-27,19,31,False,
STR-003,2024-12-27,20,30,False,
STR-003,2024-12-27,21,25,False,
STR-003,2024-12-27,22,3,False,
STR-003,2024-12-27,23,6,False,
STR-003,2024-12-28,0,0,True,
STR-003,2024-12-28,1,0,True,
STR-003,2024-12-28,2,0,True,
STR-003,2024-12-28,3,0,True,
STR-003,2024-12-28,4,0,True,
STR-003,2024-12-28,5,0,True,
STR-003,2024-12-28,6,8,True,
STR-003,2024-12-28,7,11,True,
STR-003,2024-12-28,8,11,True,
STR-003,2024-12-28,9,25,True,
STR-003,2024-12-28,10,21,True,
STR-003,2024-12-28,11,28,True,
STR-003,2024-12-28,12,28,True,
STR-003,2024-12-28,13,37,True,
STR-003,2024-12-28,14,40,True,
STR-003,2024-12-28,15,23,True,
STR-003,2024-12-28,16,19,True,
STR-003,2024-12-28,17,29,True,
STR-003,2024-12-28,18,34,True,
STR-003,2024-12-28,19,42,True,
STR-003,2024-12-28,20,46,True,
STR-003,2024-12-28,21,26,True,
STR-003,2024-12-28,22,13,True,
STR-003,2024-12-28,23,8,True,
STR-003,2024-12-29,0,0,True,
STR-003,2024-12-29,1,0,True,
STR-003,2024-12-29,2,0,True,
STR-003,2024-12-29,3,0,True,
STR-003,2024-12-29,4,0,True,
STR-003,2024-12-29,5,0,True,
STR-003,2024-12-29,6,5,True,
STR-003,2024-12-29,7,8,True,
STR-003,2024-12-29,8,13,True,
STR-003,2024-12-29,9,20,True,
STR-003,2024-12-29,10,27,True,
STR-003,2024-12-29,11,31,True,
STR-003,2024-12-29,12,36,True,
STR-003,2024-12-29,13,41,True,
STR-003,2024-12-29,14,40,True,
STR-003,2024-12-29,15,21,True,
STR-003,2024-12-29,16,31,True,
STR-003,2024-12-29,17,18,True,
STR-003,2024-12-29,18,46,True,
STR-003,2024-12-29,19,36,True,
STR-003,2024-12-29,20,52,True,
STR-003,2024-12-29,21,16,True,
STR-003,2024-12-29,22,17,True,
STR-003,2024-12-29,23,6,True,
STR-003,2024-12-30,0,0,False,
STR-003,2024-12-30,1,0,False,
STR-003,2024-12-30,2,0,False,
STR-003,2024-12-30,3,0,False,
STR-003,2024-12-30,4,0,False,
STR-003,2024-12-30,5,0,False,
STR-003,2024-12-30,6,1,False,
STR-003,2024-12-30,7,8,False,
STR-003,2024-12-30,8,16,False,
STR-003,2024-12-30,9,19,False,
STR-003,2024-12-30,10,19,False,
STR-003,2024-12-30,11,12,False,
STR-003,2024-12-30,12,29,False,
STR-003,2024-12-30,13,18,False,
STR-003,2024-12-30,14,24,False,
STR-003,2024-12-30,15,23,False,
STR-003,2024-12-30,16,15,False,
STR-003,2024-12-30,17,13,False,
STR-003,2024-12-30,18,29,False,
STR-003,2024-12-30,19,35,False,
STR-003,2024-12-30,20,31,False,
STR-003,2024-12-30,21,20,False,
STR-003,2024-12-30,22,7,False,
STR-003,2024-12-30,23,2,False,
STR-003,2024-12-31,0,0,False,
STR-003,2024-12-31,1,0,False,
STR-003,2024-12-31,2,0,False,
STR-003,2024-12-31,3,0,False,
STR-003,2024-12-31,4,0,False,
STR-003,2024-12-31,5,0,False,
STR-003,2024-12-31,6,3,False,
STR-003,2024-12-31,7,6,False,
STR-003,2024-12-31,8,10,False,
STR-003,2024-12-31,9,18,False,
STR-003,2024-12-31,10,35,False,
STR-003,2024-12-31,11,13,False,
STR-003,2024-12-31,12,30,False,
STR-003,2024-12-31,13,26,False,
STR-003,2024-12-31,14,25,False,
STR-003,2024-12-31,15,16,False,
STR-003,2024-12-31,16,29,False,
STR-003,2024-12-31,17,27,False,
STR-003,2024-12-31,18,37,False,
STR-003,2024-12-31,19,31,False,
STR-003,2024-12-31,20,30,False,
STR-003,2024-12-31,21,27,False,
STR-003,2024-12-31,22,8,False,
STR-003,2024-12-31,23,5,False,
STR-003,2025-01-01,0,0,False,
STR-003,2025-01-01,1,0,False,
STR-003,2025-01-01,2,0,False,
STR-003,2025-01-01,3,0,False,
STR-003,2025-01-01,4,0,False,
STR-003,2025-01-01,5,0,False,
STR-003,2025-01-01,6,3,False,
STR-003,2025-01-01,7,10,False,
STR-003,2025-01-01,8,4,False,
STR-003,2025-01-01,9,16,False,
STR-003,2025-01-01,10,10,False,
STR-003,2025-01-01,11,13,False,
STR-003,2025-01-01,12,26,False,
STR-003,2025-01-01,13,18,False,
STR-003,2025-01-01,14,28,False,
STR-003,2025-01-01,15,20,False,
STR-003,2025-01-01,16,17,False,
STR-003,2025-01-01,17,21,False,
STR-003,2025-01-01,18,24,False,
STR-003,2025-01-01,19,45,False,
STR-003,2025-01-01,20,31,False,
STR-003,2025-01-01,21,21,False,
STR-003,2025-01-01,22,3,False,
STR-003,2025-01-01,23,4,False,
STR-003,2025-01-02,0,0,False,
STR-003,2025-01-02,1,0,False,
STR-003,2025-01-02,2,0,False,
STR-003,2025-01-02,3,0,False,
STR-003,2025-01-02,4,0,False,
STR-003,2025-01-02,5,0,False,
STR-003,2025-01-02,6,3,False,
STR-003,2025-01-02,7,6,False,
STR-003,2025-01-02,8,18,False,
STR-003,2025-01-02,9,20,False,
STR-003,2025-01-02,10,25,False,
STR-003,2025-01-02,11,15,False,
STR-003,2025-01-02,12,26,False,
STR-003,2025-01-02,13,22,False,
STR-003,2025-01-02,14,24,False,
STR-003,2025-01-02,15,20,False,
STR-003,2025-01-02,16,26,False,
STR-003,2025-01-02,17,23,False,
STR-003,2025-01-02,18,27,False,
STR-003,2025-01-02,19,40,False,
STR-003,2025-01-02,20,34,False,
STR-003,2025-01-02,21,18,False,
STR-003,2025-01-02,22,11,False,
STR-003,2025-01-02,23,5,False,
STR-003,2025-01-03,0,0,False,
STR-003,2025-01-03,1,0,False,
STR-003,2025-01-03,2,0,False,
STR-003,2025-01-03,3,0,False,
STR-003,2025-01-03,4,0,False,
STR-003,2025-01-03,5,0,False,
STR-003,2025-01-03,6,1,False,
STR-003,2025-01-03,7,8,False,
STR-003,2025-01-03,8,11,False,
STR-003,2025-01-03,9,17,False,
STR-003,2025-01-03,10,27,False,
STR-003,2025-01-03,11,24,False,
STR-003,2025-01-03,12,23,False,
STR-003,2025-01-03,13,21,False,
STR-003,2025-01-03,14,20,False,
STR-003,2025-01-03,15,20,False,
STR-003,2025-01-03,16,15,False,
STR-003,2025-01-03,17,20,False,
STR-003,2025-01-03,18,23,False,
STR-003,2025-01-03,19,30,False,
STR-003,2025-01-03,20,26,False,
STR-003,2025-01-03,21,15,False,
STR-003,2025-01-03,22,7,False,
STR-003,2025-01-03,23,4,False,
STR-003,2025-01-04,0,0,True,
STR-003,2025-01-04,1,0,True,
STR-003,2025-01-04,2,0,True,
STR-003,2025-01-04,3,0,True,
STR-003,2025-01-04,4,0,True,
STR-003,2025-01-04,5,0,True,
STR-003,2025-01-04,6,8,True,
STR-003,2025-01-04,7,11,True,
STR-003,2025-01-04,8,12,True,
STR-003,2025-01-04,9,17,True,
STR-003,2025-01-04,10,29,True,
STR-003,2025-01-04,11,37,True,
STR-003,2025-01-04,12,33,True,
STR-003,2025-01-04,13,28,True,
STR-003,2025-01-04,14,34,True,
STR-003,2025-01-04,15,29,True,
STR-003,2025-01-04,16,24,True,
STR-003,2025-01-04,17,22,True,
STR-003,2025-01-04,18,42,True,
STR-003,2025-01-04,19,53,True,
STR-003,2025-01-04,20,38,True,
STR-003,2025-01-04,21,28,True,
STR-003,2025-01-04,22,11,True,
STR-003,2025-01-04,23,2,True,
STR-003,2025-01-05,0,0,True,
STR-003,2025-01-05,1,0,True,
STR-003,2025-01-05,2,0,True,
STR-003,2025-01-05,3,0,True,
STR-003,2025-01-05,4,0,True,
STR-003,2025-01-05,5,0,True,
STR-003,2025-01-05,6,6,True,
STR-003,2025-01-05,7,7,True,
STR-003,2025-01-05,8,13,True,
STR-003,2025-01-05,9,28,True,
STR-003,2025-01-05,10,25,True,
STR-003,2025-01-05,11,16,True,
STR-003,2025-01-05,12,34,True,
STR-003,2025-01-05,13,24,True,
STR-003,2025-01-05,14,27,True,
STR-003,2025-01-05,15,21,True,
STR-003,2025-01-05,16,22,True,
STR-003,2025-01-05,17,23,True,
STR-003,2025-01-05,18,39,True,
STR-003,2025-01-05,19,49,True,
STR-003,2025-01-05,20,39,True,
STR-003,2025-01-05,21,39,True,
STR-003,2025-01-05,22,7,True,
STR-003,2025-01-05,23,8,True,
STR-003,2025-01-06,0,0,False,
STR-003,2025-01-06,1,0,False,
STR-003,2025-01-06,2,0,False,
STR-003,2025-01-06,3,0,False,
STR-003,2025-01-06,4,0,False,
STR-003,2025-01-06,5,0,False,
STR-003,2025-01-06,6,3,False,
STR-003,2025-01-06,7,7,False,
STR-003,2025-01-06,8,8,False,
STR-003,2025-01-06,9,20,False,
STR-003,2025-01-06,10,24,False,
STR-003,2025-01-06,11,17,False,
STR-003,2025-01-06,12,25,False,
STR-003,2025-01-06,13,21,False,
STR-003,2025-01-06,14,13,False,
STR-003,2025-01-06,15,27,False,
STR-003,2025-01-06,16,20,False,
STR-003,2025-01-06,17,11,False,
STR-003,2025-01-06,18,21,False,
STR-003,2025-01-06,19,38,False,
STR-003,2025-01-06,20,39,False,
STR-003,2025-01-06,21,29,False,
STR-003,2025-01-06,22,8,False,
STR-003,2025-01-06,23,1,False,
STR-003,2025-01-07,0,0,False,
STR-003,2025-01-07,1,0,False,
STR-003,2025-01-07,2,0,False,
STR-003,2025-01-07,3,0,False,
STR-003,2025-01-07,4,0,False,
STR-003,2025-01-07,5,0,False,
STR-003,2025-01-07,6,2,False,
STR-003,2025-01-07,7,10,False,
STR-003,2025-01-07,8,12,False,
STR-003,2025-01-07,9,22,False,
STR-003,2025-01-07,10,23,False,
STR-003,2025-01-07,11,21,False,
STR-003,2025-01-07,12,20,False,
STR-003,2025-01-07,13,19,False,
STR-003,2025-01-07,14,17,False,
STR-003,2025-01-07,15,20,False,
STR-003,2025-01-07,16,17,False,
STR-003,2025-01-07,17,20,False,
STR-003,2025-01-07,18,29,False,
STR-003,2025-01-07,19,24,False,
STR-003,2025-01-07,20,27,False,
STR-003,2025-01-07,21,18,False,
STR-003,2025-01-07,22,8,False,
STR-003,2025-01-07,23,3,False,
STR-003,2025-01-08,0,0,False,
STR-003,2025-01-08,1,0,False,
STR-003,2025-01-08,2,0,False,
STR-003,2025-01-08,3,0,False,
STR-003,2025-01-08,4,0,False,
STR-003,2025-01-08,5,0,False,
STR-003,2025-01-08,6,3,False,
STR-003,2025-01-08,7,6,False,
STR-003,2025-01-08,8,8,False,
STR-003,2025-01-08,9,19,False,
STR-003,2025-01-08,10,12,False,
STR-003,2025-01-08,11,23,False,
STR-003,2025-01-08,12,32,False,
STR-003,2025-01-08,13,18,False,
STR-003,2025-01-08,14,15,False,
STR-003,2025-01-08,15,21,False,
STR-003,2025-01-08,16,15,False,
STR-003,2025-01-08,17,11,False,
STR-003,2025-01-08,18,25,False,
STR-003,2025-01-08,19,27,False,
STR-003,2025-01-08,20,26,False,
STR-003,2025-01-08,21,20,False,
STR-003,2025-01-08,22,3,False,
STR-003,2025-01-08,23,1,False,
STR-003,2025-01-09,0,0,False,
STR-003,2025-01-09,1,0,False,
STR-003,2025-01-09,2,0,False,
STR-003,2025-01-09,3,0,False,
STR-003,2025-01-09,4,0,False,
STR-003,2025-01-09,5,0,False,
STR-003,2025-01-09,6,3,False,
STR-003,2025-01-09,7,14,False,
STR-003,2025-01-09,8,10,False,
STR-003,2025-01-09,9,15,False,
STR-003,2025-01-09,10,23,False,
STR-003,2025-01-09,11,20,False,
STR-003,2025-01-09,12,32,False,
STR-003,2025-01-09,13,28,False,
STR-003,2025-01-09,14,27,False,
STR-003,2025-01-09,15,19,False,
STR-003,2025-01-09,16,21,False,
STR-003,2025-01-09,17,22,False,
STR-003,2025-01-09,18,44,False,
STR-003,2025-01-09,19,30,False,
STR-003,2025-01-09,20,41,False,
STR-003,2025-01-09,21,24,False,
STR-003,2025-01-09,22,5,False,
STR-003,2025-01-09,23,5,False,
STR-003,2025-01-10,0,0,False,
STR-003,2025-01-10,1,0,False,
STR-003,2025-01-10,2,0,False,
STR-003,2025-01-10,3,0,False,
STR-003,2025-01-10,4,0,False,
STR-003,2025-01-10,5,0,False,
STR-003,2025-01-10,6,5,False,
STR-003,2025-01-10,7,5,False,
STR-003,2025-01-10,8,16,False,
STR-003,2025-01-10,9,12,False,
STR-003,2025-01-10,10,20,False,
STR-003,2025-01-10,11,12,False,
STR-003,2025-01-10,12,37,False,
STR-003,2025-01-10,13,33,False,
STR-003,2025-01-10,14,22,False,
STR-003,2025-01-10,15,27,False,
STR-003,2025-01-10,16,21,False,
STR-003,2025-01-10,17,23,False,
STR-003,2025-01-10,18,32,False,
STR-003,2025-01-10,19,41,False,
STR-003,2025-01-10,20,37,False,
STR-003,2025-01-10,21,14,False,
STR-003,2025-01-10,22,14,False,
STR-003,2025-01-10,23,7,False,
STR-003,2025-01-11,0,0,True,
STR-003,2025-01-11,1,0,True,
STR-003,2025-01-11,2,0,True,
STR-003,2025-01-11,3,0,True,
STR-003,2025-01-11,4,0,True,
STR-003,2025-01-11,5,0,True,
STR-003,2025-01-11,6,5,True,
STR-003,2025-01-11,7,9,True,
STR-003,2025-01-11,8,11,True,
STR-003,2025-01-11,9,16,True,
STR-003,2025-01-11,10,27,True,
STR-003,2025-01-11,11,23,True,
STR-003,2025-01-11,12,28,True,
STR-003,2025-01-11,13,26,True,
STR-003,2025-01-11,14,13,True,
STR-003,2025-01-11,15,35,True,
STR-003,2025-01-11,16,26,True,
STR-003,2025-01-11,17,17,True,
STR-003,2025-01-11,18,38,True,
STR-003,2025-01-11,19,58,True,
STR-003,2025-01-11,20,43,True,
STR-003,2025-01-11,21,27,True,
STR-003,2025-01-11,22,4,True,
STR-003,2025-01-11,23,6,True,
STR-003,2025-01-12,0,0,True,
STR-003,2025-01-12,1,0,True,
STR-003,2025-01-12,2,0,True,
STR-003,2025-01-12,3,0,True,
STR-003,2025-01-12,4,0,True,
STR-003,2025-01-12,5,0,True,
STR-003,2025-01-12,6,7,True,
STR-003,2025-01-12,7,12,True,
STR-003,2025-01-12,8,17,True,
STR-003,2025-01-12,9,19,True,
STR-003,2025-01-12,10,17,True,
STR-003,2025-01-12,11,34,True,
STR-003,2025-01-12,12,38,True,
STR-003,2025-01-12,13,28,True,
STR-003,2025-01-12,14,29,True,
STR-003,2025-01-12,15,29,True,
STR-003,2025-01-12,16,33,True,
STR-003,2025-01-12,17,26,True,
STR-003,2025-01-12,18,45,True,
STR-003,2025-01-12,19,48,True,
STR-003,2025-01-12,20,35,True,
STR-003,2025-01-12,21,26,True,
STR-003,2025-01-12,22,11,True,
STR-003,2025-01-12,23,7,True,
STR-003,2025-01-13,0,0,False,
STR-003,2025-01-13,1,0,False,
STR-003,2025-01-13,2,0,False,
STR-003,2025-01-13,3,0,False,
STR-003,2025-01-13,4,0,False,
STR-003,2025-01-13,5,0,False,
STR-003,2025-01-13,6,4,False,
STR-003,2025-01-13,7,8,False,
STR-003,2025-01-13,8,9,False,
STR-003,2025-01-13,9,10,False,
STR-003,2025-01-13,10,18,False,
STR-003,2025-01-13,11,22,False,
STR-003,2025-01-13,12,29,False,
STR-003,2025-01-13,13,23,False,
STR-003,2025-01-13,14,21,False,
STR-003,2025-01-13,15,19,False,
STR-003,2025-01-13,16,15,False,
STR-003,2025-01-13,17,21,False,
STR-003,2025-01-13,18,33,False,
STR-003,2025-01-13,19,37,False,
STR-003,2025-01-13,20,35,False,
STR-003,2025-01-13,21,21,False,
STR-003,2025-01-13,22,8,False,
STR-003,2025-01-13,23,2,False,
STR-003,2025-01-14,0,0,False,Makar Sankranti / Pongal
STR-003,2025-01-14,1,0,False,Makar Sankranti / Pongal
STR-003,2025-01-14,2,0,False,Makar Sankranti / Pongal
STR-003,2025-01-14,3,0,False,Makar Sankranti / Pongal
STR-003,2025-01-14,4,0,False,Makar Sankranti / Pongal
STR-003,2025-01-14,5,0,False,Makar Sankranti / Pongal
STR-003,2025-01-14,6,4,False,Makar Sankranti / Pongal
STR-003,2025-01-14,7,17,False,Makar Sankranti / Pongal
STR-003,2025-01-14,8,19,False,Makar Sankranti / Pongal
STR-003,2025-01-14,9,33,False,Makar Sankranti / Pongal
STR-003,2025-01-14,10,35,False,Makar Sankranti / Pongal
STR-003,2025-01-14,11,38,False,Makar Sankranti / Pongal
STR-003,2025-01-14,12,60,False,Makar Sankranti / Pongal
STR-003,2025-01-14,13,37,False,Makar Sankranti / Pongal
STR-003,2025-01-14,14,42,False,Makar Sankranti / Pongal
STR-003,2025-01-14,15,30,False,Makar Sankranti / Pongal
STR-003,2025-01-14,16,34,False,Makar Sankranti / Pongal
STR-003,2025-01-14,17,28,False,Makar Sankranti / Pongal
STR-003,2025-01-14,18,56,False,Makar Sankranti / Pongal
STR-003,2025-01-14,19,67,False,Makar Sankranti / Pongal
STR-003,2025-01-14,20,45,False,Makar Sankranti / Pongal
STR-003,2025-01-14,21,48,False,Makar Sankranti / Pongal
STR-003,2025-01-14,22,10,False,Makar Sankranti / Pongal
STR-003,2025-01-14,23,1,False,Makar Sankranti / Pongal
STR-003,2025-01-15,0,0,False,
STR-003,2025-01-15,1,0,False,
STR-003,2025-01-15,2,0,False,
STR-003,2025-01-15,3,0,False,
STR-003,2025-01-15,4,0,False,
STR-003,2025-01-15,5,0,False,
STR-003,2025-01-15,6,3,False,
STR-003,2025-01-15,7,8,False,
STR-003,2025-01-15,8,13,False,
STR-003,2025-01-15,9,13,False,
STR-003,2025-01-15,10,19,False,
STR-003,2025-01-15,11,23,False,
STR-003,2025-01-15,12,36,False,
STR-003,2025-01-15,13,28,False,
STR-003,2025-01-15,14,23,False,
STR-003,2025-01-15,15,23,False,
STR-003,2025-01-15,16,16,False,
STR-003,2025-01-15,17,24,False,
STR-003,2025-01-15,18,39,False,
STR-003,2025-01-15,19,43,False,
STR-003,2025-01-15,20,30,False,
STR-003,2025-01-15,21,24,False,
STR-003,2025-01-15,22,11,False,
STR-003,2025-01-15,23,5,False,
STR-003,2025-01-16,0,0,False,
STR-003,2025-01-16,1,0,False,
STR-003,2025-01-16,2,0,False,
STR-003,2025-01-16,3,0,False,
STR-003,2025-01-16,4,0,False,
STR-003,2025-01-16,5,0,False,
STR-003,2025-01-16,6,6,False,
STR-003,2025-01-16,7,8,False,
STR-003,2025-01-16,8,8,False,
STR-003,2025-01-16,9,18,False,
STR-003,2025-01-16,10,20,False,
STR-003,2025-01-16,11,15,False,
STR-003,2025-01-16,12,18,False,
STR-003,2025-01-16,13,21,False,
STR-003,2025-01-16,14,17,False,
STR-003,2025-01-16,15,20,False,
STR-003,2025-01-16,16,21,False,
STR-003,2025-01-16,17,15,False,
STR-003,2025-01-16,18,27,False,
STR-003,2025-01-16,19,27,False,
STR-003,2025-01-16,20,36,False,
STR-003,2025-01-16,21,24,False,
STR-003,2025-01-16,22,7,False,
STR-003,2025-01-16,23,6,False,
STR-003,2025-01-17,0,0,False,
STR-003,2025-01-17,1,0,False,
STR-003,2025-01-17,2,0,False,
STR-003,2025-01-17,3,0,False,
STR-003,2025-01-17,4,0,False,
STR-003,2025-01-17,5,0,False,
STR-003,2025-01-17,6,3,False,
STR-003,2025-01-17,7,8,False,
STR-003,2025-01-17,8,9,False,
STR-003,2025-01-17,9,17,False,
STR-003,2025-01-17,10,29,False,
STR-003,2025-01-17,11,19,False,
STR-003,2025-01-17,12,30,False,
STR-003,2025-01-17,13,20,False,
STR-003,2025-01-17,14,23,False,
STR-003,2025-01-17,15,19,False,
STR-003,2025-01-17,16,13,False,
STR-003,2025-01-17,17,21,False,
STR-003,2025-01-17,18,27,False,
STR-003,2025-01-17,19,52,False,
STR-003,2025-01-17,20,29,False,
STR-003,2025-01-17,21,15,False,
STR-003,2025-01-17,22,8,False,
STR-003,2025-01-17,23,3,False,
STR-003,2025-01-18,0,0,True,
STR-003,2025-01-18,1,0,True,
STR-003,2025-01-18,2,0,True,
STR-003,2025-01-18,3,0,True,
STR-003,2025-01-18,4,0,True,
STR-003,2025-01-18,5,0,True,
STR-003,2025-01-18,6,6,True,
STR-003,2025-01-18,7,9,True,
STR-003,2025-01-18,8,9,True,
STR-003,2025-01-18,9,19,True,
STR-003,2025-01-18,10,27,True,
STR-003,2025-01-18,11,26,True,
STR-003,2025-01-18,12,25,True,
STR-003,2025-01-18,13,30,True,
STR-003,2025-01-18,14,33,True,
STR-003,2025-01-18,15,22,True,
STR-003,2025-01-18,16,24,True,
STR-003,2025-01-18,17,22,True,
STR-003,2025-01-18,18,36,True,
STR-003,2025-01-18,19,50,True,
STR-003,2025-01-18,20,35,True,
STR-003,2025-01-18,21,27,True,
STR-003,2025-01-18,22,8,True,
STR-003,2025-01-18,23,7,True,
STR-003,2025-01-19,0,0,True,
STR-003,2025-01-19,1,0,True,
STR-003,2025-01-19,2,0,True,
STR-003,2025-01-19,3,0,True,
STR-003,2025-01-19,4,0,True,
STR-003,2025-01-19,5,0,True,
STR-003,2025-01-19,6,8,True,
STR-003,2025-01-19,7,9,True,
STR-003,2025-01-19,8,18,True,
STR-003,2025-01-19,9,16,True,
STR-003,2025-01-19,10,23,True,
STR-003,2025-01-19,11,31,True,
STR-003,2025-01-19,12,45,True,
STR-003,2025-01-19,13,37,True,
STR-003,2025-01-19,14,23,True,
STR-003,2025-01-19,15,33,True,
STR-003,2025-01-19,16,21,True,
STR-003,2025-01-19,17,16,True,
STR-003,2025-01-19,18,51,True,
STR-003,2025-01-19,19,40,True,
STR-003,2025-01-19,20,44,True,
STR-003,2025-01-19,21,38,True,
STR-003,2025-01-19,22,12,True,
STR-003,2025-01-19,23,5,True,
STR-003,2025-01-20,0,0,False,
STR-003,2025-01-20,1,0,False,
STR-003,2025-01-20,2,0,False,
STR-003,2025-01-20,3,0,False,
STR-003,2025-01-20,4,0,False,
STR-003,2025-01-20,5,0,False,
STR-003,2025-01-20,6,5,False,
STR-003,2025-01-20,7,7,False,
STR-003,2025-01-20,8,12,False,
STR-003,2025-01-20,9,19,False,
STR-003,2025-01-20,10,19,False,
STR-003,2025-01-20,11,20,False,
STR-003,2025-01-20,12,25,False,
STR-003,2025-01-20,13,27,False,
STR-003,2025-01-20,14,24,False,
STR-003,2025-01-20,15,13,False,
STR-003,2025-01-20,16,18,False,
STR-003,2025-01-20,17,13,False,
STR-003,2025-01-20,18,38,False,
STR-003,2025-01-20,19,31,False,
STR-003,2025-01-20,20,20,False,
STR-003,2025-01-20,21,22,False,
STR-003,2025-01-20,22,9,False,
STR-003,2025-01-20,23,4,False,
STR-003,2025-01-21,0,0,False,
STR-003,2025-01-21,1,0,False,
STR-003,2025-01-21,2,0,False,
STR-003,2025-01-21,3,0,False,
STR-003,2025-01-21,4,0,False,
STR-003,2025-01-21,5,0,False,
STR-003,2025-01-21,6,2,False,
STR-003,2025-01-21,7,7,False,
STR-003,2025-01-21,8,20,False,
STR-003,2025-01-21,9,15,False,
STR-003,2025-01-21,10,23,False,
STR-003,2025-01-21,11,23,False,
STR-003,2025-01-21,12,35,False,
STR-003,2025-01-21,13,27,False,
STR-003,2025-01-21,14,25,False,
STR-003,2025-01-21,15,19,False,
STR-003,2025-01-21,16,18,False,
STR-003,2025-01-21,17,12,False,
STR-003,2025-01-21,18,33,False,
STR-003,2025-01-21,19,40,False,
STR-003,2025-01-21,20,28,False,
STR-003,2025-01-21,21,28,False,
STR-003,2025-01-21,22,7,False,
STR-003,2025-01-21,23,2,False,
STR-003,2025-01-22,0,0,False,
STR-003,2025-01-22,1,0,False,
STR-003,2025-01-22,2,0,False,
STR-003,2025-01-22,3,0,False,
STR-003,2025-01-22,4,0,False,
STR-003,2025-01-22,5,0,False,
STR-003,2025-01-22,6,4,False,
STR-003,2025-01-22,7,9,False,
STR-003,2025-01-22,8,13,False,
STR-003,2025-01-22,9,13,False,
STR-003,2025-01-22,10,24,False,
STR-003,2025-01-22,11,28,False,
STR-003,2025-01-22,12,33,False,
STR-003,2025-01-22,13,30,False,
STR-003,2025-01-22,14,27,False,
STR-003,2025-01-22,15,22,False,
STR-003,2025-01-22,16,20,False,
STR-003,2025-01-22,17,30,False,
STR-003,2025-01-22,18,32,False,
STR-003,2025-01-22,19,27,False,
STR-003,2025-01-22,20,31,False,
STR-003,2025-01-22,21,20,False,
STR-003,2025-01-22,22,4,False,
STR-003,2025-01-22,23,5,False,
STR-003,2025-01-23,0,0,False,
STR-003,2025-01-23,1,0,False,
STR-003,2025-01-23,2,0,False,
STR-003,2025-01-23,3,0,False,
STR-003,2025-01-23,4,0,False,
STR-003,2025-01-23,5,0,False,
STR-003,2025-01-23,6,1,False,
STR-003,2025-01-23,7,7,False,
STR-003,2025-01-23,8,14,False,
STR-003,2025-01-23,9,23,False,
STR-003,2025-01-23,10,20,False,
STR-003,2025-01-23,11,19,False,
STR-003,2025-01-23,12,27,False,
STR-003,2025-01-23,13,18,False,
STR-003,2025-01-23,14,29,False,
STR-003,2025-01-23,15,17,False,
STR-003,2025-01-23,16,25,False,
STR-003,2025-01-23,17,25,False,
STR-003,2025-01-23,18,48,False,
STR-003,2025-01-23,19,43,False,
STR-003,2025-01-23,20,38,False,
STR-003,2025-01-23,21,26,False,
STR-003,2025-01-23,22,11,False,
STR-003,2025-01-23,23,5,False,
STR-003,2025-01-24,0,0,False,
STR-003,2025-01-24,1,0,False,
STR-003,2025-01-24,2,0,False,
STR-003,2025-01-24,3,0,False,
STR-003,2025-01-24,4,0,False,
STR-003,2025-01-24,5,0,False,
STR-003,2025-01-24,6,2,False,
STR-003,2025-01-24,7,12,False,
STR-003,2025-01-24,8,16,False,
STR-003,2025-01-24,9,15,False,
STR-003,2025-01-24,10,21,False,
STR-003,2025-01-24,11,24,False,
STR-003,2025-01-24,12,16,False,
STR-003,2025-01-24,13,25,False,
STR-003,2025-01-24,14,27,False,
STR-003,2025-01-24,15,22,False,
STR-003,2025-01-24,16,23,False,
STR-003,2025-01-24,17,27,False,
STR-003,2025-01-24,18,35,False,
STR-003,2025-01-24,19,39,False,
STR-003,2025-01-24,20,25,False,
STR-003,2025-01-24,21,26,False,
STR-003,2025-01-24,22,12,False,
STR-003,2025-01-24,23,6,False,
STR-003,2025-01-25,0,0,True,
STR-003,2025-01-25,1,0,True,
STR-003,2025-01-25,2,0,True,
STR-003,2025-01-25,3,0,True,
STR-003,2025-01-25,4,0,True,
STR-003,2025-01-25,5,0,True,
STR-003,2025-01-25,6,4,True,
STR-003,2025-01-25,7,15,True,
STR-003,2025-01-25,8,14,True,
STR-003,2025-01-25,9,11,True,
STR-003,2025-01-25,10,38,True,
STR-003,2025-01-25,11,27,True,
STR-003,2025-01-25,12,31,True,
STR-003,2025-01-25,13,28,True,
STR-003,2025-01-25,14,31,True,
STR-003,2025-01-25,15,15,True,
STR-003,2025-01-25,16,31,True,
STR-003,2025-01-25,17,18,True,
STR-003,2025-01-25,18,42,True,
STR-003,2025-01-25,19,45,True,
STR-003,2025-01-25,20,37,True,
STR-003,2025-01-25,21,45,True,
STR-003,2025-01-25,22,14,True,
STR-003,2025-01-25,23,5,True,
STR-003,2025-01-26,0,0,True,Republic Day
STR-003,2025-01-26,1,0,True,Republic Day
STR-003,2025-01-26,2,0,True,Republic Day
STR-003,2025-01-26,3,0,True,Republic Day
STR-003,2025-01-26,4,0,True,Republic Day
STR-003,2025-01-26,5,0,True,Republic Day
STR-003,2025-01-26,6,7,True,Republic Day
STR-003,2025-01-26,7,13,True,Republic Day
STR-003,2025-01-26,8,22,True,Republic Day
STR-003,2025-01-26,9,32,True,Republic Day
STR-003,2025-01-26,10,55,True,Republic Day
STR-003,2025-01-26,11,44,True,Republic Day
STR-003,2025-01-26,12,55,True,Republic Day
STR-003,2025-01-26,13,43,True,Republic Day
STR-003,2025-01-26,14,35,True,Republic Day
STR-003,2025-01-26,15,36,True,Republic Day
STR-003,2025-01-26,16,35,True,Republic Day
STR-003,2025-01-26,17,41,True,Republic Day
STR-003,2025-01-26,18,60,True,Republic Day
STR-003,2025-01-26,19,62,True,Republic Day
STR-003,2025-01-26,20,54,True,Republic Day
STR-003,2025-01-26,21,37,True,Republic Day
STR-003,2025-01-26,22,17,True,Republic Day
STR-003,2025-01-26,23,5,True,Republic Day
STR-003,2025-01-27,0,0,False,
STR-003,2025-01-27,1,0,False,
STR-003,2025-01-27,2,0,False,
STR-003,2025-01-27,3,0,False,
STR-003,2025-01-27,4,0,False,
STR-003,2025-01-27,5,0,False,
STR-003,2025-01-27,6,2,False,
STR-003,2025-01-27,7,8,False,
STR-003,2025-01-27,8,9,False,
STR-003,2025-01-27,9,10,False,
STR-003,2025-01-27,10,20,False,
STR-003,2025-01-27,11,16,False,
STR-003,2025-01-27,12,29,False,
STR-003,2025-01-27,13,20,False,
STR-003,2025-01-27,14,15,False,
STR-003,2025-01-27,15,19,False,
STR-003,2025-01-27,16,18,False,
STR-003,2025-01-27,17,24,False,
STR-003,2025-01-27,18,24,False,
STR-003,2025-01-27,19,38,False,
STR-003,2025-01-27,20,30,False,
STR-003,2025-01-27,21,16,False,
STR-003,2025-01-27,22,8,False,
STR-003,2025-01-27,23,0,False,
STR-003,2025-01-28,0,0,False,
STR-003,2025-01-28,1,0,False,
STR-003,2025-01-28,2,0,False,
STR-003,2025-01-28,3,0,False,
STR-003,2025-01-28,4,0,False,
STR-003,2025-01-28,5,0,False,
STR-003,2025-01-28,6,9,False,
STR-003,2025-01-28,7,15,False,
STR-003,2025-01-28,8,12,False,
STR-003,2025-01-28,9,10,False,
STR-003,2025-01-28,10,22,False,
STR-003,2025-01-28,11,16,False,
STR-003,2025-01-28,12,28,False,
STR-003,2025-01-28,13,26,False,
STR-003,2025-01-28,14,20,False,
STR-003,2025-01-28,15,23,False,
STR-003,2025-01-28,16,21,False,
STR-003,2025-01-28,17,22,False,
STR-003,2025-01-28,18,31,False,
STR-003,2025-01-28,19,41,False,
STR-003,2025-01-28,20,31,False,
STR-003,2025-01-28,21,17,False,
STR-003,2025-01-28,22,8,False,
STR-003,2025-01-28,23,1,False,
STR-003,2025-01-29,0,0,False,
STR-003,2025-01-29,1,0,False,
STR-003,2025-01-29,2,0,False,
STR-003,2025-01-29,3,0,False,
STR-003,2025-01-29,4,0,False,
STR-003,2025-01-29,5,0,False,
STR-003,2025-01-29,6,4,False,
STR-003,2025-01-29,7,7,False,
STR-003,2025-01-29,8,19,False,
STR-003,2025-01-29,9,13,False,
STR-003,2025-01-29,10,24,False,
STR-003,2025-01-29,11,13,False,
STR-003,2025-01-29,12,38,False,
STR-003,2025-01-29,13,26,False,
STR-003,2025-01-29,14,20,False,
STR-003,2025-01-29,15,25,False,
STR-003,2025-01-29,16,22,False,
STR-003,2025-01-29,17,12,False,
STR-003,2025-01-29,18,41,False,
STR-003,2025-01-29,19,42,False,
STR-003,2025-01-29,20,34,False,
STR-003,2025-01-29,21,26,False,
STR-003,2025-01-29,22,8,False,
STR-003,2025-01-29,23,4,False,
STR-003,2025-01-30,0,0,False,
STR-003,2025-01-30,1,0,False,
STR-003,2025-01-30,2,0,False,
STR-003,2025-01-30,3,0,False,
STR-003,2025-01-30,4,0,False,
STR-003,2025-01-30,5,0,False,
STR-003,2025-01-30,6,0,False,
STR-003,2025-01-30,7,6,False,
STR-003,2025-01-30,8,6,False,
STR-003,2025-01-30,9,18,False,
STR-003,2025-01-30,10,27,False,
STR-003,2025-01-30,11,29,False,
STR-003,2025-01-30,12,32,False,
STR-003,2025-01-30,13,17,False,
STR-003,2025-01-30,14,18,False,
STR-003,2025-01-30,15,27,False,
STR-003,2025-01-30,16,18,False,
STR-003,2025-01-30,17,27,False,
STR-003,2025-01-30,18,39,False,
STR-003,2025-01-30,19,28,False,
STR-003,2025-01-30,20,38,False,
STR-003,2025-01-30,21,20,False,
STR-003,2025-01-30,22,7,False,
STR-003,2025-01-30,23,5,False,
STR-003,2025-01-31,0,0,False,
STR-003,2025-01-31,1,0,False,
STR-003,2025-01-31,2,0,False,
STR-003,2025-01-31,3,0,False,
STR-003,2025-01-31,4,0,False,
STR-003,2025-01-31,5,0,False,
STR-003,2025-01-31,6,6,False,
STR-003,2025-01-31,7,8,False,
STR-003,2025-01-31,8,17,False,
STR-003,2025-01-31,9,20,False,
STR-003,2025-01-31,10,18,False,
STR-003,2025-01-31,11,16,False,
STR-003,2025-01-31,12,34,False,
STR-003,2025-01-31,13,22,False,
STR-003,2025-01-31,14,14,False,
STR-003,2025-01-31,15,24,False,
STR-003,2025-01-31,16,15,False,
STR-003,2025-01-31,17,21,False,
STR-003,2025-01-31,18,35,False,
STR-003,2025-01-31,19,49,False,
STR-003,2025-01-31,20,38,False,
STR-003,2025-01-31,21,28,False,
STR-003,2025-01-31,22,9,False,
STR-003,2025-01-31,23,3,False,
STR-003,2025-02-01,0,0,True,
STR-003,2025-02-01,1,0,True,
STR-003,2025-02-01,2,0,True,
STR-003,2025-02-01,3,0,True,
STR-003,2025-02-01,4,0,True,
STR-003,2025-02-01,5,0,True,
STR-003,2025-02-01,6,8,True,
STR-003,2025-02-01,7,17,True,
STR-003,2025-02-01,8,13,True,
STR-003,2025-02-01,9,18,True,
STR-003,2025-02-01,10,20,True,
STR-003,2025-02-01,11,22,True,
STR-003,2025-02-01,12,29,True,
STR-003,2025-02-01,13,32,True,
STR-003,2025-02-01,14,27,True,
STR-003,2025-02-01,15,21,True,
STR-003,2025-02-01,16,31,True,
STR-003,2025-02-01,17,18,True,
STR-003,2025-02-01,18,46,True,
STR-003,2025-02-01,19,45,True,
STR-003,2025-02-01,20,49,True,
STR-003,2025-02-01,21,28,True,
STR-003,2025-02-01,22,13,True,
STR-003,2025-02-01,23,4,True,
STR-003,2025-02-02,0,0,True,
STR-003,2025-02-02,1,0,True,
STR-003,2025-02-02,2,0,True,
STR-003,2025-02-02,3,0,True,
STR-003,2025-02-02,4,0,True,
STR-003,2025-02-02,5,0,True,
STR-003,2025-02-02,6,3,True,
STR-003,2025-02-02,7,15,True,
STR-003,2025-02-02,8,13,True,
STR-003,2025-02-02,9,19,True,
STR-003,2025-02-02,10,41,True,
STR-003,2025-02-02,11,31,True,
STR-003,2025-02-02,12,37,True,
STR-003,2025-02-02,13,23,True,
STR-003,2025-02-02,14,26,True,
STR-003,2025-02-02,15,29,True,
STR-003,2025-02-02,16,14,True,
STR-003,2025-02-02,17,22,True,
STR-003,2025-02-02,18,34,True,
STR-003,2025-02-02,19,43,True,
STR-003,2025-02-02,20,27,True,
STR-003,2025-02-02,21,25,True,
STR-003,2025-02-02,22,9,True,
STR-003,2025-02-02,23,6,True,
STR-003,2025-02-03,0,0,False,
STR-003,2025-02-03,1,0,False,
STR-003,2025-02-03,2,0,False,
STR-003,2025-02-03,3,0,False,
STR-003,2025-02-03,4,0,False,
STR-003,2025-02-03,5,0,False,
STR-003,2025-02-03,6,3,False,
STR-003,2025-02-03,7,7,False,
STR-003,2025-02-03,8,15,False,
STR-003,2025-02-03,9,6,False,
STR-003,2025-02-03,10,16,False,
STR-003,2025-02-03,11,27,False,
STR-003,2025-02-03,12,32,False,
STR-003,2025-02-03,13,21,False,
STR-003,2025-02-03,14,25,False,
STR-003,2025-02-03,15,26,False,
STR-003,2025-02-03,16,14,False,
STR-003,2025-02-03,17,23,False,
STR-003,2025-02-03,18,32,False,
STR-003,2025-02-03,19,33,False,
STR-003,2025-02-03,20,24,False,
STR-003,2025-02-03,21,24,False,
STR-003,2025-02-03,22,6,False,
STR-003,2025-02-03,23,5,False,
STR-003,2025-02-04,0,0,False,
STR-003,2025-02-04,1,0,False,
STR-003,2025-02-04,2,0,False,
STR-003,2025-02-04,3,0,False,
STR-003,2025-02-04,4,0,False,
STR-003,2025-02-04,5,0,False,
STR-003,2025-02-04,6,4,False,
STR-003,2025-02-04,7,7,False,
STR-003,2025-02-04,8,16,False,
STR-003,2025-02-04,9,20,False,
STR-003,2025-02-04,10,18,False,
STR-003,2025-02-04,11,19,False,
STR-003,2025-02-04,12,34,False,
STR-003,2025-02-04,13,16,False,
STR-003,2025-02-04,14,21,False,
STR-003,2025-02-04,15,15,False,
STR-003,2025-02-04,16,15,False,
STR-003,2025-02-04,17,24,False,
STR-003,2025-02-04,18,32,False,
STR-003,2025-02-04,19,33,False,
STR-003,2025-02-04,20,31,False,
STR-003,2025-02-04,21,21,False,
STR-003,2025-02-04,22,4,False,
STR-003,2025-02-04,23,0,False,
STR-003,2025-02-05,0,0,False,
STR-003,2025-02-05,1,0,False,
STR-003,2025-02-05,2,0,False,
STR-003,2025-02-05,3,0,False,
STR-003,2025-02-05,4,0,False,
STR-003,2025-02-05,5,0,False,
STR-003,2025-02-05,6,4,False,
STR-003,2025-02-05,7,12,False,
STR-003,2025-02-05,8,14,False,
STR-003,2025-02-05,9,12,False,
STR-003,2025-02-05,10,27,False,
STR-003,2025-02-05,11,28,False,
STR-003,2025-02-05,12,26,False,
STR-003,2025-02-05,13,25,False,
STR-003,2025-02-05,14,28,False,
STR-003,2025-02-05,15,17,False,
STR-003,2025-02-05,16,16,False,
STR-003,2025-02-05,17,13,False,
STR-003,2025-02-05,18,39,False,
STR-003,2025-02-05,19,37,False,
STR-003,2025-02-05,20,35,False,
STR-003,2025-02-05,21,24,False,
STR-003,2025-02-05,22,8,False,
STR-003,2025-02-05,23,4,False,
STR-003,2025-02-06,0,0,False,
STR-003,2025-02-06,1,0,False,
STR-003,2025-02-06,2,0,False,
STR-003,2025-02-06,3,0,False,
STR-003,2025-02-06,4,0,False,
STR-003,2025-02-06,5,0,False,
STR-003,2025-02-06,6,3,False,
STR-003,2025-02-06,7,15,False,
STR-003,2025-02-06,8,10,False,
STR-003,2025-02-06,9,16,False,
STR-003,2025-02-06,10,17,False,
STR-003,2025-02-06,11,14,False,
STR-003,2025-02-06,12,24,False,
STR-003,2025-02-06,13,23,False,
STR-003,2025-02-06,14,16,False,
STR-003,2025-02-06,15,18,False,
STR-003,2025-02-06,16,18,False,
STR-003,2025-02-06,17,21,False,
STR-003,2025-02-06,18,26,False,
STR-003,2025-02-06,19,39,False,
STR-003,2025-02-06,20,25,False,
STR-003,2025-02-06,21,23,False,
STR-003,2025-02-06,22,7,False,
STR-003,2025-02-06,23,1,False,
STR-003,2025-02-07,0,0,False,
STR-003,2025-02-07,1,0,False,
STR-003,2025-02-07,2,0,False,
STR-003,2025-02-07,3,0,False,
STR-003,2025-02-07,4,0,False,
STR-003,2025-02-07,5,0,False,
STR-003,2025-02-07,6,2,False,
STR-003,2025-02-07,7,6,False,
STR-003,2025-02-07,8,15,False,
STR-003,2025-02-07,9,16,False,
STR-003,2025-02-07,10,28,False,
STR-003,2025-02-07,11,26,False,
STR-003,2025-02-07,12,36,False,
STR-003,2025-02-07,13,25,False,
STR-003,2025-02-07,14,22,False,
STR-003,2025-02-07,15,16,False,
STR-003,2025-02-07,16,25,False,
STR-003,2025-02-07,17,20,False,
STR-003,2025-02-07,18,26,False,
STR-003,2025-02-07,19,47,False,
STR-003,2025-02-07,20,38,False,
STR-003,2025-02-07,21,37,False,
STR-003,2025-02-07,22,4,False,
STR-003,2025-02-07,23,3,False,
STR-003,2025-02-08,0,0,True,
STR-003,2025-02-08,1,0,True,
STR-003,2025-02-08,2,0,True,
STR-003,2025-02-08,3,0,True,
STR-003,2025-02-08,4,0,True,
STR-003,2025-02-08,5,0,True,
STR-003,2025-02-08,6,4,True,
STR-003,2025-02-08,7,11,True,
STR-003,2025-02-08,8,25,True,
STR-003,2025-02-08,9,18,True,
STR-003,2025-02-08,10,26,True,
STR-003,2025-02-08,11,30,True,
STR-003,2025-02-08,12,45,True,
STR-003,2025-02-08,13,35,True,
STR-003,2025-02-08,14,38,True,
STR-003,2025-02-08,15,28,True,
STR-003,2025-02-08,16,26,True,
STR-003,2025-02-08,17,28,True,
STR-003,2025-02-08,18,36,True,
STR-003,2025-02-08,19,63,True,
STR-003,2025-02-08,20,50,True,
STR-003,2025-02-08,21,25,True,
STR-003,2025-02-08,22,12,True,
STR-003,2025-02-08,23,11,True,
STR-003,2025-02-09,0,0,True,
STR-003,2025-02-09,1,0,True,
STR-003,2025-02-09,2,0,True,
STR-003,2025-02-09,3,0,True,
STR-003,2025-02-09,4,0,True,
STR-003,2025-02-09,5,0,True,
STR-003,2025-02-09,6,4,True,
STR-003,2025-02-09,7,12,True,
STR-003,2025-02-09,8,12,True,
STR-003,2025-02-09,9,12,True,
STR-003,2025-02-09,10,22,True,
STR-003,2025-02-09,11,26,True,
STR-003,2025-02-09,12,40,True,
STR-003,2025-02-09,13,22,True,
STR-003,2025-02-09,14,23,True,
STR-003,2025-02-09,15,22,True,
STR-003,2025-02-09,16,30,True,
STR-003,2025-02-09,17,18,True,
STR-003,2025-02-09,18,38,True,
STR-003,2025-02-09,19,39,True,
STR-003,2025-02-09,20,38,True,
STR-003,2025-02-09,21,22,True,
STR-003,2025-02-09,22,3,True,
STR-003,2025-02-09,23,7,True,
STR-003,2025-02-10,0,0,False,
STR-003,2025-02-10,1,0,False,
STR-003,2025-02-10,2,0,False,
STR-003,2025-02-10,3,0,False,
STR-003,2025-02-10,4,0,False,
STR-003,2025-02-10,5,0,False,
STR-003,2025-02-10,6,3,False,
STR-003,2025-02-10,7,6,False,
STR-003,2025-02-10,8,5,False,
STR-003,2025-02-10,9,15,False,
STR-003,2025-02-10,10,15,False,
STR-003,2025-02-10,11,20,False,
STR-003,2025-02-10,12,36,False,
STR-003,2025-02-10,13,25,False,
STR-003,2025-02-10,14,26,False,
STR-003,2025-02-10,15,24,False,
STR-003,2025-02-10,16,20,False,
STR-003,2025-02-10,17,13,False,
STR-003,2025-02-10,18,30,False,
STR-003,2025-02-10,19,39,False,
STR-003,2025-02-10,20,32,False,
STR-003,2025-02-10,21,22,False,
STR-003,2025-02-10,22,10,False,
STR-003,2025-02-10,23,2,False,
STR-003,2025-02-11,0,0,False,
STR-003,2025-02-11,1,0,False,
STR-003,2025-02-11,2,0,False,
STR-003,2025-02-11,3,0,False,
STR-003,2025-02-11,4,0,False,
STR-003,2025-02-11,5,0,False,
STR-003,2025-02-11,6,5,False,
STR-003,2025-02-11,7,8,False,
STR-003,2025-02-11,8,14,False,
STR-003,2025-02-11,9,17,False,
STR-003,2025-02-11,10,13,False,
STR-003,2025-02-11,11,20,False,
STR-003,2025-02-11,12,31,False,
STR-003,2025-02-11,13,25,False,
STR-003,2025-02-11,14,19,False,
STR-003,2025-02-11,15,19,False,
STR-003,2025-02-11,16,24,False,
STR-003,2025-02-11,17,19,False,
STR-003,2025-02-11,18,42,False,
STR-003,2025-02-11,19,49,False,
STR-003,2025-02-11,20,33,False,
STR-003,2025-02-11,21,12,False,
STR-003,2025-02-11,22,9,False,
STR-003,2025-02-11,23,5,False,
STR-003,2025-02-12,0,0,False,
STR-003,2025-02-12,1,0,False,
STR-003,2025-02-12,2,0,False,
STR-003,2025-02-12,3,0,False,
STR-003,2025-02-12,4,0,False,
STR-003,2025-02-12,5,0,False,
STR-003,2025-02-12,6,6,False,
STR-003,2025-02-12,7,5,False,
STR-003,2025-02-12,8,11,False,
STR-003,2025-02-12,9,15,False,
STR-003,2025-02-12,10,19,False,
STR-003,2025-02-12,11,18,False,
STR-003,2025-02-12,12,34,False,
STR-003,2025-02-12,13,21,False,
STR-003,2025-02-12,14,16,False,
STR-003,2025-02-12,15,19,False,
STR-003,2025-02-12,16,18,False,
STR-003,2025-02-12,17,11,False,
STR-003,2025-02-12,18,40,False,
STR-003,2025-02-12,19,29,False,
STR-003,2025-02-12,20,26,False,
STR-003,2025-02-12,21,15,False,
STR-003,2025-02-12,22,6,False,
STR-003,2025-02-12,23,4,False,
STR-003,2025-02-13,0,0,False,
STR-003,2025-02-13,1,0,False,
STR-003,2025-02-13,2,0,False,
STR-003,2025-02-13,3,0,False,
STR-003,2025-02-13,4,0,False,
STR-003,2025-02-13,5,0,False,
STR-003,2025-02-13,6,6,False,
STR-003,2025-02-13,7,2,False,
STR-003,2025-02-13,8,6,False,
STR-003,2025-02-13,9,18,False,
STR-003,2025-02-13,10,23,False,
STR-003,2025-02-13,11,15,False,
STR-003,2025-02-13,12,23,False,
STR-003,2025-02-13,13,25,False,
STR-003,2025-02-13,14,24,False,
STR-003,2025-02-13,15,27,False,
STR-003,2025-02-13,16,15,False,
STR-003,2025-02-13,17,11,False,
STR-003,2025-02-13,18,29,False,
STR-003,2025-02-13,19,27,False,
STR-003,2025-02-13,20,27,False,
STR-003,2025-02-13,21,23,False,
STR-003,2025-02-13,22,6,False,
STR-003,2025-02-13,23,3,False,
STR-003,2025-02-14,0,0,False,
STR-003,2025-02-14,1,0,False,
STR-003,2025-02-14,2,0,False,
STR-003,2025-02-14,3,0,False,
STR-003,2025-02-14,4,0,False,
STR-003,2025-02-14,5,0,False,
STR-003,2025-02-14,6,3,False,
STR-003,2025-02-14,7,10,False,
STR-003,2025-02-14,8,21,False,
STR-003,2025-02-14,9,19,False,
STR-003,2025-02-14,10,28,False,
STR-003,2025-02-14,11,19,False,
STR-003,2025-02-14,12,41,False,
STR-003,2025-02-14,13,25,False,
STR-003,2025-02-14,14,20,False,
STR-003,2025-02-14,15,22,False,
STR-003,2025-02-14,16,19,False,
STR-003,2025-02-14,17,24,False,
STR-003,2025-02-14,18,28,False,
STR-003,2025-02-14,19,42,False,
STR-003,2025-02-14,20,44,False,
STR-003,2025-02-14,21,21,False,
STR-003,2025-02-14,22,8,False,
STR-003,2025-02-14,23,3,False,
STR-003,2025-02-15,0,0,True,
STR-003,2025-02-15,1,0,True,
STR-003,2025-02-15,2,0,True,
STR-003,2025-02-15,3,0,True,
STR-003,2025-02-15,4,0,True,
STR-003,2025-02-15,5,0,True,
STR-003,2025-02-15,6,4,True,
STR-003,2025-02-15,7,8,True,
STR-003,2025-02-15,8,13,True,
STR-003,2025-02-15,9,26,True,
STR-003,2025-02-15,10,26,True,
STR-003,2025-02-15,11,32,True,
STR-003,2025-02-15,12,34,True,
STR-003,2025-02-15,13,38,True,
STR-003,2025-02-15,14,32,True,
STR-003,2025-02-15,15,22,True,
STR-003,2025-02-15,16,18,True,
STR-003,2025-02-15,17,18,True,
STR-003,2025-02-15,18,45,True,
STR-003,2025-02-15,19,61,True,
STR-003,2025-02-15,20,51,True,
STR-003,2025-02-15,21,33,True,
STR-003,2025-02-15,22,7,True,
STR-003,2025-02-15,23,2,True,
STR-003,2025-02-16,0,0,True,
STR-003,2025-02-16,1,0,True,
STR-003,2025-02-16,2,0,True,
STR-003,2025-02-16,3,0,True,
STR-003,2025-02-16,4,0,True,
STR-003,2025-02-16,5,0,True,
STR-003,2025-02-16,6,10,True,
STR-003,2025-02-16,7,13,True,
STR-003,2025-02-16,8,12,True,
STR-003,2025-02-16,9,23,True,
STR-003,2025-02-16,10,19,True,
STR-003,2025-02-16,11,35,True,
STR-003,2025-02-16,12,34,True,
STR-003,2025-02-16,13,31,True,
STR-003,2025-02-16,14,26,True,
STR-003,2025-02-16,15,22,True,
STR-003,2025-02-16,16,25,True,
STR-003,2025-02-16,17,32,True,
STR-003,2025-02-16,18,42,True,
STR-003,2025-02-16,19,46,True,
STR-003,2025-02-16,20,51,True,
STR-003,2025-02-16,21,40,True,
STR-003,2025-02-16,22,8,True,
STR-003,2025-02-16,23,6,True,
STR-003,2025-02-17,0,0,False,
STR-003,2025-02-17,1,0,False,
STR-003,2025-02-17,2,0,False,
STR-003,2025-02-17,3,0,False,
STR-003,2025-02-17,4,0,False,
STR-003,2025-02-17,5,0,False,
STR-003,2025-02-17,6,1,False,
STR-003,2025-02-17,7,8,False,
STR-003,2025-02-17,8,12,False,
STR-003,2025-02-17,9,22,False,
STR-003,2025-02-17,10,24,False,
STR-003,2025-02-17,11,23,False,
STR-003,2025-02-17,12,20,False,
STR-003,2025-02-17,13,26,False,
STR-003,2025-02-17,14,22,False,
STR-003,2025-02-17,15,28,False,
STR-003,2025-02-17,16,17,False,
STR-003,2025-02-17,17,21,False,
STR-003,2025-02-17,18,38,False,
STR-003,2025-02-17,19,29,False,
STR-003,2025-02-17,20,24,False,
STR-003,2025-02-17,21,29,False,
STR-003,2025-02-17,22,11,False,
STR-003,2025-02-17,23,3,False,
STR-003,2025-02-18,0,0,False,
STR-003,2025-02-18,1,0,False,
STR-003,2025-02-18,2,0,False,
STR-003,2025-02-18,3,0,False,
STR-003,2025-02-18,4,0,False,
STR-003,2025-02-18,5,0,False,
STR-003,2025-02-18,6,3,False,
STR-003,2025-02-18,7,7,False,
STR-003,2025-02-18,8,5,False,
STR-003,2025-02-18,9,9,False,
STR-003,2025-02-18,10,16,False,
STR-003,2025-02-18,11,19,False,
STR-003,2025-02-18,12,21,False,
STR-003,2025-02-18,13,24,False,
STR-003,2025-02-18,14,27,False,
STR-003,2025-02-18,15,17,False,
STR-003,2025-02-18,16,12,False,
STR-003,2025-02-18,17,21,False,
STR-003,2025-02-18,18,23,False,
STR-003,2025-02-18,19,42,False,
STR-003,2025-02-18,20,34,False,
STR-003,2025-02-18,21,32,False,
STR-003,2025-02-18,22,7,False,
STR-003,2025-02-18,23,4,False,
STR-003,2025-02-19,0,0,False,
STR-003,2025-02-19,1,0,False,
STR-003,2025-02-19,2,0,False,
STR-003,2025-02-19,3,0,False,
STR-003,2025-02-19,4,0,False,
STR-003,2025-02-19,5,0,False,
STR-003,2025-02-19,6,6,False,
STR-003,2025-02-19,7,6,False,
STR-003,2025-02-19,8,12,False,
STR-003,2025-02-19,9,19,False,
STR-003,2025-02-19,10,18,False,
STR-003,2025-02-19,11,22,False,
STR-003,2025-02-19,12,23,False,
STR-003,2025-02-19,13,30,False,
STR-003,2025-02-19,14,22,False,
STR-003,2025-02-19,15,16,False,
STR-003,2025-02-19,16,16,False,
STR-003,2025-02-19,17,21,False,
STR-003,2025-02-19,18,25,False,
STR-003,2025-02-19,19,31,False,
STR-003,2025-02-19,20,27,False,
STR-003,2025-02-19,21,19,False,
STR-003,2025-02-19,22,5,False,
STR-003,2025-02-19,23,4,False,
STR-003,2025-02-20,0,0,False,
STR-003,2025-02-20,1,0,False,
STR-003,2025-02-20,2,0,False,
STR-003,2025-02-20,3,0,False,
STR-003,2025-02-20,4,0,False,
STR-003,2025-02-20,5,0,False,
STR-003,2025-02-20,6,6,False,
STR-003,2025-02-20,7,8,False,
STR-003,2025-02-20,8,7,False,
STR-003,2025-02-20,9,11,False,
STR-003,2025-02-20,10,22,False,
STR-003,2025-02-20,11,17,False,
STR-003,2025-02-20,12,28,False,
STR-003,2025-02-20,13,18,False,
STR-003,2025-02-20,14,13,False,
STR-003,2025-02-20,15,14,False,
STR-003,2025-02-20,16,20,False,
STR-003,2025-02-20,17,14,False,
STR-003,2025-02-20,18,23,False,
STR-003,2025-02-20,19,25,False,
STR-003,2025-02-20,20,32,False,
STR-003,2025-02-20,21,18,False,
STR-003,2025-02-20,22,5,False,
STR-003,2025-02-20,23,5,False,
STR-003,2025-02-21,0,0,False,
STR-003,2025-02-21,1,0,False,
STR-003,2025-02-21,2,0,False,
STR-003,2025-02-21,3,0,False,
STR-003,2025-02-21,4,0,False,
STR-003,2025-02-21,5,0,False,
STR-003,2025-02-21,6,4,False,
STR-003,2025-02-21,7,10,False,
STR-003,2025-02-21,8,16,False,
STR-003,2025-02-21,9,18,False,
STR-003,2025-02-21,10,19,False,
STR-003,2025-02-21,11,27,False,
STR-003,2025-02-21,12,33,False,
STR-003,2025-02-21,13,27,False,
STR-003,2025-02-21,14,23,False,
STR-003,2025-02-21,15,26,False,
STR-003,2025-02-21,16,19,False,
STR-003,2025-02-21,17,19,False,
STR-003,2025-02-21,18,29,False,
STR-003,2025-02-21,19,44,False,
STR-003,2025-02-21,20,32,False,
STR-003,2025-02-21,21,21,False,
STR-003,2025-02-21,22,7,False,
STR-003,2025-02-21,23,5,False,
STR-003,2025-02-22,0,0,True,
STR-003,2025-02-22,1,0,True,
STR-003,2025-02-22,2,0,True,
STR-003,2025-02-22,3,0,True,
STR-003,2025-02-22,4,0,True,
STR-003,2025-02-22,5,0,True,
STR-003,2025-02-22,6,6,True,
STR-003,2025-02-22,7,16,True,
STR-003,2025-02-22,8,16,True,
STR-003,2025-02-22,9,18,True,
STR-003,2025-02-22,10,34,True,
STR-003,2025-02-22,11,21,True,
STR-003,2025-02-22,12,49,True,
STR-003,2025-02-22,13,34,True,
STR-003,2025-02-22,14,35,True,
STR-003,2025-02-22,15,24,True,
STR-003,2025-02-22,16,31,True,
STR-003,2025-02-22,17,33,True,
STR-003,2025-02-22,18,40,True,
STR-003,2025-02-22,19,52,True,
STR-003,2025-02-22,20,44,True,
STR-003,2025-02-22,21,38,True,
STR-003,2025-02-22,22,12,True,
STR-003,2025-02-22,23,4,True,
STR-003,2025-02-23,0,0,True,
STR-003,2025-02-23,1,0,True,
STR-003,2025-02-23,2,0,True,
STR-003,2025-02-23,3,0,True,
STR-003,2025-02-23,4,0,True,
STR-003,2025-02-23,5,0,True,
STR-003,2025-02-23,6,2,True,
STR-003,2025-02-23,7,10,True,
STR-003,2025-02-23,8,13,True,
STR-003,2025-02-23,9,21,True,
STR-003,2025-02-23,10,19,True,
STR-003,2025-02-23,11,15,True,
STR-003,2025-02-23,12,31,True,
STR-003,2025-02-23,13,26,True,
STR-003,2025-02-23,14,18,True,
STR-003,2025-02-23,15,28,True,
STR-003,2025-02-23,16,24,True,
STR-003,2025-02-23,17,24,True,
STR-003,2025-02-23,18,30,True,
STR-003,2025-02-23,19,35,True,
STR-003,2025-02-23,20,35,True,
STR-003,2025-02-23,21,25,True,
STR-003,2025-02-23,22,10,True,
STR-003,2025-02-23,23,6,True,
STR-003,2025-02-24,0,0,False,
STR-003,2025-02-24,1,0,False,
STR-003,2025-02-24,2,0,False,
STR-003,2025-02-24,3,0,False,
STR-003,2025-02-24,4,0,False,
STR-003,2025-02-24,5,0,False,
STR-003,2025-02-24,6,5,False,
STR-003,2025-02-24,7,6,False,
STR-003,2025-02-24,8,8,False,
STR-003,2025-02-24,9,13,False,
STR-003,2025-02-24,10,19,False,
STR-003,2025-02-24,11,16,False,
STR-003,2025-02-24,12,23,False,
STR-003,2025-02-24,13,27,False,
STR-003,2025-02-24,14,24,False,
STR-003,2025-02-24,15,14,False,
STR-003,2025-02-24,16,27,False,
STR-003,2025-02-24,17,15,False,
STR-003,2025-02-24,18,28,False,
STR-003,2025-02-24,19,43,False,
STR-003,2025-02-24,20,31,False,
STR-003,2025-02-24,21,40,False,
STR-003,2025-02-24,22,6,False,
STR-003,2025-02-24,23,3,False,
STR-003,2025-02-25,0,0,False,
STR-003,2025-02-25,1,0,False,
STR-003,2025-02-25,2,0,False,
STR-003,2025-02-25,3,0,False,
STR-003,2025-02-25,4,0,False,
STR-003,2025-02-25,5,0,False,
STR-003,2025-02-25,6,3,False,
STR-003,2025-02-25,7,9,False,
STR-003,2025-02-25,8,16,False,
STR-003,2025-02-25,9,17,False,
STR-003,2025-02-25,10,14,False,
STR-003,2025-02-25,11,16,False,
STR-003,2025-02-25,12,16,False,
STR-003,2025-02-25,13,32,False,
STR-003,2025-02-25,14,24,False,
STR-003,2025-02-25,15,25,False,
STR-003,2025-02-25,16,18,False,
STR-003,2025-02-25,17,18,False,
STR-003,2025-02-25,18,34,False,
STR-003,2025-02-25,19,31,False,
STR-003,2025-02-25,20,31,False,
STR-003,2025-02-25,21,25,False,
STR-003,2025-02-25,22,11,False,
STR-003,2025-02-25,23,7,False,
STR-003,2025-02-26,0,0,False,Maha Shivratri
STR-003,2025-02-26,1,0,False,Maha Shivratri
STR-003,2025-02-26,2,0,False,Maha Shivratri
STR-003,2025-02-26,3,0,False,Maha Shivratri
STR-003,2025-02-26,4,0,False,Maha Shivratri
STR-003,2025-02-26,5,0,False,Maha Shivratri
STR-003,2025-02-26,6,6,False,Maha Shivratri
STR-003,2025-02-26,7,17,False,Maha Shivratri
STR-003,2025-02-26,8,26,False,Maha Shivratri
STR-003,2025-02-26,9,22,False,Maha Shivratri
STR-003,2025-02-26,10,34,False,Maha Shivratri
STR-003,2025-02-26,11,27,False,Maha Shivratri
STR-003,2025-02-26,12,36,False,Maha Shivratri
STR-003,2025-02-26,13,36,False,Maha Shivratri
STR-003,2025-02-26,14,37,False,Maha Shivratri
STR-003,2025-02-26,15,28,False,Maha Shivratri
STR-003,2025-02-26,16,27,False,Maha Shivratri
STR-003,2025-02-26,17,25,False,Maha Shivratri
STR-003,2025-02-26,18,66,False,Maha Shivratri
STR-003,2025-02-26,19,49,False,Maha Shivratri
STR-003,2025-02-26,20,70,False,Maha Shivratri
STR-003,2025-02-26,21,39,False,Maha Shivratri
STR-003,2025-02-26,22,16,False,Maha Shivratri
STR-003,2025-02-26,23,7,False,Maha Shivratri
STR-003,2025-02-27,0,0,False,
STR-003,2025-02-27,1,0,False,
STR-003,2025-02-27,2,0,False,
STR-003,2025-02-27,3,0,False,
STR-003,2025-02-27,4,0,False,
STR-003,2025-02-27,5,0,False,
STR-003,2025-02-27,6,13,False,
STR-003,2025-02-27,7,10,False,
STR-003,2025-02-27,8,10,False,
STR-003,2025-02-27,9,15,False,
STR-003,2025-02-27,10,13,False,
STR-003,2025-02-27,11,21,False,
STR-003,2025-02-27,12,32,False,
STR-003,2025-02-27,13,25,False,
STR-003,2025-02-27,14,16,False,
STR-003,2025-02-27,15,17,False,
STR-003,2025-02-27,16,17,False,
STR-003,2025-02-27,17,14,False,
STR-003,2025-02-27,18,26,False,
STR-003,2025-02-27,19,37,False,
STR-003,2025-02-27,20,29,False,
STR-003,2025-02-27,21,20,False,
STR-003,2025-02-27,22,8,False,
STR-003,2025-02-27,23,3,False,
STR-003,2025-02-28,0,0,False,
STR-003,2025-02-28,1,0,False,
STR-003,2025-02-28,2,0,False,
STR-003,2025-02-28,3,0,False,
STR-003,2025-02-28,4,0,False,
STR-003,2025-02-28,5,0,False,
STR-003,2025-02-28,6,5,False,
STR-003,2025-02-28,7,6,False,
STR-003,2025-02-28,8,18,False,
STR-003,2025-02-28,9,14,False,
STR-003,2025-02-28,10,29,False,
STR-003,2025-02-28,11,22,False,
STR-003,2025-02-28,12,36,False,
STR-003,2025-02-28,13,31,False,
STR-003,2025-02-28,14,25,False,
STR-003,2025-02-28,15,21,False,
STR-003,2025-02-28,16,21,False,
STR-003,2025-02-28,17,28,False,
STR-003,2025-02-28,18,31,False,
STR-003,2025-02-28,19,32,False,
STR-003,2025-02-28,20,32,False,
STR-003,2025-02-28,21,25,False,
STR-003,2025-02-28,22,7,False,
STR-003,2025-02-28,23,4,False,
STR-003,2025-03-01,0,0,True,
STR-003,2025-03-01,1,0,True,
STR-003,2025-03-01,2,0,True,
STR-003,2025-03-01,3,0,True,
STR-003,2025-03-01,4,0,True,
STR-003,2025-03-01,5,0,True,
STR-003,2025-03-01,6,12,True,
STR-003,2025-03-01,7,11,True,
STR-003,2025-03-01,8,14,True,
STR-003,2025-03-01,9,22,True,
STR-003,2025-03-01,10,22,True,
STR-003,2025-03-01,11,26,True,
STR-003,2025-03-01,12,36,True,
STR-003,2025-03-01,13,14,True,
STR-003,2025-03-01,14,21,True,
STR-003,2025-03-01,15,28,True,
STR-003,2025-03-01,16,28,True,
STR-003,2025-03-01,17,19,True,
STR-003,2025-03-01,18,42,True,
STR-003,2025-03-01,19,47,True,
STR-003,2025-03-01,20,36,True,
STR-003,2025-03-01,21,22,True,
STR-003,2025-03-01,22,4,True,
STR-003,2025-03-01,23,10,True,
STR-003,2025-03-02,0,0,True,
STR-003,2025-03-02,1,0,True,
STR-003,2025-03-02,2,0,True,
STR-003,2025-03-02,3,0,True,
STR-003,2025-03-02,4,0,True,
STR-003,2025-03-02,5,0,True,
STR-003,2025-03-02,6,6,True,
STR-003,2025-03-02,7,10,True,
STR-003,2025-03-02,8,13,True,
STR-003,2025-03-02,9,18,True,
STR-003,2025-03-02,10,23,True,
STR-003,2025-03-02,11,22,True,
STR-003,2025-03-02,12,30,True,
STR-003,2025-03-02,13,27,True,
STR-003,2025-03-02,14,17,True,
STR-003,2025-03-02,15,20,True,
STR-003,2025-03-02,16,30,True,
STR-003,2025-03-02,17,23,True,
STR-003,2025-03-02,18,37,True,
STR-003,2025-03-02,19,48,True,
STR-003,2025-03-02,20,35,True,
STR-003,2025-03-02,21,22,True,
STR-003,2025-03-02,22,4,True,
STR-003,2025-03-02,23,5,True,
STR-003,2025-03-03,0,0,False,
STR-003,2025-03-03,1,0,False,
STR-003,2025-03-03,2,0,False,
STR-003,2025-03-03,3,0,False,
STR-003,2025-03-03,4,0,False,
STR-003,2025-03-03,5,0,False,
STR-003,2025-03-03,6,2,False,
STR-003,2025-03-03,7,6,False,
STR-003,2025-03-03,8,12,False,
STR-003,2025-03-03,9,14,False,
STR-003,2025-03-03,10,22,False,
STR-003,2025-03-03,11,19,False,
STR-003,2025-03-03,12,26,False,
STR-003,2025-03-03,13,18,False,
STR-003,2025-03-03,14,22,False,
STR-003,2025-03-03,15,15,False,
STR-003,2025-03-03,16,24,False,
STR-003,2025-03-03,17,31,False,
STR-003,2025-03-03,18,18,False,
STR-003,2025-03-03,19,28,False,
STR-003,2025-03-03,20,27,False,
STR-003,2025-03-03,21,24,False,
STR-003,2025-03-03,22,8,False,
STR-003,2025-03-03,23,2,False,
STR-003,2025-03-04,0,0,False,
STR-003,2025-03-04,1,0,False,
STR-003,2025-03-04,2,0,False,
STR-003,2025-03-04,3,0,False,
STR-003,2025-03-04,4,0,False,
STR-003,2025-03-04,5,0,False,
STR-003,2025-03-04,6,5,False,
STR-003,2025-03-04,7,11,False,
STR-003,2025-03-04,8,17,False,
STR-003,2025-03-04,9,20,False,
STR-003,2025-03-04,10,26,False,
STR-003,2025-03-04,11,18,False,
STR-003,2025-03-04,12,34,False,
STR-003,2025-03-04,13,38,False,
STR-003,2025-03-04,14,22,False,
STR-003,2025-03-04,15,14,False,
STR-003,2025-03-04,16,18,False,
STR-003,2025-03-04,17,20,False,
STR-003,2025-03-04,18,28,False,
STR-003,2025-03-04,19,34,False,
STR-003,2025-03-04,20,33,False,
STR-003,2025-03-04,21,31,False,
STR-003,2025-03-04,22,8,False,
STR-003,2025-03-04,23,6,False,
STR-003,2025-03-05,0,0,False,
STR-003,2025-03-05,1,0,False,
STR-003,2025-03-05,2,0,False,
STR-003,2025-03-05,3,0,False,
STR-003,2025-03-05,4,0,False,
STR-003,2025-03-05,5,0,False,
STR-003,2025-03-05,6,3,False,
STR-003,2025-03-05,7,5,False,
STR-003,2025-03-05,8,6,False,
STR-003,2025-03-05,9,17,False,
STR-003,2025-03-05,10,20,False,
STR-003,2025-03-05,11,19,False,
STR-003,2025-03-05,12,24,False,
STR-003,2025-03-05,13,22,False,
STR-003,2025-03-05,14,24,False,
STR-003,2025-03-05,15,13,False,
STR-003,2025-03-05,16,11,False,
STR-003,2025-03-05,17,27,False,
STR-003,2025-03-05,18,30,False,
STR-003,2025-03-05,19,29,False,
STR-003,2025-03-05,20,26,False,
STR-003,2025-03-05,21,20,False,
STR-003,2025-03-05,22,10,False,
STR-003,2025-03-05,23,3,False,
STR-003,2025-03-06,0,0,False,
STR-003,2025-03-06,1,0,False,
STR-003,2025-03-06,2,0,False,
STR-003,2025-03-06,3,0,False,
STR-003,2025-03-06,4,0,False,
STR-003,2025-03-06,5,0,False,
STR-003,2025-03-06,6,1,False,
STR-003,2025-03-06,7,18,False,
STR-003,2025-03-06,8,14,False,
STR-003,2025-03-06,9,24,False,
STR-003,2025-03-06,10,16,False,
STR-003,2025-03-06,11,24,False,
STR-003,2025-03-06,12,29,False,
STR-003,2025-03-06,13,22,False,
STR-003,2025-03-06,14,22,False,
STR-003,2025-03-06,15,21,False,
STR-003,2025-03-06,16,20,False,
STR-003,2025-03-06,17,16,False,
STR-003,2025-03-06,18,32,False,
STR-003,2025-03-06,19,55,False,
STR-003,2025-03-06,20,29,False,
STR-003,2025-03-06,21,25,False,
STR-003,2025-03-06,22,8,False,
STR-003,2025-03-06,23,1,False,
STR-003,2025-03-07,0,0,False,
STR-003,2025-03-07,1,0,False,
STR-003,2025-03-07,2,0,False,
STR-003,2025-03-07,3,0,False,
STR-003,2025-03-07,4,0,False,
STR-003,2025-03-07,5,0,False,
STR-003,2025-03-07,6,2,False,
STR-003,2025-03-07,7,10,False,
STR-003,2025-03-07,8,16,False,
STR-003,2025-03-07,9,18,False,
STR-003,2025-03-07,10,11,False,
STR-003,2025-03-07,11,13,False,
STR-003,2025-03-07,12,38,False,
STR-003,2025-03-07,13,26,False,
STR-003,2025-03-07,14,26,False,
STR-003,2025-03-07,15,13,False,
STR-003,2025-03-07,16,22,False,
STR-003,2025-03-07,17,16,False,
STR-003,2025-03-07,18,33,False,
STR-003,2025-03-07,19,44,False,
STR-003,2025-03-07,20,39,False,
STR-003,2025-03-07,21,21,False,
STR-003,2025-03-07,22,4,False,
STR-003,2025-03-07,23,5,False,
STR-003,2025-03-08,0,0,True,Holi
STR-003,2025-03-08,1,0,True,Holi
STR-003,2025-03-08,2,0,True,Holi
STR-003,2025-03-08,3,0,True,Holi
STR-003,2025-03-08,4,0,True,Holi
STR-003,2025-03-08,5,0,True,Holi
STR-003,2025-03-08,6,6,True,Holi
STR-003,2025-03-08,7,16,True,Holi
STR-003,2025-03-08,8,27,True,Holi
STR-003,2025-03-08,9,25,True,Holi
STR-003,2025-03-08,10,36,True,Holi
STR-003,2025-03-08,11,31,True,Holi
STR-003,2025-03-08,12,50,True,Holi
STR-003,2025-03-08,13,55,True,Holi
STR-003,2025-03-08,14,33,True,Holi
STR-003,2025-03-08,15,36,True,Holi
STR-003,2025-03-08,16,33,True,Holi
STR-003,2025-03-08,17,32,True,Holi
STR-003,2025-03-08,18,54,True,Holi
STR-003,2025-03-08,19,61,True,Holi
STR-003,2025-03-08,20,55,True,Holi
STR-003,2025-03-08,21,38,True,Holi
STR-003,2025-03-08,22,12,True,Holi
STR-003,2025-03-08,23,7,True,Holi
STR-003,2025-03-09,0,0,True,
STR-003,2025-03-09,1,0,True,
STR-003,2025-03-09,2,0,True,
STR-003,2025-03-09,3,0,True,
STR-003,2025-03-09,4,0,True,
STR-003,2025-03-09,5,0,True,
STR-003,2025-03-09,6,5,True,
STR-003,2025-03-09,7,14,True,
STR-003,2025-03-09,8,12,True,
STR-003,2025-03-09,9,14,True,
STR-003,2025-03-09,10,28,True,
STR-003,2025-03-09,11,20,True,
STR-003,2025-03-09,12,31,True,
STR-003,2025-03-09,13,32,True,
STR-003,2025-03-09,14,27,True,
STR-003,2025-03-09,15,15,True,
STR-003,2025-03-09,16,20,True,
STR-003,2025-03-09,17,16,True,
STR-003,2025-03-09,18,40,True,
STR-003,2025-03-09,19,39,True,
STR-003,2025-03-09,20,33,True,
STR-003,2025-03-09,21,22,True,
STR-003,2025-03-09,22,11,True,
STR-003,2025-03-09,23,5,True,
STR-003,2025-03-10,0,0,False,
STR-003,2025-03-10,1,0,False,
STR-003,2025-03-10,2,0,False,
STR-003,2025-03-10,3,0,False,
STR-003,2025-03-10,4,0,False,
STR-003,2025-03-10,5,0,False,
STR-003,2025-03-10,6,4,False,
STR-003,2025-03-10,7,4,False,
STR-003,2025-03-10,8,11,False,
STR-003,2025-03-10,9,11,False,
STR-003,2025-03-10,10,27,False,
STR-003,2025-03-10,11,15,False,
STR-003,2025-03-10,12,22,False,
STR-003,2025-03-10,13,17,False,
STR-003,2025-03-10,14,17,False,
STR-003,2025-03-10,15,21,False,
STR-003,2025-03-10,16,18,False,
STR-003,2025-03-10,17,15,False,
STR-003,2025-03-10,18,22,False,
STR-003,2025-03-10,19,35,False,
STR-003,2025-03-10,20,28,False,
STR-003,2025-03-10,21,19,False,
STR-003,2025-03-10,22,4,False,
STR-003,2025-03-10,23,3,False,
STR-003,2025-03-11,0,0,False,
STR-003,2025-03-11,1,0,False,
STR-003,2025-03-11,2,0,False,
STR-003,2025-03-11,3,0,False,
STR-003,2025-03-11,4,0,False,
STR-003,2025-03-11,5,0,False,
STR-003,2025-03-11,6,6,False,
STR-003,2025-03-11,7,9,False,
STR-003,2025-03-11,8,17,False,
STR-003,2025-03-11,9,13,False,
STR-003,2025-03-11,10,22,False,
STR-003,2025-03-11,11,19,False,
STR-003,2025-03-11,12,37,False,
STR-003,2025-03-11,13,25,False,
STR-003,2025-03-11,14,33,False,
STR-003,2025-03-11,15,24,False,
STR-003,2025-03-11,16,29,False,
STR-003,2025-03-11,17,24,False,
STR-003,2025-03-11,18,33,False,
STR-003,2025-03-11,19,35,False,
STR-003,2025-03-11,20,32,False,
STR-003,2025-03-11,21,25,False,
STR-003,2025-03-11,22,7,False,
STR-003,2025-03-11,23,5,False,
STR-003,2025-03-12,0,0,False,
STR-003,2025-03-12,1,0,False,
STR-003,2025-03-12,2,0,False,
STR-003,2025-03-12,3,0,False,
STR-003,2025-03-12,4,0,False,
STR-003,2025-03-12,5,0,False,
STR-003,2025-03-12,6,4,False,
STR-003,2025-03-12,7,9,False,
STR-003,2025-03-12,8,11,False,
STR-003,2025-03-12,9,14,False,
STR-003,2025-03-12,10,13,False,
STR-003,2025-03-12,11,12,False,
STR-003,2025-03-12,12,29,False,
STR-003,2025-03-12,13,19,False,
STR-003,2025-03-12,14,22,False,
STR-003,2025-03-12,15,24,False,
STR-003,2025-03-12,16,23,False,
STR-003,2025-03-12,17,17,False,
STR-003,2025-03-12,18,28,False,
STR-003,2025-03-12,19,34,False,
STR-003,2025-03-12,20,35,False,
STR-003,2025-03-12,21,20,False,
STR-003,2025-03-12,22,11,False,
STR-003,2025-03-12,23,2,False,
STR-003,2025-03-13,0,0,False,
STR-003,2025-03-13,1,0,False,
STR-003,2025-03-13,2,0,False,
STR-003,2025-03-13,3,0,False,
STR-003,2025-03-13,4,0,False,
STR-003,2025-03-13,5,0,False,
STR-003,2025-03-13,6,8,False,
STR-003,2025-03-13,7,7,False,
STR-003,2025-03-13,8,10,False,
STR-003,2025-03-13,9,9,False,
STR-003,2025-03-13,10,20,False,
STR-003,2025-03-13,11,20,False,
STR-003,2025-03-13,12,19,False,
STR-003,2025-03-13,13,20,False,
STR-003,2025-03-13,14,16,False,
STR-003,2025-03-13,15,18,False,
STR-003,2025-03-13,16,23,False,
STR-003,2025-03-13,17,10,False,
STR-003,2025-03-13,18,26,False,
STR-003,2025-03-13,19,33,False,
STR-003,2025-03-13,20,23,False,
STR-003,2025-03-13,21,20,False,
STR-003,2025-03-13,22,3,False,
STR-003,2025-03-13,23,4,False,
STR-003,2025-03-14,0,0,False,
STR-003,2025-03-14,1,0,False,
STR-003,2025-03-14,2,0,False,
STR-003,2025-03-14,3,0,False,
STR-003,2025-03-14,4,0,False,
STR-003,2025-03-14,5,0,False,
STR-003,2025-03-14,6,3,False,
STR-003,2025-03-14,7,2,False,
STR-003,2025-03-14,8,6,False,
STR-003,2025-03-14,9,20,False,
STR-003,2025-03-14,10,18,False,
STR-003,2025-03-14,11,24,False,
STR-003,2025-03-14,12,21,False,
STR-003,2025-03-14,13,17,False,
STR-003,2025-03-14,14,19,False,
STR-003,2025-03-14,15,19,False,
STR-003,2025-03-14,16,14,False,
STR-003,2025-03-14,17,19,False,
STR-003,2025-03-14,18,30,False,
STR-003,2025-03-14,19,30,False,
STR-003,2025-03-14,20,18,False,
STR-003,2025-03-14,21,19,False,
STR-003,2025-03-14,22,3,False,
STR-003,2025-03-14,23,4,False,
STR-003,2025-03-15,0,0,True,
STR-003,2025-03-15,1,0,True,
STR-003,2025-03-15,2,0,True,
STR-003,2025-03-15,3,0,True,
STR-003,2025-03-15,4,0,True,
STR-003,2025-03-15,5,0,True,
STR-003,2025-03-15,6,3,True,
STR-003,2025-03-15,7,11,True,
STR-003,2025-03-15,8,17,True,
STR-003,2025-03-15,9,20,True,
STR-003,2025-03-15,10,27,True,
STR-003,2025-03-15,11,17,True,
STR-003,2025-03-15,12,36,True,
STR-003,2025-03-15,13,31,True,
STR-003,2025-03-15,14,41,True,
STR-003,2025-03-15,15,20,True,
STR-003,2025-03-15,16,26,True,
STR-003,2025-03-15,17,18,True,
STR-003,2025-03-15,18,48,True,
STR-003,2025-03-15,19,44,True,
STR-003,2025-03-15,20,38,True,
STR-003,2025-03-15,21,31,True,
STR-003,2025-03-15,22,7,True,
STR-003,2025-03-15,23,5,True,
STR-003,2025-03-16,0,0,True,
STR-003,2025-03-16,1,0,True,
STR-003,2025-03-16,2,0,True,
STR-003,2025-03-16,3,0,True,
STR-003,2025-03-16,4,0,True,
STR-003,2025-03-16,5,0,True,
STR-003,2025-03-16,6,2,True,
STR-003,2025-03-16,7,6,True,
STR-003,2025-03-16,8,14,True,
STR-003,2025-03-16,9,18,True,
STR-003,2025-03-16,10,25,True,
STR-003,2025-03-16,11,34,True,
STR-003,2025-03-16,12,44,True,
STR-003,2025-03-16,13,38,True,
STR-003,2025-03-16,14,26,True,
STR-003,2025-03-16,15,29,True,
STR-003,2025-03-16,16,30,True,
STR-003,2025-03-16,17,24,True,
STR-003,2025-03-16,18,50,True,
STR-003,2025-03-16,19,52,True,
STR-003,2025-03-16,20,36,True,
STR-003,2025-03-16,21,42,True,
STR-003,2025-03-16,22,8,True,
STR-003,2025-03-16,23,7,True,
STR-003,2025-03-17,0,0,False,
STR-003,2025-03-17,1,0,False,
STR-003,2025-03-17,2,0,False,
STR-003,2025-03-17,3,0,False,
STR-003,2025-03-17,4,0,False,
STR-003,2025-03-17,5,0,False,
STR-003,2025-03-17,6,6,False,
STR-003,2025-03-17,7,9,False,
STR-003,2025-03-17,8,16,False,
STR-003,2025-03-17,9,21,False,
STR-003,2025-03-17,10,27,False,
STR-003,2025-03-17,11,20,False,
STR-003,2025-03-17,12,27,False,
STR-003,2025-03-17,13,20,False,
STR-003,2025-03-17,14,23,False,
STR-003,2025-03-17,15,25,False,
STR-003,2025-03-17,16,15,False,
STR-003,2025-03-17,17,22,False,
STR-003,2025-03-17,18,32,False,
STR-003,2025-03-17,19,38,False,
STR-003,2025-03-17,20,34,False,
STR-003,2025-03-17,21,23,False,
STR-003,2025-03-17,22,7,False,
STR-003,2025-03-17,23,5,False,
STR-003,2025-03-18,0,0,False,
STR-003,2025-03-18,1,0,False,
STR-003,2025-03-18,2,0,False,
STR-003,2025-03-18,3,0,False,
STR-003,2025-03-18,4,0,False,
STR-003,2025-03-18,5,0,False,
STR-003,2025-03-18,6,9,False,
STR-003,2025-03-18,7,6,False,
STR-003,2025-03-18,8,15,False,
STR-003,2025-03-18,9,11,False,
STR-003,2025-03-18,10,15,False,
STR-003,2025-03-18,11,18,False,
STR-003,2025-03-18,12,23,False,
STR-003,2025-03-18,13,15,False,
STR-003,2025-03-18,14,19,False,
STR-003,2025-03-18,15,15,False,
STR-003,2025-03-18,16,17,False,
STR-003,2025-03-18,17,22,False,
STR-003,2025-03-18,18,24,False,
STR-003,2025-03-18,19,31,False,
STR-003,2025-03-18,20,27,False,
STR-003,2025-03-18,21,30,False,
STR-003,2025-03-18,22,8,False,
STR-003,2025-03-18,23,1,False,
STR-003,2025-03-19,0,0,False,
STR-003,2025-03-19,1,0,False,
STR-003,2025-03-19,2,0,False,
STR-003,2025-03-19,3,0,False,
STR-003,2025-03-19,4,0,False,
STR-003,2025-03-19,5,0,False,
STR-003,2025-03-19,6,5,False,
STR-003,2025-03-19,7,3,False,
STR-003,2025-03-19,8,10,False,
STR-003,2025-03-19,9,9,False,
STR-003,2025-03-19,10,25,False,
STR-003,2025-03-19,11,15,False,
STR-003,2025-03-19,12,27,False,
STR-003,2025-03-19,13,28,False,
STR-003,2025-03-19,14,23,False,
STR-003,2025-03-19,15,14,False,
STR-003,2025-03-19,16,17,False,
STR-003,2025-03-19,17,17,False,
STR-003,2025-03-19,18,34,False,
STR-003,2025-03-19,19,29,False,
STR-003,2025-03-19,20,21,False,
STR-003,2025-03-19,21,15,False,
STR-003,2025-03-19,22,7,False,
STR-003,2025-03-19,23,6,False,
STR-003,2025-03-20,0,0,False,
STR-003,2025-03-20,1,0,False,
STR-003,2025-03-20,2,0,False,
STR-003,2025-03-20,3,0,False,
STR-003,2025-03-20,4,0,False,
STR-003,2025-03-20,5,0,False,
STR-003,2025-03-20,6,5,False,
STR-003,2025-03-20,7,7,False,
STR-003,2025-03-20,8,10,False,
STR-003,2025-03-20,9,11,False,
STR-003,2025-03-20,10,20,False,
STR-003,2025-03-20,11,14,False,
STR-003,2025-03-20,12,29,False,
STR-003,2025-03-20,13,23,False,
STR-003,2025-03-20,14,20,False,
STR-003,2025-03-20,15,17,False,
STR-003,2025-03-20,16,19,False,
STR-003,2025-03-20,17,16,False,
STR-003,2025-03-20,18,19,False,
STR-003,2025-03-20,19,39,False,
STR-003,2025-03-20,20,30,False,
STR-003,2025-03-20,21,17,False,
STR-003,2025-03-20,22,3,False,
STR-003,2025-03-20,23,3,False,
STR-003,2025-03-21,0,0,False,
STR-003,2025-03-21,1,0,False,
STR-003,2025-03-21,2,0,False,
STR-003,2025-03-21,3,0,False,
STR-003,2025-03-21,4,0,False,
STR-003,2025-03-21,5,0,False,
STR-003,2025-03-21,6,2,False,
STR-003,2025-03-21,7,9,False,
STR-003,2025-03-21,8,10,False,
STR-003,2025-03-21,9,9,False,
STR-003,2025-03-21,10,22,False,
STR-003,2025-03-21,11,14,False,
STR-003,2025-03-21,12,30,False,
STR-003,2025-03-21,13,23,False,
STR-003,2025-03-21,14,19,False,
STR-003,2025-03-21,15,19,False,
STR-003,2025-03-21,16,21,False,
STR-003,2025-03-21,17,15,False,
STR-003,2025-03-21,18,24,False,
STR-003,2025-03-21,19,37,False,
STR-003,2025-03-21,20,34,False,
STR-003,2025-03-21,21,33,False,
STR-003,2025-03-21,22,7,False,
STR-003,2025-03-21,23,6,False,
STR-003,2025-03-22,0,0,True,
STR-003,2025-03-22,1,0,True,
STR-003,2025-03-22,2,0,True,
STR-003,2025-03-22,3,0,True,
STR-003,2025-03-22,4,0,True,
STR-003,2025-03-22,5,0,True,
STR-003,2025-03-22,6,3,True,
STR-003,2025-03-22,7,4,True,
STR-003,2025-03-22,8,12,True,
STR-003,2025-03-22,9,10,True,
STR-003,2025-03-22,10,19,True,
STR-003,2025-03-22,11,29,True,
STR-003,2025-03-22,12,33,True,
STR-003,2025-03-22,13,25,True,
STR-003,2025-03-22,14,23,True,
STR-003,2025-03-22,15,19,True,
STR-003,2025-03-22,16,28,True,
STR-003,2025-03-22,17,16,True,
STR-003,2025-03-22,18,40,True,
STR-003,2025-03-22,19,40,True,
STR-003,2025-03-22,20,38,True,
STR-003,2025-03-22,21,26,True,
STR-003,2025-03-22,22,15,True,
STR-003,2025-03-22,23,3,True,
STR-003,2025-03-23,0,0,True,
STR-003,2025-03-23,1,0,True,
STR-003,2025-03-23,2,0,True,
STR-003,2025-03-23,3,0,True,
STR-003,2025-03-23,4,0,True,
STR-003,2025-03-23,5,0,True,
STR-003,2025-03-23,6,8,True,
STR-003,2025-03-23,7,12,True,
STR-003,2025-03-23,8,15,True,
STR-003,2025-03-23,9,18,True,
STR-003,2025-03-23,10,28,True,
STR-003,2025-03-23,11,29,True,
STR-003,2025-03-23,12,37,True,
STR-003,2025-03-23,13,37,True,
STR-003,2025-03-23,14,30,True,
STR-003,2025-03-23,15,24,True,
STR-003,2025-03-23,16,23,True,
STR-003,2025-03-23,17,28,True,
STR-003,2025-03-23,18,39,True,
STR-003,2025-03-23,19,40,True,
STR-003,2025-03-23,20,48,True,
STR-003,2025-03-23,21,32,True,
STR-003,2025-03-23,22,11,True,
STR-003,2025-03-23,23,5,True,
STR-003,2025-03-24,0,0,False,
STR-003,2025-03-24,1,0,False,
STR-003,2025-03-24,2,0,False,
STR-003,2025-03-24,3,0,False,
STR-003,2025-03-24,4,0,False,
STR-003,2025-03-24,5,0,False,
STR-003,2025-03-24,6,5,False,
STR-003,2025-03-24,7,13,False,
STR-003,2025-03-24,8,14,False,
STR-003,2025-03-24,9,12,False,
STR-003,2025-03-24,10,25,False,
STR-003,2025-03-24,11,24,False,
STR-003,2025-03-24,12,33,False,
STR-003,2025-03-24,13,28,False,
STR-003,2025-03-24,14,24,False,
STR-003,2025-03-24,15,18,False,
STR-003,2025-03-24,16,15,False,
STR-003,2025-03-24,17,19,False,
STR-003,2025-03-24,18,30,False,
STR-003,2025-03-24,19,31,False,
STR-003,2025-03-24,20,35,False,
STR-003,2025-03-24,21,17,False,
STR-003,2025-03-24,22,3,False,
STR-003,2025-03-24,23,7,False,
STR-003,2025-03-25,0,0,False,
STR-003,2025-03-25,1,0,False,
STR-003,2025-03-25,2,0,False,
STR-003,2025-03-25,3,0,False,
STR-003,2025-03-25,4,0,False,
STR-003,2025-03-25,5,0,False,
STR-003,2025-03-25,6,5,False,
STR-003,2025-03-25,7,4,False,
STR-003,2025-03-25,8,13,False,
STR-003,2025-03-25,9,15,False,
STR-003,2025-03-25,10,24,False,
STR-003,2025-03-25,11,17,False,
STR-003,2025-03-25,12,20,False,
STR-003,2025-03-25,13,26,False,
STR-003,2025-03-25,14,26,False,
STR-003,2025-03-25,15,16,False,
STR-003,2025-03-25,16,24,False,
STR-003,2025-03-25,17,22,False,
STR-003,2025-03-25,18,38,False,
STR-003,2025-03-25,19,45,False,
STR-003,2025-03-25,20,37,False,
STR-003,2025-03-25,21,33,False,
STR-003,2025-03-25,22,12,False,
STR-003,2025-03-25,23,6,False,
STR-003,2025-03-26,0,0,False,
STR-003,2025-03-26,1,0,False,
STR-003,2025-03-26,2,0,False,
STR-003,2025-03-26,3,0,False,
STR-003,2025-03-26,4,0,False,
STR-003,2025-03-26,5,0,False,
STR-003,2025-03-26,6,3,False,
STR-003,2025-03-26,7,5,False,
STR-003,2025-03-26,8,10,False,
STR-003,2025-03-26,9,21,False,
STR-003,2025-03-26,10,24,False,
STR-003,2025-03-26,11,36,False,
STR-003,2025-03-26,12,29,False,
STR-003,2025-03-26,13,28,False,
STR-003,2025-03-26,14,23,False,
STR-003,2025-03-26,15,20,False,
STR-003,2025-03-26,16,26,False,
STR-003,2025-03-26,17,15,False,
STR-003,2025-03-26,18,31,False,
STR-003,2025-03-26,19,34,False,
STR-003,2025-03-26,20,36,False,
STR-003,2025-03-26,21,21,False,
STR-003,2025-03-26,22,6,False,
STR-003,2025-03-26,23,8,False,
STR-003,2025-03-27,0,0,False,
STR-003,2025-03-27,1,0,False,
STR-003,2025-03-27,2,0,False,
STR-003,2025-03-27,3,0,False,
STR-003,2025-03-27,4,0,False,
STR-003,2025-03-27,5,0,False,
STR-003,2025-03-27,6,6,False,
STR-003,2025-03-27,7,9,False,
STR-003,2025-03-27,8,11,False,
STR-003,2025-03-27,9,13,False,
STR-003,2025-03-27,10,21,False,
STR-003,2025-03-27,11,21,False,
STR-003,2025-03-27,12,30,False,
STR-003,2025-03-27,13,21,False,
STR-003,2025-03-27,14,28,False,
STR-003,2025-03-27,15,19,False,
STR-003,2025-03-27,16,22,False,
STR-003,2025-03-27,17,26,False,
STR-003,2025-03-27,18,36,False,
STR-003,2025-03-27,19,42,False,
STR-003,2025-03-27,20,27,False,
STR-003,2025-03-27,21,23,False,
STR-003,2025-03-27,22,8,False,
STR-003,2025-03-27,23,4,False,
STR-003,2025-03-28,0,0,False,
STR-003,2025-03-28,1,0,False,
STR-003,2025-03-28,2,0,False,
STR-003,2025-03-28,3,0,False,
STR-003,2025-03-28,4,0,False,
STR-003,2025-03-28,5,0,False,
STR-003,2025-03-28,6,4,False,
STR-003,2025-03-28,7,8,False,
STR-003,2025-03-28,8,9,False,
STR-003,2025-03-28,9,16,False,
STR-003,2025-03-28,10,20,False,
STR-003,2025-03-28,11,17,False,
STR-003,2025-03-28,12,16,False,
STR-003,2025-03-28,13,24,False,
STR-003,2025-03-28,14,15,False,
STR-003,2025-03-28,15,16,False,
STR-003,2025-03-28,16,18,False,
STR-003,2025-03-28,17,15,False,
STR-003,2025-03-28,18,48,False,
STR-003,2025-03-28,19,36,False,
STR-003,2025-03-28,20,33,False,
STR-003,2025-03-28,21,22,False,
STR-003,2025-03-28,22,9,False,
STR-003,2025-03-28,23,5,False,
STR-003,2025-03-29,0,0,True,
STR-003,2025-03-29,1,0,True,
STR-003,2025-03-29,2,0,True,
STR-003,2025-03-29,3,0,True,
STR-003,2025-03-29,4,0,True,
STR-003,2025-03-29,5,0,True,
STR-003,2025-03-29,6,6,True,
STR-003,2025-03-29,7,12,True,
STR-003,2025-03-29,8,12,True,
STR-003,2025-03-29,9,16,True,
STR-003,2025-03-29,10,25,True,
STR-003,2025-03-29,11,15,True,
STR-003,2025-03-29,12,33,True,
STR-003,2025-03-29,13,26,True,
STR-003,2025-03-29,14,23,True,
STR-003,2025-03-29,15,22,True,
STR-003,2025-03-29,16,27,True,
STR-003,2025-03-29,17,19,True,
STR-003,2025-03-29,18,37,True,
STR-003,2025-03-29,19,39,True,
STR-003,2025-03-29,20,26,True,
STR-003,2025-03-29,21,31,True,
STR-003,2025-03-29,22,14,True,
STR-003,2025-03-29,23,0,True,
STR-003,2025-03-30,0,0,True,
STR-003,2025-03-30,1,0,True,
STR-003,2025-03-30,2,0,True,
STR-003,2025-03-30,3,0,True,
STR-003,2025-03-30,4,0,True,
STR-003,2025-03-30,5,0,True,
STR-003,2025-03-30,6,5,True,
STR-003,2025-03-30,7,10,True,
STR-003,2025-03-30,8,11,True,
STR-003,2025-03-30,9,21,True,
STR-003,2025-03-30,10,30,True,
STR-003,2025-03-30,11,25,True,
STR-003,2025-03-30,12,40,True,
STR-003,2025-03-30,13,28,True,
STR-003,2025-03-30,14,29,True,
STR-003,2025-03-30,15,24,True,
STR-003,2025-03-30,16,29,True,
STR-003,2025-03-30,17,24,True,
STR-003,2025-03-30,18,45,True,
STR-003,2025-03-30,19,54,True,
STR-003,2025-03-30,20,41,True,
STR-003,2025-03-30,21,35,True,
STR-003,2025-03-30,22,13,True,
STR-003,2025-03-30,23,3,True,
STR-003,2025-03-31,0,0,False,
STR-003,2025-03-31,1,0,False,
STR-003,2025-03-31,2,0,False,
STR-003,2025-03-31,3,0,False,
STR-003,2025-03-31,4,0,False,
STR-003,2025-03-31,5,0,False,
STR-003,2025-03-31,6,6,False,
STR-003,2025-03-31,7,3,False,
STR-003,2025-03-31,8,11,False,
STR-003,2025-03-31,9,14,False,
STR-003,2025-03-31,10,23,False,
STR-003,2025-03-31,11,22,False,
STR-003,2025-03-31,12,30,False,
STR-003,2025-03-31,13,22,False,
STR-003,2025-03-31,14,23,False,
STR-003,2025-03-31,15,18,False,
STR-003,2025-03-31,16,20,False,
STR-003,2025-03-31,17,20,False,
STR-003,2025-03-31,18,21,False,
STR-003,2025-03-31,19,37,False,
STR-003,2025-03-31,20,41,False,
STR-003,2025-03-31,21,26,False,
STR-003,2025-03-31,22,13,False,
STR-003,2025-03-31,23,2,False,
STR-004,2024-10-02,0,0,False,Gandhi Jayanti
STR-004,2024-10-02,1,0,False,Gandhi Jayanti
STR-004,2024-10-02,2,0,False,Gandhi Jayanti
STR-004,2024-10-02,3,0,False,Gandhi Jayanti
STR-004,2024-10-02,4,0,False,Gandhi Jayanti
STR-004,2024-10-02,5,0,False,Gandhi Jayanti
STR-004,2024-10-02,6,3,False,Gandhi Jayanti
STR-004,2024-10-02,7,20,False,Gandhi Jayanti
STR-004,2024-10-02,8,25,False,Gandhi Jayanti
STR-004,2024-10-02,9,25,False,Gandhi Jayanti
STR-004,2024-10-02,10,18,False,Gandhi Jayanti
STR-004,2024-10-02,11,22,False,Gandhi Jayanti
STR-004,2024-10-02,12,28,False,Gandhi Jayanti
STR-004,2024-10-02,13,38,False,Gandhi Jayanti
STR-004,2024-10-02,14,29,False,Gandhi Jayanti
STR-004,2024-10-02,15,33,False,Gandhi Jayanti
STR-004,2024-10-02,16,33,False,Gandhi Jayanti
STR-004,2024-10-02,17,25,False,Gandhi Jayanti
STR-004,2024-10-02,18,49,False,Gandhi Jayanti
STR-004,2024-10-02,19,53,False,Gandhi Jayanti
STR-004,2024-10-02,20,47,False,Gandhi Jayanti
STR-004,2024-10-02,21,28,False,Gandhi Jayanti
STR-004,2024-10-02,22,7,False,Gandhi Jayanti
STR-004,2024-10-02,23,6,False,Gandhi Jayanti
STR-004,2024-10-03,0,0,False,
STR-004,2024-10-03,1,0,False,
STR-004,2024-10-03,2,0,False,
STR-004,2024-10-03,3,0,False,
STR-004,2024-10-03,4,0,False,
STR-004,2024-10-03,5,0,False,
STR-004,2024-10-03,6,6,False,
STR-004,2024-10-03,7,7,False,
STR-004,2024-10-03,8,11,False,
STR-004,2024-10-03,9,17,False,
STR-004,2024-10-03,10,12,False,
STR-004,2024-10-03,11,14,False,
STR-004,2024-10-03,12,27,False,
STR-004,2024-10-03,13,21,False,
STR-004,2024-10-03,14,16,False,
STR-004,2024-10-03,15,18,False,
STR-004,2024-10-03,16,14,False,
STR-004,2024-10-03,17,17,False,
STR-004,2024-10-03,18,28,False,
STR-004,2024-10-03,19,38,False,
STR-004,2024-10-03,20,30,False,
STR-004,2024-10-03,21,25,False,
STR-004,2024-10-03,22,11,False,
STR-004,2024-10-03,23,4,False,
STR-004,2024-10-04,0,0,False,
STR-004,2024-10-04,1,0,False,
STR-004,2024-10-04,2,0,False,
STR-004,2024-10-04,3,0,False,
STR-004,2024-10-04,4,0,False,
STR-004,2024-10-04,5,0,False,
STR-004,2024-10-04,6,1,False,
STR-004,2024-10-04,7,7,False,
STR-004,2024-10-04,8,15,False,
STR-004,2024-10-04,9,12,False,
STR-004,2024-10-04,10,15,False,
STR-004,2024-10-04,11,19,False,
STR-004,2024-10-04,12,38,False,
STR-004,2024-10-04,13,22,False,
STR-004,2024-10-04,14,22,False,
STR-004,2024-10-04,15,13,False,
STR-004,2024-10-04,16,10,False,
STR-004,2024-10-04,17,14,False,
STR-004,2024-10-04,18,32,False,
STR-004,2024-10-04,19,31,False,
STR-004,2024-10-04,20,24,False,
STR-004,2024-10-04,21,24,False,
STR-004,2024-10-04,22,8,False,
STR-004,2024-10-04,23,4,False,
STR-004,2024-10-05,0,0,True,
STR-004,2024-10-05,1,0,True,
STR-004,2024-10-05,2,0,True,
STR-004,2024-10-05,3,0,True,
STR-004,2024-10-05,4,0,True,
STR-004,2024-10-05,5,0,True,
STR-004,2024-10-05,6,5,True,
STR-004,2024-10-05,7,13,True,
STR-004,2024-10-05,8,14,True,
STR-004,2024-10-05,9,22,True,
STR-004,2024-10-05,10,34,True,
STR-004,2024-10-05,11,27,True,
STR-004,2024-10-05,12,40,True,
STR-004,2024-10-05,13,36,True,
STR-004,2024-10-05,14,29,True,
STR-004,2024-10-05,15,17,True,
STR-004,2024-10-05,16,30,True,
STR-004,2024-10-05,17,26,True,
STR-004,2024-10-05,18,38,True,
STR-004,2024-10-05,19,43,True,
STR-004,2024-10-05,20,47,True,
STR-004,2024-10-05,21,40,True,
STR-004,2024-10-05,22,10,True,
STR-004,2024-10-05,23,8,True,
STR-004,2024-10-06,0,0,True,
STR-004,2024-10-06,1,0,True,
STR-004,2024-10-06,2,0,True,
STR-004,2024-10-06,3,0,True,
STR-004,2024-10-06,4,0,True,
STR-004,2024-10-06,5,0,True,
STR-004,2024-10-06,6,3,True,
STR-004,2024-10-06,7,10,True,
STR-004,2024-10-06,8,22,True,
STR-004,2024-10-06,9,19,True,
STR-004,2024-10-06,10,42,True,
STR-004,2024-10-06,11,33,True,
STR-004,2024-10-06,12,40,True,
STR-004,2024-10-06,13,33,True,
STR-004,2024-10-06,14,31,True,
STR-004,2024-10-06,15,37,True,
STR-004,2024-10-06,16,21,True,
STR-004,2024-10-06,17,16,True,
STR-004,2024-10-06,18,39,True,
STR-004,2024-10-06,19,43,True,
STR-004,2024-10-06,20,38,True,
STR-004,2024-10-06,21,31,True,
STR-004,2024-10-06,22,17,True,
STR-004,2024-10-06,23,4,True,
STR-004,2024-10-07,0,0,False,
STR-004,2024-10-07,1,0,False,
STR-004,2024-10-07,2,0,False,
STR-004,2024-10-07,3,0,False,
STR-004,2024-10-07,4,0,False,
STR-004,2024-10-07,5,0,False,
STR-004,2024-10-07,6,8,False,
STR-004,2024-10-07,7,7,False,
STR-004,2024-10-07,8,15,False,
STR-004,2024-10-07,9,14,False,
STR-004,2024-10-07,10,25,False,
STR-004,2024-10-07,11,22,False,
STR-004,2024-10-07,12,35,False,
STR-004,2024-10-07,13,32,False,
STR-004,2024-10-07,14,24,False,
STR-004,2024-10-07,15,21,False,
STR-004,2024-10-07,16,18,False,
STR-004,2024-10-07,17,18,False,
STR-004,2024-10-07,18,32,False,
STR-004,2024-10-07,19,31,False,
STR-004,2024-10-07,20,38,False,
STR-004,2024-10-07,21,17,False,
STR-004,2024-10-07,22,10,False,
STR-004,2024-10-07,23,7,False,
STR-004,2024-10-08,0,0,False,
STR-004,2024-10-08,1,0,False,
STR-004,2024-10-08,2,0,False,
STR-004,2024-10-08,3,0,False,
STR-004,2024-10-08,4,0,False,
STR-004,2024-10-08,5,0,False,
STR-004,2024-10-08,6,3,False,
STR-004,2024-10-08,7,9,False,
STR-004,2024-10-08,8,12,False,
STR-004,2024-10-08,9,26,False,
STR-004,2024-10-08,10,19,False,
STR-004,2024-10-08,11,16,False,
STR-004,2024-10-08,12,42,False,
STR-004,2024-10-08,13,26,False,
STR-004,2024-10-08,14,18,False,
STR-004,2024-10-08,15,23,False,
STR-004,2024-10-08,16,19,False,
STR-004,2024-10-08,17,23,False,
STR-004,2024-10-08,18,35,False,
STR-004,2024-10-08,19,34,False,
STR-004,2024-10-08,20,33,False,
STR-004,2024-10-08,21,29,False,
STR-004,2024-10-08,22,5,False,
STR-004,2024-10-08,23,7,False,
STR-004,2024-10-09,0,0,False,
STR-004,2024-10-09,1,0,False,
STR-004,2024-10-09,2,0,False,
STR-004,2024-10-09,3,0,False,
STR-004,2024-10-09,4,0,False,
STR-004,2024-10-09,5,0,False,
STR-004,2024-10-09,6,4,False,
STR-004,2024-10-09,7,7,False,
STR-004,2024-10-09,8,9,False,
STR-004,2024-10-09,9,18,False,
STR-004,2024-10-09,10,22,False,
STR-004,2024-10-09,11,20,False,
STR-004,2024-10-09,12,19,False,
STR-004,2024-10-09,13,13,False,
STR-004,2024-10-09,14,14,False,
STR-004,2024-10-09,15,17,False,
STR-004,2024-10-09,16,25,False,
STR-004,2024-10-09,17,25,False,
STR-004,2024-10-09,18,25,False,
STR-004,2024-10-09,19,35,False,
STR-004,2024-10-09,20,37,False,
STR-004,2024-10-09,21,31,False,
STR-004,2024-10-09,22,14,False,
STR-004,2024-10-09,23,8,False,
STR-004,2024-10-10,0,0,False,
STR-004,2024-10-10,1,0,False,
STR-004,2024-10-10,2,0,False,
STR-004,2024-10-10,3,0,False,
STR-004,2024-10-10,4,0,False,
STR-004,2024-10-10,5,0,False,
STR-004,2024-10-10,6,3,False,
STR-004,2024-10-10,7,9,False,
STR-004,2024-10-10,8,12,False,
STR-004,2024-10-10,9,12,False,
STR-004,2024-10-10,10,28,False,
STR-004,2024-10-10,11,26,False,
STR-004,2024-10-10,12,35,False,
STR-004,2024-10-10,13,20,False,
STR-004,2024-10-10,14,27,False,
STR-004,2024-10-10,15,25,False,
STR-004,2024-10-10,16,18,False,
STR-004,2024-10-10,17,18,False,
STR-004,2024-10-10,18,40,False,
STR-004,2024-10-10,19,41,False,
STR-004,2024-10-10,20,38,False,
STR-004,2024-10-10,21,22,False,
STR-004,2024-10-10,22,10,False,
STR-004,2024-10-10,23,7,False,
STR-004,2024-10-11,0,0,False,
STR-004,2024-10-11,1,0,False,
STR-004,2024-10-11,2,0,False,
STR-004,2024-10-11,3,0,False,
STR-004,2024-10-11,4,0,False,
STR-004,2024-10-11,5,0,False,
STR-004,2024-10-11,6,5,False,
STR-004,2024-10-11,7,5,False,
STR-004,2024-10-11,8,16,False,
STR-004,2024-10-11,9,25,False,
STR-004,2024-10-11,10,19,False,
STR-004,2024-10-11,11,30,False,
STR-004,2024-10-11,12,30,False,
STR-004,2024-10-11,13,26,False,
STR-004,2024-10-11,14,26,False,
STR-004,2024-10-11,15,21,False,
STR-004,2024-10-11,16,18,False,
STR-004,2024-10-11,17,31,False,
STR-004,2024-10-11,18,36,False,
STR-004,2024-10-11,19,42,False,
STR-004,2024-10-11,20,35,False,
STR-004,2024-10-11,21,27,False,
STR-004,2024-10-11,22,4,False,
STR-004,2024-10-11,23,7,False,
STR-004,2024-10-12,0,0,True,
STR-004,2024-10-12,1,0,True,
STR-004,2024-10-12,2,0,True,
STR-004,2024-10-12,3,0,True,
STR-004,2024-10-12,4,0,True,
STR-004,2024-10-12,5,0,True,
STR-004,2024-10-12,6,7,True,
STR-004,2024-10-12,7,6,True,
STR-004,2024-10-12,8,19,True,
STR-004,2024-10-12,9,23,True,
STR-004,2024-10-12,10,28,True,
STR-004,2024-10-12,11,28,True,
STR-004,2024-10-12,12,44,True,
STR-004,2024-10-12,13,27,True,
STR-004,2024-10-12,14,24,True,
STR-004,2024-10-12,15,25,True,
STR-004,2024-10-12,16,27,True,
STR-004,2024-10-12,17,35,True,
STR-004,2024-10-12,18,27,True,
STR-004,2024-10-12,19,47,True,
STR-004,2024-10-12,20,39,True,
STR-004,2024-10-12,21,30,True,
STR-004,2024-10-12,22,9,True,
STR-004,2024-10-12,23,7,True,
STR-004,2024-10-13,0,0,True,
STR-004,2024-10-13,1,0,True,
STR-004,2024-10-13,2,0,True,
STR-004,2024-10-13,3,0,True,
STR-004,2024-10-13,4,0,True,
STR-004,2024-10-13,5,0,True,
STR-004,2024-10-13,6,4,True,
STR-004,2024-10-13,7,10,True,
STR-004,2024-10-13,8,18,True,
STR-004,2024-10-13,9,20,True,
STR-004,2024-10-13,10,17,True,
STR-004,2024-10-13,11,16,True,
STR-004,2024-10-13,12,37,True,
STR-004,2024-10-13,13,19,True,
STR-004,2024-10-13,14,33,True,
STR-004,2024-10-13,15,22,True,
STR-004,2024-10-13,16,30,True,
STR-004,2024-10-13,17,30,True,
STR-004,2024-10-13,18,49,True,
STR-004,2024-10-13,19,50,True,
STR-004,2024-10-13,20,35,True,
STR-004,2024-10-13,21,31,True,
STR-004,2024-10-13,22,6,True,
STR-004,2024-10-13,23,4,True,
STR-004,2024-10-14,0,0,False,
STR-004,2024-10-14,1,0,False,
STR-004,2024-10-14,2,0,False,
STR-004,2024-10-14,3,0,False,
STR-004,2024-10-14,4,0,False,
STR-004,2024-10-14,5,0,False,
STR-004,2024-10-14,6,5,False,
STR-004,2024-10-14,7,9,False,
STR-004,2024-10-14,8,6,False,
STR-004,2024-10-14,9,22,False,
STR-004,2024-10-14,10,20,False,
STR-004,2024-10-14,11,21,False,
STR-004,2024-10-14,12,31,False,
STR-004,2024-10-14,13,23,False,
STR-004,2024-10-14,14,16,False,
STR-004,2024-10-14,15,13,False,
STR-004,2024-10-14,16,23,False,
STR-004,2024-10-14,17,21,False,
STR-004,2024-10-14,18,23,False,
STR-004,2024-10-14,19,30,False,
STR-004,2024-10-14,20,33,False,
STR-004,2024-10-14,21,19,False,
STR-004,2024-10-14,22,10,False,
STR-004,2024-10-14,23,3,False,
STR-004,2024-10-15,0,0,False,
STR-004,2024-10-15,1,0,False,
STR-004,2024-10-15,2,0,False,
STR-004,2024-10-15,3,0,False,
STR-004,2024-10-15,4,0,False,
STR-004,2024-10-15,5,0,False,
STR-004,2024-10-15,6,3,False,
STR-004,2024-10-15,7,6,False,
STR-004,2024-10-15,8,10,False,
STR-004,2024-10-15,9,18,False,
STR-004,2024-10-15,10,12,False,
STR-004,2024-10-15,11,17,False,
STR-004,2024-10-15,12,27,False,
STR-004,2024-10-15,13,26,False,
STR-004,2024-10-15,14,14,False,
STR-004,2024-10-15,15,23,False,
STR-004,2024-10-15,16,12,False,
STR-004,2024-10-15,17,18,False,
STR-004,2024-10-15,18,24,False,
STR-004,2024-10-15,19,38,False,
STR-004,2024-10-15,20,32,False,
STR-004,2024-10-15,21,13,False,
STR-004,2024-10-15,22,8,False,
STR-004,2024-10-15,23,4,False,
STR-004,2024-10-16,0,0,False,
STR-004,2024-10-16,1,0,False,
STR-004,2024-10-16,2,0,False,
STR-004,2024-10-16,3,0,False,
STR-004,2024-10-16,4,0,False,
STR-004,2024-10-16,5,0,False,
STR-004,2024-10-16,6,0,False,
STR-004,2024-10-16,7,10,False,
STR-004,2024-10-16,8,9,False,
STR-004,2024-10-16,9,14,False,
STR-004,2024-10-16,10,18,False,
STR-004,2024-10-16,11,21,False,
STR-004,2024-10-16,12,22,False,
STR-004,2024-10-16,13,19,False,
STR-004,2024-10-16,14,18,False,
STR-004,2024-10-16,15,18,False,
STR-004,2024-10-16,16,16,False,
STR-004,2024-10-16,17,18,False,
STR-004,2024-10-16,18,31,False,
STR-004,2024-10-16,19,36,False,
STR-004,2024-10-16,20,18,False,
STR-004,2024-10-16,21,16,False,
STR-004,2024-10-16,22,6,False,
STR-004,2024-10-16,23,5,False,
STR-004,2024-10-17,0,0,False,
STR-004,2024-10-17,1,0,False,
STR-004,2024-10-17,2,0,False,
STR-004,2024-10-17,3,0,False,
STR-004,2024-10-17,4,0,False,
STR-004,2024-10-17,5,0,False,
STR-004,2024-10-17,6,3,False,
STR-004,2024-10-17,7,6,False,
STR-004,2024-10-17,8,17,False,
STR-004,2024-10-17,9,19,False,
STR-004,2024-10-17,10,33,False,
STR-004,2024-10-17,11,22,False,
STR-004,2024-10-17,12,35,False,
STR-004,2024-10-17,13,20,False,
STR-004,2024-10-17,14,23,False,
STR-004,2024-10-17,15,25,False,
STR-004,2024-10-17,16,19,False,
STR-004,2024-10-17,17,17,False,
STR-004,2024-10-17,18,43,False,
STR-004,2024-10-17,19,46,False,
STR-004,2024-10-17,20,44,False,
STR-004,2024-10-17,21,24,False,
STR-004,2024-10-17,22,6,False,
STR-004,2024-10-17,23,1,False,
STR-004,2024-10-18,0,0,False,
STR-004,2024-10-18,1,0,False,
STR-004,2024-10-18,2,0,False,
STR-004,2024-10-18,3,0,False,
STR-004,2024-10-18,4,0,False,
STR-004,2024-10-18,5,0,False,
STR-004,2024-10-18,6,4,False,
STR-004,2024-10-18,7,6,False,
STR-004,2024-10-18,8,6,False,
STR-004,2024-10-18,9,12,False,
STR-004,2024-10-18,10,17,False,
STR-004,2024-10-18,11,12,False,
STR-004,2024-10-18,12,34,False,
STR-004,2024-10-18,13,18,False,
STR-004,2024-10-18,14,18,False,
STR-004,2024-10-18,15,10,False,
STR-004,2024-10-18,16,17,False,
STR-004,2024-10-18,17,17,False,
STR-004,2024-10-18,18,30,False,
STR-004,2024-10-18,19,26,False,
STR-004,2024-10-18,20,28,False,
STR-004,2024-10-18,21,18,False,
STR-004,2024-10-18,22,6,False,
STR-004,2024-10-18,23,7,False,
STR-004,2024-10-19,0,0,True,
STR-004,2024-10-19,1,0,True,
STR-004,2024-10-19,2,0,True,
STR-004,2024-10-19,3,0,True,
STR-004,2024-10-19,4,0,True,
STR-004,2024-10-19,5,0,True,
STR-004,2024-10-19,6,7,True,
STR-004,2024-10-19,7,11,True,
STR-004,2024-10-19,8,11,True,
STR-004,2024-10-19,9,20,True,
STR-004,2024-10-19,10,21,True,
STR-004,2024-10-19,11,20,True,
STR-004,2024-10-19,12,32,True,
STR-004,2024-10-19,13,32,True,
STR-004,2024-10-19,14,31,True,
STR-004,2024-10-19,15,14,True,
STR-004,2024-10-19,16,17,True,
STR-004,2024-10-19,17,15,True,
STR-004,2024-10-19,18,41,True,
STR-004,2024-10-19,19,26,True,
STR-004,2024-10-19,20,41,True,
STR-004,2024-10-19,21,33,True,
STR-004,2024-10-19,22,9,True,
STR-004,2024-10-19,23,5,True,
STR-004,2024-10-20,0,0,True,
STR-004,2024-10-20,1,0,True,
STR-004,2024-10-20,2,0,True,
STR-004,2024-10-20,3,0,True,
STR-004,2024-10-20,4,0,True,
STR-004,2024-10-20,5,0,True,
STR-004,2024-10-20,6,6,True,
STR-004,2024-10-20,7,13,True,
STR-004,2024-10-20,8,10,True,
STR-004,2024-10-20,9,23,True,
STR-004,2024-10-20,10,19,True,
STR-004,2024-10-20,11,26,True,
STR-004,2024-10-20,12,37,True,
STR-004,2024-10-20,13,41,True,
STR-004,2024-10-20,14,27,True,
STR-004,2024-10-20,15,29,True,
STR-004,2024-10-20,16,29,True,
STR-004,2024-10-20,17,27,True,
STR-004,2024-10-20,18,46,True,
STR-004,2024-10-20,19,58,True,
STR-004,2024-10-20,20,46,True,
STR-004,2024-10-20,21,37,True,
STR-004,2024-10-20,22,10,True,
STR-004,2024-10-20,23,7,True,
STR-004,2024-10-21,0,0,False,
STR-004,2024-10-21,1,0,False,
STR-004,2024-10-21,2,0,False,
STR-004,2024-10-21,3,0,False,
STR-004,2024-10-21,4,0,False,
STR-004,2024-10-21,5,0,False,
STR-004,2024-10-21,6,3,False,
STR-004,2024-10-21,7,5,False,
STR-004,2024-10-21,8,8,False,
STR-004,2024-10-21,9,19,False,
STR-004,2024-10-21,10,11,False,
STR-004,2024-10-21,11,18,False,
STR-004,2024-10-21,12,22,False,
STR-004,2024-10-21,13,16,False,
STR-004,2024-10-21,14,21,False,
STR-004,2024-10-21,15,19,False,
STR-004,2024-10-21,16,15,False,
STR-004,2024-10-21,17,22,False,
STR-004,2024-10-21,18,25,False,
STR-004,2024-10-21,19,32,False,
STR-004,2024-10-21,20,32,False,
STR-004,2024-10-21,21,17,False,
STR-004,2024-10-21,22,16,False,
STR-004,2024-10-21,23,3,False,
STR-004,2024-10-22,0,0,False,Diwali
STR-004,2024-10-22,1,0,False,Diwali
STR-004,2024-10-22,2,0,False,Diwali
STR-004,2024-10-22,3,0,False,Diwali
STR-004,2024-10-22,4,0,False,Diwali
STR-004,2024-10-22,5,0,False,Diwali
STR-004,2024-10-22,6,14,False,Diwali
STR-004,2024-10-22,7,20,False,Diwali
STR-004,2024-10-22,8,23,False,Diwali
STR-004,2024-10-22,9,40,False,Diwali
STR-004,2024-10-22,10,35,False,Diwali
STR-004,2024-10-22,11,37,False,Diwali
STR-004,2024-10-22,12,50,False,Diwali
STR-004,2024-10-22,13,51,False,Diwali
STR-004,2024-10-22,14,43,False,Diwali
STR-004,2024-10-22,15,39,False,Diwali
STR-004,2024-10-22,16,27,False,Diwali
STR-004,2024-10-22,17,38,False,Diwali
STR-004,2024-10-22,18,56,False,Diwali
STR-004,2024-10-22,19,51,False,Diwali
STR-004,2024-10-22,20,57,False,Diwali
STR-004,2024-10-22,21,49,False,Diwali
STR-004,2024-10-22,22,12,False,Diwali
STR-004,2024-10-22,23,8,False,Diwali
STR-004,2024-10-23,0,0,False,
STR-004,2024-10-23,1,0,False,
STR-004,2024-10-23,2,0,False,
STR-004,2024-10-23,3,0,False,
STR-004,2024-10-23,4,0,False,
STR-004,2024-10-23,5,0,False,
STR-004,2024-10-23,6,4,False,
STR-004,2024-10-23,7,9,False,
STR-004,2024-10-23,8,11,False,
STR-004,2024-10-23,9,22,False,
STR-004,2024-10-23,10,25,False,
STR-004,2024-10-23,11,18,False,
STR-004,2024-10-23,12,30,False,
STR-004,2024-10-23,13,25,False,
STR-004,2024-10-23,14,21,False,
STR-004,2024-10-23,15,20,False,
STR-004,2024-10-23,16,21,False,
STR-004,2024-10-23,17,20,False,
STR-004,2024-10-23,18,29,False,
STR-004,2024-10-23,19,45,False,
STR-004,2024-10-23,20,33,False,
STR-004,2024-10-23,21,35,False,
STR-004,2024-10-23,22,8,False,
STR-004,2024-10-23,23,4,False,
STR-004,2024-10-24,0,0,False,
STR-004,2024-10-24,1,0,False,
STR-004,2024-10-24,2,0,False,
STR-004,2024-10-24,3,0,False,
STR-004,2024-10-24,4,0,False,
STR-004,2024-10-24,5,0,False,
STR-004,2024-10-24,6,3,False,
STR-004,2024-10-24,7,7,False,
STR-004,2024-10-24,8,7,False,
STR-004,2024-10-24,9,15,False,
STR-004,2024-10-24,10,13,False,
STR-004,2024-10-24,11,16,False,
STR-004,2024-10-24,12,26,False,
STR-004,2024-10-24,13,18,False,
STR-004,2024-10-24,14,19,False,
STR-004,2024-10-24,15,16,False,
STR-004,2024-10-24,16,12,False,
STR-004,2024-10-24,17,17,False,
STR-004,2024-10-24,18,29,False,
STR-004,2024-10-24,19,38,False,
STR-004,2024-10-24,20,31,False,
STR-004,2024-10-24,21,16,False,
STR-004,2024-10-24,22,4,False,
STR-004,2024-10-24,23,3,False,
STR-004,2024-10-25,0,0,False,
STR-004,2024-10-25,1,0,False,
STR-004,2024-10-25,2,0,False,
STR-004,2024-10-25,3,0,False,
STR-004,2024-10-25,4,0,False,
STR-004,2024-10-25,5,0,False,
STR-004,2024-10-25,6,5,False,
STR-004,2024-10-25,7,8,False,
STR-004,2024-10-25,8,7,False,
STR-004,2024-10-25,9,6,False,
STR-004,2024-10-25,10,19,False,
STR-004,2024-10-25,11,22,False,
STR-004,2024-10-25,12,18,False,
STR-004,2024-10-25,13,24,False,
STR-004,2024-10-25,14,27,False,
STR-004,2024-10-25,15,13,False,
STR-004,2024-10-25,16,23,False,
STR-004,2024-10-25,17,17,False,
STR-004,2024-10-25,18,51,False,
STR-004,2024-10-25,19,32,False,
STR-004,2024-10-25,20,31,False,
STR-004,2024-10-25,21,21,False,
STR-004,2024-10-25,22,8,False,
STR-004,2024-10-25,23,2,False,
STR-004,2024-10-26,0,0,True,
STR-004,2024-10-26,1,0,True,
STR-004,2024-10-26,2,0,True,
STR-004,2024-10-26,3,0,True,
STR-004,2024-10-26,4,0,True,
STR-004,2024-10-26,5,0,True,
STR-004,2024-10-26,6,8,True,
STR-004,2024-10-26,7,5,True,
STR-004,2024-10-26,8,18,True,
STR-004,2024-10-26,9,24,True,
STR-004,2024-10-26,10,21,True,
STR-004,2024-10-26,11,19,True,
STR-004,2024-10-26,12,34,True,
STR-004,2024-10-26,13,32,True,
STR-004,2024-10-26,14,33,True,
STR-004,2024-10-26,15,28,True,
STR-004,2024-10-26,16,19,True,
STR-004,2024-10-26,17,24,True,
STR-004,2024-10-26,18,29,True,
STR-004,2024-10-26,19,53,True,
STR-004,2024-10-26,20,35,True,
STR-004,2024-10-26,21,23,True,
STR-004,2024-10-26,22,13,True,
STR-004,2024-10-26,23,4,True,
STR-004,2024-10-27,0,0,True,
STR-004,2024-10-27,1,0,True,
STR-004,2024-10-27,2,0,True,
STR-004,2024-10-27,3,0,True,
STR-004,2024-10-27,4,0,True,
STR-004,2024-10-27,5,0,True,
STR-004,2024-10-27,6,5,True,
STR-004,2024-10-27,7,4,True,
STR-004,2024-10-27,8,21,True,
STR-004,2024-10-27,9,13,True,
STR-004,2024-10-27,10,31,True,
STR-004,2024-10-27,11,23,True,
STR-004,2024-10-27,12,22,True,
STR-004,2024-10-27,13,32,True,
STR-004,2024-10-27,14,28,True,
STR-004,2024-10-27,15,21,True,
STR-004,2024-10-27,16,14,True,
STR-004,2024-10-27,17,27,True,
STR-004,2024-10-27,18,32,True,
STR-004,2024-10-27,19,33,True,
STR-004,2024-10-27,20,40,True,
STR-004,2024-10-27,21,31,True,
STR-004,2024-10-27,22,4,True,
STR-004,2024-10-27,23,1,True,
STR-004,2024-10-28,0,0,False,
STR-004,2024-10-28,1,0,False,
STR-004,2024-10-28,2,0,False,
STR-004,2024-10-28,3,0,False,
STR-004,2024-10-28,4,0,False,
STR-004,2024-10-28,5,0,False,
STR-004,2024-10-28,6,3,False,
STR-004,2024-10-28,7,6,False,
STR-004,2024-10-28,8,18,False,
STR-004,2024-10-28,9,18,False,
STR-004,2024-10-28,10,21,False,
STR-004,2024-10-28,11,24,False,
STR-004,2024-10-28,12,40,False,
STR-004,2024-10-28,13,29,False,
STR-004,2024-10-28,14,37,False,
STR-004,2024-10-28,15,11,False,
STR-004,2024-10-28,16,19,False,
STR-004,2024-10-28,17,21,False,
STR-004,2024-10-28,18,21,False,
STR-004,2024-10-28,19,35,False,
STR-004,2024-10-28,20,36,False,
STR-004,2024-10-28,21,34,False,
STR-004,2024-10-28,22,11,False,
STR-004,2024-10-28,23,3,False,
STR-004,2024-10-29,0,0,False,
STR-004,2024-10-29,1,0,False,
STR-004,2024-10-29,2,0,False,
STR-004,2024-10-29,3,0,False,
STR-004,2024-10-29,4,0,False,
STR-004,2024-10-29,5,0,False,
STR-004,2024-10-29,6,3,False,
STR-004,2024-10-29,7,13,False,
STR-004,2024-10-29,8,13,False,
STR-004,2024-10-29,9,22,False,
STR-004,2024-10-29,10,21,False,
STR-004,2024-10-29,11,22,False,
STR-004,2024-10-29,12,33,False,
STR-004,2024-10-29,13,31,False,
STR-004,2024-10-29,14,26,False,
STR-004,2024-10-29,15,12,False,
STR-004,2024-10-29,16,15,False,
STR-004,2024-10-29,17,20,False,
STR-004,2024-10-29,18,41,False,
STR-004,2024-10-29,19,37,False,
STR-004,2024-10-29,20,43,False,
STR-004,2024-10-29,21,17,False,
STR-004,2024-10-29,22,5,False,
STR-004,2024-10-29,23,5,False,
STR-004,2024-10-30,0,0,False,
STR-004,2024-10-30,1,0,False,
STR-004,2024-10-30,2,0,False,
STR-004,2024-10-30,3,0,False,
STR-004,2024-10-30,4,0,False,
STR-004,2024-10-30,5,0,False,
STR-004,2024-10-30,6,8,False,
STR-004,2024-10-30,7,11,False,
STR-004,2024-10-30,8,8,False,
STR-004,2024-10-30,9,17,False,
STR-004,2024-10-30,10,22,False,
STR-004,2024-10-30,11,21,False,
STR-004,2024-10-30,12,27,False,
STR-004,2024-10-30,13,24,False,
STR-004,2024-10-30,14,18,False,
STR-004,2024-10-30,15,26,False,
STR-004,2024-10-30,16,19,False,
STR-004,2024-10-30,17,24,False,
STR-004,2024-10-30,18,30,False,
STR-004,2024-10-30,19,28,False,
STR-004,2024-10-30,20,29,False,
STR-004,2024-10-30,21,34,False,
STR-004,2024-10-30,22,13,False,
STR-004,2024-10-30,23,3,False,
STR-004,2024-10-31,0,0,False,
STR-004,2024-10-31,1,0,False,
STR-004,2024-10-31,2,0,False,
STR-004,2024-10-31,3,0,False,
STR-004,2024-10-31,4,0,False,
STR-004,2024-10-31,5,0,False,
STR-004,2024-10-31,6,4,False,
STR-004,2024-10-31,7,6,False,
STR-004,2024-10-31,8,12,False,
STR-004,2024-10-31,9,9,False,
STR-004,2024-10-31,10,24,False,
STR-004,2024-10-31,11,23,False,
STR-004,2024-10-31,12,26,False,
STR-004,2024-10-31,13,24,False,
STR-004,2024-10-31,14,27,False,
STR-004,2024-10-31,15,22,False,
STR-004,2024-10-31,16,19,False,
STR-004,2024-10-31,17,18,False,
STR-004,2024-10-31,18,25,False,
STR-004,2024-10-31,19,40,False,
STR-004,2024-10-31,20,29,False,
STR-004,2024-10-31,21,19,False,
STR-004,2024-10-31,22,6,False,
STR-004,2024-10-31,23,8,False,
STR-004,2024-11-01,0,0,False,Kannada Rajyotsava
STR-004,2024-11-01,1,0,False,Kannada Rajyotsava
STR-004,2024-11-01,2,0,False,Kannada Rajyotsava
STR-004,2024-11-01,3,0,False,Kannada Rajyotsava
STR-004,2024-11-01,4,0,False,Kannada Rajyotsava
STR-004,2024-11-01,5,0,False,Kannada Rajyotsava
STR-004,2024-11-01,6,11,False,Kannada Rajyotsava
STR-004,2024-11-01,7,23,False,Kannada Rajyotsava
STR-004,2024-11-01,8,16,False,Kannada Rajyotsava
STR-004,2024-11-01,9,16,False,Kannada Rajyotsava
STR-004,2024-11-01,10,33,False,Kannada Rajyotsava
STR-004,2024-11-01,11,33,False,Kannada Rajyotsava
STR-004,2024-11-01,12,53,False,Kannada Rajyotsava
STR-004,2024-11-01,13,34,False,Kannada Rajyotsava
STR-004,2024-11-01,14,32,False,Kannada Rajyotsava
STR-004,2024-11-01,15,32,False,Kannada Rajyotsava
STR-004,2024-11-01,16,31,False,Kannada Rajyotsava
STR-004,2024-11-01,17,33,False,Kannada Rajyotsava
STR-004,2024-11-01,18,58,False,Kannada Rajyotsava
STR-004,2024-11-01,19,57,False,Kannada Rajyotsava
STR-004,2024-11-01,20,54,False,Kannada Rajyotsava
STR-004,2024-11-01,21,40,False,Kannada Rajyotsava
STR-004,2024-11-01,22,10,False,Kannada Rajyotsava
STR-004,2024-11-01,23,7,False,Kannada Rajyotsava
STR-004,2024-11-02,0,0,True,
STR-004,2024-11-02,1,0,True,
STR-004,2024-11-02,2,0,True,
STR-004,2024-11-02,3,0,True,
STR-004,2024-11-02,4,0,True,
STR-004,2024-11-02,5,0,True,
STR-004,2024-11-02,6,7,True,
STR-004,2024-11-02,7,10,True,
STR-004,2024-11-02,8,16,True,
STR-004,2024-11-02,9,20,True,
STR-004,2024-11-02,10,13,True,
STR-004,2024-11-02,11,16,True,
STR-004,2024-11-02,12,45,True,
STR-004,2024-11-02,13,31,True,
STR-004,2024-11-02,14,22,True,
STR-004,2024-11-02,15,16,True,
STR-004,2024-11-02,16,23,True,
STR-004,2024-11-02,17,25,True,
STR-004,2024-11-02,18,37,True,
STR-004,2024-11-02,19,37,True,
STR-004,2024-11-02,20,48,True,
STR-004,2024-11-02,21,30,True,
STR-004,2024-11-02,22,6,True,
STR-004,2024-11-02,23,3,True,
STR-004,2024-11-03,0,0,True,
STR-004,2024-11-03,1,0,True,
STR-004,2024-11-03,2,0,True,
STR-004,2024-11-03,3,0,True,
STR-004,2024-11-03,4,0,True,
STR-004,2024-11-03,5,0,True,
STR-004,2024-11-03,6,10,True,
STR-004,2024-11-03,7,4,True,
STR-004,2024-11-03,8,21,True,
STR-004,2024-11-03,9,27,True,
STR-004,2024-11-03,10,24,True,
STR-004,2024-11-03,11,31,True,
STR-004,2024-11-03,12,35,True,
STR-004,2024-11-03,13,35,True,
STR-004,2024-11-03,14,27,True,
STR-004,2024-11-03,15,26,True,
STR-004,2024-11-03,16,22,True,
STR-004,2024-11-03,17,37,True,
STR-004,2024-11-03,18,40,True,
STR-004,2024-11-03,19,63,True,
STR-004,2024-11-03,20,43,True,
STR-004,2024-11-03,21,36,True,
STR-004,2024-11-03,22,7,True,
STR-004,2024-11-03,23,7,True,
STR-004,2024-11-04,0,0,False,
STR-004,2024-11-04,1,0,False,
STR-004,2024-11-04,2,0,False,
STR-004,2024-11-04,3,0,False,
STR-004,2024-11-04,4,0,False,
STR-004,2024-11-04,5,0,False,
STR-004,2024-11-04,6,4,False,
STR-004,2024-11-04,7,11,False,
STR-004,2024-11-04,8,8,False,
STR-004,2024-11-04,9,20,False,
STR-004,2024-11-04,10,21,False,
STR-004,2024-11-04,11,20,False,
STR-004,2024-11-04,12,23,False,
STR-004,2024-11-04,13,15,False,
STR-004,2024-11-04,14,17,False,
STR-004,2024-11-04,15,19,False,
STR-004,2024-11-04,16,20,False,
STR-004,2024-11-04,17,21,False,
STR-004,2024-11-04,18,33,False,
STR-004,2024-11-04,19,28,False,
STR-004,2024-11-04,20,29,False,
STR-004,2024-11-04,21,22,False,
STR-004,2024-11-04,22,5,False,
STR-004,2024-11-04,23,9,False,
STR-004,2024-11-05,0,0,False,
STR-004,2024-11-05,1,0,False,
STR-004,2024-11-05,2,0,False,
STR-004,2024-11-05,3,0,False,
STR-004,2024-11-05,4,0,False,
STR-004,2024-11-05,5,0,False,
STR-004,2024-11-05,6,4,False,
STR-004,2024-11-05,7,8,False,
STR-004,2024-11-05,8,10,False,
STR-004,2024-11-05,9,18,False,
STR-004,2024-11-05,10,18,False,
STR-004,2024-11-05,11,26,False,
STR-004,2024-11-05,12,31,False,
STR-004,2024-11-05,13,25,False,
STR-004,2024-11-05,14,23,False,
STR-004,2024-11-05,15,20,False,
STR-004,2024-11-05,16,26,False,
STR-004,2024-11-05,17,26,False,
STR-004,2024-11-05,18,29,False,
STR-004,2024-11-05,19,39,False,
STR-004,2024-11-05,20,32,False,
STR-004,2024-11-05,21,20,False,
STR-004,2024-11-05,22,6,False,
STR-004,2024-11-05,23,2,False,
STR-004,2024-11-06,0,0,False,
STR-004,2024-11-06,1,0,False,
STR-004,2024-11-06,2,0,False,
STR-004,2024-11-06,3,0,False,
STR-004,2024-11-06,4,0,False,
STR-004,2024-11-06,5,0,False,
STR-004,2024-11-06,6,4,False,
STR-004,2024-11-06,7,10,False,
STR-004,2024-11-06,8,9,False,
STR-004,2024-11-06,9,15,False,
STR-004,2024-11-06,10,22,False,
STR-004,2024-11-06,11,18,False,
STR-004,2024-11-06,12,21,False,
STR-004,2024-11-06,13,26,False,
STR-004,2024-11-06,14,25,False,
STR-004,2024-11-06,15,23,False,
STR-004,2024-11-06,16,16,False,
STR-004,2024-11-06,17,22,False,
STR-004,2024-11-06,18,32,False,
STR-004,2024-11-06,19,42,False,
STR-004,2024-11-06,20,39,False,
STR-004,2024-11-06,21,27,False,
STR-004,2024-11-06,22,14,False,
STR-004,2024-11-06,23,3,False,
STR-004,2024-11-07,0,0,False,
STR-004,2024-11-07,1,0,False,
STR-004,2024-11-07,2,0,False,
STR-004,2024-11-07,3,0,False,
STR-004,2024-11-07,4,0,False,
STR-004,2024-11-07,5,0,False,
STR-004,2024-11-07,6,7,False,
STR-004,2024-11-07,7,4,False,
STR-004,2024-11-07,8,15,False,
STR-004,2024-11-07,9,9,False,
STR-004,2024-11-07,10,17,False,
STR-004,2024-11-07,11,19,False,
STR-004,2024-11-07,12,29,False,
STR-004,2024-11-07,13,23,False,
STR-004,2024-11-07,14,16,False,
STR-004,2024-11-07,15,19,False,
STR-004,2024-11-07,16,17,False,
STR-004,2024-11-07,17,20,False,
STR-004,2024-11-07,18,34,False,
STR-004,2024-11-07,19,30,False,
STR-004,2024-11-07,20,16,False,
STR-004,2024-11-07,21,31,False,
STR-004,2024-11-07,22,8,False,
STR-004,2024-11-07,23,2,False,
STR-004,2024-11-08,0,0,False,
STR-004,2024-11-08,1,0,False,
STR-004,2024-11-08,2,0,False,
STR-004,2024-11-08,3,0,False,
STR-004,2024-11-08,4,0,False,
STR-004,2024-11-08,5,0,False,
STR-004,2024-11-08,6,2,False,
STR-004,2024-11-08,7,11,False,
STR-004,2024-11-08,8,14,False,
STR-004,2024-11-08,9,26,False,
STR-004,2024-11-08,10,28,False,
STR-004,2024-11-08,11,15,False,
STR-004,2024-11-08,12,28,False,
STR-004,2024-11-08,13,29,False,
STR-004,2024-11-08,14,22,False,
STR-004,2024-11-08,15,18,False,
STR-004,2024-11-08,16,22,False,
STR-004,2024-11-08,17,28,False,
STR-004,2024-11-08,18,35,False,
STR-004,2024-11-08,19,34,False,
STR-004,2024-11-08,20,34,False,
STR-004,2024-11-08,21,45,False,
STR-004,2024-11-08,22,3,False,
STR-004,2024-11-08,23,5,False,
STR-004,2024-11-09,0,0,True,
STR-004,2024-11-09,1,0,True,
STR-004,2024-11-09,2,0,True,
STR-004,2024-11-09,3,0,True,
STR-004,2024-11-09,4,0,True,
STR-004,2024-11-09,5,0,True,
STR-004,2024-11-09,6,6,True,
STR-004,2024-11-09,7,9,True,
STR-004,2024-11-09,8,18,True,
STR-004,2024-11-09,9,21,True,
STR-004,2024-11-09,10,22,True,
STR-004,2024-11-09,11,27,True,
STR-004,2024-11-09,12,34,True,
STR-004,2024-11-09,13,39,True,
STR-004,2024-11-09,14,29,True,
STR-004,2024-11-09,15,22,True,
STR-004,2024-11-09,16,17,True,
STR-004,2024-11-09,17,31,True,
STR-004,2024-11-09,18,40,True,
STR-004,2024-11-09,19,66,True,
STR-004,2024-11-09,20,47,True,
STR-004,2024-11-09,21,33,True,
STR-004,2024-11-09,22,11,True,
STR-004,2024-11-09,23,5,True,
STR-004,2024-11-10,0,0,True,
STR-004,2024-11-10,1,0,True,
STR-004,2024-11-10,2,0,True,
STR-004,2024-11-10,3,0,True,
STR-004,2024-11-10,4,0,True,
STR-004,2024-11-10,5,0,True,
STR-004,2024-11-10,6,4,True,
STR-004,2024-11-10,7,7,True,
STR-004,2024-11-10,8,6,True,
STR-004,2024-11-10,9,13,True,
STR-004,2024-11-10,10,21,True,
STR-004,2024-11-10,11,22,True,
STR-004,2024-11-10,12,33,True,
STR-004,2024-11-10,13,27,True,
STR-004,2024-11-10,14,30,True,
STR-004,2024-11-10,15,29,True,
STR-004,2024-11-10,16,25,True,
STR-004,2024-11-10,17,31,True,
STR-004,2024-11-10,18,36,True,
STR-004,2024-11-10,19,39,True,
STR-004,2024-11-10,20,46,True,
STR-004,2024-11-10,21,25,True,
STR-004,2024-11-10,22,8,True,
STR-004,2024-11-10,23,8,True,
STR-004,2024-11-11,0,0,False,
STR-004,2024-11-11,1,0,False,
STR-004,2024-11-11,2,0,False,
STR-004,2024-11-11,3,0,False,
STR-004,2024-11-11,4,0,False,
STR-004,2024-11-11,5,0,False,
STR-004,2024-11-11,6,3,False,
STR-004,2024-11-11,7,11,False,
STR-004,2024-11-11,8,11,False,
STR-004,2024-11-11,9,25,False,
STR-004,2024-11-11,10,22,False,
STR-004,2024-11-11,11,19,False,
STR-004,2024-11-11,12,32,False,
STR-004,2024-11-11,13,29,False,
STR-004,2024-11-11,14,24,False,
STR-004,2024-11-11,15,29,False,
STR-004,2024-11-11,16,23,False,
STR-004,2024-11-11,17,17,False,
STR-004,2024-11-11,18,30,False,
STR-004,2024-11-11,19,30,False,
STR-004,2024-11-11,20,41,False,
STR-004,2024-11-11,21,23,False,
STR-004,2024-11-11,22,4,False,
STR-004,2024-11-11,23,5,False,
STR-004,2024-11-12,0,0,False,
STR-004,2024-11-12,1,0,False,
STR-004,2024-11-12,2,0,False,
STR-004,2024-11-12,3,0,False,
STR-004,2024-11-12,4,0,False,
STR-004,2024-11-12,5,0,False,
STR-004,2024-11-12,6,5,False,
STR-004,2024-11-12,7,8,False,
STR-004,2024-11-12,8,11,False,
STR-004,2024-11-12,9,19,False,
STR-004,2024-11-12,10,12,False,
STR-004,2024-11-12,11,22,False,
STR-004,2024-11-12,12,32,False,
STR-004,2024-11-12,13,26,False,
STR-004,2024-11-12,14,20,False,
STR-004,2024-11-12,15,21,False,
STR-004,2024-11-12,16,20,False,
STR-004,2024-11-12,17,21,False,
STR-004,2024-11-12,18,38,False,
STR-004,2024-11-12,19,30,False,
STR-004,2024-11-12,20,22,False,
STR-004,2024-11-12,21,33,False,
STR-004,2024-11-12,22,7,False,
STR-004,2024-11-12,23,5,False,
STR-004,2024-11-13,0,0,False,
STR-004,2024-11-13,1,0,False,
STR-004,2024-11-13,2,0,False,
STR-004,2024-11-13,3,0,False,
STR-004,2024-11-13,4,0,False,
STR-004,2024-11-13,5,0,False,
STR-004,2024-11-13,6,3,False,
STR-004,2024-11-13,7,13,False,
STR-004,2024-11-13,8,8,False,
STR-004,2024-11-13,9,12,False,
STR-004,2024-11-13,10,25,False,
STR-004,2024-11-13,11,24,False,
STR-004,2024-11-13,12,31,False,
STR-004,2024-11-13,13,33,False,
STR-004,2024-11-13,14,20,False,
STR-004,2024-11-13,15,20,False,
STR-004,2024-11-13,16,27,False,
STR-004,2024-11-13,17,18,False,
STR-004,2024-11-13,18,42,False,
STR-004,2024-11-13,19,34,False,
STR-004,2024-11-13,20,43,False,
STR-004,2024-11-13,21,34,False,
STR-004,2024-11-13,22,13,False,
STR-004,2024-11-13,23,2,False,
STR-004,2024-11-14,0,0,False,
STR-004,2024-11-14,1,0,False,
STR-004,2024-11-14,2,0,False,
STR-004,2024-11-14,3,0,False,
STR-004,2024-11-14,4,0,False,
STR-004,2024-11-14,5,0,False,
STR-004,2024-11-14,6,4,False,
STR-004,2024-11-14,7,8,False,
STR-004,2024-11-14,8,12,False,
STR-004,2024-11-14,9,21,False,
STR-004,2024-11-14,10,21,False,
STR-004,2024-11-14,11,25,False,
STR-004,2024-11-14,12,35,False,
STR-004,2024-11-14,13,25,False,
STR-004,2024-11-14,14,20,False,
STR-004,2024-11-14,15,20,False,
STR-004,2024-11-14,16,18,False,
STR-004,2024-11-14,17,16,False,
STR-004,2024-11-14,18,55,False,
STR-004,2024-11-14,19,36,False,
STR-004,2024-11-14,20,33,False,
STR-004,2024-11-14,21,20,False,
STR-004,2024-11-14,22,6,False,
STR-004,2024-11-14,23,3,False,
STR-004,2024-11-15,0,0,False,Guru Nanak Jayanti
STR-004,2024-11-15,1,0,False,Guru Nanak Jayanti
STR-004,2024-11-15,2,0,False,Guru Nanak Jayanti
STR-004,2024-11-15,3,0,False,Guru Nanak Jayanti
STR-004,2024-11-15,4,0,False,Guru Nanak Jayanti
STR-004,2024-11-15,5,0,False,Guru Nanak Jayanti
STR-004,2024-11-15,6,8,False,Guru Nanak Jayanti
STR-004,2024-11-15,7,12,False,Guru Nanak Jayanti
STR-004,2024-11-15,8,21,False,Guru Nanak Jayanti
STR-004,2024-11-15,9,20,False,Guru Nanak Jayanti
STR-004,2024-11-15,10,33,False,Guru Nanak Jayanti
STR-004,2024-11-15,11,31,False,Guru Nanak Jayanti
STR-004,2024-11-15,12,39,False,Guru Nanak Jayanti
STR-004,2024-11-15,13,34,False,Guru Nanak Jayanti
STR-004,2024-11-15,14,29,False,Guru Nanak Jayanti
STR-004,2024-11-15,15,23,False,Guru Nanak Jayanti
STR-004,2024-11-15,16,34,False,Guru Nanak Jayanti
STR-004,2024-11-15,17,25,False,Guru Nanak Jayanti
STR-004,2024-11-15,18,37,False,Guru Nanak Jayanti
STR-004,2024-11-15,19,45,False,Guru Nanak Jayanti
STR-004,2024-11-15,20,54,False,Guru Nanak Jayanti
STR-004,2024-11-15,21,37,False,Guru Nanak Jayanti
STR-004,2024-11-15,22,6,False,Guru Nanak Jayanti
STR-004,2024-11-15,23,2,False,Guru Nanak Jayanti
STR-004,2024-11-16,0,0,True,
STR-004,2024-11-16,1,0,True,
STR-004,2024-11-16,2,0,True,
STR-004,2024-11-16,3,0,True,
STR-004,2024-11-16,4,0,True,
STR-004,2024-11-16,5,0,True,
STR-004,2024-11-16,6,6,True,
STR-004,2024-11-16,7,12,True,
STR-004,2024-11-16,8,13,True,
STR-004,2024-11-16,9,22,True,
STR-004,2024-11-16,10,30,True,
STR-004,2024-11-16,11,16,True,
STR-004,2024-11-16,12,35,True,
STR-004,2024-11-16,13,36,True,
STR-004,2024-11-16,14,29,True,
STR-004,2024-11-16,15,43,True,
STR-004,2024-11-16,16,23,True,
STR-004,2024-11-16,17,34,True,
STR-004,2024-11-16,18,33,True,
STR-004,2024-11-16,19,52,True,
STR-004,2024-11-16,20,43,True,
STR-004,2024-11-16,21,36,True,
STR-004,2024-11-16,22,14,True,
STR-004,2024-11-16,23,5,True,
STR-004,2024-11-17,0,0,True,
STR-004,2024-11-17,1,0,True,
STR-004,2024-11-17,2,0,True,
STR-004,2024-11-17,3,0,True,
STR-004,2024-11-17,4,0,True,
STR-004,2024-11-17,5,0,True,
STR-004,2024-11-17,6,4,True,
STR-004,2024-11-17,7,12,True,
STR-004,2024-11-17,8,19,True,
STR-004,2024-11-17,9,18,True,
STR-004,2024-11-17,10,26,True,
STR-004,2024-11-17,11,24,True,
STR-004,2024-11-17,12,45,True,
STR-004,2024-11-17,13,35,True,
STR-004,2024-11-17,14,22,True,
STR-004,2024-11-17,15,28,True,
STR-004,2024-11-17,16,19,True,
STR-004,2024-11-17,17,32,True,
STR-004,2024-11-17,18,44,True,
STR-004,2024-11-17,19,51,True,
STR-004,2024-11-17,20,44,True,
STR-004,2024-11-17,21,34,True,
STR-004,2024-11-17,22,8,True,
STR-004,2024-11-17,23,4,True,
STR-004,2024-11-18,0,0,False,
STR-004,2024-11-18,1,0,False,
STR-004,2024-11-18,2,0,False,
STR-004,2024-11-18,3,0,False,
STR-004,2024-11-18,4,0,False,
STR-004,2024-11-18,5,0,False,
STR-004,2024-11-18,6,2,False,
STR-004,2024-11-18,7,8,False,
STR-004,2024-11-18,8,7,False,
STR-004,2024-11-18,9,5,False,
STR-004,2024-11-18,10,25,False,
STR-004,2024-11-18,11,20,False,
STR-004,2024-11-18,12,31,False,
STR-004,2024-11-18,13,30,False,
STR-004,2024-11-18,14,16,False,
STR-004,2024-11-18,15,19,False,
STR-004,2024-11-18,16,21,False,
STR-004,2024-11-18,17,15,False,
STR-004,2024-11-18,18,38,False,
STR-004,2024-11-18,19,26,False,
STR-004,2024-11-18,20,37,False,
STR-004,2024-11-18,21,22,False,
STR-004,2024-11-18,22,5,False,
STR-004,2024-11-18,23,2,False,
STR-004,2024-11-19,0,0,False,
STR-004,2024-11-19,1,0,False,
STR-004,2024-11-19,2,0,False,
STR-004,2024-11-19,3,0,False,
STR-004,2024-11-19,4,0,False,
STR-004,2024-11-19,5,0,False,
STR-004,2024-11-19,6,5,False,
STR-004,2024-11-19,7,10,False,
STR-004,2024-11-19,8,17,False,
STR-004,2024-11-19,9,24,False,
STR-004,2024-11-19,10,30,False,
STR-004,2024-11-19,11,16,False,
STR-004,2024-11-19,12,36,False,
STR-004,2024-11-19,13,26,False,
STR-004,2024-11-19,14,28,False,
STR-004,2024-11-19,15,18,False,
STR-004,2024-11-19,16,25,False,
STR-004,2024-11-19,17,22,False,
STR-004,2024-11-19,18,38,False,
STR-004,2024-11-19,19,48,False,
STR-004,2024-11-19,20,35,False,
STR-004,2024-11-19,21,21,False,
STR-004,2024-11-19,22,12,False,
STR-004,2024-11-19,23,4,False,
STR-004,2024-11-20,0,0,False,
STR-004,2024-11-20,1,0,False,
STR-004,2024-11-20,2,0,False,
STR-004,2024-11-20,3,0,False,
STR-004,2024-11-20,4,0,False,
STR-004,2024-11-20,5,0,False,
STR-004,2024-11-20,6,0,False,
STR-004,2024-11-20,7,6,False,
STR-004,2024-11-20,8,12,False,
STR-004,2024-11-20,9,15,False,
STR-004,2024-11-20,10,13,False,
STR-004,2024-11-20,11,20,False,
STR-004,2024-11-20,12,25,False,
STR-004,2024-11-20,13,35,False,
STR-004,2024-11-20,14,27,False,
STR-004,2024-11-20,15,16,False,
STR-004,2024-11-20,16,23,False,
STR-004,2024-11-20,17,12,False,
STR-004,2024-11-20,18,26,False,
STR-004,2024-11-20,19,27,False,
STR-004,2024-11-20,20,22,False,
STR-004,2024-11-20,21,15,False,
STR-004,2024-11-20,22,14,False,
STR-004,2024-11-20,23,6,False,
STR-004,2024-11-21,0,0,False,
STR-004,2024-11-21,1,0,False,
STR-004,2024-11-21,2,0,False,
STR-004,2024-11-21,3,0,False,
STR-004,2024-11-21,4,0,False,
STR-004,2024-11-21,5,0,False,
STR-004,2024-11-21,6,4,False,
STR-004,2024-11-21,7,8,False,
STR-004,2024-11-21,8,8,False,
STR-004,2024-11-21,9,13,False,
STR-004,2024-11-21,10,19,False,
STR-004,2024-11-21,11,21,False,
STR-004,2024-11-21,12,20,False,
STR-004,2024-11-21,13,17,False,
STR-004,2024-11-21,14,24,False,
STR-004,2024-11-21,15,21,False,
STR-004,2024-11-21,16,17,False,
STR-004,2024-11-21,17,16,False,
STR-004,2024-11-21,18,47,False,
STR-004,2024-11-21,19,34,False,
STR-004,2024-11-21,20,32,False,
STR-004,2024-11-21,21,27,False,
STR-004,2024-11-21,22,3,False,
STR-004,2024-11-21,23,6,False,
STR-004,2024-11-22,0,0,False,
STR-004,2024-11-22,1,0,False,
STR-004,2024-11-22,2,0,False,
STR-004,2024-11-22,3,0,False,
STR-004,2024-11-22,4,0,False,
STR-004,2024-11-22,5,0,False,
STR-004,2024-11-22,6,5,False,
STR-004,2024-11-22,7,11,False,
STR-004,2024-11-22,8,13,False,
STR-004,2024-11-22,9,27,False,
STR-004,2024-11-22,10,18,False,
STR-004,2024-11-22,11,24,False,
STR-004,2024-11-22,12,25,False,
STR-004,2024-11-22,13,30,False,
STR-004,2024-11-22,14,19,False,
STR-004,2024-11-22,15,21,False,
STR-004,2024-11-22,16,19,False,
STR-004,2024-11-22,17,19,False,
STR-004,2024-11-22,18,29,False,
STR-004,2024-11-22,19,26,False,
STR-004,2024-11-22,20,33,False,
STR-004,2024-11-22,21,33,False,
STR-004,2024-11-22,22,6,False,
STR-004,2024-11-22,23,1,False,
STR-004,2024-11-23,0,0,True,
STR-004,2024-11-23,1,0,True,
STR-004,2024-11-23,2,0,True,
STR-004,2024-11-23,3,0,True,
STR-004,2024-11-23,4,0,True,
STR-004,2024-11-23,5,0,True,
STR-004,2024-11-23,6,3,True,
STR-004,2024-11-23,7,11,True,
STR-004,2024-11-23,8,14,True,
STR-004,2024-11-23,9,20,True,
STR-004,2024-11-23,10,25,True,
STR-004,2024-11-23,11,19,True,
STR-004,2024-11-23,12,43,True,
STR-004,2024-11-23,13,24,True,
STR-004,2024-11-23,14,21,True,
STR-004,2024-11-23,15,22,True,
STR-004,2024-11-23,16,23,True,
STR-004,2024-11-23,17,28,True,
STR-004,2024-11-23,18,25,True,
STR-004,2024-11-23,19,51,True,
STR-004,2024-11-23,20,42,True,
STR-004,2024-11-23,21,30,True,
STR-004,2024-11-23,22,9,True,
STR-004,2024-11-23,23,9,True,
STR-004,2024-11-24,0,0,True,
STR-004,2024-11-24,1,0,True,
STR-004,2024-11-24,2,0,True,
STR-004,2024-11-24,3,0,True,
STR-004,2024-11-24,4,0,True,
STR-004,2024-11-24,5,0,True,
STR-004,2024-11-24,6,3,True,
STR-004,2024-11-24,7,14,True,
STR-004,2024-11-24,8,15,True,
STR-004,2024-11-24,9,19,True,
STR-004,2024-11-24,10,17,True,
STR-004,2024-11-24,11,29,True,
STR-004,2024-11-24,12,31,True,
STR-004,2024-11-24,13,29,True,
STR-004,2024-11-24,14,29,True,
STR-004,2024-11-24,15,22,True,
STR-004,2024-11-24,16,16,True,
STR-004,2024-11-24,17,30,True,
STR-004,2024-11-24,18,37,True,
STR-004,2024-11-24,19,49,True,
STR-004,2024-11-24,20,28,True,
STR-004,2024-11-24,21,22,True,
STR-004,2024-11-24,22,8,True,
STR-004,2024-11-24,23,4,True,
STR-004,2024-11-25,0,0,False,
STR-004,2024-11-25,1,0,False,
STR-004,2024-11-25,2,0,False,
STR-004,2024-11-25,3,0,False,
STR-004,2024-11-25,4,0,False,
STR-004,2024-11-25,5,0,False,
STR-004,2024-11-25,6,3,False,
STR-004,2024-11-25,7,10,False,
STR-004,2024-11-25,8,12,False,
STR-004,2024-11-25,9,14,False,
STR-004,2024-11-25,10,22,False,
STR-004,2024-11-25,11,27,False,
STR-004,2024-11-25,12,37,False,
STR-004,2024-11-25,13,35,False,
STR-004,2024-11-25,14,22,False,
STR-004,2024-11-25,15,17,False,
STR-004,2024-11-25,16,25,False,
STR-004,2024-11-25,17,25,False,
STR-004,2024-11-25,18,43,False,
STR-004,2024-11-25,19,28,False,
STR-004,2024-11-25,20,31,False,
STR-004,2024-11-25,21,25,False,
STR-004,2024-11-25,22,10,False,
STR-004,2024-11-25,23,1,False,
STR-004,2024-11-26,0,0,False,
STR-004,2024-11-26,1,0,False,
STR-004,2024-11-26,2,0,False,
STR-004,2024-11-26,3,0,False,
STR-004,2024-11-26,4,0,False,
STR-004,2024-11-26,5,0,False,
STR-004,2024-11-26,6,5,False,
STR-004,2024-11-26,7,7,False,
STR-004,2024-11-26,8,21,False,
STR-004,2024-11-26,9,21,False,
STR-004,2024-11-26,10,36,False,
STR-004,2024-11-26,11,11,False,
STR-004,2024-11-26,12,39,False,
STR-004,2024-11-26,13,33,False,
STR-004,2024-11-26,14,29,False,
STR-004,2024-11-26,15,19,False,
STR-004,2024-11-26,16,30,False,
STR-004,2024-11-26,17,26,False,
STR-004,2024-11-26,18,39,False,
STR-004,2024-11-26,19,43,False,
STR-004,2024-11-26,20,40,False,
STR-004,2024-11-26,21,21,False,
STR-004,2024-11-26,22,13,False,
STR-004,2024-11-26,23,2,False,
STR-004,2024-11-27,0,0,False,
STR-004,2024-11-27,1,0,False,
STR-004,2024-11-27,2,0,False,
STR-004,2024-11-27,3,0,False,
STR-004,2024-11-27,4,0,False,
STR-004,2024-11-27,5,0,False,
STR-004,2024-11-27,6,3,False,
STR-004,2024-11-27,7,3,False,
STR-004,2024-11-27,8,17,False,
STR-004,2024-11-27,9,11,False,
STR-004,2024-11-27,10,13,False,
STR-004,2024-11-27,11,26,False,
STR-004,2024-11-27,12,39,False,
STR-004,2024-11-27,13,20,False,
STR-004,2024-11-27,14,29,False,
STR-004,2024-11-27,15,15,False,
STR-004,2024-11-27,16,23,False,
STR-004,2024-11-27,17,17,False,
STR-004,2024-11-27,18,36,False,
STR-004,2024-11-27,19,46,False,
STR-004,2024-11-27,20,29,False,
STR-004,2024-11-27,21,23,False,
STR-004,2024-11-27,22,13,False,
STR-004,2024-11-27,23,1,False,
STR-004,2024-11-28,0,0,False,
STR-004,2024-11-28,1,0,False,
STR-004,2024-11-28,2,0,False,
STR-004,2024-11-28,3,0,False,
STR-004,2024-11-28,4,0,False,
STR-004,2024-11-28,5,0,False,
STR-004,2024-11-28,6,4,False,
STR-004,2024-11-28,7,5,False,
STR-004,2024-11-28,8,7,False,
STR-004,2024-11-28,9,8,False,
STR-004,2024-11-28,10,13,False,
STR-004,2024-11-28,11,19,False,
STR-004,2024-11-28,12,28,False,
STR-004,2024-11-28,13,18,False,
STR-004,2024-11-28,14,15,False,
STR-004,2024-11-28,15,20,False,
STR-004,2024-11-28,16,24,False,
STR-004,2024-11-28,17,24,False,
STR-004,2024-11-28,18,40,False,
STR-004,2024-11-28,19,37,False,
STR-004,2024-11-28,20,25,False,
STR-004,2024-11-28,21,25,False,
STR-004,2024-11-28,22,8,False,
STR-004,2024-11-28,23,6,False,
STR-004,2024-11-29,0,0,False,
STR-004,2024-11-29,1,0,False,
STR-004,2024-11-29,2,0,False,
STR-004,2024-11-29,3,0,False,
STR-004,2024-11-29,4,0,False,
STR-004,2024-11-29,5,0,False,
STR-004,2024-11-29,6,3,False,
STR-004,2024-11-29,7,9,False,
STR-004,2024-11-29,8,14,False,
STR-004,2024-11-29,9,20,False,
STR-004,2024-11-29,10,22,False,
STR-004,2024-11-29,11,17,False,
STR-004,2024-11-29,12,36,False,
STR-004,2024-11-29,13,24,False,
STR-004,2024-11-29,14,32,False,
STR-004,2024-11-29,15,22,False,
STR-004,2024-11-29,16,22,False,
STR-004,2024-11-29,17,24,False,
STR-004,2024-11-29,18,45,False,
STR-004,2024-11-29,19,33,False,
STR-004,2024-11-29,20,36,False,
STR-004,2024-11-29,21,27,False,
STR-004,2024-11-29,22,9,False,
STR-004,2024-11-29,23,5,False,
STR-004,2024-11-30,0,0,True,
STR-004,2024-11-30,1,0,True,
STR-004,2024-11-30,2,0,True,
STR-004,2024-11-30,3,0,True,
STR-004,2024-11-30,4,0,True,
STR-004,2024-11-30,5,0,True,
STR-004,2024-11-30,6,7,True,
STR-004,2024-11-30,7,7,True,
STR-004,2024-11-30,8,17,True,
STR-004,2024-11-30,9,18,True,
STR-004,2024-11-30,10,25,True,
STR-004,2024-11-30,11,28,True,
STR-004,2024-11-30,12,40,True,
STR-004,2024-11-30,13,27,True,
STR-004,2024-11-30,14,20,True,
STR-004,2024-11-30,15,22,True,
STR-004,2024-11-30,16,25,True,
STR-004,2024-11-30,17,27,True,
STR-004,2024-11-30,18,40,True,
STR-004,2024-11-30,19,49,True,
STR-004,2024-11-30,20,42,True,
STR-004,2024-11-30,21,33,True,
STR-004,2024-11-30,22,14,True,
STR-004,2024-11-30,23,5,True,
STR-004,2024-12-01,0,0,True,
STR-004,2024-12-01,1,0,True,
STR-004,2024-12-01,2,0,True,
STR-004,2024-12-01,3,0,True,
STR-004,2024-12-01,4,0,True,
STR-004,2024-12-01,5,0,True,
STR-004,2024-12-01,6,1,True,
STR-004,2024-12-01,7,6,True,
STR-004,2024-12-01,8,14,True,
STR-004,2024-12-01,9,26,True,
STR-004,2024-12-01,10,16,True,
STR-004,2024-12-01,11,26,True,
STR-004,2024-12-01,12,31,True,
STR-004,2024-12-01,13,39,True,
STR-004,2024-12-01,14,35,True,
STR-004,2024-12-01,15,32,True,
STR-004,2024-12-01,16,29,True,
STR-004,2024-12-01,17,27,True,
STR-004,2024-12-01,18,48,True,
STR-004,2024-12-01,19,56,True,
STR-004,2024-12-01,20,47,True,
STR-004,2024-12-01,21,31,True,
STR-004,2024-12-01,22,8,True,
STR-004,2024-12-01,23,8,True,
STR-004,2024-12-02,0,0,False,
STR-004,2024-12-02,1,0,False,
STR-004,2024-12-02,2,0,False,
STR-004,2024-12-02,3,0,False,
STR-004,2024-12-02,4,0,False,
STR-004,2024-12-02,5,0,False,
STR-004,2024-12-02,6,3,False,
STR-004,2024-12-02,7,5,False,
STR-004,2024-12-02,8,16,False,
STR-004,2024-12-02,9,11,False,
STR-004,2024-12-02,10,19,False,
STR-004,2024-12-02,11,20,False,
STR-004,2024-12-02,12,21,False,
STR-004,2024-12-02,13,14,False,
STR-004,2024-12-02,14,18,False,
STR-004,2024-12-02,15,19,False,
STR-004,2024-12-02,16,14,False,
STR-004,2024-12-02,17,24,False,
STR-004,2024-12-02,18,36,False,
STR-004,2024-12-02,19,33,False,
STR-004,2024-12-02,20,25,False,
STR-004,2024-12-02,21,25,False,
STR-004,2024-12-02,22,3,False,
STR-004,2024-12-02,23,5,False,
STR-004,2024-12-03,0,0,False,
STR-004,2024-12-03,1,0,False,
STR-004,2024-12-03,2,0,False,
STR-004,2024-12-03,3,0,False,
STR-004,2024-12-03,4,0,False,
STR-004,2024-12-03,5,0,False,
STR-004,2024-12-03,6,1,False,
STR-004,2024-12-03,7,7,False,
STR-004,2024-12-03,8,16,False,
STR-004,2024-12-03,9,12,False,
STR-004,2024-12-03,10,16,False,
STR-004,2024-12-03,11,19,False,
STR-004,2024-12-03,12,24,False,
STR-004,2024-12-03,13,19,False,
STR-004,2024-12-03,14,19,False,
STR-004,2024-12-03,15,14,False,
STR-004,2024-12-03,16,18,False,
STR-004,2024-12-03,17,17,False,
STR-004,2024-12-03,18,21,False,
STR-004,2024-12-03,19,31,False,
STR-004,2024-12-03,20,23,False,
STR-004,2024-12-03,21,29,False,
STR-004,2024-12-03,22,6,False,
STR-004,2024-12-03,23,1,False,
STR-004,2024-12-04,0,0,False,
STR-004,2024-12-04,1,0,False,
STR-004,2024-12-04,2,0,False,
STR-004,2024-12-04,3,0,False,
STR-004,2024-12-04,4,0,False,
STR-004,2024-12-04,5,0,False,
STR-004,2024-12-04,6,4,False,
STR-004,2024-12-04,7,3,False,
STR-004,2024-12-04,8,12,False,
STR-004,2024-12-04,9,12,False,
STR-004,2024-12-04,10,20,False,
STR-004,2024-12-04,11,10,False,
STR-004,2024-12-04,12,25,False,
STR-004,2024-12-04,13,13,False,
STR-004,2024-12-04,14,28,False,
STR-004,2024-12-04,15,16,False,
STR-004,2024-12-04,16,16,False,
STR-004,2024-12-04,17,16,False,
STR-004,2024-12-04,18,34,False,
STR-004,2024-12-04,19,26,False,
STR-004,2024-12-04,20,41,False,
STR-004,2024-12-04,21,26,False,
STR-004,2024-12-04,22,8,False,
STR-004,2024-12-04,23,5,False,
STR-004,2024-12-05,0,0,False,
STR-004,2024-12-05,1,0,False,
STR-004,2024-12-05,2,0,False,
STR-004,2024-12-05,3,0,False,
STR-004,2024-12-05,4,0,False,
STR-004,2024-12-05,5,0,False,
STR-004,2024-12-05,6,2,False,
STR-004,2024-12-05,7,9,False,
STR-004,2024-12-05,8,14,False,
STR-004,2024-12-05,9,15,False,
STR-004,2024-12-05,10,16,False,
STR-004,2024-12-05,11,30,False,
STR-004,2024-12-05,12,34,False,
STR-004,2024-12-05,13,24,False,
STR-004,2024-12-05,14,22,False,
STR-004,2024-12-05,15,25,False,
STR-004,2024-12-05,16,19,False,
STR-004,2024-12-05,17,24,False,
STR-004,2024-12-05,18,31,False,
STR-004,2024-12-05,19,37,False,
STR-004,2024-12-05,20,31,False,
STR-004,2024-12-05,21,34,False,
STR-004,2024-12-05,22,10,False,
STR-004,2024-12-05,23,4,False,
STR-004,2024-12-06,0,0,False,
STR-004,2024-12-06,1,0,False,
STR-004,2024-12-06,2,0,False,
STR-004,2024-12-06,3,0,False,
STR-004,2024-12-06,4,0,False,
STR-004,2024-12-06,5,0,False,
STR-004,2024-12-06,6,1,False,
STR-004,2024-12-06,7,9,False,
STR-004,2024-12-06,8,10,False,
STR-004,2024-12-06,9,16,False,
STR-004,2024-12-06,10,17,False,
STR-004,2024-12-06,11,10,False,
STR-004,2024-12-06,12,28,False,
STR-004,2024-12-06,13,20,False,
STR-004,2024-12-06,14,17,False,
STR-004,2024-12-06,15,26,False,
STR-004,2024-12-06,16,12,False,
STR-004,2024-12-06,17,19,False,
STR-004,2024-12-06,18,34,False,
STR-004,2024-12-06,19,34,False,
STR-004,2024-12-06,20,33,False,
STR-004,2024-12-06,21,27,False,
STR-004,2024-12-06,22,8,False,
STR-004,2024-12-06,23,7,False,
STR-004,2024-12-07,0,0,True,
STR-004,2024-12-07,1,0,True,
STR-004,2024-12-07,2,0,True,
STR-004,2024-12-07,3,0,True,
STR-004,2024-12-07,4,0,True,
STR-004,2024-12-07,5,0,True,
STR-004,2024-12-07,6,4,True,
STR-004,2024-12-07,7,12,True,
STR-004,2024-12-07,8,22,True,
STR-004,2024-12-07,9,20,True,
STR-004,2024-12-07,10,31,True,
STR-004,2024-12-07,11,21,True,
STR-004,2024-12-07,12,42,True,
STR-004,2024-12-07,13,27,True,
STR-004,2024-12-07,14,34,True,
STR-004,2024-12-07,15,31,True,
STR-004,2024-12-07,16,25,True,
STR-004,2024-12-07,17,27,True,
STR-004,2024-12-07,18,43,True,
STR-004,2024-12-07,19,52,True,
STR-004,2024-12-07,20,32,True,
STR-004,2024-12-07,21,34,True,
STR-004,2024-12-07,22,5,True,
STR-004,2024-12-07,23,7,True,
STR-004,2024-12-08,0,0,True,
STR-004,2024-12-08,1,0,True,
STR-004,2024-12-08,2,0,True,
STR-004,2024-12-08,3,0,True,
STR-004,2024-12-08,4,0,True,
STR-004,2024-12-08,5,0,True,
STR-004,2024-12-08,6,3,True,
STR-004,2024-12-08,7,8,True,
STR-004,2024-12-08,8,20,True,
STR-004,2024-12-08,9,15,True,
STR-004,2024-12-08,10,29,True,
STR-004,2024-12-08,11,34,True,
STR-004,2024-12-08,12,36,True,
STR-004,2024-12-08,13,23,True,
STR-004,2024-12-08,14,27,True,
STR-004,2024-12-08,15,26,True,
STR-004,2024-12-08,16,23,True,
STR-004,2024-12-08,17,38,True,
STR-004,2024-12-08,18,36,True,
STR-004,2024-12-08,19,48,True,
STR-004,2024-12-08,20,43,True,
STR-004,2024-12-08,21,33,True,
STR-004,2024-12-08,22,12,True,
STR-004,2024-12-08,23,7,True,
STR-004,2024-12-09,0,0,False,
STR-004,2024-12-09,1,0,False,
STR-004,2024-12-09,2,0,False,
STR-004,2024-12-09,3,0,False,
STR-004,2024-12-09,4,0,False,
STR-004,2024-12-09,5,0,False,
STR-004,2024-12-09,6,5,False,
STR-004,2024-12-09,7,8,False,
STR-004,2024-12-09,8,15,False,
STR-004,2024-12-09,9,17,False,
STR-004,2024-12-09,10,17,False,
STR-004,2024-12-09,11,19,False,
STR-004,2024-12-09,12,21,False,
STR-004,2024-12-09,13,21,False,
STR-004,2024-12-09,14,29,False,
STR-004,2024-12-09,15,28,False,
STR-004,2024-12-09,16,18,False,
STR-004,2024-12-09,17,25,False,
STR-004,2024-12-09,18,34,False,
STR-004,2024-12-09,19,30,False,
STR-004,2024-12-09,20,27,False,
STR-004,2024-12-09,21,22,False,
STR-004,2024-12-09,22,7,False,
STR-004,2024-12-09,23,2,False,
STR-004,2024-12-10,0,0,False,
STR-004,2024-12-10,1,0,False,
STR-004,2024-12-10,2,0,False,
STR-004,2024-12-10,3,0,False,
STR-004,2024-12-10,4,0,False,
STR-004,2024-12-10,5,0,False,
STR-004,2024-12-10,6,4,False,
STR-004,2024-12-10,7,9,False,
STR-004,2024-12-10,8,12,False,
STR-004,2024-12-10,9,13,False,
STR-004,2024-12-10,10,24,False,
STR-004,2024-12-10,11,23,False,
STR-004,2024-12-10,12,33,False,
STR-004,2024-12-10,13,23,False,
STR-004,2024-12-10,14,16,False,
STR-004,2024-12-10,15,24,False,
STR-004,2024-12-10,16,19,False,
STR-004,2024-12-10,17,19,False,
STR-004,2024-12-10,18,29,False,
STR-004,2024-12-10,19,30,False,
STR-004,2024-12-10,20,40,False,
STR-004,2024-12-10,21,21,False,
STR-004,2024-12-10,22,7,False,
STR-004,2024-12-10,23,1,False,
STR-004,2024-12-11,0,0,False,
STR-004,2024-12-11,1,0,False,
STR-004,2024-12-11,2,0,False,
STR-004,2024-12-11,3,0,False,
STR-004,2024-12-11,4,0,False,
STR-004,2024-12-11,5,0,False,
STR-004,2024-12-11,6,1,False,
STR-004,2024-12-11,7,5,False,
STR-004,2024-12-11,8,12,False,
STR-004,2024-12-11,9,13,False,
STR-004,2024-12-11,10,16,False,
STR-004,2024-12-11,11,25,False,
STR-004,2024-12-11,12,39,False,
STR-004,2024-12-11,13,36,False,
STR-004,2024-12-11,14,32,False,
STR-004,2024-12-11,15,15,False,
STR-004,2024-12-11,16,18,False,
STR-004,2024-12-11,17,26,False,
STR-004,2024-12-11,18,38,False,
STR-004,2024-12-11,19,42,False,
STR-004,2024-12-11,20,28,False,
STR-004,2024-12-11,21,14,False,
STR-004,2024-12-11,22,8,False,
STR-004,2024-12-11,23,1,False,
STR-004,2024-12-12,0,0,False,
STR-004,2024-12-12,1,0,False,
STR-004,2024-12-12,2,0,False,
STR-004,2024-12-12,3,0,False,
STR-004,2024-12-12,4,0,False,
STR-004,2024-12-12,5,0,False,
STR-004,2024-12-12,6,5,False,
STR-004,2024-12-12,7,5,False,
STR-004,2024-12-12,8,15,False,
STR-004,2024-12-12,9,17,False,
STR-004,2024-12-12,10,18,False,
STR-004,2024-12-12,11,12,False,
STR-004,2024-12-12,12,21,False,
STR-004,2024-12-12,13,31,False,
STR-004,2024-12-12,14,17,False,
STR-004,2024-12-12,15,13,False,
STR-004,2024-12-12,16,23,False,
STR-004,2024-12-12,17,24,False,
STR-004,2024-12-12,18,31,False,
STR-004,2024-12-12,19,37,False,
STR-004,2024-12-12,20,23,False,
STR-004,2024-12-12,21,19,False,
STR-004,2024-12-12,22,7,False,
STR-004,2024-12-12,23,3,False,
STR-004,2024-12-13,0,0,False,
STR-004,2024-12-13,1,0,False,
STR-004,2024-12-13,2,0,False,
STR-004,2024-12-13,3,0,False,
STR-004,2024-12-13,4,0,False,
STR-004,2024-12-13,5,0,False,
STR-004,2024-12-13,6,4,False,
STR-004,2024-12-13,7,9,False,
STR-004,2024-12-13,8,11,False,
STR-004,2024-12-13,9,16,False,
STR-004,2024-12-13,10,22,False,
STR-004,2024-12-13,11,31,False,
STR-004,2024-12-13,12,26,False,
STR-004,2024-12-13,13,22,False,
STR-004,2024-12-13,14,17,False,
STR-004,2024-12-13,15,24,False,
STR-004,2024-12-13,16,22,False,
STR-004,2024-12-13,17,27,False,
STR-004,2024-12-13,18,29,False,
STR-004,2024-12-13,19,34,False,
STR-004,2024-12-13,20,29,False,
STR-004,2024-12-13,21,25,False,
STR-004,2024-12-13,22,7,False,
STR-004,2024-12-13,23,3,False,
STR-004,2024-12-14,0,0,True,
STR-004,2024-12-14,1,0,True,
STR-004,2024-12-14,2,0,True,
STR-004,2024-12-14,3,0,True,
STR-004,2024-12-14,4,0,True,
STR-004,2024-12-14,5,0,True,
STR-004,2024-12-14,6,7,True,
STR-004,2024-12-14,7,13,True,
STR-004,2024-12-14,8,13,True,
STR-004,2024-12-14,9,10,True,
STR-004,2024-12-14,10,27,True,
STR-004,2024-12-14,11,15,True,
STR-004,2024-12-14,12,35,True,
STR-004,2024-12-14,13,13,True,
STR-004,2024-12-14,14,23,True,
STR-004,2024-12-14,15,24,True,
STR-004,2024-12-14,16,21,True,
STR-004,2024-12-14,17,25,True,
STR-004,2024-12-14,18,26,True,
STR-004,2024-12-14,19,43,True,
STR-004,2024-12-14,20,36,True,
STR-004,2024-12-14,21,27,True,
STR-004,2024-12-14,22,10,True,
STR-004,2024-12-14,23,5,True,
STR-004,2024-12-15,0,0,True,
STR-004,2024-12-15,1,0,True,
STR-004,2024-12-15,2,0,True,
STR-004,2024-12-15,3,0,True,
STR-004,2024-12-15,4,0,True,
STR-004,2024-12-15,5,0,True,
STR-004,2024-12-15,6,6,True,
STR-004,2024-12-15,7,7,True,
STR-004,2024-12-15,8,20,True,
STR-004,2024-12-15,9,16,True,
STR-004,2024-12-15,10,19,True,
STR-004,2024-12-15,11,27,True,
STR-004,2024-12-15,12,30,True,
STR-004,2024-12-15,13,30,True,
STR-004,2024-12-15,14,20,True,
STR-004,2024-12-15,15,20,True,
STR-004,2024-12-15,16,17,True,
STR-004,2024-12-15,17,25,True,
STR-004,2024-12-15,18,30,True,
STR-004,2024-12-15,19,46,True,
STR-004,2024-12-15,20,33,True,
STR-004,2024-12-15,21,28,True,
STR-004,2024-12-15,22,10,True,
STR-004,2024-12-15,23,3,True,
STR-004,2024-12-16,0,0,False,
STR-004,2024-12-16,1,0,False,
STR-004,2024-12-16,2,0,False,
STR-004,2024-12-16,3,0,False,
STR-004,2024-12-16,4,0,False,
STR-004,2024-12-16,5,0,False,
STR-004,2024-12-16,6,5,False,
STR-004,2024-12-16,7,15,False,
STR-004,2024-12-16,8,13,False,
STR-004,2024-12-16,9,19,False,
STR-004,2024-12-16,10,25,False,
STR-004,2024-12-16,11,21,False,
STR-004,2024-12-16,12,29,False,
STR-004,2024-12-16,13,28,False,
STR-004,2024-12-16,14,21,False,
STR-004,2024-12-16,15,20,False,
STR-004,2024-12-16,16,10,False,
STR-004,2024-12-16,17,25,False,
STR-004,2024-12-16,18,40,False,
STR-004,2024-12-16,19,47,False,
STR-004,2024-12-16,20,42,False,
STR-004,2024-12-16,21,21,False,
STR-004,2024-12-16,22,6,False,
STR-004,2024-12-16,23,3,False,
STR-004,2024-12-17,0,0,False,
STR-004,2024-12-17,1,0,False,
STR-004,2024-12-17,2,0,False,
STR-004,2024-12-17,3,0,False,
STR-004,2024-12-17,4,0,False,
STR-004,2024-12-17,5,0,False,
STR-004,2024-12-17,6,4,False,
STR-004,2024-12-17,7,8,False,
STR-004,2024-12-17,8,9,False,
STR-004,2024-12-17,9,20,False,
STR-004,2024-12-17,10,22,False,
STR-004,2024-12-17,11,10,False,
STR-004,2024-12-17,12,26,False,
STR-004,2024-12-17,13,25,False,
STR-004,2024-12-17,14,12,False,
STR-004,2024-12-17,15,18,False,
STR-004,2024-12-17,16,15,False,
STR-004,2024-12-17,17,19,False,
STR-004,2024-12-17,18,35,False,
STR-004,2024-12-17,19,32,False,
STR-004,2024-12-17,20,32,False,
STR-004,2024-12-17,21,31,False,
STR-004,2024-12-17,22,15,False,
STR-004,2024-12-17,23,2,False,
STR-004,2024-12-18,0,0,False,
STR-004,2024-12-18,1,0,False,
STR-004,2024-12-18,2,0,False,
STR-004,2024-12-18,3,0,False,
STR-004,2024-12-18,4,0,False,
STR-004,2024-12-18,5,0,False,
STR-004,2024-12-18,6,3,False,
STR-004,2024-12-18,7,16,False,
STR-004,2024-12-18,8,10,False,
STR-004,2024-12-18,9,15,False,
STR-004,2024-12-18,10,21,False,
STR-004,2024-12-18,11,16,False,
STR-004,2024-12-18,12,26,False,
STR-004,2024-12-18,13,25,False,
STR-004,2024-12-18,14,29,False,
STR-004,2024-12-18,15,17,False,
STR-004,2024-12-18,16,24,False,
STR-004,2024-12-18,17,19,False,
STR-004,2024-12-18,18,25,False,
STR-004,2024-12-18,19,42,False,
STR-004,2024-12-18,20,40,False,
STR-004,2024-12-18,21,27,False,
STR-004,2024-12-18,22,12,False,
STR-004,2024-12-18,23,2,False,
STR-004,2024-12-19,0,0,False,
STR-004,2024-12-19,1,0,False,
STR-004,2024-12-19,2,0,False,
STR-004,2024-12-19,3,0,False,
STR-004,2024-12-19,4,0,False,
STR-004,2024-12-19,5,0,False,
STR-004,2024-12-19,6,9,False,
STR-004,2024-12-19,7,6,False,
STR-004,2024-12-19,8,14,False,
STR-004,2024-12-19,9,20,False,
STR-004,2024-12-19,10,20,False,
STR-004,2024-12-19,11,15,False,
STR-004,2024-12-19,12,33,False,
STR-004,2024-12-19,13,28,False,
STR-004,2024-12-19,14,16,False,
STR-004,2024-12-19,15,21,False,
STR-004,2024-12-19,16,18,False,
STR-004,2024-12-19,17,28,False,
STR-004,2024-12-19,18,33,False,
STR-004,2024-12-19,19,27,False,
STR-004,2024-12-19,20,31,False,
STR-004,2024-12-19,21,17,False,
STR-004,2024-12-19,22,7,False,
STR-004,2024-12-19,23,2,False,
STR-004,2024-12-20,0,0,False,
STR-004,2024-12-20,1,0,False,
STR-004,2024-12-20,2,0,False,
STR-004,2024-12-20,3,0,False,
STR-004,2024-12-20,4,0,False,
STR-004,2024-12-20,5,0,False,
STR-004,2024-12-20,6,4,False,
STR-004,2024-12-20,7,7,False,
STR-004,2024-12-20,8,11,False,
STR-004,2024-12-20,9,16,False,
STR-004,2024-12-20,10,13,False,
STR-004,2024-12-20,11,11,False,
STR-004,2024-12-20,12,21,False,
STR-004,2024-12-20,13,19,False,
STR-004,2024-12-20,14,9,False,
STR-004,2024-12-20,15,10,False,
STR-004,2024-12-20,16,10,False,
STR-004,2024-12-20,17,19,False,
STR-004,2024-12-20,18,23,False,
STR-004,2024-12-20,19,25,False,
STR-004,2024-12-20,20,36,False,
STR-004,2024-12-20,21,22,False,
STR-004,2024-12-20,22,8,False,
STR-004,2024-12-20,23,5,False,
STR-004,2024-12-21,0,0,True,
STR-004,2024-12-21,1,0,True,
STR-004,2024-12-21,2,0,True,
STR-004,2024-12-21,3,0,True,
STR-004,2024-12-21,4,0,True,
STR-004,2024-12-21,5,0,True,
STR-004,2024-12-21,6,5,True,
STR-004,2024-12-21,7,8,True,
STR-004,2024-12-21,8,16,True,
STR-004,2024-12-21,9,17,True,
STR-004,2024-12-21,10,24,True,
STR-004,2024-12-21,11,27,True,
STR-004,2024-12-21,12,37,True,
STR-004,2024-12-21,13,19,True,
STR-004,2024-12-21,14,24,True,
STR-004,2024-12-21,15,22,True,
STR-004,2024-12-21,16,15,True,
STR-004,2024-12-21,17,20,True,
STR-004,2024-12-21,18,36,True,
STR-004,2024-12-21,19,36,True,
STR-004,2024-12-21,20,37,True,
STR-004,2024-12-21,21,30,True,
STR-004,2024-12-21,22,1,True,
STR-004,2024-12-21,23,4,True,
STR-004,2024-12-22,0,0,True,
STR-004,2024-12-22,1,0,True,
STR-004,2024-12-22,2,0,True,
STR-004,2024-12-22,3,0,True,
STR-004,2024-12-22,4,0,True,
STR-004,2024-12-22,5,0,True,
STR-004,2024-12-22,6,4,True,
STR-004,2024-12-22,7,16,True,
STR-004,2024-12-22,8,6,True,
STR-004,2024-12-22,9,25,True,
STR-004,2024-12-22,10,27,True,
STR-004,2024-12-22,11,27,True,
STR-004,2024-12-22,12,36,True,
STR-004,2024-12-22,13,25,True,
STR-004,2024-12-22,14,27,True,
STR-004,2024-12-22,15,27,True,
STR-004,2024-12-22,16,20,True,
STR-004,2024-12-22,17,23,True,
STR-004,2024-12-22,18,41,True,
STR-004,2024-12-22,19,51,True,
STR-004,2024-12-22,20,50,True,
STR-004,2024-12-22,21,30,True,
STR-004,2024-12-22,22,6,True,
STR-004,2024-12-22,23,6,True,
STR-004,2024-12-23,0,0,False,
STR-004,2024-12-23,1,0,False,
STR-004,2024-12-23,2,0,False,
STR-004,2024-12-23,3,0,False,
STR-004,2024-12-23,4,0,False,
STR-004,2024-12-23,5,0,False,
STR-004,2024-12-23,6,4,False,
STR-004,2024-12-23,7,7,False,
STR-004,2024-12-23,8,18,False,
STR-004,2024-12-23,9,18,False,
STR-004,2024-12-23,10,15,False,
STR-004,2024-12-23,11,17,False,
STR-004,2024-12-23,12,26,False,
STR-004,2024-12-23,13,21,False,
STR-004,2024-12-23,14,22,False,
STR-004,2024-12-23,15,25,False,
STR-004,2024-12-23,16,24,False,
STR-004,2024-12-23,17,18,False,
STR-004,2024-12-23,18,21,False,
STR-004,2024-12-23,19,31,False,
STR-004,2024-12-23,20,31,False,
STR-004,2024-12-23,21,24,False,
STR-004,2024-12-23,22,8,False,
STR-004,2024-12-23,23,4,False,
STR-004,2024-12-24,0,0,False,
STR-004,2024-12-24,1,0,False,
STR-004,2024-12-24,2,0,False,
STR-004,2024-12-24,3,0,False,
STR-004,2024-12-24,4,0,False,
STR-004,2024-12-24,5,0,False,
STR-004,2024-12-24,6,5,False,
STR-004,2024-12-24,7,8,False,
STR-004,2024-12-24,8,14,False,
STR-004,2024-12-24,9,7,False,
STR-004,2024-12-24,10,18,False,
STR-004,2024-12-24,11,16,False,
STR-004,2024-12-24,12,33,False,
STR-004,2024-12-24,13,27,False,
STR-004,2024-12-24,14,28,False,
STR-004,2024-12-24,15,12,False,
STR-004,2024-12-24,16,11,False,
STR-004,2024-12-24,17,19,False,
STR-004,2024-12-24,18,37,False,
STR-004,2024-12-24,19,36,False,
STR-004,2024-12-24,20,28,False,
STR-004,2024-12-24,21,23,False,
STR-004,2024-12-24,22,5,False,
STR-004,2024-12-24,23,1,False,
STR-004,2024-12-25,0,0,False,Christmas
STR-004,2024-12-25,1,0,False,Christmas
STR-004,2024-12-25,2,0,False,Christmas
STR-004,2024-12-25,3,0,False,Christmas
STR-004,2024-12-25,4,0,False,Christmas
STR-004,2024-12-25,5,0,False,Christmas
STR-004,2024-12-25,6,5,False,Christmas
STR-004,2024-12-25,7,15,False,Christmas
STR-004,2024-12-25,8,22,False,Christmas
STR-004,2024-12-25,9,22,False,Christmas
STR-004,2024-12-25,10,26,False,Christmas
STR-004,2024-12-25,11,37,False,Christmas
STR-004,2024-12-25,12,39,False,Christmas
STR-004,2024-12-25,13,47,False,Christmas
STR-004,2024-12-25,14,35,False,Christmas
STR-004,2024-12-25,15,38,False,Christmas
STR-004,2024-12-25,16,30,False,Christmas
STR-004,2024-12-25,17,34,False,Christmas
STR-004,2024-12-25,18,42,False,Christmas
STR-004,2024-12-25,19,55,False,Christmas
STR-004,2024-12-25,20,43,False,Christmas
STR-004,2024-12-25,21,41,False,Christmas
STR-004,2024-12-25,22,9,False,Christmas
STR-004,2024-12-25,23,9,False,Christmas
STR-004,2024-12-26,0,0,False,
STR-004,2024-12-26,1,0,False,
STR-004,2024-12-26,2,0,False,
STR-004,2024-12-26,3,0,False,
STR-004,2024-12-26,4,0,False,
STR-004,2024-12-26,5,0,False,
STR-004,2024-12-26,6,3,False,
STR-004,2024-12-26,7,9,False,
STR-004,2024-12-26,8,6,False,
STR-004,2024-12-26,9,5,False,
STR-004,2024-12-26,10,23,False,
STR-004,2024-12-26,11,26,False,
STR-004,2024-12-26,12,28,False,
STR-004,2024-12-26,13,22,False,
STR-004,2024-12-26,14,35,False,
STR-004,2024-12-26,15,22,False,
STR-004,2024-12-26,16,22,False,
STR-004,2024-12-26,17,17,False,
STR-004,2024-12-26,18,32,False,
STR-004,2024-12-26,19,35,False,
STR-004,2024-12-26,20,30,False,
STR-004,2024-12-26,21,15,False,
STR-004,2024-12-26,22,6,False,
STR-004,2024-12-26,23,2,False,
STR-004,2024-12-27,0,0,False,
STR-004,2024-12-27,1,0,False,
STR-004,2024-12-27,2,0,False,
STR-004,2024-12-27,3,0,False,
STR-004,2024-12-27,4,0,False,
STR-004,2024-12-27,5,0,False,
STR-004,2024-12-27,6,5,False,
STR-004,2024-12-27,7,10,False,
STR-004,2024-12-27,8,11,False,
STR-004,2024-12-27,9,19,False,
STR-004,2024-12-27,10,25,False,
STR-004,2024-12-27,11,20,False,
STR-004,2024-12-27,12,42,False,
STR-004,2024-12-27,13,29,False,
STR-004,2024-12-27,14,26,False,
STR-004,2024-12-27,15,34,False,
STR-004,2024-12-27,16,26,False,
STR-004,2024-12-27,17,27,False,
STR-004,2024-12-27,18,31,False,
STR-004,2024-12-27,19,45,False,
STR-004,2024-12-27,20,40,False,
STR-004,2024-12-27,21,26,False,
STR-004,2024-12-27,22,10,False,
STR-004,2024-12-27,23,2,False,
STR-004,2024-12-28,0,0,True,
STR-004,2024-12-28,1,0,True,
STR-004,2024-12-28,2,0,True,
STR-004,2024-12-28,3,0,True,
STR-004,2024-12-28,4,0,True,
STR-004,2024-12-28,5,0,True,
STR-004,2024-12-28,6,8,True,
STR-004,2024-12-28,7,4,True,
STR-004,2024-12-28,8,17,True,
STR-004,2024-12-28,9,22,True,
STR-004,2024-12-28,10,27,True,
STR-004,2024-12-28,11,24,True,
STR-004,2024-12-28,12,35,True,
STR-004,2024-12-28,13,29,True,
STR-004,2024-12-28,14,32,True,
STR-004,2024-12-28,15,26,True,
STR-004,2024-12-28,16,24,True,
STR-004,2024-12-28,17,21,True,
STR-004,2024-12-28,18,37,True,
STR-004,2024-12-28,19,49,True,
STR-004,2024-12-28,20,49,True,
STR-004,2024-12-28,21,26,True,
STR-004,2024-12-28,22,5,True,
STR-004,2024-12-28,23,2,True,
STR-004,2024-12-29,0,0,True,
STR-004,2024-12-29,1,0,True,
STR-004,2024-12-29,2,0,True,
STR-004,2024-12-29,3,0,True,
STR-004,2024-12-29,4,0,True,
STR-004,2024-12-29,5,0,True,
STR-004,2024-12-29,6,3,True,
STR-004,2024-12-29,7,10,True,
STR-004,2024-12-29,8,19,True,
STR-004,2024-12-29,9,23,True,
STR-004,2024-12-29,10,25,True,
STR-004,2024-12-29,11,24,True,
STR-004,2024-12-29,12,37,True,
STR-004,2024-12-29,13,30,True,
STR-004,2024-12-29,14,34,True,
STR-004,2024-12-29,15,31,True,
STR-004,2024-12-29,16,24,True,
STR-004,2024-12-29,17,32,True,
STR-004,2024-12-29,18,37,True,
STR-004,2024-12-29,19,48,True,
STR-004,2024-12-29,20,35,True,
STR-004,2024-12-29,21,27,True,
STR-004,2024-12-29,22,5,True,
STR-004,2024-12-29,23,6,True,
STR-004,2024-12-30,0,0,False,
STR-004,2024-12-30,1,0,False,
STR-004,2024-12-30,2,0,False,
STR-004,2024-12-30,3,0,False,
STR-004,2024-12-30,4,0,False,
STR-004,2024-12-30,5,0,False,
STR-004,2024-12-30,6,4,False,
STR-004,2024-12-30,7,10,False,
STR-004,2024-12-30,8,9,False,
STR-004,2024-12-30,9,15,False,
STR-004,2024-12-30,10,19,False,
STR-004,2024-12-30,11,18,False,
STR-004,2024-12-30,12,25,False,
STR-004,2024-12-30,13,22,False,
STR-004,2024-12-30,14,30,False,
STR-004,2024-12-30,15,21,False,
STR-004,2024-12-30,16,26,False,
STR-004,2024-12-30,17,27,False,
STR-004,2024-12-30,18,42,False,
STR-004,2024-12-30,19,41,False,
STR-004,2024-12-30,20,34,False,
STR-004,2024-12-30,21,18,False,
STR-004,2024-12-30,22,11,False,
STR-004,2024-12-30,23,5,False,
STR-004,2024-12-31,0,0,False,
STR-004,2024-12-31,1,0,False,
STR-004,2024-12-31,2,0,False,
STR-004,2024-12-31,3,0,False,
STR-004,2024-12-31,4,0,False,
STR-004,2024-12-31,5,0,False,
STR-004,2024-12-31,6,3,False,
STR-004,2024-12-31,7,13,False,
STR-004,2024-12-31,8,16,False,
STR-004,2024-12-31,9,25,False,
STR-004,2024-12-31,10,15,False,
STR-004,2024-12-31,11,20,False,
STR-004,2024-12-31,12,29,False,
STR-004,2024-12-31,13,27,False,
STR-004,2024-12-31,14,26,False,
STR-004,2024-12-31,15,15,False,
STR-004,2024-12-31,16,21,False,
STR-004,2024-12-31,17,15,False,
STR-004,2024-12-31,18,31,False,
STR-004,2024-12-31,19,37,False,
STR-004,2024-12-31,20,31,False,
STR-004,2024-12-31,21,14,False,
STR-004,2024-12-31,22,8,False,
STR-004,2024-12-31,23,3,False,
STR-004,2025-01-01,0,0,False,
STR-004,2025-01-01,1,0,False,
STR-004,2025-01-01,2,0,False,
STR-004,2025-01-01,3,0,False,
STR-004,2025-01-01,4,0,False,
STR-004,2025-01-01,5,0,False,
STR-004,2025-01-01,6,4,False,
STR-004,2025-01-01,7,8,False,
STR-004,2025-01-01,8,9,False,
STR-004,2025-01-01,9,12,False,
STR-004,2025-01-01,10,14,False,
STR-004,2025-01-01,11,11,False,
STR-004,2025-01-01,12,20,False,
STR-004,2025-01-01,13,19,False,
STR-004,2025-01-01,14,19,False,
STR-004,2025-01-01,15,23,False,
STR-004,2025-01-01,16,16,False,
STR-004,2025-01-01,17,15,False,
STR-004,2025-01-01,18,32,False,
STR-004,2025-01-01,19,34,False,
STR-004,2025-01-01,20,34,False,
STR-004,2025-01-01,21,18,False,
STR-004,2025-01-01,22,8,False,
STR-004,2025-01-01,23,3,False,
STR-004,2025-01-02,0,0,False,
STR-004,2025-01-02,1,0,False,
STR-004,2025-01-02,2,0,False,
STR-004,2025-01-02,3,0,False,
STR-004,2025-01-02,4,0,False,
STR-004,2025-01-02,5,0,False,
STR-004,2025-01-02,6,5,False,
STR-004,2025-01-02,7,4,False,
STR-004,2025-01-02,8,11,False,
STR-004,2025-01-02,9,21,False,
STR-004,2025-01-02,10,11,False,
STR-004,2025-01-02,11,21,False,
STR-004,2025-01-02,12,29,False,
STR-004,2025-01-02,13,22,False,
STR-004,2025-01-02,14,24,False,
STR-004,2025-01-02,15,13,False,
STR-004,2025-01-02,16,15,False,
STR-004,2025-01-02,17,20,False,
STR-004,2025-01-02,18,37,False,
STR-004,2025-01-02,19,37,False,
STR-004,2025-01-02,20,38,False,
STR-004,2025-01-02,21,24,False,
STR-004,2025-01-02,22,4,False,
STR-004,2025-01-02,23,1,False,
STR-004,2025-01-03,0,0,False,
STR-004,2025-01-03,1,0,False,
STR-004,2025-01-03,2,0,False,
STR-004,2025-01-03,3,0,False,
STR-004,2025-01-03,4,0,False,
STR-004,2025-01-03,5,0,False,
STR-004,2025-01-03,6,3,False,
STR-004,2025-01-03,7,7,False,
STR-004,2025-01-03,8,7,False,
STR-004,2025-01-03,9,11,False,
STR-004,2025-01-03,10,14,False,
STR-004,2025-01-03,11,17,False,
STR-004,2025-01-03,12,13,False,
STR-004,2025-01-03,13,21,False,
STR-004,2025-01-03,14,19,False,
STR-004,2025-01-03,15,22,False,
STR-004,2025-01-03,16,17,False,
STR-004,2025-01-03,17,19,False,
STR-004,2025-01-03,18,30,False,
STR-004,2025-01-03,19,56,False,
STR-004,2025-01-03,20,27,False,
STR-004,2025-01-03,21,25,False,
STR-004,2025-01-03,22,4,False,
STR-004,2025-01-03,23,4,False,
STR-004,2025-01-04,0,0,True,
STR-004,2025-01-04,1,0,True,
STR-004,2025-01-04,2,0,True,
STR-004,2025-01-04,3,0,True,
STR-004,2025-01-04,4,0,True,
STR-004,2025-01-04,5,0,True,
STR-004,2025-01-04,6,3,True,
STR-004,2025-01-04,7,16,True,
STR-004,2025-01-04,8,23,True,
STR-004,2025-01-04,9,20,True,
STR-004,2025-01-04,10,21,True,
STR-004,2025-01-04,11,23,True,
STR-004,2025-01-04,12,35,True,
STR-004,2025-01-04,13,23,True,
STR-004,2025-01-04,14,28,True,
STR-004,2025-01-04,15,25,True,
STR-004,2025-01-04,16,26,True,
STR-004,2025-01-04,17,27,True,
STR-004,2025-01-04,18,30,True,
STR-004,2025-01-04,19,35,True,
STR-004,2025-01-04,20,41,True,
STR-004,2025-01-04,21,21,True,
STR-004,2025-01-04,22,6,True,
STR-004,2025-01-04,23,5,True,
STR-004,2025-01-05,0,0,True,
STR-004,2025-01-05,1,0,True,
STR-004,2025-01-05,2,0,True,
STR-004,2025-01-05,3,0,True,
STR-004,2025-01-05,4,0,True,
STR-004,2025-01-05,5,0,True,
STR-004,2025-01-05,6,7,True,
STR-004,2025-01-05,7,7,True,
STR-004,2025-01-05,8,15,True,
STR-004,2025-01-05,9,18,True,
STR-004,2025-01-05,10,30,True,
STR-004,2025-01-05,11,30,True,
STR-004,2025-01-05,12,32,True,
STR-004,2025-01-05,13,25,True,
STR-004,2025-01-05,14,36,True,
STR-004,2025-01-05,15,26,True,
STR-004,2025-01-05,16,25,True,
STR-004,2025-01-05,17,27,True,
STR-004,2025-01-05,18,29,True,
STR-004,2025-01-05,19,53,True,
STR-004,2025-01-05,20,44,True,
STR-004,2025-01-05,21,17,True,
STR-004,2025-01-05,22,8,True,
STR-004,2025-01-05,23,7,True,
STR-004,2025-01-06,0,0,False,
STR-004,2025-01-06,1,0,False,
STR-004,2025-01-06,2,0,False,
STR-004,2025-01-06,3,0,False,
STR-004,2025-01-06,4,0,False,
STR-004,2025-01-06,5,0,False,
STR-004,2025-01-06,6,7,False,
STR-004,2025-01-06,7,10,False,
STR-004,2025-01-06,8,13,False,
STR-004,2025-01-06,9,22,False,
STR-004,2025-01-06,10,17,False,
STR-004,2025-01-06,11,17,False,
STR-004,2025-01-06,12,39,False,
STR-004,2025-01-06,13,40,False,
STR-004,2025-01-06,14,19,False,
STR-004,2025-01-06,15,29,False,
STR-004,2025-01-06,16,23,False,
STR-004,2025-01-06,17,12,False,
STR-004,2025-01-06,18,28,False,
STR-004,2025-01-06,19,39,False,
STR-004,2025-01-06,20,39,False,
STR-004,2025-01-06,21,27,False,
STR-004,2025-01-06,22,10,False,
STR-004,2025-01-06,23,6,False,
STR-004,2025-01-07,0,0,False,
STR-004,2025-01-07,1,0,False,
STR-004,2025-01-07,2,0,False,
STR-004,2025-01-07,3,0,False,
STR-004,2025-01-07,4,0,False,
STR-004,2025-01-07,5,0,False,
STR-004,2025-01-07,6,3,False,
STR-004,2025-01-07,7,8,False,
STR-004,2025-01-07,8,11,False,
STR-004,2025-01-07,9,12,False,
STR-004,2025-01-07,10,15,False,
STR-004,2025-01-07,11,21,False,
STR-004,2025-01-07,12,24,False,
STR-004,2025-01-07,13,27,False,
STR-004,2025-01-07,14,18,False,
STR-004,2025-01-07,15,22,False,
STR-004,2025-01-07,16,16,False,
STR-004,2025-01-07,17,21,False,
STR-004,2025-01-07,18,31,False,
STR-004,2025-01-07,19,28,False,
STR-004,2025-01-07,20,45,False,
STR-004,2025-01-07,21,14,False,
STR-004,2025-01-07,22,9,False,
STR-004,2025-01-07,23,3,False,
STR-004,2025-01-08,0,0,False,
STR-004,2025-01-08,1,0,False,
STR-004,2025-01-08,2,0,False,
STR-004,2025-01-08,3,0,False,
STR-004,2025-01-08,4,0,False,
STR-004,2025-01-08,5,0,False,
STR-004,2025-01-08,6,2,False,
STR-004,2025-01-08,7,3,False,
STR-004,2025-01-08,8,8,False,
STR-004,2025-01-08,9,12,False,
STR-004,2025-01-08,10,18,False,
STR-004,2025-01-08,11,19,False,
STR-004,2025-01-08,12,28,False,
STR-004,2025-01-08,13,14,False,
STR-004,2025-01-08,14,21,False,
STR-004,2025-01-08,15,19,False,
STR-004,2025-01-08,16,20,False,
STR-004,2025-01-08,17,17,False,
STR-004,2025-01-08,18,40,False,
STR-004,2025-01-08,19,35,False,
STR-004,2025-01-08,20,30,False,
STR-004,2025-01-08,21,25,False,
STR-004,2025-01-08,22,2,False,
STR-004,2025-01-08,23,6,False,
STR-004,2025-01-09,0,0,False,
STR-004,2025-01-09,1,0,False,
STR-004,2025-01-09,2,0,False,
STR-004,2025-01-09,3,0,False,
STR-004,2025-01-09,4,0,False,
STR-004,2025-01-09,5,0,False,
STR-004,2025-01-09,6,3,False,
STR-004,2025-01-09,7,12,False,
STR-004,2025-01-09,8,11,False,
STR-004,2025-01-09,9,15,False,
STR-004,2025-01-09,10,15,False,
STR-004,2025-01-09,11,23,False,
STR-004,2025-01-09,12,31,False,
STR-004,2025-01-09,13,36,False,
STR-004,2025-01-09,14,22,False,
STR-004,2025-01-09,15,29,False,
STR-004,2025-01-09,16,19,False,
STR-004,2025-01-09,17,15,False,
STR-004,2025-01-09,18,44,False,
STR-004,2025-01-09,19,38,False,
STR-004,2025-01-09,20,41,False,
STR-004,2025-01-09,21,20,False,
STR-004,2025-01-09,22,9,False,
STR-004,2025-01-09,23,5,False,
STR-004,2025-01-10,0,0,False,
STR-004,2025-01-10,1,0,False,
STR-004,2025-01-10,2,0,False,
STR-004,2025-01-10,3,0,False,
STR-004,2025-01-10,4,0,False,
STR-004,2025-01-10,5,0,False,
STR-004,2025-01-10,6,2,False,
STR-004,2025-01-10,7,8,False,
STR-004,2025-01-10,8,9,False,
STR-004,2025-01-10,9,10,False,
STR-004,2025-01-10,10,13,False,
STR-004,2025-01-10,11,21,False,
STR-004,2025-01-10,12,26,False,
STR-004,2025-01-10,13,25,False,
STR-004,2025-01-10,14,16,False,
STR-004,2025-01-10,15,15,False,
STR-004,2025-01-10,16,22,False,
STR-004,2025-01-10,17,19,False,
STR-004,2025-01-10,18,31,False,
STR-004,2025-01-10,19,28,False,
STR-004,2025-01-10,20,24,False,
STR-004,2025-01-10,21,21,False,
STR-004,2025-01-10,22,10,False,
STR-004,2025-01-10,23,3,False,
STR-004,2025-01-11,0,0,True,
STR-004,2025-01-11,1,0,True,
STR-004,2025-01-11,2,0,True,
STR-004,2025-01-11,3,0,True,
STR-004,2025-01-11,4,0,True,
STR-004,2025-01-11,5,0,True,
STR-004,2025-01-11,6,4,True,
STR-004,2025-01-11,7,11,True,
STR-004,2025-01-11,8,7,True,
STR-004,2025-01-11,9,16,True,
STR-004,2025-01-11,10,24,True,
STR-004,2025-01-11,11,24,True,
STR-004,2025-01-11,12,26,True,
STR-004,2025-01-11,13,27,True,
STR-004,2025-01-11,14,21,True,
STR-004,2025-01-11,15,29,True,
STR-004,2025-01-11,16,22,True,
STR-004,2025-01-11,17,32,True,
STR-004,2025-01-11,18,40,True,
STR-004,2025-01-11,19,46,True,
STR-004,2025-01-11,20,30,True,
STR-004,2025-01-11,21,29,True,
STR-004,2025-01-11,22,9,True,
STR-004,2025-01-11,23,7,True,
STR-004,2025-01-12,0,0,True,
STR-004,2025-01-12,1,0,True,
STR-004,2025-01-12,2,0,True,
STR-004,2025-01-12,3,0,True,
STR-004,2025-01-12,4,0,True,
STR-004,2025-01-12,5,0,True,
STR-004,2025-01-12,6,9,True,
STR-004,2025-01-12,7,12,True,
STR-004,2025-01-12,8,8,True,
STR-004,2025-01-12,9,20,True,
STR-004,2025-01-12,10,20,True,
STR-004,2025-01-12,11,25,True,
STR-004,2025-01-12,12,38,True,
STR-004,2025-01-12,13,40,True,
STR-004,2025-01-12,14,29,True,
STR-004,2025-01-12,15,32,True,
STR-004,2025-01-12,16,24,True,
STR-004,2025-01-12,17,30,True,
STR-004,2025-01-12,18,44,True,
STR-004,2025-01-12,19,52,True,
STR-004,2025-01-12,20,43,True,
STR-004,2025-01-12,21,30,True,
STR-004,2025-01-12,22,13,True,
STR-004,2025-01-12,23,4,True,
STR-004,2025-01-13,0,0,False,
STR-004,2025-01-13,1,0,False,
STR-004,2025-01-13,2,0,False,
STR-004,2025-01-13,3,0,False,
STR-004,2025-01-13,4,0,False,
STR-004,2025-01-13,5,0,False,
STR-004,2025-01-13,6,2,False,
STR-004,2025-01-13,7,5,False,
STR-004,2025-01-13,8,11,False,
STR-004,2025-01-13,9,14,False,
STR-004,2025-01-13,10,19,False,
STR-004,2025-01-13,11,16,False,
STR-004,2025-01-13,12,31,False,
STR-004,2025-01-13,13,27,False,
STR-004,2025-01-13,14,13,False,
STR-004,2025-01-13,15,16,False,
STR-004,2025-01-13,16,13,False,
STR-004,2025-01-13,17,16,False,
STR-004,2025-01-13,18,23,False,
STR-004,2025-01-13,19,26,False,
STR-004,2025-01-13,20,29,False,
STR-004,2025-01-13,21,24,False,
STR-004,2025-01-13,22,5,False,
STR-004,2025-01-13,23,3,False,
STR-004,2025-01-14,0,0,False,Makar Sankranti / Pongal
STR-004,2025-01-14,1,0,False,Makar Sankranti / Pongal
STR-004,2025-01-14,2,0,False,Makar Sankranti / Pongal
STR-004,2025-01-14,3,0,False,Makar Sankranti / Pongal
STR-004,2025-01-14,4,0,False,Makar Sankranti / Pongal
STR-004,2025-01-14,5,0,False,Makar Sankranti / Pongal
STR-004,2025-01-14,6,6,False,Makar Sankranti / Pongal
STR-004,2025-01-14,7,20,False,Makar Sankranti / Pongal
STR-004,2025-01-14,8,25,False,Makar Sankranti / Pongal
STR-004,2025-01-14,9,33,False,Makar Sankranti / Pongal
STR-004,2025-01-14,10,35,False,Makar Sankranti / Pongal
STR-004,2025-01-14,11,29,False,Makar Sankranti / Pongal
STR-004,2025-01-14,12,45,False,Makar Sankranti / Pongal
STR-004,2025-01-14,13,37,False,Makar Sankranti / Pongal
STR-004,2025-01-14,14,30,False,Makar Sankranti / Pongal
STR-004,2025-01-14,15,32,False,Makar Sankranti / Pongal
STR-004,2025-01-14,16,38,False,Makar Sankranti / Pongal
STR-004,2025-01-14,17,26,False,Makar Sankranti / Pongal
STR-004,2025-01-14,18,43,False,Makar Sankranti / Pongal
STR-004,2025-01-14,19,50,False,Makar Sankranti / Pongal
STR-004,2025-01-14,20,45,False,Makar Sankranti / Pongal
STR-004,2025-01-14,21,25,False,Makar Sankranti / Pongal
STR-004,2025-01-14,22,13,False,Makar Sankranti / Pongal
STR-004,2025-01-14,23,1,False,Makar Sankranti / Pongal
STR-004,2025-01-15,0,0,False,
STR-004,2025-01-15,1,0,False,
STR-004,2025-01-15,2,0,False,
STR-004,2025-01-15,3,0,False,
STR-004,2025-01-15,4,0,False,
STR-004,2025-01-15,5,0,False,
STR-004,2025-01-15,6,6,False,
STR-004,2025-01-15,7,8,False,
STR-004,2025-01-15,8,13,False,
STR-004,2025-01-15,9,21,False,
STR-004,2025-01-15,10,24,False,
STR-004,2025-01-15,11,32,False,
STR-004,2025-01-15,12,34,False,
STR-004,2025-01-15,13,31,False,
STR-004,2025-01-15,14,21,False,
STR-004,2025-01-15,15,17,False,
STR-004,2025-01-15,16,34,False,
STR-004,2025-01-15,17,18,False,
STR-004,2025-01-15,18,25,False,
STR-004,2025-01-15,19,35,False,
STR-004,2025-01-15,20,37,False,
STR-004,2025-01-15,21,23,False,
STR-004,2025-01-15,22,8,False,
STR-004,2025-01-15,23,3,False,
STR-004,2025-01-16,0,0,False,
STR-004,2025-01-16,1,0,False,
STR-004,2025-01-16,2,0,False,
STR-004,2025-01-16,3,0,False,
STR-004,2025-01-16,4,0,False,
STR-004,2025-01-16,5,0,False,
STR-004,2025-01-16,6,8,False,
STR-004,2025-01-16,7,5,False,
STR-004,2025-01-16,8,15,False,
STR-004,2025-01-16,9,22,False,
STR-004,2025-01-16,10,10,False,
STR-004,2025-01-16,11,19,False,
STR-004,2025-01-16,12,31,False,
STR-004,2025-01-16,13,27,False,
STR-004,2025-01-16,14,27,False,
STR-004,2025-01-16,15,30,False,
STR-004,2025-01-16,16,17,False,
STR-004,2025-01-16,17,12,False,
STR-004,2025-01-16,18,31,False,
STR-004,2025-01-16,19,37,False,
STR-004,2025-01-16,20,26,False,
STR-004,2025-01-16,21,22,False,
STR-004,2025-01-16,22,6,False,
STR-004,2025-01-16,23,2,False,
STR-004,2025-01-17,0,0,False,
STR-004,2025-01-17,1,0,False,
STR-004,2025-01-17,2,0,False,
STR-004,2025-01-17,3,0,False,
STR-004,2025-01-17,4,0,False,
STR-004,2025-01-17,5,0,False,
STR-004,2025-01-17,6,4,False,
STR-004,2025-01-17,7,5,False,
STR-004,2025-01-17,8,4,False,
STR-004,2025-01-17,9,14,False,
STR-004,2025-01-17,10,13,False,
STR-004,2025-01-17,11,16,False,
STR-004,2025-01-17,12,22,False,
STR-004,2025-01-17,13,22,False,
STR-004,2025-01-17,14,25,False,
STR-004,2025-01-17,15,21,False,
STR-004,2025-01-17,16,13,False,
STR-004,2025-01-17,17,10,False,
STR-004,2025-01-17,18,22,False,
STR-004,2025-01-17,19,36,False,
STR-004,2025-01-17,20,29,False,
STR-004,2025-01-17,21,20,False,
STR-004,2025-01-17,22,7,False,
STR-004,2025-01-17,23,2,False,
STR-004,2025-01-18,0,0,True,
STR-004,2025-01-18,1,0,True,
STR-004,2025-01-18,2,0,True,
STR-004,2025-01-18,3,0,True,
STR-004,2025-01-18,4,0,True,
STR-004,2025-01-18,5,0,True,
STR-004,2025-01-18,6,5,True,
STR-004,2025-01-18,7,8,True,
STR-004,2025-01-18,8,29,True,
STR-004,2025-01-18,9,19,True,
STR-004,2025-01-18,10,26,True,
STR-004,2025-01-18,11,24,True,
STR-004,2025-01-18,12,32,True,
STR-004,2025-01-18,13,27,True,
STR-004,2025-01-18,14,23,True,
STR-004,2025-01-18,15,23,True,
STR-004,2025-01-18,16,19,True,
STR-004,2025-01-18,17,18,True,
STR-004,2025-01-18,18,38,True,
STR-004,2025-01-18,19,33,True,
STR-004,2025-01-18,20,35,True,
STR-004,2025-01-18,21,28,True,
STR-004,2025-01-18,22,13,True,
STR-004,2025-01-18,23,1,True,
STR-004,2025-01-19,0,0,True,
STR-004,2025-01-19,1,0,True,
STR-004,2025-01-19,2,0,True,
STR-004,2025-01-19,3,0,True,
STR-004,2025-01-19,4,0,True,
STR-004,2025-01-19,5,0,True,
STR-004,2025-01-19,6,2,True,
STR-004,2025-01-19,7,13,True,
STR-004,2025-01-19,8,13,True,
STR-004,2025-01-19,9,19,True,
STR-004,2025-01-19,10,26,True,
STR-004,2025-01-19,11,30,True,
STR-004,2025-01-19,12,31,True,
STR-004,2025-01-19,13,22,True,
STR-004,2025-01-19,14,25,True,
STR-004,2025-01-19,15,16,True,
STR-004,2025-01-19,16,27,True,
STR-004,2025-01-19,17,19,True,
STR-004,2025-01-19,18,33,True,
STR-004,2025-01-19,19,39,True,
STR-004,2025-01-19,20,44,True,
STR-004,2025-01-19,21,37,True,
STR-004,2025-01-19,22,8,True,
STR-004,2025-01-19,23,4,True,
STR-004,2025-01-20,0,0,False,
STR-004,2025-01-20,1,0,False,
STR-004,2025-01-20,2,0,False,
STR-004,2025-01-20,3,0,False,
STR-004,2025-01-20,4,0,False,
STR-004,2025-01-20,5,0,False,
STR-004,2025-01-20,6,3,False,
STR-004,2025-01-20,7,3,False,
STR-004,2025-01-20,8,8,False,
STR-004,2025-01-20,9,15,False,
STR-004,2025-01-20,10,20,False,
STR-004,2025-01-20,11,18,False,
STR-004,2025-01-20,12,30,False,
STR-004,2025-01-20,13,26,False,
STR-004,2025-01-20,14,17,False,
STR-004,2025-01-20,15,18,False,
STR-004,2025-01-20,16,16,False,
STR-004,2025-01-20,17,13,False,
STR-004,2025-01-20,18,43,False,
STR-004,2025-01-20,19,26,False,
STR-004,2025-01-20,20,26,False,
STR-004,2025-01-20,21,16,False,
STR-004,2025-01-20,22,5,False,
STR-004,2025-01-20,23,3,False,
STR-004,2025-01-21,0,0,False,
STR-004,2025-01-21,1,0,False,
STR-004,2025-01-21,2,0,False,
STR-004,2025-01-21,3,0,False,
STR-004,2025-01-21,4,0,False,
STR-004,2025-01-21,5,0,False,
STR-004,2025-01-21,6,10,False,
STR-004,2025-01-21,7,14,False,
STR-004,2025-01-21,8,20,False,
STR-004,2025-01-21,9,25,False,
STR-004,2025-01-21,10,20,False,
STR-004,2025-01-21,11,28,False,
STR-004,2025-01-21,12,25,False,
STR-004,2025-01-21,13,19,False,
STR-004,2025-01-21,14,26,False,
STR-004,2025-01-21,15,21,False,
STR-004,2025-01-21,16,14,False,
STR-004,2025-01-21,17,15,False,
STR-004,2025-01-21,18,29,False,
STR-004,2025-01-21,19,43,False,
STR-004,2025-01-21,20,47,False,
STR-004,2025-01-21,21,29,False,
STR-004,2025-01-21,22,10,False,
STR-004,2025-01-21,23,4,False,
STR-004,2025-01-22,0,0,False,
STR-004,2025-01-22,1,0,False,
STR-004,2025-01-22,2,0,False,
STR-004,2025-01-22,3,0,False,
STR-004,2025-01-22,4,0,False,
STR-004,2025-01-22,5,0,False,
STR-004,2025-01-22,6,3,False,
STR-004,2025-01-22,7,8,False,
STR-004,2025-01-22,8,15,False,
STR-004,2025-01-22,9,9,False,
STR-004,2025-01-22,10,19,False,
STR-004,2025-01-22,11,20,False,
STR-004,2025-01-22,12,35,False,
STR-004,2025-01-22,13,33,False,
STR-004,2025-01-22,14,18,False,
STR-004,2025-01-22,15,18,False,
STR-004,2025-01-22,16,20,False,
STR-004,2025-01-22,17,24,False,
STR-004,2025-01-22,18,35,False,
STR-004,2025-01-22,19,33,False,
STR-004,2025-01-22,20,45,False,
STR-004,2025-01-22,21,30,False,
STR-004,2025-01-22,22,12,False,
STR-004,2025-01-22,23,3,False,
STR-004,2025-01-23,0,0,False,
STR-004,2025-01-23,1,0,False,
STR-004,2025-01-23,2,0,False,
STR-004,2025-01-23,3,0,False,
STR-004,2025-01-23,4,0,False,
STR-004,2025-01-23,5,0,False,
STR-004,2025-01-23,6,6,False,
STR-004,2025-01-23,7,7,False,
STR-004,2025-01-23,8,11,False,
STR-004,2025-01-23,9,12,False,
STR-004,2025-01-23,10,24,False,
STR-004,2025-01-23,11,18,False,
STR-004,2025-01-23,12,30,False,
STR-004,2025-01-23,13,27,False,
STR-004,2025-01-23,14,27,False,
STR-004,2025-01-23,15,15,False,
STR-004,2025-01-23,16,15,False,
STR-004,2025-01-23,17,19,False,
STR-004,2025-01-23,18,24,False,
STR-004,2025-01-23,19,33,False,
STR-004,2025-01-23,20,26,False,
STR-004,2025-01-23,21,23,False,
STR-004,2025-01-23,22,4,False,
STR-004,2025-01-23,23,3,False,
STR-004,2025-01-24,0,0,False,
STR-004,2025-01-24,1,0,False,
STR-004,2025-01-24,2,0,False,
STR-004,2025-01-24,3,0,False,
STR-004,2025-01-24,4,0,False,
STR-004,2025-01-24,5,0,False,
STR-004,2025-01-24,6,3,False,
STR-004,2025-01-24,7,7,False,
STR-004,2025-01-24,8,16,False,
STR-004,2025-01-24,9,17,False,
STR-004,2025-01-24,10,23,False,
STR-004,2025-01-24,11,23,False,
STR-004,2025-01-24,12,31,False,
STR-004,2025-01-24,13,32,False,
STR-004,2025-01-24,14,19,False,
STR-004,2025-01-24,15,27,False,
STR-004,2025-01-24,16,18,False,
STR-004,2025-01-24,17,25,False,
STR-004,2025-01-24,18,37,False,
STR-004,2025-01-24,19,50,False,
STR-004,2025-01-24,20,23,False,
STR-004,2025-01-24,21,24,False,
STR-004,2025-01-24,22,8,False,
STR-004,2025-01-24,23,4,False,
STR-004,2025-01-25,0,0,True,
STR-004,2025-01-25,1,0,True,
STR-004,2025-01-25,2,0,True,
STR-004,2025-01-25,3,0,True,
STR-004,2025-01-25,4,0,True,
STR-004,2025-01-25,5,0,True,
STR-004,2025-01-25,6,3,True,
STR-004,2025-01-25,7,9,True,
STR-004,2025-01-25,8,13,True,
STR-004,2025-01-25,9,25,True,
STR-004,2025-01-25,10,19,True,
STR-004,2025-01-25,11,22,True,
STR-004,2025-01-25,12,29,True,
STR-004,2025-01-25,13,27,True,
STR-004,2025-01-25,14,29,True,
STR-004,2025-01-25,15,29,True,
STR-004,2025-01-25,16,20,True,
STR-004,2025-01-25,17,22,True,
STR-004,2025-01-25,18,30,True,
STR-004,2025-01-25,19,32,True,
STR-004,2025-01-25,20,30,True,
STR-004,2025-01-25,21,25,True,
STR-004,2025-01-25,22,9,True,
STR-004,2025-01-25,23,3,True,
STR-004,2025-01-26,0,0,True,Republic Day
STR-004,2025-01-26,1,0,True,Republic Day
STR-004,2025-01-26,2,0,True,Republic Day
STR-004,2025-01-26,3,0,True,Republic Day
STR-004,2025-01-26,4,0,True,Republic Day
STR-004,2025-01-26,5,0,True,Republic Day
STR-004,2025-01-26,6,4,True,Republic Day
STR-004,2025-01-26,7,14,True,Republic Day
STR-004,2025-01-26,8,24,True,Republic Day
STR-004,2025-01-26,9,36,True,Republic Day
STR-004,2025-01-26,10,43,True,Republic Day
STR-004,2025-01-26,11,45,True,Republic Day
STR-004,2025-01-26,12,39,True,Republic Day
STR-004,2025-01-26,13,50,True,Republic Day
STR-004,2025-01-26,14,37,True,Republic Day
STR-004,2025-01-26,15,40,True,Republic Day
STR-004,2025-01-26,16,29,True,Republic Day
STR-004,2025-01-26,17,26,True,Republic Day
STR-004,2025-01-26,18,64,True,Republic Day
STR-004,2025-01-26,19,66,True,Republic Day
STR-004,2025-01-26,20,67,True,Republic Day
STR-004,2025-01-26,21,36,True,Republic Day
STR-004,2025-01-26,22,16,True,Republic Day
STR-004,2025-01-26,23,9,True,Republic Day
STR-004,2025-01-27,0,0,False,
STR-004,2025-01-27,1,0,False,
STR-004,2025-01-27,2,0,False,
STR-004,2025-01-27,3,0,False,
STR-004,2025-01-27,4,0,False,
STR-004,2025-01-27,5,0,False,
STR-004,2025-01-27,6,2,False,
STR-004,2025-01-27,7,9,False,
STR-004,2025-01-27,8,8,False,
STR-004,2025-01-27,9,26,False,
STR-004,2025-01-27,10,14,False,
STR-004,2025-01-27,11,21,False,
STR-004,2025-01-27,12,33,False,
STR-004,2025-01-27,13,21,False,
STR-004,2025-01-27,14,33,False,
STR-004,2025-01-27,15,18,False,
STR-004,2025-01-27,16,17,False,
STR-004,2025-01-27,17,19,False,
STR-004,2025-01-27,18,32,False,
STR-004,2025-01-27,19,30,False,
STR-004,2025-01-27,20,31,False,
STR-004,2025-01-27,21,21,False,
STR-004,2025-01-27,22,8,False,
STR-004,2025-01-27,23,3,False,
STR-004,2025-01-28,0,0,False,
STR-004,2025-01-28,1,0,False,
STR-004,2025-01-28,2,0,False,
STR-004,2025-01-28,3,0,False,
STR-004,2025-01-28,4,0,False,
STR-004,2025-01-28,5,0,False,
STR-004,2025-01-28,6,5,False,
STR-004,2025-01-28,7,9,False,
STR-004,2025-01-28,8,16,False,
STR-004,2025-01-28,9,17,False,
STR-004,2025-01-28,10,14,False,
STR-004,2025-01-28,11,25,False,
STR-004,2025-01-28,12,22,False,
STR-004,2025-01-28,13,22,False,
STR-004,2025-01-28,14,24,False,
STR-004,2025-01-28,15,23,False,
STR-004,2025-01-28,16,20,False,
STR-004,2025-01-28,17,28,False,
STR-004,2025-01-28,18,43,False,
STR-004,2025-01-28,19,42,False,
STR-004,2025-01-28,20,33,False,
STR-004,2025-01-28,21,31,False,
STR-004,2025-01-28,22,7,False,
STR-004,2025-01-28,23,8,False,
STR-004,2025-01-29,0,0,False,
STR-004,2025-01-29,1,0,False,
STR-004,2025-01-29,2,0,False,
STR-004,2025-01-29,3,0,False,
STR-004,2025-01-29,4,0,False,
STR-004,2025-01-29,5,0,False,
STR-004,2025-01-29,6,3,False,
STR-004,2025-01-29,7,8,False,
STR-004,2025-01-29,8,17,False,
STR-004,2025-01-29,9,14,False,
STR-004,2025-01-29,10,23,False,
STR-004,2025-01-29,11,15,False,
STR-004,2025-01-29,12,28,False,
STR-004,2025-01-29,13,26,False,
STR-004,2025-01-29,14,18,False,
STR-004,2025-01-29,15,13,False,
STR-004,2025-01-29,16,17,False,
STR-004,2025-01-29,17,21,False,
STR-004,2025-01-29,18,23,False,
STR-004,2025-01-29,19,37,False,
STR-004,2025-01-29,20,33,False,
STR-004,2025-01-29,21,22,False,
STR-004,2025-01-29,22,9,False,
STR-004,2025-01-29,23,1,False,
STR-004,2025-01-30,0,0,False,
STR-004,2025-01-30,1,0,False,
STR-004,2025-01-30,2,0,False,
STR-004,2025-01-30,3,0,False,
STR-004,2025-01-30,4,0,False,
STR-004,2025-01-30,5,0,False,
STR-004,2025-01-30,6,5,False,
STR-004,2025-01-30,7,8,False,
STR-004,2025-01-30,8,15,False,
STR-004,2025-01-30,9,13,False,
STR-004,2025-01-30,10,17,False,
STR-004,2025-01-30,11,19,False,
STR-004,2025-01-30,12,21,False,
STR-004,2025-01-30,13,20,False,
STR-004,2025-01-30,14,19,False,
STR-004,2025-01-30,15,16,False,
STR-004,2025-01-30,16,17,False,
STR-004,2025-01-30,17,14,False,
STR-004,2025-01-30,18,29,False,
STR-004,2025-01-30,19,26,False,
STR-004,2025-01-30,20,27,False,
STR-004,2025-01-30,21,11,False,
STR-004,2025-01-30,22,4,False,
STR-004,2025-01-30,23,6,False,
STR-004,2025-01-31,0,0,False,
STR-004,2025-01-31,1,0,False,
STR-004,2025-01-31,2,0,False,
STR-004,2025-01-31,3,0,False,
STR-004,2025-01-31,4,0,False,
STR-004,2025-01-31,5,0,False,
STR-004,2025-01-31,6,5,False,
STR-004,2025-01-31,7,11,False,
STR-004,2025-01-31,8,14,False,
STR-004,2025-01-31,9,14,False,
STR-004,2025-01-31,10,10,False,
STR-004,2025-01-31,11,22,False,
STR-004,2025-01-31,12,25,False,
STR-004,2025-01-31,13,38,False,
STR-004,2025-01-31,14,21,False,
STR-004,2025-01-31,15,16,False,
STR-004,2025-01-31,16,23,False,
STR-004,2025-01-31,17,23,False,
STR-004,2025-01-31,18,36,False,
STR-004,2025-01-31,19,38,False,
STR-004,2025-01-31,20,40,False,
STR-004,2025-01-31,21,20,False,
STR-004,2025-01-31,22,15,False,
STR-004,2025-01-31,23,5,False,
STR-004,2025-02-01,0,0,True,
STR-004,2025-02-01,1,0,True,
STR-004,2025-02-01,2,0,True,
STR-004,2025-02-01,3,0,True,
STR-004,2025-02-01,4,0,True,
STR-004,2025-02-01,5,0,True,
STR-004,2025-02-01,6,5,True,
STR-004,2025-02-01,7,9,True,
STR-004,2025-02-01,8,14,True,
STR-004,2025-02-01,9,24,True,
STR-004,2025-02-01,10,25,True,
STR-004,2025-02-01,11,14,True,
STR-004,2025-02-01,12,28,True,
STR-004,2025-02-01,13,32,True,
STR-004,2025-02-01,14,19,True,
STR-004,2025-02-01,15,12,True,
STR-004,2025-02-01,16,24,True,
STR-004,2025-02-01,17,23,True,
STR-004,2025-02-01,18,28,True,
STR-004,2025-02-01,19,40,True,
STR-004,2025-02-01,20,39,True,
STR-004,2025-02-01,21,27,True,
STR-004,2025-02-01,22,8,True,
STR-004,2025-02-01,23,11,True,
STR-004,2025-02-02,0,0,True,
STR-004,2025-02-02,1,0,True,
STR-004,2025-02-02,2,0,True,
STR-004,2025-02-02,3,0,True,
STR-004,2025-02-02,4,0,True,
STR-004,2025-02-02,5,0,True,
STR-004,2025-02-02,6,6,True,
STR-004,2025-02-02,7,7,True,
STR-004,2025-02-02,8,8,True,
STR-004,2025-02-02,9,16,True,
STR-004,2025-02-02,10,25,True,
STR-004,2025-02-02,11,32,True,
STR-004,2025-02-02,12,31,True,
STR-004,2025-02-02,13,39,True,
STR-004,2025-02-02,14,37,True,
STR-004,2025-02-02,15,25,True,
STR-004,2025-02-02,16,20,True,
STR-004,2025-02-02,17,15,True,
STR-004,2025-02-02,18,44,True,
STR-004,2025-02-02,19,44,True,
STR-004,2025-02-02,20,45,True,
STR-004,2025-02-02,21,27,True,
STR-004,2025-02-02,22,13,True,
STR-004,2025-02-02,23,3,True,
STR-004,2025-02-03,0,0,False,
STR-004,2025-02-03,1,0,False,
STR-004,2025-02-03,2,0,False,
STR-004,2025-02-03,3,0,False,
STR-004,2025-02-03,4,0,False,
STR-004,2025-02-03,5,0,False,
STR-004,2025-02-03,6,3,False,
STR-004,2025-02-03,7,12,False,
STR-004,2025-02-03,8,16,False,
STR-004,2025-02-03,9,15,False,
STR-004,2025-02-03,10,29,False,
STR-004,2025-02-03,11,31,False,
STR-004,2025-02-03,12,28,False,
STR-004,2025-02-03,13,21,False,
STR-004,2025-02-03,14,24,False,
STR-004,2025-02-03,15,27,False,
STR-004,2025-02-03,16,13,False,
STR-004,2025-02-03,17,20,False,
STR-004,2025-02-03,18,31,False,
STR-004,2025-02-03,19,36,False,
STR-004,2025-02-03,20,34,False,
STR-004,2025-02-03,21,29,False,
STR-004,2025-02-03,22,7,False,
STR-004,2025-02-03,23,5,False,
STR-004,2025-02-04,0,0,False,
STR-004,2025-02-04,1,0,False,
STR-004,2025-02-04,2,0,False,
STR-004,2025-02-04,3,0,False,
STR-004,2025-02-04,4,0,False,
STR-004,2025-02-04,5,0,False,
STR-004,2025-02-04,6,1,False,
STR-004,2025-02-04,7,6,False,
STR-004,2025-02-04,8,13,False,
STR-004,2025-02-04,9,18,False,
STR-004,2025-02-04,10,15,False,
STR-004,2025-02-04,11,13,False,
STR-004,2025-02-04,12,32,False,
STR-004,2025-02-04,13,24,False,
STR-004,2025-02-04,14,11,False,
STR-004,2025-02-04,15,13,False,
STR-004,2025-02-04,16,15,False,
STR-004,2025-02-04,17,22,False,
STR-004,2025-02-04,18,27,False,
STR-004,2025-02-04,19,37,False,
STR-004,2025-02-04,20,23,False,
STR-004,2025-02-04,21,13,False,
STR-004,2025-02-04,22,7,False,
STR-004,2025-02-04,23,4,False,
STR-004,2025-02-05,0,0,False,
STR-004,2025-02-05,1,0,False,
STR-004,2025-02-05,2,0,False,
STR-004,2025-02-05,3,0,False,
STR-004,2025-02-05,4,0,False,
STR-004,2025-02-05,5,0,False,
STR-004,2025-02-05,6,2,False,
STR-004,2025-02-05,7,13,False,
STR-004,2025-02-05,8,12,False,
STR-004,2025-02-05,9,19,False,
STR-004,2025-02-05,10,16,False,
STR-004,2025-02-05,11,24,False,
STR-004,2025-02-05,12,31,False,
STR-004,2025-02-05,13,31,False,
STR-004,2025-02-05,14,19,False,
STR-004,2025-02-05,15,24,False,
STR-004,2025-02-05,16,14,False,
STR-004,2025-02-05,17,24,False,
STR-004,2025-02-05,18,35,False,
STR-004,2025-02-05,19,37,False,
STR-004,2025-02-05,20,43,False,
STR-004,2025-02-05,21,20,False,
STR-004,2025-02-05,22,8,False,
STR-004,2025-02-05,23,2,False,
STR-004,2025-02-06,0,0,False,
STR-004,2025-02-06,1,0,False,
STR-004,2025-02-06,2,0,False,
STR-004,2025-02-06,3,0,False,
STR-004,2025-02-06,4,0,False,
STR-004,2025-02-06,5,0,False,
STR-004,2025-02-06,6,3,False,
STR-004,2025-02-06,7,8,False,
STR-004,2025-02-06,8,22,False,
STR-004,2025-02-06,9,10,False,
STR-004,2025-02-06,10,23,False,
STR-004,2025-02-06,11,19,False,
STR-004,2025-02-06,12,26,False,
STR-004,2025-02-06,13,25,False,
STR-004,2025-02-06,14,24,False,
STR-004,2025-02-06,15,23,False,
STR-004,2025-02-06,16,23,False,
STR-004,2025-02-06,17,20,False,
STR-004,2025-02-06,18,35,False,
STR-004,2025-02-06,19,29,False,
STR-004,2025-02-06,20,37,False,
STR-004,2025-02-06,21,25,False,
STR-004,2025-02-06,22,6,False,
STR-004,2025-02-06,23,4,False,
STR-004,2025-02-07,0,0,False,
STR-004,2025-02-07,1,0,False,
STR-004,2025-02-07,2,0,False,
STR-004,2025-02-07,3,0,False,
STR-004,2025-02-07,4,0,False,
STR-004,2025-02-07,5,0,False,
STR-004,2025-02-07,6,5,False,
STR-004,2025-02-07,7,6,False,
STR-004,2025-02-07,8,12,False,
STR-004,2025-02-07,9,11,False,
STR-004,2025-02-07,10,27,False,
STR-004,2025-02-07,11,16,False,
STR-004,2025-02-07,12,23,False,
STR-004,2025-02-07,13,30,False,
STR-004,2025-02-07,14,22,False,
STR-004,2025-02-07,15,14,False,
STR-004,2025-02-07,16,18,False,
STR-004,2025-02-07,17,27,False,
STR-004,2025-02-07,18,29,False,
STR-004,2025-02-07,19,40,False,
STR-004,2025-02-07,20,39,False,
STR-004,2025-02-07,21,15,False,
STR-004,2025-02-07,22,13,False,
STR-004,2025-02-07,23,10,False,
STR-004,2025-02-08,0,0,True,
STR-004,2025-02-08,1,0,True,
STR-004,2025-02-08,2,0,True,
STR-004,2025-02-08,3,0,True,
STR-004,2025-02-08,4,0,True,
STR-004,2025-02-08,5,0,True,
STR-004,2025-02-08,6,5,True,
STR-004,2025-02-08,7,12,True,
STR-004,2025-02-08,8,13,True,
STR-004,2025-02-08,9,13,True,
STR-004,2025-02-08,10,28,True,
STR-004,2025-02-08,11,26,True,
STR-004,2025-02-08,12,43,True,
STR-004,2025-02-08,13,28,True,
STR-004,2025-02-08,14,40,True,
STR-004,2025-02-08,15,26,True,
STR-004,2025-02-08,16,33,True,
STR-004,2025-02-08,17,28,True,
STR-004,2025-02-08,18,44,True,
STR-004,2025-02-08,19,42,True,
STR-004,2025-02-08,20,44,True,
STR-004,2025-02-08,21,33,True,
STR-004,2025-02-08,22,9,True,
STR-004,2025-02-08,23,5,True,
STR-004,2025-02-09,0,0,True,
STR-004,2025-02-09,1,0,True,
STR-004,2025-02-09,2,0,True,
STR-004,2025-02-09,3,0,True,
STR-004,2025-02-09,4,0,True,
STR-004,2025-02-09,5,0,True,
STR-004,2025-02-09,6,5,True,
STR-004,2025-02-09,7,7,True,
STR-004,2025-02-09,8,16,True,
STR-004,2025-02-09,9,17,True,
STR-004,2025-02-09,10,27,True,
STR-004,2025-02-09,11,25,True,
STR-004,2025-02-09,12,36,True,
STR-004,2025-02-09,13,33,True,
STR-004,2025-02-09,14,34,True,
STR-004,2025-02-09,15,35,True,
STR-004,2025-02-09,16,38,True,
STR-004,2025-02-09,17,20,True,
STR-004,2025-02-09,18,29,True,
STR-004,2025-02-09,19,53,True,
STR-004,2025-02-09,20,36,True,
STR-004,2025-02-09,21,29,True,
STR-004,2025-02-09,22,12,True,
STR-004,2025-02-09,23,5,True,
STR-004,2025-02-10,0,0,False,
STR-004,2025-02-10,1,0,False,
STR-004,2025-02-10,2,0,False,
STR-004,2025-02-10,3,0,False,
STR-004,2025-02-10,4,0,False,
STR-004,2025-02-10,5,0,False,
STR-004,2025-02-10,6,3,False,
STR-004,2025-02-10,7,8,False,
STR-004,2025-02-10,8,10,False,
STR-004,2025-02-10,9,24,False,
STR-004,2025-02-10,10,30,False,
STR-004,2025-02-10,11,29,False,
STR-004,2025-02-10,12,27,False,
STR-004,2025-02-10,13,20,False,
STR-004,2025-02-10,14,24,False,
STR-004,2025-02-10,15,15,False,
STR-004,2025-02-10,16,9,False,
STR-004,2025-02-10,17,13,False,
STR-004,2025-02-10,18,27,False,
STR-004,2025-02-10,19,25,False,
STR-004,2025-02-10,20,30,False,
STR-004,2025-02-10,21,31,False,
STR-004,2025-02-10,22,4,False,
STR-004,2025-02-10,23,3,False,
STR-004,2025-02-11,0,0,False,
STR-004,2025-02-11,1,0,False,
STR-004,2025-02-11,2,0,False,
STR-004,2025-02-11,3,0,False,
STR-004,2025-02-11,4,0,False,
STR-004,2025-02-11,5,0,False,
STR-004,2025-02-11,6,5,False,
STR-004,2025-02-11,7,8,False,
STR-004,2025-02-11,8,11,False,
STR-004,2025-02-11,9,12,False,
STR-004,2025-02-11,10,25,False,
STR-004,2025-02-11,11,14,False,
STR-004,2025-02-11,12,30,False,
STR-004,2025-02-11,13,18,False,
STR-004,2025-02-11,14,13,False,
STR-004,2025-02-11,15,25,False,
STR-004,2025-02-11,16,17,False,
STR-004,2025-02-11,17,22,False,
STR-004,2025-02-11,18,25,False,
STR-004,2025-02-11,19,33,False,
STR-004,2025-02-11,20,22,False,
STR-004,2025-02-11,21,28,False,
STR-004,2025-02-11,22,6,False,
STR-004,2025-02-11,23,4,False,
STR-004,2025-02-12,0,0,False,
STR-004,2025-02-12,1,0,False,
STR-004,2025-02-12,2,0,False,
STR-004,2025-02-12,3,0,False,
STR-004,2025-02-12,4,0,False,
STR-004,2025-02-12,5,0,False,
STR-004,2025-02-12,6,5,False,
STR-004,2025-02-12,7,5,False,
STR-004,2025-02-12,8,12,False,
STR-004,2025-02-12,9,20,False,
STR-004,2025-02-12,10,20,False,
STR-004,2025-02-12,11,10,False,
STR-004,2025-02-12,12,30,False,
STR-004,2025-02-12,13,39,False,
STR-004,2025-02-12,14,20,False,
STR-004,2025-02-12,15,26,False,
STR-004,2025-02-12,16,17,False,
STR-004,2025-02-12,17,23,False,
STR-004,2025-02-12,18,33,False,
STR-004,2025-02-12,19,39,False,
STR-004,2025-02-12,20,34,False,
STR-004,2025-02-12,21,28,False,
STR-004,2025-02-12,22,12,False,
STR-004,2025-02-12,23,9,False,
STR-004,2025-02-13,0,0,False,
STR-004,2025-02-13,1,0,False,
STR-004,2025-02-13,2,0,False,
STR-004,2025-02-13,3,0,False,
STR-004,2025-02-13,4,0,False,
STR-004,2025-02-13,5,0,False,
STR-004,2025-02-13,6,3,False,
STR-004,2025-02-13,7,8,False,
STR-004,2025-02-13,8,10,False,
STR-004,2025-02-13,9,22,False,
STR-004,2025-02-13,10,22,False,
STR-004,2025-02-13,11,16,False,
STR-004,2025-02-13,12,20,False,
STR-004,2025-02-13,13,24,False,
STR-004,2025-02-13,14,17,False,
STR-004,2025-02-13,15,20,False,
STR-004,2025-02-13,16,15,False,
STR-004,2025-02-13,17,21,False,
STR-004,2025-02-13,18,37,False,
STR-004,2025-02-13,19,33,False,
STR-004,2025-02-13,20,20,False,
STR-004,2025-02-13,21,19,False,
STR-004,2025-02-13,22,4,False,
STR-004,2025-02-13,23,2,False,
STR-004,2025-02-14,0,0,False,
STR-004,2025-02-14,1,0,False,
STR-004,2025-02-14,2,0,False,
STR-004,2025-02-14,3,0,False,
STR-004,2025-02-14,4,0,False,
STR-004,2025-02-14,5,0,False,
STR-004,2025-02-14,6,5,False,
STR-004,2025-02-14,7,11,False,
STR-004,2025-02-14,8,14,False,
STR-004,2025-02-14,9,24,False,
STR-004,2025-02-14,10,22,False,
STR-004,2025-02-14,11,24,False,
STR-004,2025-02-14,12,40,False,
STR-004,2025-02-14,13,25,False,
STR-004,2025-02-14,14,27,False,
STR-004,2025-02-14,15,20,False,
STR-004,2025-02-14,16,19,False,
STR-004,2025-02-14,17,24,False,
STR-004,2025-02-14,18,37,False,
STR-004,2025-02-14,19,36,False,
STR-004,2025-02-14,20,25,False,
STR-004,2025-02-14,21,19,False,
STR-004,2025-02-14,22,8,False,
STR-004,2025-02-14,23,2,False,
STR-004,2025-02-15,0,0,True,
STR-004,2025-02-15,1,0,True,
STR-004,2025-02-15,2,0,True,
STR-004,2025-02-15,3,0,True,
STR-004,2025-02-15,4,0,True,
STR-004,2025-02-15,5,0,True,
STR-004,2025-02-15,6,2,True,
STR-004,2025-02-15,7,6,True,
STR-004,2025-02-15,8,8,True,
STR-004,2025-02-15,9,18,True,
STR-004,2025-02-15,10,22,True,
STR-004,2025-02-15,11,20,True,
STR-004,2025-02-15,12,38,True,
STR-004,2025-02-15,13,27,True,
STR-004,2025-02-15,14,19,True,
STR-004,2025-02-15,15,26,True,
STR-004,2025-02-15,16,19,True,
STR-004,2025-02-15,17,23,True,
STR-004,2025-02-15,18,33,True,
STR-004,2025-02-15,19,42,True,
STR-004,2025-02-15,20,30,True,
STR-004,2025-02-15,21,21,True,
STR-004,2025-02-15,22,4,True,
STR-004,2025-02-15,23,6,True,
STR-004,2025-02-16,0,0,True,
STR-004,2025-02-16,1,0,True,
STR-004,2025-02-16,2,0,True,
STR-004,2025-02-16,3,0,True,
STR-004,2025-02-16,4,0,True,
STR-004,2025-02-16,5,0,True,
STR-004,2025-02-16,6,2,True,
STR-004,2025-02-16,7,6,True,
STR-004,2025-02-16,8,21,True,
STR-004,2025-02-16,9,19,True,
STR-004,2025-02-16,10,27,True,
STR-004,2025-02-16,11,25,True,
STR-004,2025-02-16,12,36,True,
STR-004,2025-02-16,13,40,True,
STR-004,2025-02-16,14,30,True,
STR-004,2025-02-16,15,20,True,
STR-004,2025-02-16,16,23,True,
STR-004,2025-02-16,17,37,True,
STR-004,2025-02-16,18,43,True,
STR-004,2025-02-16,19,62,True,
STR-004,2025-02-16,20,47,True,
STR-004,2025-02-16,21,27,True,
STR-004,2025-02-16,22,7,True,
STR-004,2025-02-16,23,3,True,
STR-004,2025-02-17,0,0,False,
STR-004,2025-02-17,1,0,False,
STR-004,2025-02-17,2,0,False,
STR-004,2025-02-17,3,0,False,
STR-004,2025-02-17,4,0,False,
STR-004,2025-02-17,5,0,False,
STR-004,2025-02-17,6,4,False,
STR-004,2025-02-17,7,11,False,
STR-004,2025-02-17,8,13,False,
STR-004,2025-02-17,9,17,False,
STR-004,2025-02-17,10,31,False,
STR-004,2025-02-17,11,19,False,
STR-004,2025-02-17,12,33,False,
STR-004,2025-02-17,13,30,False,
STR-004,2025-02-17,14,26,False,
STR-004,2025-02-17,15,15,False,
STR-004,2025-02-17,16,23,False,
STR-004,2025-02-17,17,27,False,
STR-004,2025-02-17,18,41,False,
STR-004,2025-02-17,19,35,False,
STR-004,2025-02-17,20,37,False,
STR-004,2025-02-17,21,30,False,
STR-004,2025-02-17,22,7,False,
STR-004,2025-02-17,23,5,False,
STR-004,2025-02-18,0,0,False,
STR-004,2025-02-18,1,0,False,
STR-004,2025-02-18,2,0,False,
STR-004,2025-02-18,3,0,False,
STR-004,2025-02-18,4,0,False,
STR-004,2025-02-18,5,0,False,
STR-004,2025-02-18,6,6,False,
STR-004,2025-02-18,7,5,False,
STR-004,2025-02-18,8,5,False,
STR-004,2025-02-18,9,12,False,
STR-004,2025-02-18,10,20,False,
STR-004,2025-02-18,11,23,False,
STR-004,2025-02-18,12,15,False,
STR-004,2025-02-18,13,26,False,
STR-004,2025-02-18,14,24,False,
STR-004,2025-02-18,15,19,False,
STR-004,2025-02-18,16,24,False,
STR-004,2025-02-18,17,23,False,
STR-004,2025-02-18,18,29,False,
STR-004,2025-02-18,19,28,False,
STR-004,2025-02-18,20,32,False,
STR-004,2025-02-18,21,27,False,
STR-004,2025-02-18,22,10,False,
STR-004,2025-02-18,23,2,False,
STR-004,2025-02-19,0,0,False,
STR-004,2025-02-19,1,0,False,
STR-004,2025-02-19,2,0,False,
STR-004,2025-02-19,3,0,False,
STR-004,2025-02-19,4,0,False,
STR-004,2025-02-19,5,0,False,
STR-004,2025-02-19,6,3,False,
STR-004,2025-02-19,7,6,False,
STR-004,2025-02-19,8,10,False,
STR-004,2025-02-19,9,14,False,
STR-004,2025-02-19,10,12,False,
STR-004,2025-02-19,11,16,False,
STR-004,2025-02-19,12,27,False,
STR-004,2025-02-19,13,24,False,
STR-004,2025-02-19,14,23,False,
STR-004,2025-02-19,15,22,False,
STR-004,2025-02-19,16,27,False,
STR-004,2025-02-19,17,18,False,
STR-004,2025-02-19,18,27,False,
STR-004,2025-02-19,19,32,False,
STR-004,2025-02-19,20,25,False,
STR-004,2025-02-19,21,29,False,
STR-004,2025-02-19,22,6,False,
STR-004,2025-02-19,23,4,False,
STR-004,2025-02-20,0,0,False,
STR-004,2025-02-20,1,0,False,
STR-004,2025-02-20,2,0,False,
STR-004,2025-02-20,3,0,False,
STR-004,2025-02-20,4,0,False,
STR-004,2025-02-20,5,0,False,
STR-004,2025-02-20,6,2,False,
STR-004,2025-02-20,7,12,False,
STR-004,2025-02-20,8,11,False,
STR-004,2025-02-20,9,14,False,
STR-004,2025-02-20,10,17,False,
STR-004,2025-02-20,11,15,False,
STR-004,2025-02-20,12,30,False,
STR-004,2025-02-20,13,27,False,
STR-004,2025-02-20,14,25,False,
STR-004,2025-02-20,15,10,False,
STR-004,2025-02-20,16,14,False,
STR-004,2025-02-20,17,13,False,
STR-004,2025-02-20,18,35,False,
STR-004,2025-02-20,19,32,False,
STR-004,2025-02-20,20,30,False,
STR-004,2025-02-20,21,19,False,
STR-004,2025-02-20,22,9,False,
STR-004,2025-02-20,23,3,False,
STR-004,2025-02-21,0,0,False,
STR-004,2025-02-21,1,0,False,
STR-004,2025-02-21,2,0,False,
STR-004,2025-02-21,3,0,False,
STR-004,2025-02-21,4,0,False,
STR-004,2025-02-21,5,0,False,
STR-004,2025-02-21,6,8,False,
STR-004,2025-02-21,7,7,False,
STR-004,2025-02-21,8,12,False,
STR-004,2025-02-21,9,14,False,
STR-004,2025-02-21,10,14,False,
STR-004,2025-02-21,11,16,False,
STR-004,2025-02-21,12,29,False,
STR-004,2025-02-21,13,24,False,
STR-004,2025-02-21,14,30,False,
STR-004,2025-02-21,15,21,False,
STR-004,2025-02-21,16,26,False,
STR-004,2025-02-21,17,17,False,
STR-004,2025-02-21,18,33,False,
STR-004,2025-02-21,19,27,False,
STR-004,2025-02-21,20,38,False,
STR-004,2025-02-21,21,25,False,
STR-004,2025-02-21,22,8,False,
STR-004,2025-02-21,23,3,False,
STR-004,2025-02-22,0,0,True,
STR-004,2025-02-22,1,0,True,
STR-004,2025-02-22,2,0,True,
STR-004,2025-02-22,3,0,True,
STR-004,2025-02-22,4,0,True,
STR-004,2025-02-22,5,0,True,
STR-004,2025-02-22,6,4,True,
STR-004,2025-02-22,7,8,True,
STR-004,2025-02-22,8,15,True,
STR-004,2025-02-22,9,20,True,
STR-004,2025-02-22,10,25,True,
STR-004,2025-02-22,11,21,True,
STR-004,2025-02-22,12,24,True,
STR-004,2025-02-22,13,31,True,
STR-004,2025-02-22,14,27,True,
STR-004,2025-02-22,15,19,True,
STR-004,2025-02-22,16,20,True,
STR-004,2025-02-22,17,32,True,
STR-004,2025-02-22,18,29,True,
STR-004,2025-02-22,19,29,True,
STR-004,2025-02-22,20,26,True,
STR-004,2025-02-22,21,27,True,
STR-004,2025-02-22,22,9,True,
STR-004,2025-02-22,23,3,True,
STR-004,2025-02-23,0,0,True,
STR-004,2025-02-23,1,0,True,
STR-004,2025-02-23,2,0,True,
STR-004,2025-02-23,3,0,True,
STR-004,2025-02-23,4,0,True,
STR-004,2025-02-23,5,0,True,
STR-004,2025-02-23,6,7,True,
STR-004,2025-02-23,7,15,True,
STR-004,2025-02-23,8,14,True,
STR-004,2025-02-23,9,17,True,
STR-004,2025-02-23,10,29,True,
STR-004,2025-02-23,11,24,True,
STR-004,2025-02-23,12,40,True,
STR-004,2025-02-23,13,35,True,
STR-004,2025-02-23,14,20,True,
STR-004,2025-02-23,15,35,True,
STR-004,2025-02-23,16,30,True,
STR-004,2025-02-23,17,26,True,
STR-004,2025-02-23,18,43,True,
STR-004,2025-02-23,19,41,True,
STR-004,2025-02-23,20,50,True,
STR-004,2025-02-23,21,22,True,
STR-004,2025-02-23,22,10,True,
STR-004,2025-02-23,23,6,True,
STR-004,2025-02-24,0,0,False,
STR-004,2025-02-24,1,0,False,
STR-004,2025-02-24,2,0,False,
STR-004,2025-02-24,3,0,False,
STR-004,2025-02-24,4,0,False,
STR-004,2025-02-24,5,0,False,
STR-004,2025-02-24,6,6,False,
STR-004,2025-02-24,7,7,False,
STR-004,2025-02-24,8,9,False,
STR-004,2025-02-24,9,16,False,
STR-004,2025-02-24,10,12,False,
STR-004,2025-02-24,11,16,False,
STR-004,2025-02-24,12,36,False,
STR-004,2025-02-24,13,16,False,
STR-004,2025-02-24,14,19,False,
STR-004,2025-02-24,15,19,False,
STR-004,2025-02-24,16,26,False,
STR-004,2025-02-24,17,24,False,
STR-004,2025-02-24,18,46,False,
STR-004,2025-02-24,19,35,False,
STR-004,2025-02-24,20,32,False,
STR-004,2025-02-24,21,14,False,
STR-004,2025-02-24,22,9,False,
STR-004,2025-02-24,23,7,False,
STR-004,2025-02-25,0,0,False,
STR-004,2025-02-25,1,0,False,
STR-004,2025-02-25,2,0,False,
STR-004,2025-02-25,3,0,False,
STR-004,2025-02-25,4,0,False,
STR-004,2025-02-25,5,0,False,
STR-004,2025-02-25,6,5,False,
STR-004,2025-02-25,7,10,False,
STR-004,2025-02-25,8,13,False,
STR-004,2025-02-25,9,19,False,
STR-004,2025-02-25,10,17,False,
STR-004,2025-02-25,11,19,False,
STR-004,2025-02-25,12,38,False,
STR-004,2025-02-25,13,15,False,
STR-004,2025-02-25,14,17,False,
STR-004,2025-02-25,15,20,False,
STR-004,2025-02-25,16,19,False,
STR-004,2025-02-25,17,17,False,
STR-004,2025-02-25,18,26,False,
STR-004,2025-02-25,19,41,False,
STR-004,2025-02-25,20,38,False,
STR-004,2025-02-25,21,30,False,
STR-004,2025-02-25,22,11,False,
STR-004,2025-02-25,23,5,False,
STR-004,2025-02-26,0,0,False,Maha Shivratri
STR-004,2025-02-26,1,0,False,Maha Shivratri
STR-004,2025-02-26,2,0,False,Maha Shivratri
STR-004,2025-02-26,3,0,False,Maha Shivratri
STR-004,2025-02-26,4,0,False,Maha Shivratri
STR-004,2025-02-26,5,0,False,Maha Shivratri
STR-004,2025-02-26,6,9,False,Maha Shivratri
STR-004,2025-02-26,7,15,False,Maha Shivratri
STR-004,2025-02-26,8,14,False,Maha Shivratri
STR-004,2025-02-26,9,26,False,Maha Shivratri
STR-004,2025-02-26,10,35,False,Maha Shivratri
STR-004,2025-02-26,11,30,False,Maha Shivratri
STR-004,2025-02-26,12,44,False,Maha Shivratri
STR-004,2025-02-26,13,40,False,Maha Shivratri
STR-004,2025-02-26,14,28,False,Maha Shivratri
STR-004,2025-02-26,15,29,False,Maha Shivratri
STR-004,2025-02-26,16,39,False,Maha Shivratri
STR-004,2025-02-26,17,34,False,Maha Shivratri
STR-004,2025-02-26,18,53,False,Maha Shivratri
STR-004,2025-02-26,19,50,False,Maha Shivratri
STR-004,2025-02-26,20,51,False,Maha Shivratri
STR-004,2025-02-26,21,37,False,Maha Shivratri
STR-004,2025-02-26,22,16,False,Maha Shivratri
STR-004,2025-02-26,23,10,False,Maha Shivratri
STR-004,2025-02-27,0,0,False,
STR-004,2025-02-27,1,0,False,
STR-004,2025-02-27,2,0,False,
STR-004,2025-02-27,3,0,False,
STR-004,2025-02-27,4,0,False,
STR-004,2025-02-27,5,0,False,
STR-004,2025-02-27,6,4,False,
STR-004,2025-02-27,7,6,False,
STR-004,2025-02-27,8,10,False,
STR-004,2025-02-27,9,10,False,
STR-004,2025-02-27,10,16,False,
STR-004,2025-02-27,11,21,False,
STR-004,2025-02-27,12,29,False,
STR-004,2025-02-27,13,23,False,
STR-004,2025-02-27,14,26,False,
STR-004,2025-02-27,15,25,False,
STR-004,2025-02-27,16,19,False,
STR-004,2025-02-27,17,22,False,
STR-004,2025-02-27,18,29,False,
STR-004,2025-02-27,19,30,False,
STR-004,2025-02-27,20,29,False,
STR-004,2025-02-27,21,24,False,
STR-004,2025-02-27,22,9,False,
STR-004,2025-02-27,23,2,False,
STR-004,2025-02-28,0,0,False,
STR-004,2025-02-28,1,0,False,
STR-004,2025-02-28,2,0,False,
STR-004,2025-02-28,3,0,False,
STR-004,2025-02-28,4,0,False,
STR-004,2025-02-28,5,0,False,
STR-004,2025-02-28,6,1,False,
STR-004,2025-02-28,7,3,False,
STR-004,2025-02-28,8,13,False,
STR-004,2025-02-28,9,11,False,
STR-004,2025-02-28,10,25,False,
STR-004,2025-02-28,11,24,False,
STR-004,2025-02-28,12,28,False,
STR-004,2025-02-28,13,28,False,
STR-004,2025-02-28,14,19,False,
STR-004,2025-02-28,15,22,False,
STR-004,2025-02-28,16,18,False,
STR-004,2025-02-28,17,18,False,
STR-004,2025-02-28,18,29,False,
STR-004,2025-02-28,19,29,False,
STR-004,2025-02-28,20,37,False,
STR-004,2025-02-28,21,20,False,
STR-004,2025-02-28,22,11,False,
STR-004,2025-02-28,23,7,False,
STR-004,2025-03-01,0,0,True,
STR-004,2025-03-01,1,0,True,
STR-004,2025-03-01,2,0,True,
STR-004,2025-03-01,3,0,True,
STR-004,2025-03-01,4,0,True,
STR-004,2025-03-01,5,0,True,
STR-004,2025-03-01,6,8,True,
STR-004,2025-03-01,7,7,True,
STR-004,2025-03-01,8,19,True,
STR-004,2025-03-01,9,26,True,
STR-004,2025-03-01,10,27,True,
STR-004,2025-03-01,11,19,True,
STR-004,2025-03-01,12,44,True,
STR-004,2025-03-01,13,41,True,
STR-004,2025-03-01,14,41,True,
STR-004,2025-03-01,15,30,True,
STR-004,2025-03-01,16,22,True,
STR-004,2025-03-01,17,35,True,
STR-004,2025-03-01,18,50,True,
STR-004,2025-03-01,19,57,True,
STR-004,2025-03-01,20,50,True,
STR-004,2025-03-01,21,44,True,
STR-004,2025-03-01,22,14,True,
STR-004,2025-03-01,23,7,True,
STR-004,2025-03-02,0,0,True,
STR-004,2025-03-02,1,0,True,
STR-004,2025-03-02,2,0,True,
STR-004,2025-03-02,3,0,True,
STR-004,2025-03-02,4,0,True,
STR-004,2025-03-02,5,0,True,
STR-004,2025-03-02,6,3,True,
STR-004,2025-03-02,7,5,True,
STR-004,2025-03-02,8,14,True,
STR-004,2025-03-02,9,15,True,
STR-004,2025-03-02,10,18,True,
STR-004,2025-03-02,11,14,True,
STR-004,2025-03-02,12,26,True,
STR-004,2025-03-02,13,30,True,
STR-004,2025-03-02,14,19,True,
STR-004,2025-03-02,15,22,True,
STR-004,2025-03-02,16,20,True,
STR-004,2025-03-02,17,21,True,
STR-004,2025-03-02,18,33,True,
STR-004,2025-03-02,19,43,True,
STR-004,2025-03-02,20,35,True,
STR-004,2025-03-02,21,34,True,
STR-004,2025-03-02,22,5,True,
STR-004,2025-03-02,23,10,True,
STR-004,2025-03-03,0,0,False,
STR-004,2025-03-03,1,0,False,
STR-004,2025-03-03,2,0,False,
STR-004,2025-03-03,3,0,False,
STR-004,2025-03-03,4,0,False,
STR-004,2025-03-03,5,0,False,
STR-004,2025-03-03,6,3,False,
STR-004,2025-03-03,7,12,False,
STR-004,2025-03-03,8,10,False,
STR-004,2025-03-03,9,15,False,
STR-004,2025-03-03,10,29,False,
STR-004,2025-03-03,11,32,False,
STR-004,2025-03-03,12,30,False,
STR-004,2025-03-03,13,23,False,
STR-004,2025-03-03,14,26,False,
STR-004,2025-03-03,15,25,False,
STR-004,2025-03-03,16,19,False,
STR-004,2025-03-03,17,25,False,
STR-004,2025-03-03,18,28,False,
STR-004,2025-03-03,19,37,False,
STR-004,2025-03-03,20,32,False,
STR-004,2025-03-03,21,33,False,
STR-004,2025-03-03,22,8,False,
STR-004,2025-03-03,23,2,False,
STR-004,2025-03-04,0,0,False,
STR-004,2025-03-04,1,0,False,
STR-004,2025-03-04,2,0,False,
STR-004,2025-03-04,3,0,False,
STR-004,2025-03-04,4,0,False,
STR-004,2025-03-04,5,0,False,
STR-004,2025-03-04,6,7,False,
STR-004,2025-03-04,7,19,False,
STR-004,2025-03-04,8,13,False,
STR-004,2025-03-04,9,17,False,
STR-004,2025-03-04,10,26,False,
STR-004,2025-03-04,11,31,False,
STR-004,2025-03-04,12,36,False,
STR-004,2025-03-04,13,21,False,
STR-004,2025-03-04,14,25,False,
STR-004,2025-03-04,15,33,False,
STR-004,2025-03-04,16,21,False,
STR-004,2025-03-04,17,19,False,
STR-004,2025-03-04,18,31,False,
STR-004,2025-03-04,19,51,False,
STR-004,2025-03-04,20,47,False,
STR-004,2025-03-04,21,23,False,
STR-004,2025-03-04,22,16,False,
STR-004,2025-03-04,23,5,False,
STR-004,2025-03-05,0,0,False,
STR-004,2025-03-05,1,0,False,
STR-004,2025-03-05,2,0,False,
STR-004,2025-03-05,3,0,False,
STR-004,2025-03-05,4,0,False,
STR-004,2025-03-05,5,0,False,
STR-004,2025-03-05,6,1,False,
STR-004,2025-03-05,7,8,False,
STR-004,2025-03-05,8,13,False,
STR-004,2025-03-05,9,12,False,
STR-004,2025-03-05,10,19,False,
STR-004,2025-03-05,11,25,False,
STR-004,2025-03-05,12,23,False,
STR-004,2025-03-05,13,15,False,
STR-004,2025-03-05,14,14,False,
STR-004,2025-03-05,15,19,False,
STR-004,2025-03-05,16,18,False,
STR-004,2025-03-05,17,12,False,
STR-004,2025-03-05,18,28,False,
STR-004,2025-03-05,19,43,False,
STR-004,2025-03-05,20,31,False,
STR-004,2025-03-05,21,26,False,
STR-004,2025-03-05,22,8,False,
STR-004,2025-03-05,23,3,False,
STR-004,2025-03-06,0,0,False,
STR-004,2025-03-06,1,0,False,
STR-004,2025-03-06,2,0,False,
STR-004,2025-03-06,3,0,False,
STR-004,2025-03-06,4,0,False,
STR-004,2025-03-06,5,0,False,
STR-004,2025-03-06,6,9,False,
STR-004,2025-03-06,7,11,False,
STR-004,2025-03-06,8,18,False,
STR-004,2025-03-06,9,15,False,
STR-004,2025-03-06,10,18,False,
STR-004,2025-03-06,11,17,False,
STR-004,2025-03-06,12,33,False,
STR-004,2025-03-06,13,25,False,
STR-004,2025-03-06,14,25,False,
STR-004,2025-03-06,15,29,False,
STR-004,2025-03-06,16,24,False,
STR-004,2025-03-06,17,21,False,
STR-004,2025-03-06,18,40,False,
STR-004,2025-03-06,19,44,False,
STR-004,2025-03-06,20,35,False,
STR-004,2025-03-06,21,26,False,
STR-004,2025-03-06,22,4,False,
STR-004,2025-03-06,23,2,False,
STR-004,2025-03-07,0,0,False,
STR-004,2025-03-07,1,0,False,
STR-004,2025-03-07,2,0,False,
STR-004,2025-03-07,3,0,False,
STR-004,2025-03-07,4,0,False,
STR-004,2025-03-07,5,0,False,
STR-004,2025-03-07,6,5,False,
STR-004,2025-03-07,7,11,False,
STR-004,2025-03-07,8,12,False,
STR-004,2025-03-07,9,9,False,
STR-004,2025-03-07,10,20,False,
STR-004,2025-03-07,11,17,False,
STR-004,2025-03-07,12,24,False,
STR-004,2025-03-07,13,21,False,
STR-004,2025-03-07,14,30,False,
STR-004,2025-03-07,15,21,False,
STR-004,2025-03-07,16,20,False,
STR-004,2025-03-07,17,20,False,
STR-004,2025-03-07,18,29,False,
STR-004,2025-03-07,19,40,False,
STR-004,2025-03-07,20,45,False,
STR-004,2025-03-07,21,22,False,
STR-004,2025-03-07,22,7,False,
STR-004,2025-03-07,23,5,False,
STR-004,2025-03-08,0,0,True,Holi
STR-004,2025-03-08,1,0,True,Holi
STR-004,2025-03-08,2,0,True,Holi
STR-004,2025-03-08,3,0,True,Holi
STR-004,2025-03-08,4,0,True,Holi
STR-004,2025-03-08,5,0,True,Holi
STR-004,2025-03-08,6,10,True,Holi
STR-004,2025-03-08,7,10,True,Holi
STR-004,2025-03-08,8,24,True,Holi
STR-004,2025-03-08,9,28,True,Holi
STR-004,2025-03-08,10,35,True,Holi
STR-004,2025-03-08,11,28,True,Holi
STR-004,2025-03-08,12,42,True,Holi
STR-004,2025-03-08,13,41,True,Holi
STR-004,2025-03-08,14,40,True,Holi
STR-004,2025-03-08,15,24,True,Holi
STR-004,2025-03-08,16,30,True,Holi
STR-004,2025-03-08,17,37,True,Holi
STR-004,2025-03-08,18,57,True,Holi
STR-004,2025-03-08,19,49,True,Holi
STR-004,2025-03-08,20,66,True,Holi
STR-004,2025-03-08,21,31,True,Holi
STR-004,2025-03-08,22,10,True,Holi
STR-004,2025-03-08,23,9,True,Holi
STR-004,2025-03-09,0,0,True,
STR-004,2025-03-09,1,0,True,
STR-004,2025-03-09,2,0,True,
STR-004,2025-03-09,3,0,True,
STR-004,2025-03-09,4,0,True,
STR-004,2025-03-09,5,0,True,
STR-004,2025-03-09,6,2,True,
STR-004,2025-03-09,7,5,True,
STR-004,2025-03-09,8,15,True,
STR-004,2025-03-09,9,12,True,
STR-004,2025-03-09,10,26,True,
STR-004,2025-03-09,11,33,True,
STR-004,2025-03-09,12,28,True,
STR-004,2025-03-09,13,27,True,
STR-004,2025-03-09,14,30,True,
STR-004,2025-03-09,15,26,True,
STR-004,2025-03-09,16,25,True,
STR-004,2025-03-09,17,20,True,
STR-004,2025-03-09,18,40,True,
STR-004,2025-03-09,19,57,True,
STR-004,2025-03-09,20,41,True,
STR-004,2025-03-09,21,24,True,
STR-004,2025-03-09,22,18,True,
STR-004,2025-03-09,23,5,True,
STR-004,2025-03-10,0,0,False,
STR-004,2025-03-10,1,0,False,
STR-004,2025-03-10,2,0,False,
STR-004,2025-03-10,3,0,False,
STR-004,2025-03-10,4,0,False,
STR-004,2025-03-10,5,0,False,
STR-004,2025-03-10,6,7,False,
STR-004,2025-03-10,7,14,False,
STR-004,2025-03-10,8,15,False,
STR-004,2025-03-10,9,7,False,
STR-004,2025-03-10,10,18,False,
STR-004,2025-03-10,11,19,False,
STR-004,2025-03-10,12,34,False,
STR-004,2025-03-10,13,21,False,
STR-004,2025-03-10,14,15,False,
STR-004,2025-03-10,15,6,False,
STR-004,2025-03-10,16,16,False,
STR-004,2025-03-10,17,11,False,
STR-004,2025-03-10,18,26,False,
STR-004,2025-03-10,19,36,False,
STR-004,2025-03-10,20,29,False,
STR-004,2025-03-10,21,25,False,
STR-004,2025-03-10,22,6,False,
STR-004,2025-03-10,23,1,False,
STR-004,2025-03-11,0,0,False,
STR-004,2025-03-11,1,0,False,
STR-004,2025-03-11,2,0,False,
STR-004,2025-03-11,3,0,False,
STR-004,2025-03-11,4,0,False,
STR-004,2025-03-11,5,0,False,
STR-004,2025-03-11,6,4,False,
STR-004,2025-03-11,7,4,False,
STR-004,2025-03-11,8,13,False,
STR-004,2025-03-11,9,11,False,
STR-004,2025-03-11,10,16,False,
STR-004,2025-03-11,11,20,False,
STR-004,2025-03-11,12,16,False,
STR-004,2025-03-11,13,18,False,
STR-004,2025-03-11,14,27,False,
STR-004,2025-03-11,15,18,False,
STR-004,2025-03-11,16,19,False,
STR-004,2025-03-11,17,26,False,
STR-004,2025-03-11,18,21,False,
STR-004,2025-03-11,19,35,False,
STR-004,2025-03-11,20,34,False,
STR-004,2025-03-11,21,24,False,
STR-004,2025-03-11,22,8,False,
STR-004,2025-03-11,23,2,False,
STR-004,2025-03-12,0,0,False,
STR-004,2025-03-12,1,0,False,
STR-004,2025-03-12,2,0,False,
STR-004,2025-03-12,3,0,False,
STR-004,2025-03-12,4,0,False,
STR-004,2025-03-12,5,0,False,
STR-004,2025-03-12,6,5,False,
STR-004,2025-03-12,7,9,False,
STR-004,2025-03-12,8,17,False,
STR-004,2025-03-12,9,17,False,
STR-004,2025-03-12,10,26,False,
STR-004,2025-03-12,11,24,False,
STR-004,2025-03-12,12,31,False,
STR-004,2025-03-12,13,23,False,
STR-004,2025-03-12,14,26,False,
STR-004,2025-03-12,15,28,False,
STR-004,2025-03-12,16,19,False,
STR-004,2025-03-12,17,21,False,
STR-004,2025-03-12,18,29,False,
STR-004,2025-03-12,19,48,False,
STR-004,2025-03-12,20,31,False,
STR-004,2025-03-12,21,32,False,
STR-004,2025-03-12,22,6,False,
STR-004,2025-03-12,23,2,False,
STR-004,2025-03-13,0,0,False,
STR-004,2025-03-13,1,0,False,
STR-004,2025-03-13,2,0,False,
STR-004,2025-03-13,3,0,False,
STR-004,2025-03-13,4,0,False,
STR-004,2025-03-13,5,0,False,
STR-004,2025-03-13,6,4,False,
STR-004,2025-03-13,7,9,False,
STR-004,2025-03-13,8,8,False,
STR-004,2025-03-13,9,13,False,
STR-004,2025-03-13,10,15,False,
STR-004,2025-03-13,11,18,False,
STR-004,2025-03-13,12,30,False,
STR-004,2025-03-13,13,19,False,
STR-004,2025-03-13,14,13,False,
STR-004,2025-03-13,15,21,False,
STR-004,2025-03-13,16,24,False,
STR-004,2025-03-13,17,11,False,
STR-004,2025-03-13,18,13,False,
STR-004,2025-03-13,19,35,False,
STR-004,2025-03-13,20,24,False,
STR-004,2025-03-13,21,22,False,
STR-004,2025-03-13,22,5,False,
STR-004,2025-03-13,23,3,False,
STR-004,2025-03-14,0,0,False,
STR-004,2025-03-14,1,0,False,
STR-004,2025-03-14,2,0,False,
STR-004,2025-03-14,3,0,False,
STR-004,2025-03-14,4,0,False,
STR-004,2025-03-14,5,0,False,
STR-004,2025-03-14,6,4,False,
STR-004,2025-03-14,7,9,False,
STR-004,2025-03-14,8,7,False,
STR-004,2025-03-14,9,23,False,
STR-004,2025-03-14,10,21,False,
STR-004,2025-03-14,11,15,False,
STR-004,2025-03-14,12,44,False,
STR-004,2025-03-14,13,25,False,
STR-004,2025-03-14,14,16,False,
STR-004,2025-03-14,15,29,False,
STR-004,2025-03-14,16,25,False,
STR-004,2025-03-14,17,24,False,
STR-004,2025-03-14,18,39,False,
STR-004,2025-03-14,19,35,False,
STR-004,2025-03-14,20,26,False,
STR-004,2025-03-14,21,25,False,
STR-004,2025-03-14,22,11,False,
STR-004,2025-03-14,23,4,False,
STR-004,2025-03-15,0,0,True,
STR-004,2025-03-15,1,0,True,
STR-004,2025-03-15,2,0,True,
STR-004,2025-03-15,3,0,True,
STR-004,2025-03-15,4,0,True,
STR-004,2025-03-15,5,0,True,
STR-004,2025-03-15,6,6,True,
STR-004,2025-03-15,7,8,True,
STR-004,2025-03-15,8,16,True,
STR-004,2025-03-15,9,21,True,
STR-004,2025-03-15,10,21,True,
STR-004,2025-03-15,11,19,True,
STR-004,2025-03-15,12,39,True,
STR-004,2025-03-15,13,33,True,
STR-004,2025-03-15,14,26,True,
STR-004,2025-03-15,15,25,True,
STR-004,2025-03-15,16,23,True,
STR-004,2025-03-15,17,36,True,
STR-004,2025-03-15,18,27,True,
STR-004,2025-03-15,19,45,True,
STR-004,2025-03-15,20,38,True,
STR-004,2025-03-15,21,33,True,
STR-004,2025-03-15,22,13,True,
STR-004,2025-03-15,23,6,True,
STR-004,2025-03-16,0,0,True,
STR-004,2025-03-16,1,0,True,
STR-004,2025-03-16,2,0,True,
STR-004,2025-03-16,3,0,True,
STR-004,2025-03-16,4,0,True,
STR-004,2025-03-16,5,0,True,
STR-004,2025-03-16,6,6,True,
STR-004,2025-03-16,7,8,True,
STR-004,2025-03-16,8,14,True,
STR-004,2025-03-16,9,16,True,
STR-004,2025-03-16,10,34,True,
STR-004,2025-03-16,11,19,True,
STR-004,2025-03-16,12,27,True,
STR-004,2025-03-16,13,36,True,
STR-004,2025-03-16,14,30,True,
STR-004,2025-03-16,15,33,True,
STR-004,2025-03-16,16,25,True,
STR-004,2025-03-16,17,23,True,
STR-004,2025-03-16,18,38,True,
STR-004,2025-03-16,19,51,True,
STR-004,2025-03-16,20,29,True,
STR-004,2025-03-16,21,30,True,
STR-004,2025-03-16,22,10,True,
STR-004,2025-03-16,23,7,True,
STR-004,2025-03-17,0,0,False,
STR-004,2025-03-17,1,0,False,
STR-004,2025-03-17,2,0,False,
STR-004,2025-03-17,3,0,False,
STR-004,2025-03-17,4,0,False,
STR-004,2025-03-17,5,0,False,
STR-004,2025-03-17,6,1,False,
STR-004,2025-03-17,7,10,False,
STR-004,2025-03-17,8,13,False,
STR-004,2025-03-17,9,16,False,
STR-004,2025-03-17,10,24,False,
STR-004,2025-03-17,11,15,False,
STR-004,2025-03-17,12,24,False,
STR-004,2025-03-17,13,18,False,
STR-004,2025-03-17,14,24,False,
STR-004,2025-03-17,15,26,False,
STR-004,2025-03-17,16,13,False,
STR-004,2025-03-17,17,15,False,
STR-004,2025-03-17,18,31,False,
STR-004,2025-03-17,19,27,False,
STR-004,2025-03-17,20,33,False,
STR-004,2025-03-17,21,28,False,
STR-004,2025-03-17,22,9,False,
STR-004,2025-03-17,23,3,False,
STR-004,2025-03-18,0,0,False,
STR-004,2025-03-18,1,0,False,
STR-004,2025-03-18,2,0,False,
STR-004,2025-03-18,3,0,False,
STR-004,2025-03-18,4,0,False,
STR-004,2025-03-18,5,0,False,
STR-004,2025-03-18,6,2,False,
STR-004,2025-03-18,7,7,False,
STR-004,2025-03-18,8,14,False,
STR-004,2025-03-18,9,14,False,
STR-004,2025-03-18,10,8,False,
STR-004,2025-03-18,11,18,False,
STR-004,2025-03-18,12,27,False,
STR-004,2025-03-18,13,17,False,
STR-004,2025-03-18,14,13,False,
STR-004,2025-03-18,15,21,False,
STR-004,2025-03-18,16,15,False,
STR-004,2025-03-18,17,16,False,
STR-004,2025-03-18,18,21,False,
STR-004,2025-03-18,19,33,False,
STR-004,2025-03-18,20,29,False,
STR-004,2025-03-18,21,22,False,
STR-004,2025-03-18,22,6,False,
STR-004,2025-03-18,23,1,False,
STR-004,2025-03-19,0,0,False,
STR-004,2025-03-19,1,0,False,
STR-004,2025-03-19,2,0,False,
STR-004,2025-03-19,3,0,False,
STR-004,2025-03-19,4,0,False,
STR-004,2025-03-19,5,0,False,
STR-004,2025-03-19,6,3,False,
STR-004,2025-03-19,7,9,False,
STR-004,2025-03-19,8,9,False,
STR-004,2025-03-19,9,28,False,
STR-004,2025-03-19,10,25,False,
STR-004,2025-03-19,11,15,False,
STR-004,2025-03-19,12,23,False,
STR-004,2025-03-19,13,36,False,
STR-004,2025-03-19,14,28,False,
STR-004,2025-03-19,15,12,False,
STR-004,2025-03-19,16,29,False,
STR-004,2025-03-19,17,26,False,
STR-004,2025-03-19,18,39,False,
STR-004,2025-03-19,19,46,False,
STR-004,2025-03-19,20,32,False,
STR-004,2025-03-19,21,27,False,
STR-004,2025-03-19,22,7,False,
STR-004,2025-03-19,23,5,False,
STR-004,2025-03-20,0,0,False,
STR-004,2025-03-20,1,0,False,
STR-004,2025-03-20,2,0,False,
STR-004,2025-03-20,3,0,False,
STR-004,2025-03-20,4,0,False,
STR-004,2025-03-20,5,0,False,
STR-004,2025-03-20,6,3,False,
STR-004,2025-03-20,7,5,False,
STR-004,2025-03-20,8,13,False,
STR-004,2025-03-20,9,13,False,
STR-004,2025-03-20,10,24,False,
STR-004,2025-03-20,11,17,False,
STR-004,2025-03-20,12,32,False,
STR-004,2025-03-20,13,32,False,
STR-004,2025-03-20,14,23,False,
STR-004,2025-03-20,15,22,False,
STR-004,2025-03-20,16,14,False,
STR-004,2025-03-20,17,16,False,
STR-004,2025-03-20,18,35,False,
STR-004,2025-03-20,19,32,False,
STR-004,2025-03-20,20,36,False,
STR-004,2025-03-20,21,22,False,
STR-004,2025-03-20,22,5,False,
STR-004,2025-03-20,23,0,False,
STR-004,2025-03-21,0,0,False,
STR-004,2025-03-21,1,0,False,
STR-004,2025-03-21,2,0,False,
STR-004,2025-03-21,3,0,False,
STR-004,2025-03-21,4,0,False,
STR-004,2025-03-21,5,0,False,
STR-004,2025-03-21,6,6,False,
STR-004,2025-03-21,7,6,False,
STR-004,2025-03-21,8,10,False,
STR-004,2025-03-21,9,13,False,
STR-004,2025-03-21,10,14,False,
STR-004,2025-03-21,11,19,False,
STR-004,2025-03-21,12,29,False,
STR-004,2025-03-21,13,22,False,
STR-004,2025-03-21,14,20,False,
STR-004,2025-03-21,15,19,False,
STR-004,2025-03-21,16,11,False,
STR-004,2025-03-21,17,14,False,
STR-004,2025-03-21,18,33,False,
STR-004,2025-03-21,19,20,False,
STR-004,2025-03-21,20,43,False,
STR-004,2025-03-21,21,12,False,
STR-004,2025-03-21,22,7,False,
STR-004,2025-03-21,23,7,False,
STR-004,2025-03-22,0,0,True,
STR-004,2025-03-22,1,0,True,
STR-004,2025-03-22,2,0,True,
STR-004,2025-03-22,3,0,True,
STR-004,2025-03-22,4,0,True,
STR-004,2025-03-22,5,0,True,
STR-004,2025-03-22,6,1,True,
STR-004,2025-03-22,7,10,True,
STR-004,2025-03-22,8,20,True,
STR-004,2025-03-22,9,24,True,
STR-004,2025-03-22,10,31,True,
STR-004,2025-03-22,11,17,True,
STR-004,2025-03-22,12,32,True,
STR-004,2025-03-22,13,35,True,
STR-004,2025-03-22,14,29,True,
STR-004,2025-03-22,15,27,True,
STR-004,2025-03-22,16,18,True,
STR-004,2025-03-22,17,20,True,
STR-004,2025-03-22,18,40,True,
STR-004,2025-03-22,19,43,True,
STR-004,2025-03-22,20,45,True,
STR-004,2025-03-22,21,30,True,
STR-004,2025-03-22,22,8,True,
STR-004,2025-03-22,23,2,True,
STR-004,2025-03-23,0,0,True,
STR-004,2025-03-23,1,0,True,
STR-004,2025-03-23,2,0,True,
STR-004,2025-03-23,3,0,True,
STR-004,2025-03-23,4,0,True,
STR-004,2025-03-23,5,0,True,
STR-004,2025-03-23,6,3,True,
STR-004,2025-03-23,7,8,True,
STR-004,2025-03-23,8,10,True,
STR-004,2025-03-23,9,18,True,
STR-004,2025-03-23,10,18,True,
STR-004,2025-03-23,11,28,True,
STR-004,2025-03-23,12,32,True,
STR-004,2025-03-23,13,29,True,
STR-004,2025-03-23,14,34,True,
STR-004,2025-03-23,15,25,True,
STR-004,2025-03-23,16,28,True,
STR-004,2025-03-23,17,25,True,
STR-004,2025-03-23,18,37,True,
STR-004,2025-03-23,19,42,True,
STR-004,2025-03-23,20,35,True,
STR-004,2025-03-23,21,35,True,
STR-004,2025-03-23,22,12,True,
STR-004,2025-03-23,23,3,True,
STR-004,2025-03-24,0,0,False,
STR-004,2025-03-24,1,0,False,
STR-004,2025-03-24,2,0,False,
STR-004,2025-03-24,3,0,False,
STR-004,2025-03-24,4,0,False,
STR-004,2025-03-24,5,0,False,
STR-004,2025-03-24,6,4,False,
STR-004,2025-03-24,7,6,False,
STR-004,2025-03-24,8,14,False,
STR-004,2025-03-24,9,17,False,
STR-004,2025-03-24,10,20,False,
STR-004,2025-03-24,11,14,False,
STR-004,2025-03-24,12,27,False,
STR-004,2025-03-24,13,27,False,
STR-004,2025-03-24,14,27,False,
STR-004,2025-03-24,15,21,False,
STR-004,2025-03-24,16,18,False,
STR-004,2025-03-24,17,16,False,
STR-004,2025-03-24,18,30,False,
STR-004,2025-03-24,19,32,False,
STR-004,2025-03-24,20,25,False,
STR-004,2025-03-24,21,21,False,
STR-004,2025-03-24,22,8,False,
STR-004,2025-03-24,23,1,False,
STR-004,2025-03-25,0,0,False,
STR-004,2025-03-25,1,0,False,
STR-004,2025-03-25,2,0,False,
STR-004,2025-03-25,3,0,False,
STR-004,2025-03-25,4,0,False,
STR-004,2025-03-25,5,0,False,
STR-004,2025-03-25,6,9,False,
STR-004,2025-03-25,7,10,False,
STR-004,2025-03-25,8,11,False,
STR-004,2025-03-25,9,18,False,
STR-004,2025-03-25,10,23,False,
STR-004,2025-03-25,11,18,False,
STR-004,2025-03-25,12,24,False,
STR-004,2025-03-25,13,26,False,
STR-004,2025-03-25,14,14,False,
STR-004,2025-03-25,15,13,False,
STR-004,2025-03-25,16,19,False,
STR-004,2025-03-25,17,21,False,
STR-004,2025-03-25,18,36,False,
STR-004,2025-03-25,19,40,False,
STR-004,2025-03-25,20,25,False,
STR-004,2025-03-25,21,34,False,
STR-004,2025-03-25,22,6,False,
STR-004,2025-03-25,23,4,False,
STR-004,2025-03-26,0,0,False,
STR-004,2025-03-26,1,0,False,
STR-004,2025-03-26,2,0,False,
STR-004,2025-03-26,3,0,False,
STR-004,2025-03-26,4,0,False,
STR-004,2025-03-26,5,0,False,
STR-004,2025-03-26,6,7,False,
STR-004,2025-03-26,7,10,False,
STR-004,2025-03-26,8,7,False,
STR-004,2025-03-26,9,12,False,
STR-004,2025-03-26,10,15,False,
STR-004,2025-03-26,11,21,False,
STR-004,2025-03-26,12,14,False,
STR-004,2025-03-26,13,20,False,
STR-004,2025-03-26,14,16,False,
STR-004,2025-03-26,15,14,False,
STR-004,2025-03-26,16,19,False,
STR-004,2025-03-26,17,18,False,
STR-004,2025-03-26,18,28,False,
STR-004,2025-03-26,19,30,False,
STR-004,2025-03-26,20,36,False,
STR-004,2025-03-26,21,11,False,
STR-004,2025-03-26,22,6,False,
STR-004,2025-03-26,23,4,False,
STR-004,2025-03-27,0,0,False,
STR-004,2025-03-27,1,0,False,
STR-004,2025-03-27,2,0,False,
STR-004,2025-03-27,3,0,False,
STR-004,2025-03-27,4,0,False,
STR-004,2025-03-27,5,0,False,
STR-004,2025-03-27,6,5,False,
STR-004,2025-03-27,7,5,False,
STR-004,2025-03-27,8,13,False,
STR-004,2025-03-27,9,13,False,
STR-004,2025-03-27,10,17,False,
STR-004,2025-03-27,11,18,False,
STR-004,2025-03-27,12,24,False,
STR-004,2025-03-27,13,25,False,
STR-004,2025-03-27,14,18,False,
STR-004,2025-03-27,15,13,False,
STR-004,2025-03-27,16,20,False,
STR-004,2025-03-27,17,15,False,
STR-004,2025-03-27,18,24,False,
STR-004,2025-03-27,19,40,False,
STR-004,2025-03-27,20,26,False,
STR-004,2025-03-27,21,26,False,
STR-004,2025-03-27,22,5,False,
STR-004,2025-03-27,23,3,False,
STR-004,2025-03-28,0,0,False,
STR-004,2025-03-28,1,0,False,
STR-004,2025-03-28,2,0,False,
STR-004,2025-03-28,3,0,False,
STR-004,2025-03-28,4,0,False,
STR-004,2025-03-28,5,0,False,
STR-004,2025-03-28,6,7,False,
STR-004,2025-03-28,7,10,False,
STR-004,2025-03-28,8,13,False,
STR-004,2025-03-28,9,12,False,
STR-004,2025-03-28,10,15,False,
STR-004,2025-03-28,11,18,False,
STR-004,2025-03-28,12,23,False,
STR-004,2025-03-28,13,17,False,
STR-004,2025-03-28,14,24,False,
STR-004,2025-03-28,15,16,False,
STR-004,2025-03-28,16,19,False,
STR-004,2025-03-28,17,23,False,
STR-004,2025-03-28,18,27,False,
STR-004,2025-03-28,19,43,False,
STR-004,2025-03-28,20,26,False,
STR-004,2025-03-28,21,17,False,
STR-004,2025-03-28,22,6,False,
STR-004,2025-03-28,23,6,False,
STR-004,2025-03-29,0,0,True,
STR-004,2025-03-29,1,0,True,
STR-004,2025-03-29,2,0,True,
STR-004,2025-03-29,3,0,True,
STR-004,2025-03-29,4,0,True,
STR-004,2025-03-29,5,0,True,
STR-004,2025-03-29,6,5,True,
STR-004,2025-03-29,7,8,True,
STR-004,2025-03-29,8,15,True,
STR-004,2025-03-29,9,20,True,
STR-004,2025-03-29,10,23,True,
STR-004,2025-03-29,11,25,True,
STR-004,2025-03-29,12,31,True,
STR-004,2025-03-29,13,26,True,
STR-004,2025-03-29,14,34,True,
STR-004,2025-03-29,15,30,True,
STR-004,2025-03-29,16,28,True,
STR-004,2025-03-29,17,28,True,
STR-004,2025-03-29,18,46,True,
STR-004,2025-03-29,19,56,True,
STR-004,2025-03-29,20,39,True,
STR-004,2025-03-29,21,40,True,
STR-004,2025-03-29,22,10,True,
STR-004,2025-03-29,23,5,True,
STR-004,2025-03-30,0,0,True,
STR-004,2025-03-30,1,0,True,
STR-004,2025-03-30,2,0,True,
STR-004,2025-03-30,3,0,True,
STR-004,2025-03-30,4,0,True,
STR-004,2025-03-30,5,0,True,
STR-004,2025-03-30,6,7,True,
STR-004,2025-03-30,7,11,True,
STR-004,2025-03-30,8,16,True,
STR-004,2025-03-30,9,21,True,
STR-004,2025-03-30,10,22,True,
STR-004,2025-03-30,11,21,True,
STR-004,2025-03-30,12,36,True,
STR-004,2025-03-30,13,35,True,
STR-004,2025-03-30,14,29,True,
STR-004,2025-03-30,15,29,True,
STR-004,2025-03-30,16,27,True,
STR-004,2025-03-30,17,23,True,
STR-004,2025-03-30,18,44,True,
STR-004,2025-03-30,19,49,True,
STR-004,2025-03-30,20,35,True,
STR-004,2025-03-30,21,30,True,
STR-004,2025-03-30,22,7,True,
STR-004,2025-03-30,23,9,True,
STR-004,2025-03-31,0,0,False,
STR-004,2025-03-31,1,0,False,
STR-004,2025-03-31,2,0,False,
STR-004,2025-03-31,3,0,False,
STR-004,2025-03-31,4,0,False,
STR-004,2025-03-31,5,0,False,
STR-004,2025-03-31,6,3,False,
STR-004,2025-03-31,7,7,False,
STR-004,2025-03-31,8,15,False,
STR-004,2025-03-31,9,20,False,
STR-004,2025-03-31,10,31,False,
STR-004,2025-03-31,11,17,False,
STR-004,2025-03-31,12,31,False,
STR-004,2025-03-31,13,19,False,
STR-004,2025-03-31,14,33,False,
STR-004,2025-03-31,15,25,False,
STR-004,2025-03-31,16,20,False,
STR-004,2025-03-31,17,22,False,
STR-004,2025-03-31,18,26,False,
STR-004,2025-03-31,19,41,False,
STR-004,2025-03-31,20,46,False,
STR-004,2025-03-31,21,24,False,
STR-004,2025-03-31,22,8,False,
STR-004,2025-03-31,23,1,False,
STR-005,2024-10-02,0,0,False,Gandhi Jayanti
STR-005,2024-10-02,1,0,False,Gandhi Jayanti
STR-005,2024-10-02,2,0,False,Gandhi Jayanti
STR-005,2024-10-02,3,0,False,Gandhi Jayanti
STR-005,2024-10-02,4,0,False,Gandhi Jayanti
STR-005,2024-10-02,5,0,False,Gandhi Jayanti
STR-005,2024-10-02,6,1,False,Gandhi Jayanti
STR-005,2024-10-02,7,3,False,Gandhi Jayanti
STR-005,2024-10-02,8,9,False,Gandhi Jayanti
STR-005,2024-10-02,9,4,False,Gandhi Jayanti
STR-005,2024-10-02,10,14,False,Gandhi Jayanti
STR-005,2024-10-02,11,10,False,Gandhi Jayanti
STR-005,2024-10-02,12,18,False,Gandhi Jayanti
STR-005,2024-10-02,13,17,False,Gandhi Jayanti
STR-005,2024-10-02,14,17,False,Gandhi Jayanti
STR-005,2024-10-02,15,9,False,Gandhi Jayanti
STR-005,2024-10-02,16,15,False,Gandhi Jayanti
STR-005,2024-10-02,17,14,False,Gandhi Jayanti
STR-005,2024-10-02,18,20,False,Gandhi Jayanti
STR-005,2024-10-02,19,22,False,Gandhi Jayanti
STR-005,2024-10-02,20,18,False,Gandhi Jayanti
STR-005,2024-10-02,21,27,False,Gandhi Jayanti
STR-005,2024-10-02,22,4,False,Gandhi Jayanti
STR-005,2024-10-02,23,2,False,Gandhi Jayanti
STR-005,2024-10-03,0,0,False,
STR-005,2024-10-03,1,0,False,
STR-005,2024-10-03,2,0,False,
STR-005,2024-10-03,3,0,False,
STR-005,2024-10-03,4,0,False,
STR-005,2024-10-03,5,0,False,
STR-005,2024-10-03,6,1,False,
STR-005,2024-10-03,7,2,False,
STR-005,2024-10-03,8,2,False,
STR-005,2024-10-03,9,3,False,
STR-005,2024-10-03,10,3,False,
STR-005,2024-10-03,11,10,False,
STR-005,2024-10-03,12,9,False,
STR-005,2024-10-03,13,5,False,
STR-005,2024-10-03,14,2,False,
STR-005,2024-10-03,15,4,False,
STR-005,2024-10-03,16,7,False,
STR-005,2024-10-03,17,10,False,
STR-005,2024-10-03,18,9,False,
STR-005,2024-10-03,19,16,False,
STR-005,2024-10-03,20,12,False,
STR-005,2024-10-03,21,6,False,
STR-005,2024-10-03,22,3,False,
STR-005,2024-10-03,23,2,False,
STR-005,2024-10-04,0,0,False,
STR-005,2024-10-04,1,0,False,
STR-005,2024-10-04,2,0,False,
STR-005,2024-10-04,3,0,False,
STR-005,2024-10-04,4,0,False,
STR-005,2024-10-04,5,0,False,
STR-005,2024-10-04,6,0,False,
STR-005,2024-10-04,7,2,False,
STR-005,2024-10-04,8,5,False,
STR-005,2024-10-04,9,6,False,
STR-005,2024-10-04,10,8,False,
STR-005,2024-10-04,11,6,False,
STR-005,2024-10-04,12,10,False,
STR-005,2024-10-04,13,9,False,
STR-005,2024-10-04,14,9,False,
STR-005,2024-10-04,15,13,False,
STR-005,2024-10-04,16,7,False,
STR-005,2024-10-04,17,6,False,
STR-005,2024-10-04,18,9,False,
STR-005,2024-10-04,19,7,False,
STR-005,2024-10-04,20,8,False,
STR-005,2024-10-04,21,9,False,
STR-005,2024-10-04,22,2,False,
STR-005,2024-10-04,23,1,False,
STR-005,2024-10-05,0,0,True,
STR-005,2024-10-05,1,0,True,
STR-005,2024-10-05,2,0,True,
STR-005,2024-10-05,3,0,True,
STR-005,2024-10-05,4,0,True,
STR-005,2024-10-05,5,0,True,
STR-005,2024-10-05,6,0,True,
STR-005,2024-10-05,7,4,True,
STR-005,2024-10-05,8,4,True,
STR-005,2024-10-05,9,7,True,
STR-005,2024-10-05,10,8,True,
STR-005,2024-10-05,11,7,True,
STR-005,2024-10-05,12,15,True,
STR-005,2024-10-05,13,6,True,
STR-005,2024-10-05,14,11,True,
STR-005,2024-10-05,15,8,True,
STR-005,2024-10-05,16,6,True,
STR-005,2024-10-05,17,12,True,
STR-005,2024-10-05,18,15,True,
STR-005,2024-10-05,19,13,True,
STR-005,2024-10-05,20,15,True,
STR-005,2024-10-05,21,8,True,
STR-005,2024-10-05,22,5,True,
STR-005,2024-10-05,23,0,True,
STR-005,2024-10-06,0,0,True,
STR-005,2024-10-06,1,0,True,
STR-005,2024-10-06,2,0,True,
STR-005,2024-10-06,3,0,True,
STR-005,2024-10-06,4,0,True,
STR-005,2024-10-06,5,0,True,
STR-005,2024-10-06,6,1,True,
STR-005,2024-10-06,7,2,True,
STR-005,2024-10-06,8,9,True,
STR-005,2024-10-06,9,3,True,
STR-005,2024-10-06,10,3,True,
STR-005,2024-10-06,11,10,True,
STR-005,2024-10-06,12,9,True,
STR-005,2024-10-06,13,15,True,
STR-005,2024-10-06,14,7,True,
STR-005,2024-10-06,15,4,True,
STR-005,2024-10-06,16,8,True,
STR-005,2024-10-06,17,8,True,
STR-005,2024-10-06,18,13,True,
STR-005,2024-10-06,19,10,True,
STR-005,2024-10-06,20,15,True,
STR-005,2024-10-06,21,9,True,
STR-005,2024-10-06,22,2,True,
STR-005,2024-10-06,23,0,True,
STR-005,2024-10-07,0,0,False,
STR-005,2024-10-07,1,0,False,
STR-005,2024-10-07,2,0,False,
STR-005,2024-10-07,3,0,False,
STR-005,2024-10-07,4,0,False,
STR-005,2024-10-07,5,0,False,
STR-005,2024-10-07,6,3,False,
STR-005,2024-10-07,7,2,False,
STR-005,2024-10-07,8,6,False,
STR-005,2024-10-07,9,7,False,
STR-005,2024-10-07,10,6,False,
STR-005,2024-10-07,11,8,False,
STR-005,2024-10-07,12,9,False,
STR-005,2024-10-07,13,8,False,
STR-005,2024-10-07,14,9,False,
STR-005,2024-10-07,15,4,False,
STR-005,2024-10-07,16,5,False,
STR-005,2024-10-07,17,13,False,
STR-005,2024-10-07,18,9,False,
STR-005,2024-10-07,19,11,False,
STR-005,2024-10-07,20,11,False,
STR-005,2024-10-07,21,12,False,
STR-005,2024-10-07,22,4,False,
STR-005,2024-10-07,23,0,False,
STR-005,2024-10-08,0,0,False,
STR-005,2024-10-08,1,0,False,
STR-005,2024-10-08,2,0,False,
STR-005,2024-10-08,3,0,False,
STR-005,2024-10-08,4,0,False,
STR-005,2024-10-08,5,0,False,
STR-005,2024-10-08,6,0,False,
STR-005,2024-10-08,7,5,False,
STR-005,2024-10-08,8,4,False,
STR-005,2024-10-08,9,2,False,
STR-005,2024-10-08,10,5,False,
STR-005,2024-10-08,11,7,False,
STR-005,2024-10-08,12,6,False,
STR-005,2024-10-08,13,10,False,
STR-005,2024-10-08,14,5,False,
STR-005,2024-10-08,15,6,False,
STR-005,2024-10-08,16,7,False,
STR-005,2024-10-08,17,1,False,
STR-005,2024-10-08,18,9,False,
STR-005,2024-10-08,19,13,False,
STR-005,2024-10-08,20,8,False,
STR-005,2024-10-08,21,14,False,
STR-005,2024-10-08,22,3,False,
STR-005,2024-10-08,23,3,False,
STR-005,2024-10-09,0,0,False,
STR-005,2024-10-09,1,0,False,
STR-005,2024-10-09,2,0,False,
STR-005,2024-10-09,3,0,False,
STR-005,2024-10-09,4,0,False,
STR-005,2024-10-09,5,0,False,
STR-005,2024-10-09,6,0,False,
STR-005,2024-10-09,7,1,False,
STR-005,2024-10-09,8,5,False,
STR-005,2024-10-09,9,6,False,
STR-005,2024-10-09,10,6,False,
STR-005,2024-10-09,11,7,False,
STR-005,2024-10-09,12,8,False,
STR-005,2024-10-09,13,13,False,
STR-005,2024-10-09,14,7,False,
STR-005,2024-10-09,15,5,False,
STR-005,2024-10-09,16,7,False,
STR-005,2024-10-09,17,5,False,
STR-005,2024-10-09,18,9,False,
STR-005,2024-10-09,19,12,False,
STR-005,2024-10-09,20,7,False,
STR-005,2024-10-09,21,6,False,
STR-005,2024-10-09,22,4,False,
STR-005,2024-10-09,23,1,False,
STR-005,2024-10-10,0,0,False,
STR-005,2024-10-10,1,0,False,
STR-005,2024-10-10,2,0,False,
STR-005,2024-10-10,3,0,False,
STR-005,2024-10-10,4,0,False,
STR-005,2024-10-10,5,0,False,
STR-005,2024-10-10,6,1,False,
STR-005,2024-10-10,7,1,False,
STR-005,2024-10-10,8,4,False,
STR-005,2024-10-10,9,1,False,
STR-005,2024-10-10,10,6,False,
STR-005,2024-10-10,11,7,False,
STR-005,2024-10-10,12,9,False,
STR-005,2024-10-10,13,11,False,
STR-005,2024-10-10,14,4,False,
STR-005,2024-10-10,15,12,False,
STR-005,2024-10-10,16,7,False,
STR-005,2024-10-10,17,13,False,
STR-005,2024-10-10,18,12,False,
STR-005,2024-10-10,19,8,False,
STR-005,2024-10-10,20,9,False,
STR-005,2024-10-10,21,8,False,
STR-005,2024-10-10,22,5,False,
STR-005,2024-10-10,23,2,False,
STR-005,2024-10-11,0,0,False,
STR-005,2024-10-11,1,0,False,
STR-005,2024-10-11,2,0,False,
STR-005,2024-10-11,3,0,False,
STR-005,2024-10-11,4,0,False,
STR-005,2024-10-11,5,0,False,
STR-005,2024-10-11,6,1,False,
STR-005,2024-10-11,7,2,False,
STR-005,2024-10-11,8,7,False,
STR-005,2024-10-11,9,5,False,
STR-005,2024-10-11,10,6,False,
STR-005,2024-10-11,11,6,False,
STR-005,2024-10-11,12,9,False,
STR-005,2024-10-11,13,8,False,
STR-005,2024-10-11,14,6,False,
STR-005,2024-10-11,15,4,False,
STR-005,2024-10-11,16,3,False,
STR-005,2024-10-11,17,8,False,
STR-005,2024-10-11,18,10,False,
STR-005,2024-10-11,19,14,False,
STR-005,2024-10-11,20,8,False,
STR-005,2024-10-11,21,5,False,
STR-005,2024-10-11,22,3,False,
STR-005,2024-10-11,23,1,False,
STR-005,2024-10-12,0,0,True,
STR-005,2024-10-12,1,0,True,
STR-005,2024-10-12,2,0,True,
STR-005,2024-10-12,3,0,True,
STR-005,2024-10-12,4,0,True,
STR-005,2024-10-12,5,0,True,
STR-005,2024-10-12,6,0,True,
STR-005,2024-10-12,7,6,True,
STR-005,2024-10-12,8,5,True,
STR-005,2024-10-12,9,8,True,
STR-005,2024-10-12,10,12,True,
STR-005,2024-10-12,11,8,True,
STR-005,2024-10-12,12,10,True,
STR-005,2024-10-12,13,12,True,
STR-005,2024-10-12,14,11,True,
STR-005,2024-10-12,15,10,True,
STR-005,2024-10-12,16,10,True,
STR-005,2024-10-12,17,6,True,
STR-005,2024-10-12,18,18,True,
STR-005,2024-10-12,19,14,True,
STR-005,2024-10-12,20,8,True,
STR-005,2024-10-12,21,7,True,
STR-005,2024-10-12,22,6,True,
STR-005,2024-10-12,23,2,True,
STR-005,2024-10-13,0,0,True,
STR-005,2024-10-13,1,0,True,
STR-005,2024-10-13,2,0,True,
STR-005,2024-10-13,3,0,True,
STR-005,2024-10-13,4,0,True,
STR-005,2024-10-13,5,0,True,
STR-005,2024-10-13,6,1,True,
STR-005,2024-10-13,7,2,True,
STR-005,2024-10-13,8,2,True,
STR-005,2024-10-13,9,8,True,
STR-005,2024-10-13,10,6,True,
STR-005,2024-10-13,11,4,True,
STR-005,2024-10-13,12,9,True,
STR-005,2024-10-13,13,10,True,
STR-005,2024-10-13,14,10,True,
STR-005,2024-10-13,15,8,True,
STR-005,2024-10-13,16,12,True,
STR-005,2024-10-13,17,4,True,
STR-005,2024-10-13,18,10,True,
STR-005,2024-10-13,19,20,True,
STR-005,2024-10-13,20,4,True,
STR-005,2024-10-13,21,9,True,
STR-005,2024-10-13,22,2,True,
STR-005,2024-10-13,23,1,True,
STR-005,2024-10-14,0,0,False,
STR-005,2024-10-14,1,0,False,
STR-005,2024-10-14,2,0,False,
STR-005,2024-10-14,3,0,False,
STR-005,2024-10-14,4,0,False,
STR-005,2024-10-14,5,0,False,
STR-005,2024-10-14,6,4,False,
STR-005,2024-10-14,7,0,False,
STR-005,2024-10-14,8,3,False,
STR-005,2024-10-14,9,7,False,
STR-005,2024-10-14,10,16,False,
STR-005,2024-10-14,11,6,False,
STR-005,2024-10-14,12,13,False,
STR-005,2024-10-14,13,12,False,
STR-005,2024-10-14,14,7,False,
STR-005,2024-10-14,15,9,False,
STR-005,2024-10-14,16,10,False,
STR-005,2024-10-14,17,2,False,
STR-005,2024-10-14,18,9,False,
STR-005,2024-10-14,19,10,False,
STR-005,2024-10-14,20,13,False,
STR-005,2024-10-14,21,7,False,
STR-005,2024-10-14,22,5,False,
STR-005,2024-10-14,23,1,False,
STR-005,2024-10-15,0,0,False,
STR-005,2024-10-15,1,0,False,
STR-005,2024-10-15,2,0,False,
STR-005,2024-10-15,3,0,False,
STR-005,2024-10-15,4,0,False,
STR-005,2024-10-15,5,0,False,
STR-005,2024-10-15,6,0,False,
STR-005,2024-10-15,7,2,False,
STR-005,2024-10-15,8,2,False,
STR-005,2024-10-15,9,4,False,
STR-005,2024-10-15,10,5,False,
STR-005,2024-10-15,11,7,False,
STR-005,2024-10-15,12,7,False,
STR-005,2024-10-15,13,6,False,
STR-005,2024-10-15,14,5,False,
STR-005,2024-10-15,15,12,False,
STR-005,2024-10-15,16,6,False,
STR-005,2024-10-15,17,6,False,
STR-005,2024-10-15,18,8,False,
STR-005,2024-10-15,19,14,False,
STR-005,2024-10-15,20,9,False,
STR-005,2024-10-15,21,9,False,
STR-005,2024-10-15,22,3,False,
STR-005,2024-10-15,23,4,False,
STR-005,2024-10-16,0,0,False,
STR-005,2024-10-16,1,0,False,
STR-005,2024-10-16,2,0,False,
STR-005,2024-10-16,3,0,False,
STR-005,2024-10-16,4,0,False,
STR-005,2024-10-16,5,0,False,
STR-005,2024-10-16,6,0,False,
STR-005,2024-10-16,7,2,False,
STR-005,2024-10-16,8,1,False,
STR-005,2024-10-16,9,3,False,
STR-005,2024-10-16,10,7,False,
STR-005,2024-10-16,11,9,False,
STR-005,2024-10-16,12,8,False,
STR-005,2024-10-16,13,6,False,
STR-005,2024-10-16,14,8,False,
STR-005,2024-10-16,15,11,False,
STR-005,2024-10-16,16,5,False,
STR-005,2024-10-16,17,10,False,
STR-005,2024-10-16,18,8,False,
STR-005,2024-10-16,19,21,False,
STR-005,2024-10-16,20,9,False,
STR-005,2024-10-16,21,9,False,
STR-005,2024-10-16,22,3,False,
STR-005,2024-10-16,23,0,False,
STR-005,2024-10-17,0,0,False,
STR-005,2024-10-17,1,0,False,
STR-005,2024-10-17,2,0,False,
STR-005,2024-10-17,3,0,False,
STR-005,2024-10-17,4,0,False,
STR-005,2024-10-17,5,0,False,
STR-005,2024-10-17,6,1,False,
STR-005,2024-10-17,7,2,False,
STR-005,2024-10-17,8,5,False,
STR-005,2024-10-17,9,9,False,
STR-005,2024-10-17,10,5,False,
STR-005,2024-10-17,11,7,False,
STR-005,2024-10-17,12,10,False,
STR-005,2024-10-17,13,9,False,
STR-005,2024-10-17,14,7,False,
STR-005,2024-10-17,15,8,False,
STR-005,2024-10-17,16,5,False,
STR-005,2024-10-17,17,3,False,
STR-005,2024-10-17,18,12,False,
STR-005,2024-10-17,19,18,False,
STR-005,2024-10-17,20,11,False,
STR-005,2024-10-17,21,11,False,
STR-005,2024-10-17,22,1,False,
STR-005,2024-10-17,23,3,False,
STR-005,2024-10-18,0,0,False,
STR-005,2024-10-18,1,0,False,
STR-005,2024-10-18,2,0,False,
STR-005,2024-10-18,3,0,False,
STR-005,2024-10-18,4,0,False,
STR-005,2024-10-18,5,0,False,
STR-005,2024-10-18,6,0,False,
STR-005,2024-10-18,7,3,False,
STR-005,2024-10-18,8,2,False,
STR-005,2024-10-18,9,6,False,
STR-005,2024-10-18,10,6,False,
STR-005,2024-10-18,11,4,False,
STR-005,2024-10-18,12,9,False,
STR-005,2024-10-18,13,4,False,
STR-005,2024-10-18,14,8,False,
STR-005,2024-10-18,15,4,False,
STR-005,2024-10-18,16,6,False,
STR-005,2024-10-18,17,3,False,
STR-005,2024-10-18,18,9,False,
STR-005,2024-10-18,19,17,False,
STR-005,2024-10-18,20,5,False,
STR-005,2024-10-18,21,3,False,
STR-005,2024-10-18,22,2,False,
STR-005,2024-10-18,23,2,False,
STR-005,2024-10-19,0,0,True,
STR-005,2024-10-19,1,0,True,
STR-005,2024-10-19,2,0,True,
STR-005,2024-10-19,3,0,True,
STR-005,2024-10-19,4,0,True,
STR-005,2024-10-19,5,0,True,
STR-005,2024-10-19,6,2,True,
STR-005,2024-10-19,7,5,True,
STR-005,2024-10-19,8,2,True,
STR-005,2024-10-19,9,14,True,
STR-005,2024-10-19,10,8,True,
STR-005,2024-10-19,11,10,True,
STR-005,2024-10-19,12,8,True,
STR-005,2024-10-19,13,11,True,
STR-005,2024-10-19,14,4,True,
STR-005,2024-10-19,15,12,True,
STR-005,2024-10-19,16,10,True,
STR-005,2024-10-19,17,8,True,
STR-005,2024-10-19,18,16,True,
STR-005,2024-10-19,19,18,True,
STR-005,2024-10-19,20,19,True,
STR-005,2024-10-19,21,7,True,
STR-005,2024-10-19,22,1,True,
STR-005,2024-10-19,23,4,True,
STR-005,2024-10-20,0,0,True,
STR-005,2024-10-20,1,0,True,
STR-005,2024-10-20,2,0,True,
STR-005,2024-10-20,3,0,True,
STR-005,2024-10-20,4,0,True,
STR-005,2024-10-20,5,0,True,
STR-005,2024-10-20,6,3,True,
STR-005,2024-10-20,7,5,True,
STR-005,2024-10-20,8,5,True,
STR-005,2024-10-20,9,6,True,
STR-005,2024-10-20,10,6,True,
STR-005,2024-10-20,11,8,True,
STR-005,2024-10-20,12,11,True,
STR-005,2024-10-20,13,8,True,
STR-005,2024-10-20,14,8,True,
STR-005,2024-10-20,15,6,True,
STR-005,2024-10-20,16,6,True,
STR-005,2024-10-20,17,11,True,
STR-005,2024-10-20,18,13,True,
STR-005,2024-10-20,19,17,True,
STR-005,2024-10-20,20,16,True,
STR-005,2024-10-20,21,10,True,
STR-005,2024-10-20,22,2,True,
STR-005,2024-10-20,23,2,True,
STR-005,2024-10-21,0,0,False,
STR-005,2024-10-21,1,0,False,
STR-005,2024-10-21,2,0,False,
STR-005,2024-10-21,3,0,False,
STR-005,2024-10-21,4,0,False,
STR-005,2024-10-21,5,0,False,
STR-005,2024-10-21,6,0,False,
STR-005,2024-10-21,7,5,False,
STR-005,2024-10-21,8,3,False,
STR-005,2024-10-21,9,4,False,
STR-005,2024-10-21,10,2,False,
STR-005,2024-10-21,11,7,False,
STR-005,2024-10-21,12,10,False,
STR-005,2024-10-21,13,3,False,
STR-005,2024-10-21,14,11,False,
STR-005,2024-10-21,15,4,False,
STR-005,2024-10-21,16,6,False,
STR-005,2024-10-21,17,6,False,
STR-005,2024-10-21,18,8,False,
STR-005,2024-10-21,19,18,False,
STR-005,2024-10-21,20,6,False,
STR-005,2024-10-21,21,3,False,
STR-005,2024-10-21,22,2,False,
STR-005,2024-10-21,23,1,False,
STR-005,2024-10-22,0,0,False,Diwali
STR-005,2024-10-22,1,0,False,Diwali
STR-005,2024-10-22,2,0,False,Diwali
STR-005,2024-10-22,3,0,False,Diwali
STR-005,2024-10-22,4,0,False,Diwali
STR-005,2024-10-22,5,0,False,Diwali
STR-005,2024-10-22,6,3,False,Diwali
STR-005,2024-10-22,7,4,False,Diwali
STR-005,2024-10-22,8,8,False,Diwali
STR-005,2024-10-22,9,8,False,Diwali
STR-005,2024-10-22,10,15,False,Diwali
STR-005,2024-10-22,11,16,False,Diwali
STR-005,2024-10-22,12,9,False,Diwali
STR-005,2024-10-22,13,18,False,Diwali
STR-005,2024-10-22,14,9,False,Diwali
STR-005,2024-10-22,15,6,False,Diwali
STR-005,2024-10-22,16,12,False,Diwali
STR-005,2024-10-22,17,8,False,Diwali
STR-005,2024-10-22,18,20,False,Diwali
STR-005,2024-10-22,19,21,False,Diwali
STR-005,2024-10-22,20,20,False,Diwali
STR-005,2024-10-22,21,13,False,Diwali
STR-005,2024-10-22,22,5,False,Diwali
STR-005,2024-10-22,23,1,False,Diwali
STR-005,2024-10-23,0,0,False,
STR-005,2024-10-23,1,0,False,
STR-005,2024-10-23,2,0,False,
STR-005,2024-10-23,3,0,False,
STR-005,2024-10-23,4,0,False,
STR-005,2024-10-23,5,0,False,
STR-005,2024-10-23,6,0,False,
STR-005,2024-10-23,7,3,False,
STR-005,2024-10-23,8,5,False,
STR-005,2024-10-23,9,5,False,
STR-005,2024-10-23,10,3,False,
STR-005,2024-10-23,11,6,False,
STR-005,2024-10-23,12,11,False,
STR-005,2024-10-23,13,4,False,
STR-005,2024-10-23,14,5,False,
STR-005,2024-10-23,15,12,False,
STR-005,2024-10-23,16,4,False,
STR-005,2024-10-23,17,8,False,
STR-005,2024-10-23,18,7,False,
STR-005,2024-10-23,19,14,False,
STR-005,2024-10-23,20,7,False,
STR-005,2024-10-23,21,9,False,
STR-005,2024-10-23,22,2,False,
STR-005,2024-10-23,23,2,False,
STR-005,2024-10-24,0,0,False,
STR-005,2024-10-24,1,0,False,
STR-005,2024-10-24,2,0,False,
STR-005,2024-10-24,3,0,False,
STR-005,2024-10-24,4,0,False,
STR-005,2024-10-24,5,0,False,
STR-005,2024-10-24,6,1,False,
STR-005,2024-10-24,7,1,False,
STR-005,2024-10-24,8,6,False,
STR-005,2024-10-24,9,6,False,
STR-005,2024-10-24,10,6,False,
STR-005,2024-10-24,11,4,False,
STR-005,2024-10-24,12,8,False,
STR-005,2024-10-24,13,7,False,
STR-005,2024-10-24,14,8,False,
STR-005,2024-10-24,15,13,False,
STR-005,2024-10-24,16,9,False,
STR-005,2024-10-24,17,11,False,
STR-005,2024-10-24,18,20,False,
STR-005,2024-10-24,19,15,False,
STR-005,2024-10-24,20,12,False,
STR-005,2024-10-24,21,9,False,
STR-005,2024-10-24,22,2,False,
STR-005,2024-10-24,23,0,False,
STR-005,2024-10-25,0,0,False,
STR-005,2024-10-25,1,0,False,
STR-005,2024-10-25,2,0,False,
STR-005,2024-10-25,3,0,False,
STR-005,2024-10-25,4,0,False,
STR-005,2024-10-25,5,0,False,
STR-005,2024-10-25,6,3,False,
STR-005,2024-10-25,7,2,False,
STR-005,2024-10-25,8,4,False,
STR-005,2024-10-25,9,7,False,
STR-005,2024-10-25,10,5,False,
STR-005,2024-10-25,11,4,False,
STR-005,2024-10-25,12,5,False,
STR-005,2024-10-25,13,8,False,
STR-005,2024-10-25,14,7,False,
STR-005,2024-10-25,15,6,False,
STR-005,2024-10-25,16,3,False,
STR-005,2024-10-25,17,6,False,
STR-005,2024-10-25,18,13,False,
STR-005,2024-10-25,19,9,False,
STR-005,2024-10-25,20,5,False,
STR-005,2024-10-25,21,8,False,
STR-005,2024-10-25,22,3,False,
STR-005,2024-10-25,23,0,False,
STR-005,2024-10-26,0,0,True,
STR-005,2024-10-26,1,0,True,
STR-005,2024-10-26,2,0,True,
STR-005,2024-10-26,3,0,True,
STR-005,2024-10-26,4,0,True,
STR-005,2024-10-26,5,0,True,
STR-005,2024-10-26,6,1,True,
STR-005,2024-10-26,7,1,True,
STR-005,2024-10-26,8,6,True,
STR-005,2024-10-26,9,6,True,
STR-005,2024-10-26,10,3,True,
STR-005,2024-10-26,11,7,True,
STR-005,2024-10-26,12,10,True,
STR-005,2024-10-26,13,12,True,
STR-005,2024-10-26,14,14,True,
STR-005,2024-10-26,15,8,True,
STR-005,2024-10-26,16,8,True,
STR-005,2024-10-26,17,6,True,
STR-005,2024-10-26,18,10,True,
STR-005,2024-10-26,19,16,True,
STR-005,2024-10-26,20,16,True,
STR-005,2024-10-26,21,16,True,
STR-005,2024-10-26,22,1,True,
STR-005,2024-10-26,23,4,True,
STR-005,2024-10-27,0,0,True,
STR-005,2024-10-27,1,0,True,
STR-005,2024-10-27,2,0,True,
STR-005,2024-10-27,3,0,True,
STR-005,2024-10-27,4,0,True,
STR-005,2024-10-27,5,0,True,
STR-005,2024-10-27,6,0,True,
STR-005,2024-10-27,7,1,True,
STR-005,2024-10-27,8,6,True,
STR-005,2024-10-27,9,3,True,
STR-005,2024-10-27,10,8,True,
STR-005,2024-10-27,11,3,True,
STR-005,2024-10-27,12,11,True,
STR-005,2024-10-27,13,5,True,
STR-005,2024-10-27,14,10,True,
STR-005,2024-10-27,15,4,True,
STR-005,2024-10-27,16,2,True,
STR-005,2024-10-27,17,7,True,
STR-005,2024-10-27,18,8,True,
STR-005,2024-10-27,19,11,True,
STR-005,2024-10-27,20,16,True,
STR-005,2024-10-27,21,10,True,
STR-005,2024-10-27,22,3,True,
STR-005,2024-10-27,23,1,True,
STR-005,2024-10-28,0,0,False,
STR-005,2024-10-28,1,0,False,
STR-005,2024-10-28,2,0,False,
STR-005,2024-10-28,3,0,False,
STR-005,2024-10-28,4,0,False,
STR-005,2024-10-28,5,0,False,
STR-005,2024-10-28,6,1,False,
STR-005,2024-10-28,7,1,False,
STR-005,2024-10-28,8,3,False,
STR-005,2024-10-28,9,5,False,
STR-005,2024-10-28,10,5,False,
STR-005,2024-10-28,11,6,False,
STR-005,2024-10-28,12,7,False,
STR-005,2024-10-28,13,5,False,
STR-005,2024-10-28,14,6,False,
STR-005,2024-10-28,15,4,False,
STR-005,2024-10-28,16,6,False,
STR-005,2024-10-28,17,5,False,
STR-005,2024-10-28,18,8,False,
STR-005,2024-10-28,19,14,False,
STR-005,2024-10-28,20,11,False,
STR-005,2024-10-28,21,5,False,
STR-005,2024-10-28,22,0,False,
STR-005,2024-10-28,23,1,False,
STR-005,2024-10-29,0,0,False,
STR-005,2024-10-29,1,0,False,
STR-005,2024-10-29,2,0,False,
STR-005,2024-10-29,3,0,False,
STR-005,2024-10-29,4,0,False,
STR-005,2024-10-29,5,0,False,
STR-005,2024-10-29,6,0,False,
STR-005,2024-10-29,7,4,False,
STR-005,2024-10-29,8,3,False,
STR-005,2024-10-29,9,5,False,
STR-005,2024-10-29,10,7,False,
STR-005,2024-10-29,11,6,False,
STR-005,2024-10-29,12,9,False,
STR-005,2024-10-29,13,4,False,
STR-005,2024-10-29,14,7,False,
STR-005,2024-10-29,15,8,False,
STR-005,2024-10-29,16,10,False,
STR-005,2024-10-29,17,7,False,
STR-005,2024-10-29,18,9,False,
STR-005,2024-10-29,19,16,False,
STR-005,2024-10-29,20,7,False,
STR-005,2024-10-29,21,11,False,
STR-005,2024-10-29,22,2,False,
STR-005,2024-10-29,23,2,False,
STR-005,2024-10-30,0,0,False,
STR-005,2024-10-30,1,0,False,
STR-005,2024-10-30,2,0,False,
STR-005,2024-10-30,3,0,False,
STR-005,2024-10-30,4,0,False,
STR-005,2024-10-30,5,0,False,
STR-005,2024-10-30,6,3,False,
STR-005,2024-10-30,7,3,False,
STR-005,2024-10-30,8,2,False,
STR-005,2024-10-30,9,3,False,
STR-005,2024-10-30,10,3,False,
STR-005,2024-10-30,11,9,False,
STR-005,2024-10-30,12,6,False,
STR-005,2024-10-30,13,8,False,
STR-005,2024-10-30,14,7,False,
STR-005,2024-10-30,15,9,False,
STR-005,2024-10-30,16,6,False,
STR-005,2024-10-30,17,2,False,
STR-005,2024-10-30,18,11,False,
STR-005,2024-10-30,19,10,False,
STR-005,2024-10-30,20,12,False,
STR-005,2024-10-30,21,6,False,
STR-005,2024-10-30,22,0,False,
STR-005,2024-10-30,23,1,False,
STR-005,2024-10-31,0,0,False,
STR-005,2024-10-31,1,0,False,
STR-005,2024-10-31,2,0,False,
STR-005,2024-10-31,3,0,False,
STR-005,2024-10-31,4,0,False,
STR-005,2024-10-31,5,0,False,
STR-005,2024-10-31,6,1,False,
STR-005,2024-10-31,7,0,False,
STR-005,2024-10-31,8,5,False,
STR-005,2024-10-31,9,4,False,
STR-005,2024-10-31,10,7,False,
STR-005,2024-10-31,11,8,False,
STR-005,2024-10-31,12,11,False,
STR-005,2024-10-31,13,8,False,
STR-005,2024-10-31,14,7,False,
STR-005,2024-10-31,15,5,False,
STR-005,2024-10-31,16,4,False,
STR-005,2024-10-31,17,4,False,
STR-005,2024-10-31,18,9,False,
STR-005,2024-10-31,19,12,False,
STR-005,2024-10-31,20,7,False,
STR-005,2024-10-31,21,5,False,
STR-005,2024-10-31,22,0,False,
STR-005,2024-10-31,23,2,False,
STR-005,2024-11-01,0,0,False,Kannada Rajyotsava
STR-005,2024-11-01,1,0,False,Kannada Rajyotsava
STR-005,2024-11-01,2,0,False,Kannada Rajyotsava
STR-005,2024-11-01,3,0,False,Kannada Rajyotsava
STR-005,2024-11-01,4,0,False,Kannada Rajyotsava
STR-005,2024-11-01,5,0,False,Kannada Rajyotsava
STR-005,2024-11-01,6,3,False,Kannada Rajyotsava
STR-005,2024-11-01,7,3,False,Kannada Rajyotsava
STR-005,2024-11-01,8,5,False,Kannada Rajyotsava
STR-005,2024-11-01,9,9,False,Kannada Rajyotsava
STR-005,2024-11-01,10,13,False,Kannada Rajyotsava
STR-005,2024-11-01,11,13,False,Kannada Rajyotsava
STR-005,2024-11-01,12,14,False,Kannada Rajyotsava
STR-005,2024-11-01,13,14,False,Kannada Rajyotsava
STR-005,2024-11-01,14,15,False,Kannada Rajyotsava
STR-005,2024-11-01,15,9,False,Kannada Rajyotsava
STR-005,2024-11-01,16,9,False,Kannada Rajyotsava
STR-005,2024-11-01,17,8,False,Kannada Rajyotsava
STR-005,2024-11-01,18,15,False,Kannada Rajyotsava
STR-005,2024-11-01,19,16,False,Kannada Rajyotsava
STR-005,2024-11-01,20,18,False,Kannada Rajyotsava
STR-005,2024-11-01,21,15,False,Kannada Rajyotsava
STR-005,2024-11-01,22,3,False,Kannada Rajyotsava
STR-005,2024-11-01,23,0,False,Kannada Rajyotsava
STR-005,2024-11-02,0,0,True,
STR-005,2024-11-02,1,0,True,
STR-005,2024-11-02,2,0,True,
STR-005,2024-11-02,3,0,True,
STR-005,2024-11-02,4,0,True,
STR-005,2024-11-02,5,0,True,
STR-005,2024-11-02,6,0,True,
STR-005,2024-11-02,7,4,True,
STR-005,2024-11-02,8,6,True,
STR-005,2024-11-02,9,9,True,
STR-005,2024-11-02,10,11,True,
STR-005,2024-11-02,11,8,True,
STR-005,2024-11-02,12,12,True,
STR-005,2024-11-02,13,11,True,
STR-005,2024-11-02,14,7,True,
STR-005,2024-11-02,15,12,True,
STR-005,2024-11-02,16,8,True,
STR-005,2024-11-02,17,9,True,
STR-005,2024-11-02,18,19,True,
STR-005,2024-11-02,19,9,True,
STR-005,2024-11-02,20,11,True,
STR-005,2024-11-02,21,19,True,
STR-005,2024-11-02,22,3,True,
STR-005,2024-11-02,23,2,True,
STR-005,2024-11-03,0,0,True,
STR-005,2024-11-03,1,0,True,
STR-005,2024-11-03,2,0,True,
STR-005,2024-11-03,3,0,True,
STR-005,2024-11-03,4,0,True,
STR-005,2024-11-03,5,0,True,
STR-005,2024-11-03,6,0,True,
STR-005,2024-11-03,7,2,True,
STR-005,2024-11-03,8,7,True,
STR-005,2024-11-03,9,8,True,
STR-005,2024-11-03,10,12,True,
STR-005,2024-11-03,11,6,True,
STR-005,2024-11-03,12,12,True,
STR-005,2024-11-03,13,7,True,
STR-005,2024-11-03,14,10,True,
STR-005,2024-11-03,15,13,True,
STR-005,2024-11-03,16,6,True,
STR-005,2024-11-03,17,10,True,
STR-005,2024-11-03,18,12,True,
STR-005,2024-11-03,19,10,True,
STR-005,2024-11-03,20,20,True,
STR-005,2024-11-03,21,11,True,
STR-005,2024-11-03,22,5,True,
STR-005,2024-11-03,23,0,True,
STR-005,2024-11-04,0,0,False,
STR-005,2024-11-04,1,0,False,
STR-005,2024-11-04,2,0,False,
STR-005,2024-11-04,3,0,False,
STR-005,2024-11-04,4,0,False,
STR-005,2024-11-04,5,0,False,
STR-005,2024-11-04,6,0,False,
STR-005,2024-11-04,7,1,False,
STR-005,2024-11-04,8,4,False,
STR-005,2024-11-04,9,6,False,
STR-005,2024-11-04,10,5,False,
STR-005,2024-11-04,11,9,False,
STR-005,2024-11-04,12,5,False,
STR-005,2024-11-04,13,7,False,
STR-005,2024-11-04,14,4,False,
STR-005,2024-11-04,15,8,False,
STR-005,2024-11-04,16,7,False,
STR-005,2024-11-04,17,7,False,
STR-005,2024-11-04,18,11,False,
STR-005,2024-11-04,19,12,False,
STR-005,2024-11-04,20,7,False,
STR-005,2024-11-04,21,6,False,
STR-005,2024-11-04,22,2,False,
STR-005,2024-11-04,23,0,False,
STR-005,2024-11-05,0,0,False,
STR-005,2024-11-05,1,0,False,
STR-005,2024-11-05,2,0,False,
STR-005,2024-11-05,3,0,False,
STR-005,2024-11-05,4,0,False,
STR-005,2024-11-05,5,0,False,
STR-005,2024-11-05,6,1,False,
STR-005,2024-11-05,7,3,False,
STR-005,2024-11-05,8,5,False,
STR-005,2024-11-05,9,4,False,
STR-005,2024-11-05,10,4,False,
STR-005,2024-11-05,11,4,False,
STR-005,2024-11-05,12,9,False,
STR-005,2024-11-05,13,5,False,
STR-005,2024-11-05,14,4,False,
STR-005,2024-11-05,15,4,False,
STR-005,2024-11-05,16,10,False,
STR-005,2024-11-05,17,6,False,
STR-005,2024-11-05,18,7,False,
STR-005,2024-11-05,19,20,False,
STR-005,2024-11-05,20,12,False,
STR-005,2024-11-05,21,6,False,
STR-005,2024-11-05,22,2,False,
STR-005,2024-11-05,23,1,False,
STR-005,2024-11-06,0,0,False,
STR-005,2024-11-06,1,0,False,
STR-005,2024-11-06,2,0,False,
STR-005,2024-11-06,3,0,False,
STR-005,2024-11-06,4,0,False,
STR-005,2024-11-06,5,0,False,
STR-005,2024-11-06,6,1,False,
STR-005,2024-11-06,7,0,False,
STR-005,2024-11-06,8,2,False,
STR-005,2024-11-06,9,4,False,
STR-005,2024-11-06,10,13,False,
STR-005,2024-11-06,11,9,False,
STR-005,2024-11-06,12,3,False,
STR-005,2024-11-06,13,13,False,
STR-005,2024-11-06,14,7,False,
STR-005,2024-11-06,15,6,False,
STR-005,2024-11-06,16,7,False,
STR-005,2024-11-06,17,10,False,
STR-005,2024-11-06,18,13,False,
STR-005,2024-11-06,19,23,False,
STR-005,2024-11-06,20,13,False,
STR-005,2024-11-06,21,10,False,
STR-005,2024-11-06,22,1,False,
STR-005,2024-11-06,23,1,False,
STR-005,2024-11-07,0,0,False,
STR-005,2024-11-07,1,0,False,
STR-005,2024-11-07,2,0,False,
STR-005,2024-11-07,3,0,False,
STR-005,2024-11-07,4,0,False,
STR-005,2024-11-07,5,0,False,
STR-005,2024-11-07,6,1,False,
STR-005,2024-11-07,7,4,False,
STR-005,2024-11-07,8,5,False,
STR-005,2024-11-07,9,4,False,
STR-005,2024-11-07,10,7,False,
STR-005,2024-11-07,11,6,False,
STR-005,2024-11-07,12,11,False,
STR-005,2024-11-07,13,7,False,
STR-005,2024-11-07,14,10,False,
STR-005,2024-11-07,15,7,False,
STR-005,2024-11-07,16,12,False,
STR-005,2024-11-07,17,7,False,
STR-005,2024-11-07,18,11,False,
STR-005,2024-11-07,19,21,False,
STR-005,2024-11-07,20,8,False,
STR-005,2024-11-07,21,7,False,
STR-005,2024-11-07,22,4,False,
STR-005,2024-11-07,23,1,False,
STR-005,2024-11-08,0,0,False,
STR-005,2024-11-08,1,0,False,
STR-005,2024-11-08,2,0,False,
STR-005,2024-11-08,3,0,False,
STR-005,2024-11-08,4,0,False,
STR-005,2024-11-08,5,0,False,
STR-005,2024-11-08,6,0,False,
STR-005,2024-11-08,7,2,False,
STR-005,2024-11-08,8,2,False,
STR-005,2024-11-08,9,9,False,
STR-005,2024-11-08,10,6,False,
STR-005,2024-11-08,11,6,False,
STR-005,2024-11-08,12,9,False,
STR-005,2024-11-08,13,7,False,
STR-005,2024-11-08,14,4,False,
STR-005,2024-11-08,15,9,False,
STR-005,2024-11-08,16,6,False,
STR-005,2024-11-08,17,3,False,
STR-005,2024-11-08,18,10,False,
STR-005,2024-11-08,19,10,False,
STR-005,2024-11-08,20,12,False,
STR-005,2024-11-08,21,5,False,
STR-005,2024-11-08,22,3,False,
STR-005,2024-11-08,23,2,False,
STR-005,2024-11-09,0,0,True,
STR-005,2024-11-09,1,0,True,
STR-005,2024-11-09,2,0,True,
STR-005,2024-11-09,3,0,True,
STR-005,2024-11-09,4,0,True,
STR-005,2024-11-09,5,0,True,
STR-005,2024-11-09,6,2,True,
STR-005,2024-11-09,7,5,True,
STR-005,2024-11-09,8,7,True,
STR-005,2024-11-09,9,7,True,
STR-005,2024-11-09,10,7,True,
STR-005,2024-11-09,11,7,True,
STR-005,2024-11-09,12,15,True,
STR-005,2024-11-09,13,14,True,
STR-005,2024-11-09,14,8,True,
STR-005,2024-11-09,15,10,True,
STR-005,2024-11-09,16,6,True,
STR-005,2024-11-09,17,4,True,
STR-005,2024-11-09,18,18,True,
STR-005,2024-11-09,19,14,True,
STR-005,2024-11-09,20,6,True,
STR-005,2024-11-09,21,11,True,
STR-005,2024-11-09,22,5,True,
STR-005,2024-11-09,23,2,True,
STR-005,2024-11-10,0,0,True,
STR-005,2024-11-10,1,0,True,
STR-005,2024-11-10,2,0,True,
STR-005,2024-11-10,3,0,True,
STR-005,2024-11-10,4,0,True,
STR-005,2024-11-10,5,0,True,
STR-005,2024-11-10,6,0,True,
STR-005,2024-11-10,7,5,True,
STR-005,2024-11-10,8,6,True,
STR-005,2024-11-10,9,9,True,
STR-005,2024-11-10,10,5,True,
STR-005,2024-11-10,11,12,True,
STR-005,2024-11-10,12,10,True,
STR-005,2024-11-10,13,8,True,
STR-005,2024-11-10,14,7,True,
STR-005,2024-11-10,15,6,True,
STR-005,2024-11-10,16,10,True,
STR-005,2024-11-10,17,10,True,
STR-005,2024-11-10,18,8,True,
STR-005,2024-11-10,19,19,True,
STR-005,2024-11-10,20,13,True,
STR-005,2024-11-10,21,7,True,
STR-005,2024-11-10,22,2,True,
STR-005,2024-11-10,23,3,True,
STR-005,2024-11-11,0,0,False,
STR-005,2024-11-11,1,0,False,
STR-005,2024-11-11,2,0,False,
STR-005,2024-11-11,3,0,False,
STR-005,2024-11-11,4,0,False,
STR-005,2024-11-11,5,0,False,
STR-005,2024-11-11,6,3,False,
STR-005,2024-11-11,7,4,False,
STR-005,2024-11-11,8,3,False,
STR-005,2024-11-11,9,4,False,
STR-005,2024-11-11,10,11,False,
STR-005,2024-11-11,11,14,False,
STR-005,2024-11-11,12,11,False,
STR-005,2024-11-11,13,17,False,
STR-005,2024-11-11,14,9,False,
STR-005,2024-11-11,15,8,False,
STR-005,2024-11-11,16,6,False,
STR-005,2024-11-11,17,10,False,
STR-005,2024-11-11,18,13,False,
STR-005,2024-11-11,19,17,False,
STR-005,2024-11-11,20,11,False,
STR-005,2024-11-11,21,6,False,
STR-005,2024-11-11,22,4,False,
STR-005,2024-11-11,23,1,False,
STR-005,2024-11-12,0,0,False,
STR-005,2024-11-12,1,0,False,
STR-005,2024-11-12,2,0,False,
STR-005,2024-11-12,3,0,False,
STR-005,2024-11-12,4,0,False,
STR-005,2024-11-12,5,0,False,
STR-005,2024-11-12,6,2,False,
STR-005,2024-11-12,7,3,False,
STR-005,2024-11-12,8,2,False,
STR-005,2024-11-12,9,6,False,
STR-005,2024-11-12,10,8,False,
STR-005,2024-11-12,11,1,False,
STR-005,2024-11-12,12,9,False,
STR-005,2024-11-12,13,3,False,
STR-005,2024-11-12,14,6,False,
STR-005,2024-11-12,15,10,False,
STR-005,2024-11-12,16,10,False,
STR-005,2024-11-12,17,12,False,
STR-005,2024-11-12,18,16,False,
STR-005,2024-11-12,19,16,False,
STR-005,2024-11-12,20,12,False,
STR-005,2024-11-12,21,8,False,
STR-005,2024-11-12,22,4,False,
STR-005,2024-11-12,23,1,False,
STR-005,2024-11-13,0,0,False,
STR-005,2024-11-13,1,0,False,
STR-005,2024-11-13,2,0,False,
STR-005,2024-11-13,3,0,False,
STR-005,2024-11-13,4,0,False,
STR-005,2024-11-13,5,0,False,
STR-005,2024-11-13,6,1,False,
STR-005,2024-11-13,7,3,False,
STR-005,2024-11-13,8,3,False,
STR-005,2024-11-13,9,5,False,
STR-005,2024-11-13,10,8,False,
STR-005,2024-11-13,11,6,False,
STR-005,2024-11-13,12,6,False,
STR-005,2024-11-13,13,9,False,
STR-005,2024-11-13,14,6,False,
STR-005,2024-11-13,15,10,False,
STR-005,2024-11-13,16,11,False,
STR-005,2024-11-13,17,7,False,
STR-005,2024-11-13,18,11,False,
STR-005,2024-11-13,19,15,False,
STR-005,2024-11-13,20,9,False,
STR-005,2024-11-13,21,6,False,
STR-005,2024-11-13,22,2,False,
STR-005,2024-11-13,23,1,False,
STR-005,2024-11-14,0,0,False,
STR-005,2024-11-14,1,0,False,
STR-005,2024-11-14,2,0,False,
STR-005,2024-11-14,3,0,False,
STR-005,2024-11-14,4,0,False,
STR-005,2024-11-14,5,0,False,
STR-005,2024-11-14,6,1,False,
STR-005,2024-11-14,7,2,False,
STR-005,2024-11-14,8,1,False,
STR-005,2024-11-14,9,5,False,
STR-005,2024-11-14,10,4,False,
STR-005,2024-11-14,11,6,False,
STR-005,2024-11-14,12,9,False,
STR-005,2024-11-14,13,16,False,
STR-005,2024-11-14,14,9,False,
STR-005,2024-11-14,15,4,False,
STR-005,2024-11-14,16,9,False,
STR-005,2024-11-14,17,10,False,
STR-005,2024-11-14,18,12,False,
STR-005,2024-11-14,19,13,False,
STR-005,2024-11-14,20,8,False,
STR-005,2024-11-14,21,6,False,
STR-005,2024-11-14,22,2,False,
STR-005,2024-11-14,23,0,False,
STR-005,2024-11-15,0,0,False,Guru Nanak Jayanti
STR-005,2024-11-15,1,0,False,Guru Nanak Jayanti
STR-005,2024-11-15,2,0,False,Guru Nanak Jayanti
STR-005,2024-11-15,3,0,False,Guru Nanak Jayanti
STR-005,2024-11-15,4,0,False,Guru Nanak Jayanti
STR-005,2024-11-15,5,0,False,Guru Nanak Jayanti
STR-005,2024-11-15,6,3,False,Guru Nanak Jayanti
STR-005,2024-11-15,7,3,False,Guru Nanak Jayanti
STR-005,2024-11-15,8,7,False,Guru Nanak Jayanti
STR-005,2024-11-15,9,6,False,Guru Nanak Jayanti
STR-005,2024-11-15,10,11,False,Guru Nanak Jayanti
STR-005,2024-11-15,11,13,False,Guru Nanak Jayanti
STR-005,2024-11-15,12,17,False,Guru Nanak Jayanti
STR-005,2024-11-15,13,13,False,Guru Nanak Jayanti
STR-005,2024-11-15,14,20,False,Guru Nanak Jayanti
STR-005,2024-11-15,15,11,False,Guru Nanak Jayanti
STR-005,2024-11-15,16,7,False,Guru Nanak Jayanti
STR-005,2024-11-15,17,13,False,Guru Nanak Jayanti
STR-005,2024-11-15,18,14,False,Guru Nanak Jayanti
STR-005,2024-11-15,19,18,False,Guru Nanak Jayanti
STR-005,2024-11-15,20,24,False,Guru Nanak Jayanti
STR-005,2024-11-15,21,10,False,Guru Nanak Jayanti
STR-005,2024-11-15,22,4,False,Guru Nanak Jayanti
STR-005,2024-11-15,23,2,False,Guru Nanak Jayanti
STR-005,2024-11-16,0,0,True,
STR-005,2024-11-16,1,0,True,
STR-005,2024-11-16,2,0,True,
STR-005,2024-11-16,3,0,True,
STR-005,2024-11-16,4,0,True,
STR-005,2024-11-16,5,0,True,
STR-005,2024-11-16,6,2,True,
STR-005,2024-11-16,7,6,True,
STR-005,2024-11-16,8,7,True,
STR-005,2024-11-16,9,9,True,
STR-005,2024-11-16,10,8,True,
STR-005,2024-11-16,11,4,True,
STR-005,2024-11-16,12,14,True,
STR-005,2024-11-16,13,12,True,
STR-005,2024-11-16,14,15,True,
STR-005,2024-11-16,15,18,True,
STR-005,2024-11-16,16,8,True,
STR-005,2024-11-16,17,9,True,
STR-005,2024-11-16,18,10,True,
STR-005,2024-11-16,19,18,True,
STR-005,2024-11-16,20,15,True,
STR-005,2024-11-16,21,9,True,
STR-005,2024-11-16,22,4,True,
STR-005,2024-11-16,23,2,True,
STR-005,2024-11-17,0,0,True,
STR-005,2024-11-17,1,0,True,
STR-005,2024-11-17,2,0,True,
STR-005,2024-11-17,3,0,True,
STR-005,2024-11-17,4,0,True,
STR-005,2024-11-17,5,0,True,
STR-005,2024-11-17,6,0,True,
STR-005,2024-11-17,7,3,True,
STR-005,2024-11-17,8,4,True,
STR-005,2024-11-17,9,5,True,
STR-005,2024-11-17,10,10,True,
STR-005,2024-11-17,11,11,True,
STR-005,2024-11-17,12,10,True,
STR-005,2024-11-17,13,4,True,
STR-005,2024-11-17,14,11,True,
STR-005,2024-11-17,15,4,True,
STR-005,2024-11-17,16,8,True,
STR-005,2024-11-17,17,14,True,
STR-005,2024-11-17,18,18,True,
STR-005,2024-11-17,19,15,True,
STR-005,2024-11-17,20,8,True,
STR-005,2024-11-17,21,14,True,
STR-005,2024-11-17,22,4,True,
STR-005,2024-11-17,23,1,True,
STR-005,2024-11-18,0,0,False,
STR-005,2024-11-18,1,0,False,
STR-005,2024-11-18,2,0,False,
STR-005,2024-11-18,3,0,False,
STR-005,2024-11-18,4,0,False,
STR-005,2024-11-18,5,0,False,
STR-005,2024-11-18,6,1,False,
STR-005,2024-11-18,7,6,False,
STR-005,2024-11-18,8,1,False,
STR-005,2024-11-18,9,4,False,
STR-005,2024-11-18,10,4,False,
STR-005,2024-11-18,11,8,False,
STR-005,2024-11-18,12,9,False,
STR-005,2024-11-18,13,9,False,
STR-005,2024-11-18,14,8,False,
STR-005,2024-11-18,15,6,False,
STR-005,2024-11-18,16,5,False,
STR-005,2024-11-18,17,8,False,
STR-005,2024-11-18,18,12,False,
STR-005,2024-11-18,19,7,False,
STR-005,2024-11-18,20,13,False,
STR-005,2024-11-18,21,9,False,
STR-005,2024-11-18,22,3,False,
STR-005,2024-11-18,23,1,False,
STR-005,2024-11-19,0,0,False,
STR-005,2024-11-19,1,0,False,
STR-005,2024-11-19,2,0,False,
STR-005,2024-11-19,3,0,False,
STR-005,2024-11-19,4,0,False,
STR-005,2024-11-19,5,0,False,
STR-005,2024-11-19,6,1,False,
STR-005,2024-11-19,7,3,False,
STR-005,2024-11-19,8,1,False,
STR-005,2024-11-19,9,7,False,
STR-005,2024-11-19,10,8,False,
STR-005,2024-11-19,11,4,False,
STR-005,2024-11-19,12,21,False,
STR-005,2024-11-19,13,12,False,
STR-005,2024-11-19,14,7,False,
STR-005,2024-11-19,15,4,False,
STR-005,2024-11-19,16,4,False,
STR-005,2024-11-19,17,5,False,
STR-005,2024-11-19,18,6,False,
STR-005,2024-11-19,19,14,False,
STR-005,2024-11-19,20,11,False,
STR-005,2024-11-19,21,9,False,
STR-005,2024-11-19,22,3,False,
STR-005,2024-11-19,23,2,False,
STR-005,2024-11-20,0,0,False,
STR-005,2024-11-20,1,0,False,
STR-005,2024-11-20,2,0,False,
STR-005,2024-11-20,3,0,False,
STR-005,2024-11-20,4,0,False,
STR-005,2024-11-20,5,0,False,
STR-005,2024-11-20,6,4,False,
STR-005,2024-11-20,7,2,False,
STR-005,2024-11-20,8,4,False,
STR-005,2024-11-20,9,4,False,
STR-005,2024-11-20,10,6,False,
STR-005,2024-11-20,11,1,False,
STR-005,2024-11-20,12,3,False,
STR-005,2024-11-20,13,4,False,
STR-005,2024-11-20,14,3,False,
STR-005,2024-11-20,15,8,False,
STR-005,2024-11-20,16,5,False,
STR-005,2024-11-20,17,6,False,
STR-005,2024-11-20,18,6,False,
STR-005,2024-11-20,19,6,False,
STR-005,2024-11-20,20,5,False,
STR-005,2024-11-20,21,9,False,
STR-005,2024-11-20,22,2,False,
STR-005,2024-11-20,23,4,False,
STR-005,2024-11-21,0,0,False,
STR-005,2024-11-21,1,0,False,
STR-005,2024-11-21,2,0,False,
STR-005,2024-11-21,3,0,False,
STR-005,2024-11-21,4,0,False,
STR-005,2024-11-21,5,0,False,
STR-005,2024-11-21,6,5,False,
STR-005,2024-11-21,7,4,False,
STR-005,2024-11-21,8,2,False,
STR-005,2024-11-21,9,11,False,
STR-005,2024-11-21,10,4,False,
STR-005,2024-11-21,11,8,False,
STR-005,2024-11-21,12,13,False,
STR-005,2024-11-21,13,5,False,
STR-005,2024-11-21,14,10,False,
STR-005,2024-11-21,15,15,False,
STR-005,2024-11-21,16,14,False,
STR-005,2024-11-21,17,9,False,
STR-005,2024-11-21,18,11,False,
STR-005,2024-11-21,19,13,False,
STR-005,2024-11-21,20,9,False,
STR-005,2024-11-21,21,15,False,
STR-005,2024-11-21,22,3,False,
STR-005,2024-11-21,23,2,False,
STR-005,2024-11-22,0,0,False,
STR-005,2024-11-22,1,0,False,
STR-005,2024-11-22,2,0,False,
STR-005,2024-11-22,3,0,False,
STR-005,2024-11-22,4,0,False,
STR-005,2024-11-22,5,0,False,
STR-005,2024-11-22,6,0,False,
STR-005,2024-11-22,7,5,False,
STR-005,2024-11-22,8,3,False,
STR-005,2024-11-22,9,6,False,
STR-005,2024-11-22,10,15,False,
STR-005,2024-11-22,11,11,False,
STR-005,2024-11-22,12,10,False,
STR-005,2024-11-22,13,8,False,
STR-005,2024-11-22,14,3,False,
STR-005,2024-11-22,15,5,False,
STR-005,2024-11-22,16,7,False,
STR-005,2024-11-22,17,6,False,
STR-005,2024-11-22,18,6,False,
STR-005,2024-11-22,19,17,False,
STR-005,2024-11-22,20,15,False,
STR-005,2024-11-22,21,12,False,
STR-005,2024-11-22,22,5,False,
STR-005,2024-11-22,23,3,False,
STR-005,2024-11-23,0,0,True,
STR-005,2024-11-23,1,0,True,
STR-005,2024-11-23,2,0,True,
STR-005,2024-11-23,3,0,True,
STR-005,2024-11-23,4,0,True,
STR-005,2024-11-23,5,0,True,
STR-005,2024-11-23,6,3,True,
STR-005,2024-11-23,7,4,True,
STR-005,2024-11-23,8,6,True,
STR-005,2024-11-23,9,2,True,
STR-005,2024-11-23,10,9,True,
STR-005,2024-11-23,11,14,True,
STR-005,2024-11-23,12,8,True,
STR-005,2024-11-23,13,9,True,
STR-005,2024-11-23,14,13,True,
STR-005,2024-11-23,15,8,True,
STR-005,2024-11-23,16,8,True,
STR-005,2024-11-23,17,10,True,
STR-005,2024-11-23,18,17,True,
STR-005,2024-11-23,19,22,True,
STR-005,2024-11-23,20,10,True,
STR-005,2024-11-23,21,14,True,
STR-005,2024-11-23,22,3,True,
STR-005,2024-11-23,23,2,True,
STR-005,2024-11-24,0,0,True,
STR-005,2024-11-24,1,0,True,
STR-005,2024-11-24,2,0,True,
STR-005,2024-11-24,3,0,True,
STR-005,2024-11-24,4,0,True,
STR-005,2024-11-24,5,0,True,
STR-005,2024-11-24,6,1,True,
STR-005,2024-11-24,7,1,True,
STR-005,2024-11-24,8,6,True,
STR-005,2024-11-24,9,6,True,
STR-005,2024-11-24,10,5,True,
STR-005,2024-11-24,11,3,True,
STR-005,2024-11-24,12,9,True,
STR-005,2024-11-24,13,8,True,
STR-005,2024-11-24,14,7,True,
STR-005,2024-11-24,15,7,True,
STR-005,2024-11-24,16,6,True,
STR-005,2024-11-24,17,6,True,
STR-005,2024-11-24,18,10,True,
STR-005,2024-11-24,19,21,True,
STR-005,2024-11-24,20,15,True,
STR-005,2024-11-24,21,12,True,
STR-005,2024-11-24,22,6,True,
STR-005,2024-11-24,23,0,True,
STR-005,2024-11-25,0,0,False,
STR-005,2024-11-25,1,0,False,
STR-005,2024-11-25,2,0,False,
STR-005,2024-11-25,3,0,False,
STR-005,2024-11-25,4,0,False,
STR-005,2024-11-25,5,0,False,
STR-005,2024-11-25,6,0,False,
STR-005,2024-11-25,7,1,False,
STR-005,2024-11-25,8,4,False,
STR-005,2024-11-25,9,6,False,
STR-005,2024-11-25,10,6,False,
STR-005,2024-11-25,11,11,False,
STR-005,2024-11-25,12,8,False,
STR-005,2024-11-25,13,6,False,
STR-005,2024-11-25,14,7,False,
STR-005,2024-11-25,15,9,False,
STR-005,2024-11-25,16,3,False,
STR-005,2024-11-25,17,5,False,
STR-005,2024-11-25,18,9,False,
STR-005,2024-11-25,19,15,False,
STR-005,2024-11-25,20,10,False,
STR-005,2024-11-25,21,13,False,
STR-005,2024-11-25,22,3,False,
STR-005,2024-11-25,23,1,False,
STR-005,2024-11-26,0,0,False,
STR-005,2024-11-26,1,0,False,
STR-005,2024-11-26,2,0,False,
STR-005,2024-11-26,3,0,False,
STR-005,2024-11-26,4,0,False,
STR-005,2024-11-26,5,0,False,
STR-005,2024-11-26,6,3,False,
STR-005,2024-11-26,7,4,False,
STR-005,2024-11-26,8,2,False,
STR-005,2024-11-26,9,1,False,
STR-005,2024-11-26,10,9,False,
STR-005,2024-11-26,11,2,False,
STR-005,2024-11-26,12,10,False,
STR-005,2024-11-26,13,9,False,
STR-005,2024-11-26,14,8,False,
STR-005,2024-11-26,15,3,False,
STR-005,2024-11-26,16,10,False,
STR-005,2024-11-26,17,4,False,
STR-005,2024-11-26,18,6,False,
STR-005,2024-11-26,19,11,False,
STR-005,2024-11-26,20,7,False,
STR-005,2024-11-26,21,11,False,
STR-005,2024-11-26,22,1,False,
STR-005,2024-11-26,23,1,False,
STR-005,2024-11-27,0,0,False,
STR-005,2024-11-27,1,0,False,
STR-005,2024-11-27,2,0,False,
STR-005,2024-11-27,3,0,False,
STR-005,2024-11-27,4,0,False,
STR-005,2024-11-27,5,0,False,
STR-005,2024-11-27,6,0,False,
STR-005,2024-11-27,7,5,False,
STR-005,2024-11-27,8,5,False,
STR-005,2024-11-27,9,5,False,
STR-005,2024-11-27,10,4,False,
STR-005,2024-11-27,11,7,False,
STR-005,2024-11-27,12,11,False,
STR-005,2024-11-27,13,6,False,
STR-005,2024-11-27,14,5,False,
STR-005,2024-11-27,15,9,False,
STR-005,2024-11-27,16,8,False,
STR-005,2024-11-27,17,6,False,
STR-005,2024-11-27,18,9,False,
STR-005,2024-11-27,19,12,False,
STR-005,2024-11-27,20,10,False,
STR-005,2024-11-27,21,8,False,
STR-005,2024-11-27,22,2,False,
STR-005,2024-11-27,23,0,False,
STR-005,2024-11-28,0,0,False,
STR-005,2024-11-28,1,0,False,
STR-005,2024-11-28,2,0,False,
STR-005,2024-11-28,3,0,False,
STR-005,2024-11-28,4,0,False,
STR-005,2024-11-28,5,0,False,
STR-005,2024-11-28,6,1,False,
STR-005,2024-11-28,7,0,False,
STR-005,2024-11-28,8,4,False,
STR-005,2024-11-28,9,5,False,
STR-005,2024-11-28,10,8,False,
STR-005,2024-11-28,11,7,False,
STR-005,2024-11-28,12,4,False,
STR-005,2024-11-28,13,9,False,
STR-005,2024-11-28,14,4,False,
STR-005,2024-11-28,15,5,False,
STR-005,2024-11-28,16,3,False,
STR-005,2024-11-28,17,9,False,
STR-005,2024-11-28,18,10,False,
STR-005,2024-11-28,19,8,False,
STR-005,2024-11-28,20,10,False,
STR-005,2024-11-28,21,4,False,
STR-005,2024-11-28,22,1,False,
STR-005,2024-11-28,23,2,False,
STR-005,2024-11-29,0,0,False,
STR-005,2024-11-29,1,0,False,
STR-005,2024-11-29,2,0,False,
STR-005,2024-11-29,3,0,False,
STR-005,2024-11-29,4,0,False,
STR-005,2024-11-29,5,0,False,
STR-005,2024-11-29,6,1,False,
STR-005,2024-11-29,7,2,False,
STR-005,2024-11-29,8,2,False,
STR-005,2024-11-29,9,5,False,
STR-005,2024-11-29,10,7,False,
STR-005,2024-11-29,11,12,False,
STR-005,2024-11-29,12,15,False,
STR-005,2024-11-29,13,16,False,
STR-005,2024-11-29,14,5,False,
STR-005,2024-11-29,15,5,False,
STR-005,2024-11-29,16,7,False,
STR-005,2024-11-29,17,9,False,
STR-005,2024-11-29,18,8,False,
STR-005,2024-11-29,19,11,False,
STR-005,2024-11-29,20,13,False,
STR-005,2024-11-29,21,8,False,
STR-005,2024-11-29,22,2,False,
STR-005,2024-11-29,23,1,False,
STR-005,2024-11-30,0,0,True,
STR-005,2024-11-30,1,0,True,
STR-005,2024-11-30,2,0,True,
STR-005,2024-11-30,3,0,True,
STR-005,2024-11-30,4,0,True,
STR-005,2024-11-30,5,0,True,
STR-005,2024-11-30,6,3,True,
STR-005,2024-11-30,7,5,True,
STR-005,2024-11-30,8,4,True,
STR-005,2024-11-30,9,4,True,
STR-005,2024-11-30,10,13,True,
STR-005,2024-11-30,11,6,True,
STR-005,2024-11-30,12,13,True,
STR-005,2024-11-30,13,7,True,
STR-005,2024-11-30,14,6,True,
STR-005,2024-11-30,15,12,True,
STR-005,2024-11-30,16,6,True,
STR-005,2024-11-30,17,5,True,
STR-005,2024-11-30,18,13,True,
STR-005,2024-11-30,19,15,True,
STR-005,2024-11-30,20,16,True,
STR-005,2024-11-30,21,10,True,
STR-005,2024-11-30,22,2,True,
STR-005,2024-11-30,23,0,True,
STR-005,2024-12-01,0,0,True,
STR-005,2024-12-01,1,0,True,
STR-005,2024-12-01,2,0,True,
STR-005,2024-12-01,3,0,True,
STR-005,2024-12-01,4,0,True,
STR-005,2024-12-01,5,0,True,
STR-005,2024-12-01,6,1,True,
STR-005,2024-12-01,7,5,True,
STR-005,2024-12-01,8,4,True,
STR-005,2024-12-01,9,6,True,
STR-005,2024-12-01,10,8,True,
STR-005,2024-12-01,11,8,True,
STR-005,2024-12-01,12,10,True,
STR-005,2024-12-01,13,13,True,
STR-005,2024-12-01,14,14,True,
STR-005,2024-12-01,15,11,True,
STR-005,2024-12-01,16,6,True,
STR-005,2024-12-01,17,4,True,
STR-005,2024-12-01,18,17,True,
STR-005,2024-12-01,19,12,True,
STR-005,2024-12-01,20,13,True,
STR-005,2024-12-01,21,11,True,
STR-005,2024-12-01,22,4,True,
STR-005,2024-12-01,23,2,True,
STR-005,2024-12-02,0,0,False,
STR-005,2024-12-02,1,0,False,
STR-005,2024-12-02,2,0,False,
STR-005,2024-12-02,3,0,False,
STR-005,2024-12-02,4,0,False,
STR-005,2024-12-02,5,0,False,
STR-005,2024-12-02,6,0,False,
STR-005,2024-12-02,7,1,False,
STR-005,2024-12-02,8,1,False,
STR-005,2024-12-02,9,3,False,
STR-005,2024-12-02,10,6,False,
STR-005,2024-12-02,11,11,False,
STR-005,2024-12-02,12,10,False,
STR-005,2024-12-02,13,9,False,
STR-005,2024-12-02,14,9,False,
STR-005,2024-12-02,15,2,False,
STR-005,2024-12-02,16,5,False,
STR-005,2024-12-02,17,3,False,
STR-005,2024-12-02,18,9,False,
STR-005,2024-12-02,19,12,False,
STR-005,2024-12-02,20,13,False,
STR-005,2024-12-02,21,5,False,
STR-005,2024-12-02,22,5,False,
STR-005,2024-12-02,23,0,False,
STR-005,2024-12-03,0,0,False,
STR-005,2024-12-03,1,0,False,
STR-005,2024-12-03,2,0,False,
STR-005,2024-12-03,3,0,False,
STR-005,2024-12-03,4,0,False,
STR-005,2024-12-03,5,0,False,
STR-005,2024-12-03,6,3,False,
STR-005,2024-12-03,7,2,False,
STR-005,2024-12-03,8,2,False,
STR-005,2024-12-03,9,3,False,
STR-005,2024-12-03,10,4,False,
STR-005,2024-12-03,11,11,False,
STR-005,2024-12-03,12,6,False,
STR-005,2024-12-03,13,9,False,
STR-005,2024-12-03,14,6,False,
STR-005,2024-12-03,15,8,False,
STR-005,2024-12-03,16,9,False,
STR-005,2024-12-03,17,9,False,
STR-005,2024-12-03,18,9,False,
STR-005,2024-12-03,19,12,False,
STR-005,2024-12-03,20,12,False,
STR-005,2024-12-03,21,5,False,
STR-005,2024-12-03,22,3,False,
STR-005,2024-12-03,23,1,False,
STR-005,2024-12-04,0,0,False,
STR-005,2024-12-04,1,0,False,
STR-005,2024-12-04,2,0,False,
STR-005,2024-12-04,3,0,False,
STR-005,2024-12-04,4,0,False,
STR-005,2024-12-04,5,0,False,
STR-005,2024-12-04,6,3,False,
STR-005,2024-12-04,7,4,False,
STR-005,2024-12-04,8,3,False,
STR-005,2024-12-04,9,8,False,
STR-005,2024-12-04,10,5,False,
STR-005,2024-12-04,11,5,False,
STR-005,2024-12-04,12,11,False,
STR-005,2024-12-04,13,6,False,
STR-005,2024-12-04,14,6,False,
STR-005,2024-12-04,15,6,False,
STR-005,2024-12-04,16,5,False,
STR-005,2024-12-04,17,6,False,
STR-005,2024-12-04,18,8,False,
STR-005,2024-12-04,19,11,False,
STR-005,2024-12-04,20,12,False,
STR-005,2024-12-04,21,7,False,
STR-005,2024-12-04,22,6,False,
STR-005,2024-12-04,23,2,False,
STR-005,2024-12-05,0,0,False,
STR-005,2024-12-05,1,0,False,
STR-005,2024-12-05,2,0,False,
STR-005,2024-12-05,3,0,False,
STR-005,2024-12-05,4,0,False,
STR-005,2024-12-05,5,0,False,
STR-005,2024-12-05,6,2,False,
STR-005,2024-12-05,7,2,False,
STR-005,2024-12-05,8,3,False,
STR-005,2024-12-05,9,4,False,
STR-005,2024-12-05,10,10,False,
STR-005,2024-12-05,11,3,False,
STR-005,2024-12-05,12,10,False,
STR-005,2024-12-05,13,8,False,
STR-005,2024-12-05,14,8,False,
STR-005,2024-12-05,15,3,False,
STR-005,2024-12-05,16,9,False,
STR-005,2024-12-05,17,5,False,
STR-005,2024-12-05,18,12,False,
STR-005,2024-12-05,19,18,False,
STR-005,2024-12-05,20,9,False,
STR-005,2024-12-05,21,14,False,
STR-005,2024-12-05,22,7,False,
STR-005,2024-12-05,23,2,False,
STR-005,2024-12-06,0,0,False,
STR-005,2024-12-06,1,0,False,
STR-005,2024-12-06,2,0,False,
STR-005,2024-12-06,3,0,False,
STR-005,2024-12-06,4,0,False,
STR-005,2024-12-06,5,0,False,
STR-005,2024-12-06,6,4,False,
STR-005,2024-12-06,7,1,False,
STR-005,2024-12-06,8,4,False,
STR-005,2024-12-06,9,7,False,
STR-005,2024-12-06,10,14,False,
STR-005,2024-12-06,11,9,False,
STR-005,2024-12-06,12,12,False,
STR-005,2024-12-06,13,9,False,
STR-005,2024-12-06,14,14,False,
STR-005,2024-12-06,15,4,False,
STR-005,2024-12-06,16,7,False,
STR-005,2024-12-06,17,6,False,
STR-005,2024-12-06,18,9,False,
STR-005,2024-12-06,19,17,False,
STR-005,2024-12-06,20,10,False,
STR-005,2024-12-06,21,12,False,
STR-005,2024-12-06,22,5,False,
STR-005,2024-12-06,23,0,False,
STR-005,2024-12-07,0,0,True,
STR-005,2024-12-07,1,0,True,
STR-005,2024-12-07,2,0,True,
STR-005,2024-12-07,3,0,True,
STR-005,2024-12-07,4,0,True,
STR-005,2024-12-07,5,0,True,
STR-005,2024-12-07,6,1,True,
STR-005,2024-12-07,7,2,True,
STR-005,2024-12-07,8,6,True,
STR-005,2024-12-07,9,8,True,
STR-005,2024-12-07,10,9,True,
STR-005,2024-12-07,11,3,True,
STR-005,2024-12-07,12,11,True,
STR-005,2024-12-07,13,4,True,
STR-005,2024-12-07,14,9,True,
STR-005,2024-12-07,15,10,True,
STR-005,2024-12-07,16,10,True,
STR-005,2024-12-07,17,6,True,
STR-005,2024-12-07,18,9,True,
STR-005,2024-12-07,19,3,True,
STR-005,2024-12-07,20,12,True,
STR-005,2024-12-07,21,7,True,
STR-005,2024-12-07,22,3,True,
STR-005,2024-12-07,23,2,True,
STR-005,2024-12-08,0,0,True,
STR-005,2024-12-08,1,0,True,
STR-005,2024-12-08,2,0,True,
STR-005,2024-12-08,3,0,True,
STR-005,2024-12-08,4,0,True,
STR-005,2024-12-08,5,0,True,
STR-005,2024-12-08,6,3,True,
STR-005,2024-12-08,7,5,True,
STR-005,2024-12-08,8,4,True,
STR-005,2024-12-08,9,5,True,
STR-005,2024-12-08,10,13,True,
STR-005,2024-12-08,11,17,True,
STR-005,2024-12-08,12,13,True,
STR-005,2024-12-08,13,12,True,
STR-005,2024-12-08,14,10,True,
STR-005,2024-12-08,15,9,True,
STR-005,2024-12-08,16,10,True,
STR-005,2024-12-08,17,13,True,
STR-005,2024-12-08,18,13,True,
STR-005,2024-12-08,19,13,True,
STR-005,2024-12-08,20,14,True,
STR-005,2024-12-08,21,18,True,
STR-005,2024-12-08,22,0,True,
STR-005,2024-12-08,23,3,True,
STR-005,2024-12-09,0,0,False,
STR-005,2024-12-09,1,0,False,
STR-005,2024-12-09,2,0,False,
STR-005,2024-12-09,3,0,False,
STR-005,2024-12-09,4,0,False,
STR-005,2024-12-09,5,0,False,
STR-005,2024-12-09,6,2,False,
STR-005,2024-12-09,7,3,False,
STR-005,2024-12-09,8,2,False,
STR-005,2024-12-09,9,4,False,
STR-005,2024-12-09,10,6,False,
STR-005,2024-12-09,11,6,False,
STR-005,2024-12-09,12,9,False,
STR-005,2024-12-09,13,10,False,
STR-005,2024-12-09,14,12,False,
STR-005,2024-12-09,15,5,False,
STR-005,2024-12-09,16,2,False,
STR-005,2024-12-09,17,9,False,
STR-005,2024-12-09,18,6,False,
STR-005,2024-12-09,19,7,False,
STR-005,2024-12-09,20,6,False,
STR-005,2024-12-09,21,12,False,
STR-005,2024-12-09,22,2,False,
STR-005,2024-12-09,23,0,False,
STR-005,2024-12-10,0,0,False,
STR-005,2024-12-10,1,0,False,
STR-005,2024-12-10,2,0,False,
STR-005,2024-12-10,3,0,False,
STR-005,2024-12-10,4,0,False,
STR-005,2024-12-10,5,0,False,
STR-005,2024-12-10,6,0,False,
STR-005,2024-12-10,7,3,False,
STR-005,2024-12-10,8,5,False,
STR-005,2024-12-10,9,1,False,
STR-005,2024-12-10,10,7,False,
STR-005,2024-12-10,11,6,False,
STR-005,2024-12-10,12,9,False,
STR-005,2024-12-10,13,8,False,
STR-005,2024-12-10,14,5,False,
STR-005,2024-12-10,15,14,False,
STR-005,2024-12-10,16,4,False,
STR-005,2024-12-10,17,5,False,
STR-005,2024-12-10,18,17,False,
STR-005,2024-12-10,19,9,False,
STR-005,2024-12-10,20,14,False,
STR-005,2024-12-10,21,13,False,
STR-005,2024-12-10,22,1,False,
STR-005,2024-12-10,23,1,False,
STR-005,2024-12-11,0,0,False,
STR-005,2024-12-11,1,0,False,
STR-005,2024-12-11,2,0,False,
STR-005,2024-12-11,3,0,False,
STR-005,2024-12-11,4,0,False,
STR-005,2024-12-11,5,0,False,
STR-005,2024-12-11,6,0,False,
STR-005,2024-12-11,7,4,False,
STR-005,2024-12-11,8,2,False,
STR-005,2024-12-11,9,8,False,
STR-005,2024-12-11,10,8,False,
STR-005,2024-12-11,11,6,False,
STR-005,2024-12-11,12,8,False,
STR-005,2024-12-11,13,8,False,
STR-005,2024-12-11,14,5,False,
STR-005,2024-12-11,15,4,False,
STR-005,2024-12-11,16,4,False,
STR-005,2024-12-11,17,7,False,
STR-005,2024-12-11,18,8,False,
STR-005,2024-12-11,19,13,False,
STR-005,2024-12-11,20,15,False,
STR-005,2024-12-11,21,5,False,
STR-005,2024-12-11,22,2,False,
STR-005,2024-12-11,23,4,False,
STR-005,2024-12-12,0,0,False,
STR-005,2024-12-12,1,0,False,
STR-005,2024-12-12,2,0,False,
STR-005,2024-12-12,3,0,False,
STR-005,2024-12-12,4,0,False,
STR-005,2024-12-12,5,0,False,
STR-005,2024-12-12,6,2,False,
STR-005,2024-12-12,7,1,False,
STR-005,2024-12-12,8,3,False,
STR-005,2024-12-12,9,5,False,
STR-005,2024-12-12,10,4,False,
STR-005,2024-12-12,11,3,False,
STR-005,2024-12-12,12,11,False,
STR-005,2024-12-12,13,3,False,
STR-005,2024-12-12,14,5,False,
STR-005,2024-12-12,15,8,False,
STR-005,2024-12-12,16,8,False,
STR-005,2024-12-12,17,7,False,
STR-005,2024-12-12,18,9,False,
STR-005,2024-12-12,19,15,False,
STR-005,2024-12-12,20,11,False,
STR-005,2024-12-12,21,9,False,
STR-005,2024-12-12,22,2,False,
STR-005,2024-12-12,23,2,False,
STR-005,2024-12-13,0,0,False,
STR-005,2024-12-13,1,0,False,
STR-005,2024-12-13,2,0,False,
STR-005,2024-12-13,3,0,False,
STR-005,2024-12-13,4,0,False,
STR-005,2024-12-13,5,0,False,
STR-005,2024-12-13,6,0,False,
STR-005,2024-12-13,7,2,False,
STR-005,2024-12-13,8,6,False,
STR-005,2024-12-13,9,9,False,
STR-005,2024-12-13,10,9,False,
STR-005,2024-12-13,11,2,False,
STR-005,2024-12-13,12,13,False,
STR-005,2024-12-13,13,8,False,
STR-005,2024-12-13,14,7,False,
STR-005,2024-12-13,15,9,False,
STR-005,2024-12-13,16,6,False,
STR-005,2024-12-13,17,5,False,
STR-005,2024-12-13,18,10,False,
STR-005,2024-12-13,19,13,False,
STR-005,2024-12-13,20,13,False,
STR-005,2024-12-13,21,12,False,
STR-005,2024-12-13,22,2,False,
STR-005,2024-12-13,23,1,False,
STR-005,2024-12-14,0,0,True,
STR-005,2024-12-14,1,0,True,
STR-005,2024-12-14,2,0,True,
STR-005,2024-12-14,3,0,True,
STR-005,2024-12-14,4,0,True,
STR-005,2024-12-14,5,0,True,
STR-005,2024-12-14,6,2,True,
STR-005,2024-12-14,7,5,True,
STR-005,2024-12-14,8,2,True,
STR-005,2024-12-14,9,5,True,
STR-005,2024-12-14,10,9,True,
STR-005,2024-12-14,11,8,True,
STR-005,2024-12-14,12,15,True,
STR-005,2024-12-14,13,11,True,
STR-005,2024-12-14,14,5,True,
STR-005,2024-12-14,15,9,True,
STR-005,2024-12-14,16,11,True,
STR-005,2024-12-14,17,9,True,
STR-005,2024-12-14,18,14,True,
STR-005,2024-12-14,19,13,True,
STR-005,2024-12-14,20,13,True,
STR-005,2024-12-14,21,14,True,
STR-005,2024-12-14,22,2,True,
STR-005,2024-12-14,23,1,True,
STR-005,2024-12-15,0,0,True,
STR-005,2024-12-15,1,0,True,
STR-005,2024-12-15,2,0,True,
STR-005,2024-12-15,3,0,True,
STR-005,2024-12-15,4,0,True,
STR-005,2024-12-15,5,0,True,
STR-005,2024-12-15,6,1,True,
STR-005,2024-12-15,7,3,True,
STR-005,2024-12-15,8,6,True,
STR-005,2024-12-15,9,3,True,
STR-005,2024-12-15,10,5,True,
STR-005,2024-12-15,11,7,True,
STR-005,2024-12-15,12,16,True,
STR-005,2024-12-15,13,9,True,
STR-005,2024-12-15,14,14,True,
STR-005,2024-12-15,15,11,True,
STR-005,2024-12-15,16,17,True,
STR-005,2024-12-15,17,7,True,
STR-005,2024-12-15,18,10,True,
STR-005,2024-12-15,19,19,True,
STR-005,2024-12-15,20,14,True,
STR-005,2024-12-15,21,11,True,
STR-005,2024-12-15,22,2,True,
STR-005,2024-12-15,23,1,True,
STR-005,2024-12-16,0,0,False,
STR-005,2024-12-16,1,0,False,
STR-005,2024-12-16,2,0,False,
STR-005,2024-12-16,3,0,False,
STR-005,2024-12-16,4,0,False,
STR-005,2024-12-16,5,0,False,
STR-005,2024-12-16,6,2,False,
STR-005,2024-12-16,7,3,False,
STR-005,2024-12-16,8,5,False,
STR-005,2024-12-16,9,7,False,
STR-005,2024-12-16,10,8,False,
STR-005,2024-12-16,11,7,False,
STR-005,2024-12-16,12,9,False,
STR-005,2024-12-16,13,5,False,
STR-005,2024-12-16,14,5,False,
STR-005,2024-12-16,15,4,False,
STR-005,2024-12-16,16,7,False,
STR-005,2024-12-16,17,3,False,
STR-005,2024-12-16,18,10,False,
STR-005,2024-12-16,19,16,False,
STR-005,2024-12-16,20,17,False,
STR-005,2024-12-16,21,12,False,
STR-005,2024-12-16,22,7,False,
STR-005,2024-12-16,23,0,False,
STR-005,2024-12-17,0,0,False,
STR-005,2024-12-17,1,0,False,
STR-005,2024-12-17,2,0,False,
STR-005,2024-12-17,3,0,False,
STR-005,2024-12-17,4,0,False,
STR-005,2024-12-17,5,0,False,
STR-005,2024-12-17,6,1,False,
STR-005,2024-12-17,7,1,False,
STR-005,2024-12-17,8,0,False,
STR-005,2024-12-17,9,3,False,
STR-005,2024-12-17,10,5,False,
STR-005,2024-12-17,11,4,False,
STR-005,2024-12-17,12,12,False,
STR-005,2024-12-17,13,5,False,
STR-005,2024-12-17,14,5,False,
STR-005,2024-12-17,15,6,False,
STR-005,2024-12-17,16,10,False,
STR-005,2024-12-17,17,10,False,
STR-005,2024-12-17,18,6,False,
STR-005,2024-12-17,19,11,False,
STR-005,2024-12-17,20,9,False,
STR-005,2024-12-17,21,11,False,
STR-005,2024-12-17,22,2,False,
STR-005,2024-12-17,23,0,False,
STR-005,2024-12-18,0,0,False,
STR-005,2024-12-18,1,0,False,
STR-005,2024-12-18,2,0,False,
STR-005,2024-12-18,3,0,False,
STR-005,2024-12-18,4,0,False,
STR-005,2024-12-18,5,0,False,
STR-005,2024-12-18,6,3,False,
STR-005,2024-12-18,7,3,False,
STR-005,2024-12-18,8,3,False,
STR-005,2024-12-18,9,5,False,
STR-005,2024-12-18,10,6,False,
STR-005,2024-12-18,11,8,False,
STR-005,2024-12-18,12,10,False,
STR-005,2024-12-18,13,9,False,
STR-005,2024-12-18,14,12,False,
STR-005,2024-12-18,15,10,False,
STR-005,2024-12-18,16,5,False,
STR-005,2024-12-18,17,5,False,
STR-005,2024-12-18,18,11,False,
STR-005,2024-12-18,19,10,False,
STR-005,2024-12-18,20,12,False,
STR-005,2024-12-18,21,8,False,
STR-005,2024-12-18,22,6,False,
STR-005,2024-12-18,23,0,False,
STR-005,2024-12-19,0,0,False,
STR-005,2024-12-19,1,0,False,
STR-005,2024-12-19,2,0,False,
STR-005,2024-12-19,3,0,False,
STR-005,2024-12-19,4,0,False,
STR-005,2024-12-19,5,0,False,
STR-005,2024-12-19,6,2,False,
STR-005,2024-12-19,7,3,False,
STR-005,2024-12-19,8,4,False,
STR-005,2024-12-19,9,8,False,
STR-005,2024-12-19,10,5,False,
STR-005,2024-12-19,11,6,False,
STR-005,2024-12-19,12,10,False,
STR-005,2024-12-19,13,4,False,
STR-005,2024-12-19,14,5,False,
STR-005,2024-12-19,15,9,False,
STR-005,2024-12-19,16,10,False,
STR-005,2024-12-19,17,4,False,
STR-005,2024-12-19,18,7,False,
STR-005,2024-12-19,19,17,False,
STR-005,2024-12-19,20,14,False,
STR-005,2024-12-19,21,15,False,
STR-005,2024-12-19,22,2,False,
STR-005,2024-12-19,23,0,False,
STR-005,2024-12-20,0,0,False,
STR-005,2024-12-20,1,0,False,
STR-005,2024-12-20,2,0,False,
STR-005,2024-12-20,3,0,False,
STR-005,2024-12-20,4,0,False,
STR-005,2024-12-20,5,0,False,
STR-005,2024-12-20,6,1,False,
STR-005,2024-12-20,7,3,False,
STR-005,2024-12-20,8,5,False,
STR-005,2024-12-20,9,3,False,
STR-005,2024-12-20,10,9,False,
STR-005,2024-12-20,11,6,False,
STR-005,2024-12-20,12,7,False,
STR-005,2024-12-20,13,6,False,
STR-005,2024-12-20,14,8,False,
STR-005,2024-12-20,15,4,False,
STR-005,2024-12-20,16,4,False,
STR-005,2024-12-20,17,12,False,
STR-005,2024-12-20,18,5,False,
STR-005,2024-12-20,19,7,False,
STR-005,2024-12-20,20,11,False,
STR-005,2024-12-20,21,9,False,
STR-005,2024-12-20,22,1,False,
STR-005,2024-12-20,23,1,False,
STR-005,2024-12-21,0,0,True,
STR-005,2024-12-21,1,0,True,
STR-005,2024-12-21,2,0,True,
STR-005,2024-12-21,3,0,True,
STR-005,2024-12-21,4,0,True,
STR-005,2024-12-21,5,0,True,
STR-005,2024-12-21,6,3,True,
STR-005,2024-12-21,7,3,True,
STR-005,2024-12-21,8,6,True,
STR-005,2024-12-21,9,7,True,
STR-005,2024-12-21,10,9,True,
STR-005,2024-12-21,11,15,True,
STR-005,2024-12-21,12,14,True,
STR-005,2024-12-21,13,11,True,
STR-005,2024-12-21,14,12,True,
STR-005,2024-12-21,15,8,True,
STR-005,2024-12-21,16,8,True,
STR-005,2024-12-21,17,9,True,
STR-005,2024-12-21,18,12,True,
STR-005,2024-12-21,19,11,True,
STR-005,2024-12-21,20,13,True,
STR-005,2024-12-21,21,11,True,
STR-005,2024-12-21,22,4,True,
STR-005,2024-12-21,23,2,True,
STR-005,2024-12-22,0,0,True,
STR-005,2024-12-22,1,0,True,
STR-005,2024-12-22,2,0,True,
STR-005,2024-12-22,3,0,True,
STR-005,2024-12-22,4,0,True,
STR-005,2024-12-22,5,0,True,
STR-005,2024-12-22,6,2,True,
STR-005,2024-12-22,7,4,True,
STR-005,2024-12-22,8,7,True,
STR-005,2024-12-22,9,12,True,
STR-005,2024-12-22,10,7,True,
STR-005,2024-12-22,11,9,True,
STR-005,2024-12-22,12,7,True,
STR-005,2024-12-22,13,12,True,
STR-005,2024-12-22,14,7,True,
STR-005,2024-12-22,15,10,True,
STR-005,2024-12-22,16,2,True,
STR-005,2024-12-22,17,12,True,
STR-005,2024-12-22,18,16,True,
STR-005,2024-12-22,19,15,True,
STR-005,2024-12-22,20,24,True,
STR-005,2024-12-22,21,9,True,
STR-005,2024-12-22,22,3,True,
STR-005,2024-12-22,23,2,True,
STR-005,2024-12-23,0,0,False,
STR-005,2024-12-23,1,0,False,
STR-005,2024-12-23,2,0,False,
STR-005,2024-12-23,3,0,False,
STR-005,2024-12-23,4,0,False,
STR-005,2024-12-23,5,0,False,
STR-005,2024-12-23,6,2,False,
STR-005,2024-12-23,7,1,False,
STR-005,2024-12-23,8,0,False,
STR-005,2024-12-23,9,2,False,
STR-005,2024-12-23,10,5,False,
STR-005,2024-12-23,11,9,False,
STR-005,2024-12-23,12,11,False,
STR-005,2024-12-23,13,9,False,
STR-005,2024-12-23,14,4,False,
STR-005,2024-12-23,15,8,False,
STR-005,2024-12-23,16,4,False,
STR-005,2024-12-23,17,5,False,
STR-005,2024-12-23,18,8,False,
STR-005,2024-12-23,19,11,False,
STR-005,2024-12-23,20,10,False,
STR-005,2024-12-23,21,10,False,
STR-005,2024-12-23,22,2,False,
STR-005,2024-12-23,23,1,False,
STR-005,2024-12-24,0,0,False,
STR-005,2024-12-24,1,0,False,
STR-005,2024-12-24,2,0,False,
STR-005,2024-12-24,3,0,False,
STR-005,2024-12-24,4,0,False,
STR-005,2024-12-24,5,0,False,
STR-005,2024-12-24,6,3,False,
STR-005,2024-12-24,7,4,False,
STR-005,2024-12-24,8,6,False,
STR-005,2024-12-24,9,4,False,
STR-005,2024-12-24,10,6,False,
STR-005,2024-12-24,11,9,False,
STR-005,2024-12-24,12,7,False,
STR-005,2024-12-24,13,6,False,
STR-005,2024-12-24,14,8,False,
STR-005,2024-12-24,15,4,False,
STR-005,2024-12-24,16,9,False,
STR-005,2024-12-24,17,6,False,
STR-005,2024-12-24,18,16,False,
STR-005,2024-12-24,19,13,False,
STR-005,2024-12-24,20,13,False,
STR-005,2024-12-24,21,6,False,
STR-005,2024-12-24,22,4,False,
STR-005,2024-12-24,23,3,False,
STR-005,2024-12-25,0,0,False,Christmas
STR-005,2024-12-25,1,0,False,Christmas
STR-005,2024-12-25,2,0,False,Christmas
STR-005,2024-12-25,3,0,False,Christmas
STR-005,2024-12-25,4,0,False,Christmas
STR-005,2024-12-25,5,0,False,Christmas
STR-005,2024-12-25,6,2,False,Christmas
STR-005,2024-12-25,7,7,False,Christmas
STR-005,2024-12-25,8,7,False,Christmas
STR-005,2024-12-25,9,10,False,Christmas
STR-005,2024-12-25,10,15,False,Christmas
STR-005,2024-12-25,11,12,False,Christmas
STR-005,2024-12-25,12,22,False,Christmas
STR-005,2024-12-25,13,19,False,Christmas
STR-005,2024-12-25,14,15,False,Christmas
STR-005,2024-12-25,15,12,False,Christmas
STR-005,2024-12-25,16,10,False,Christmas
STR-005,2024-12-25,17,11,False,Christmas
STR-005,2024-12-25,18,27,False,Christmas
STR-005,2024-12-25,19,26,False,Christmas
STR-005,2024-12-25,20,22,False,Christmas
STR-005,2024-12-25,21,16,False,Christmas
STR-005,2024-12-25,22,5,False,Christmas
STR-005,2024-12-25,23,1,False,Christmas
STR-005,2024-12-26,0,0,False,
STR-005,2024-12-26,1,0,False,
STR-005,2024-12-26,2,0,False,
STR-005,2024-12-26,3,0,False,
STR-005,2024-12-26,4,0,False,
STR-005,2024-12-26,5,0,False,
STR-005,2024-12-26,6,1,False,
STR-005,2024-12-26,7,3,False,
STR-005,2024-12-26,8,9,False,
STR-005,2024-12-26,9,4,False,
STR-005,2024-12-26,10,6,False,
STR-005,2024-12-26,11,4,False,
STR-005,2024-12-26,12,11,False,
STR-005,2024-12-26,13,5,False,
STR-005,2024-12-26,14,10,False,
STR-005,2024-12-26,15,6,False,
STR-005,2024-12-26,16,10,False,
STR-005,2024-12-26,17,2,False,
STR-005,2024-12-26,18,16,False,
STR-005,2024-12-26,19,9,False,
STR-005,2024-12-26,20,10,False,
STR-005,2024-12-26,21,6,False,
STR-005,2024-12-26,22,4,False,
STR-005,2024-12-26,23,1,False,
STR-005,2024-12-27,0,0,False,
STR-005,2024-12-27,1,0,False,
STR-005,2024-12-27,2,0,False,
STR-005,2024-12-27,3,0,False,
STR-005,2024-12-27,4,0,False,
STR-005,2024-12-27,5,0,False,
STR-005,2024-12-27,6,2,False,
STR-005,2024-12-27,7,5,False,
STR-005,2024-12-27,8,5,False,
STR-005,2024-12-27,9,7,False,
STR-005,2024-12-27,10,4,False,
STR-005,2024-12-27,11,9,False,
STR-005,2024-12-27,12,8,False,
STR-005,2024-12-27,13,7,False,
STR-005,2024-12-27,14,8,False,
STR-005,2024-12-27,15,9,False,
STR-005,2024-12-27,16,10,False,
STR-005,2024-12-27,17,12,False,
STR-005,2024-12-27,18,7,False,
STR-005,2024-12-27,19,12,False,
STR-005,2024-12-27,20,12,False,
STR-005,2024-12-27,21,14,False,
STR-005,2024-12-27,22,2,False,
STR-005,2024-12-27,23,2,False,
STR-005,2024-12-28,0,0,True,
STR-005,2024-12-28,1,0,True,
STR-005,2024-12-28,2,0,True,
STR-005,2024-12-28,3,0,True,
STR-005,2024-12-28,4,0,True,
STR-005,2024-12-28,5,0,True,
STR-005,2024-12-28,6,2,True,
STR-005,2024-12-28,7,5,True,
STR-005,2024-12-28,8,7,True,
STR-005,2024-12-28,9,5,True,
STR-005,2024-12-28,10,5,True,
STR-005,2024-12-28,11,10,True,
STR-005,2024-12-28,12,13,True,
STR-005,2024-12-28,13,13,True,
STR-005,2024-12-28,14,6,True,
STR-005,2024-12-28,15,6,True,
STR-005,2024-12-28,16,8,True,
STR-005,2024-12-28,17,10,True,
STR-005,2024-12-28,18,10,True,
STR-005,2024-12-28,19,15,True,
STR-005,2024-12-28,20,14,True,
STR-005,2024-12-28,21,13,True,
STR-005,2024-12-28,22,6,True,
STR-005,2024-12-28,23,3,True,
STR-005,2024-12-29,0,0,True,
STR-005,2024-12-29,1,0,True,
STR-005,2024-12-29,2,0,True,
STR-005,2024-12-29,3,0,True,
STR-005,2024-12-29,4,0,True,
STR-005,2024-12-29,5,0,True,
STR-005,2024-12-29,6,2,True,
STR-005,2024-12-29,7,1,True,
STR-005,2024-12-29,8,4,True,
STR-005,2024-12-29,9,5,True,
STR-005,2024-12-29,10,7,True,
STR-005,2024-12-29,11,7,True,
STR-005,2024-12-29,12,18,True,
STR-005,2024-12-29,13,12,True,
STR-005,2024-12-29,14,8,True,
STR-005,2024-12-29,15,8,True,
STR-005,2024-12-29,16,14,True,
STR-005,2024-12-29,17,5,True,
STR-005,2024-12-29,18,19,True,
STR-005,2024-12-29,19,16,True,
STR-005,2024-12-29,20,12,True,
STR-005,2024-12-29,21,7,True,
STR-005,2024-12-29,22,5,True,
STR-005,2024-12-29,23,1,True,
STR-005,2024-12-30,0,0,False,
STR-005,2024-12-30,1,0,False,
STR-005,2024-12-30,2,0,False,
STR-005,2024-12-30,3,0,False,
STR-005,2024-12-30,4,0,False,
STR-005,2024-12-30,5,0,False,
STR-005,2024-12-30,6,1,False,
STR-005,2024-12-30,7,5,False,
STR-005,2024-12-30,8,8,False,
STR-005,2024-12-30,9,6,False,
STR-005,2024-12-30,10,9,False,
STR-005,2024-12-30,11,7,False,
STR-005,2024-12-30,12,9,False,
STR-005,2024-12-30,13,10,False,
STR-005,2024-12-30,14,7,False,
STR-005,2024-12-30,15,7,False,
STR-005,2024-12-30,16,8,False,
STR-005,2024-12-30,17,3,False,
STR-005,2024-12-30,18,7,False,
STR-005,2024-12-30,19,12,False,
STR-005,2024-12-30,20,8,False,
STR-005,2024-12-30,21,6,False,
STR-005,2024-12-30,22,5,False,
STR-005,2024-12-30,23,0,False,
STR-005,2024-12-31,0,0,False,
STR-005,2024-12-31,1,0,False,
STR-005,2024-12-31,2,0,False,
STR-005,2024-12-31,3,0,False,
STR-005,2024-12-31,4,0,False,
STR-005,2024-12-31,5,0,False,
STR-005,2024-12-31,6,2,False,
STR-005,2024-12-31,7,2,False,
STR-005,2024-12-31,8,3,False,
STR-005,2024-12-31,9,7,False,
STR-005,2024-12-31,10,8,False,
STR-005,2024-12-31,11,8,False,
STR-005,2024-12-31,12,12,False,
STR-005,2024-12-31,13,8,False,
STR-005,2024-12-31,14,4,False,
STR-005,2024-12-31,15,8,False,
STR-005,2024-12-31,16,11,False,
STR-005,2024-12-31,17,5,False,
STR-005,2024-12-31,18,13,False,
STR-005,2024-12-31,19,7,False,
STR-005,2024-12-31,20,11,False,
STR-005,2024-12-31,21,10,False,
STR-005,2024-12-31,22,2,False,
STR-005,2024-12-31,23,1,False,
STR-005,2025-01-01,0,0,False,
STR-005,2025-01-01,1,0,False,
STR-005,2025-01-01,2,0,False,
STR-005,2025-01-01,3,0,False,
STR-005,2025-01-01,4,0,False,
STR-005,2025-01-01,5,0,False,
STR-005,2025-01-01,6,1,False,
STR-005,2025-01-01,7,4,False,
STR-005,2025-01-01,8,5,False,
STR-005,2025-01-01,9,4,False,
STR-005,2025-01-01,10,7,False,
STR-005,2025-01-01,11,1,False,
STR-005,2025-01-01,12,6,False,
STR-005,2025-01-01,13,5,False,
STR-005,2025-01-01,14,12,False,
STR-005,2025-01-01,15,7,False,
STR-005,2025-01-01,16,8,False,
STR-005,2025-01-01,17,15,False,
STR-005,2025-01-01,18,13,False,
STR-005,2025-01-01,19,19,False,
STR-005,2025-01-01,20,21,False,
STR-005,2025-01-01,21,14,False,
STR-005,2025-01-01,22,4,False,
STR-005,2025-01-01,23,1,False,
STR-005,2025-01-02,0,0,False,
STR-005,2025-01-02,1,0,False,
STR-005,2025-01-02,2,0,False,
STR-005,2025-01-02,3,0,False,
STR-005,2025-01-02,4,0,False,
STR-005,2025-01-02,5,0,False,
STR-005,2025-01-02,6,0,False,
STR-005,2025-01-02,7,3,False,
STR-005,2025-01-02,8,3,False,
STR-005,2025-01-02,9,5,False,
STR-005,2025-01-02,10,8,False,
STR-005,2025-01-02,11,2,False,
STR-005,2025-01-02,12,11,False,
STR-005,2025-01-02,13,12,False,
STR-005,2025-01-02,14,6,False,
STR-005,2025-01-02,15,6,False,
STR-005,2025-01-02,16,8,False,
STR-005,2025-01-02,17,8,False,
STR-005,2025-01-02,18,11,False,
STR-005,2025-01-02,19,13,False,
STR-005,2025-01-02,20,13,False,
STR-005,2025-01-02,21,10,False,
STR-005,2025-01-02,22,3,False,
STR-005,2025-01-02,23,5,False,
STR-005,2025-01-03,0,0,False,
STR-005,2025-01-03,1,0,False,
STR-005,2025-01-03,2,0,False,
STR-005,2025-01-03,3,0,False,
STR-005,2025-01-03,4,0,False,
STR-005,2025-01-03,5,0,False,
STR-005,2025-01-03,6,3,False,
STR-005,2025-01-03,7,2,False,
STR-005,2025-01-03,8,5,False,
STR-005,2025-01-03,9,7,False,
STR-005,2025-01-03,10,6,False,
STR-005,2025-01-03,11,7,False,
STR-005,2025-01-03,12,10,False,
STR-005,2025-01-03,13,9,False,
STR-005,2025-01-03,14,8,False,
STR-005,2025-01-03,15,3,False,
STR-005,2025-01-03,16,7,False,
STR-005,2025-01-03,17,3,False,
STR-005,2025-01-03,18,19,False,
STR-005,2025-01-03,19,14,False,
STR-005,2025-01-03,20,14,False,
STR-005,2025-01-03,21,9,False,
STR-005,2025-01-03,22,3,False,
STR-005,2025-01-03,23,0,False,
STR-005,2025-01-04,0,0,True,
STR-005,2025-01-04,1,0,True,
STR-005,2025-01-04,2,0,True,
STR-005,2025-01-04,3,0,True,
STR-005,2025-01-04,4,0,True,
STR-005,2025-01-04,5,0,True,
STR-005,2025-01-04,6,2,True,
STR-005,2025-01-04,7,3,True,
STR-005,2025-01-04,8,4,True,
STR-005,2025-01-04,9,7,True,
STR-005,2025-01-04,10,6,True,
STR-005,2025-01-04,11,5,True,
STR-005,2025-01-04,12,9,True,
STR-005,2025-01-04,13,7,True,
STR-005,2025-01-04,14,14,True,
STR-005,2025-01-04,15,4,True,
STR-005,2025-01-04,16,9,True,
STR-005,2025-01-04,17,9,True,
STR-005,2025-01-04,18,8,True,
STR-005,2025-01-04,19,12,True,
STR-005,2025-01-04,20,16,True,
STR-005,2025-01-04,21,15,True,
STR-005,2025-01-04,22,4,True,
STR-005,2025-01-04,23,2,True,
STR-005,2025-01-05,0,0,True,
STR-005,2025-01-05,1,0,True,
STR-005,2025-01-05,2,0,True,
STR-005,2025-01-05,3,0,True,
STR-005,2025-01-05,4,0,True,
STR-005,2025-01-05,5,0,True,
STR-005,2025-01-05,6,2,True,
STR-005,2025-01-05,7,3,True,
STR-005,2025-01-05,8,4,True,
STR-005,2025-01-05,9,4,True,
STR-005,2025-01-05,10,3,True,
STR-005,2025-01-05,11,4,True,
STR-005,2025-01-05,12,9,True,
STR-005,2025-01-05,13,8,True,
STR-005,2025-01-05,14,6,True,
STR-005,2025-01-05,15,6,True,
STR-005,2025-01-05,16,12,True,
STR-005,2025-01-05,17,7,True,
STR-005,2025-01-05,18,9,True,
STR-005,2025-01-05,19,19,True,
STR-005,2025-01-05,20,11,True,
STR-005,2025-01-05,21,10,True,
STR-005,2025-01-05,22,9,True,
STR-005,2025-01-05,23,2,True,
STR-005,2025-01-06,0,0,False,
STR-005,2025-01-06,1,0,False,
STR-005,2025-01-06,2,0,False,
STR-005,2025-01-06,3,0,False,
STR-005,2025-01-06,4,0,False,
STR-005,2025-01-06,5,0,False,
STR-005,2025-01-06,6,2,False,
STR-005,2025-01-06,7,2,False,
STR-005,2025-01-06,8,6,False,
STR-005,2025-01-06,9,10,False,
STR-005,2025-01-06,10,6,False,
STR-005,2025-01-06,11,6,False,
STR-005,2025-01-06,12,10,False,
STR-005,2025-01-06,13,9,False,
STR-005,2025-01-06,14,3,False,
STR-005,2025-01-06,15,6,False,
STR-005,2025-01-06,16,6,False,
STR-005,2025-01-06,17,5,False,
STR-005,2025-01-06,18,12,False,
STR-005,2025-01-06,19,9,False,
STR-005,2025-01-06,20,10,False,
STR-005,2025-01-06,21,7,False,
STR-005,2025-01-06,22,1,False,
STR-005,2025-01-06,23,2,False,
STR-005,2025-01-07,0,0,False,
STR-005,2025-01-07,1,0,False,
STR-005,2025-01-07,2,0,False,
STR-005,2025-01-07,3,0,False,
STR-005,2025-01-07,4,0,False,
STR-005,2025-01-07,5,0,False,
STR-005,2025-01-07,6,2,False,
STR-005,2025-01-07,7,2,False,
STR-005,2025-01-07,8,4,False,
STR-005,2025-01-07,9,3,False,
STR-005,2025-01-07,10,9,False,
STR-005,2025-01-07,11,6,False,
STR-005,2025-01-07,12,11,False,
STR-005,2025-01-07,13,11,False,
STR-005,2025-01-07,14,7,False,
STR-005,2025-01-07,15,7,False,
STR-005,2025-01-07,16,7,False,
STR-005,2025-01-07,17,10,False,
STR-005,2025-01-07,18,10,False,
STR-005,2025-01-07,19,14,False,
STR-005,2025-01-07,20,9,False,
STR-005,2025-01-07,21,14,False,
STR-005,2025-01-07,22,3,False,
STR-005,2025-01-07,23,0,False,
STR-005,2025-01-08,0,0,False,
STR-005,2025-01-08,1,0,False,
STR-005,2025-01-08,2,0,False,
STR-005,2025-01-08,3,0,False,
STR-005,2025-01-08,4,0,False,
STR-005,2025-01-08,5,0,False,
STR-005,2025-01-08,6,2,False,
STR-005,2025-01-08,7,4,False,
STR-005,2025-01-08,8,6,False,
STR-005,2025-01-08,9,5,False,
STR-005,2025-01-08,10,11,False,
STR-005,2025-01-08,11,8,False,
STR-005,2025-01-08,12,10,False,
STR-005,2025-01-08,13,10,False,
STR-005,2025-01-08,14,13,False,
STR-005,2025-01-08,15,5,False,
STR-005,2025-01-08,16,7,False,
STR-005,2025-01-08,17,9,False,
STR-005,2025-01-08,18,15,False,
STR-005,2025-01-08,19,12,False,
STR-005,2025-01-08,20,11,False,
STR-005,2025-01-08,21,4,False,
STR-005,2025-01-08,22,3,False,
STR-005,2025-01-08,23,1,False,
STR-005,2025-01-09,0,0,False,
STR-005,2025-01-09,1,0,False,
STR-005,2025-01-09,2,0,False,
STR-005,2025-01-09,3,0,False,
STR-005,2025-01-09,4,0,False,
STR-005,2025-01-09,5,0,False,
STR-005,2025-01-09,6,2,False,
STR-005,2025-01-09,7,1,False,
STR-005,2025-01-09,8,3,False,
STR-005,2025-01-09,9,5,False,
STR-005,2025-01-09,10,10,False,
STR-005,2025-01-09,11,6,False,
STR-005,2025-01-09,12,12,False,
STR-005,2025-01-09,13,8,False,
STR-005,2025-01-09,14,4,False,
STR-005,2025-01-09,15,12,False,
STR-005,2025-01-09,16,9,False,
STR-005,2025-01-09,17,6,False,
STR-005,2025-01-09,18,14,False,
STR-005,2025-01-09,19,13,False,
STR-005,2025-01-09,20,19,False,
STR-005,2025-01-09,21,9,False,
STR-005,2025-01-09,22,2,False,
STR-005,2025-01-09,23,5,False,
STR-005,2025-01-10,0,0,False,
STR-005,2025-01-10,1,0,False,
STR-005,2025-01-10,2,0,False,
STR-005,2025-01-10,3,0,False,
STR-005,2025-01-10,4,0,False,
STR-005,2025-01-10,5,0,False,
STR-005,2025-01-10,6,1,False,
STR-005,2025-01-10,7,3,False,
STR-005,2025-01-10,8,4,False,
STR-005,2025-01-10,9,2,False,
STR-005,2025-01-10,10,10,False,
STR-005,2025-01-10,11,3,False,
STR-005,2025-01-10,12,9,False,
STR-005,2025-01-10,13,8,False,
STR-005,2025-01-10,14,8,False,
STR-005,2025-01-10,15,4,False,
STR-005,2025-01-10,16,8,False,
STR-005,2025-01-10,17,5,False,
STR-005,2025-01-10,18,12,False,
STR-005,2025-01-10,19,16,False,
STR-005,2025-01-10,20,12,False,
STR-005,2025-01-10,21,4,False,
STR-005,2025-01-10,22,3,False,
STR-005,2025-01-10,23,1,False,
STR-005,2025-01-11,0,0,True,
STR-005,2025-01-11,1,0,True,
STR-005,2025-01-11,2,0,True,
STR-005,2025-01-11,3,0,True,
STR-005,2025-01-11,4,0,True,
STR-005,2025-01-11,5,0,True,
STR-005,2025-01-11,6,1,True,
STR-005,2025-01-11,7,3,True,
STR-005,2025-01-11,8,2,True,
STR-005,2025-01-11,9,8,True,
STR-005,2025-01-11,10,9,True,
STR-005,2025-01-11,11,7,True,
STR-005,2025-01-11,12,11,True,
STR-005,2025-01-11,13,9,True,
STR-005,2025-01-11,14,11,True,
STR-005,2025-01-11,15,6,True,
STR-005,2025-01-11,16,6,True,
STR-005,2025-01-11,17,6,True,
STR-005,2025-01-11,18,16,True,
STR-005,2025-01-11,19,11,True,
STR-005,2025-01-11,20,9,True,
STR-005,2025-01-11,21,9,True,
STR-005,2025-01-11,22,0,True,
STR-005,2025-01-11,23,1,True,
STR-005,2025-01-12,0,0,True,
STR-005,2025-01-12,1,0,True,
STR-005,2025-01-12,2,0,True,
STR-005,2025-01-12,3,0,True,
STR-005,2025-01-12,4,0,True,
STR-005,2025-01-12,5,0,True,
STR-005,2025-01-12,6,1,True,
STR-005,2025-01-12,7,5,True,
STR-005,2025-01-12,8,4,True,
STR-005,2025-01-12,9,4,True,
STR-005,2025-01-12,10,11,True,
STR-005,2025-01-12,11,10,True,
STR-005,2025-01-12,12,7,True,
STR-005,2025-01-12,13,12,True,
STR-005,2025-01-12,14,12,True,
STR-005,2025-01-12,15,8,True,
STR-005,2025-01-12,16,8,True,
STR-005,2025-01-12,17,9,True,
STR-005,2025-01-12,18,10,True,
STR-005,2025-01-12,19,15,True,
STR-005,2025-01-12,20,5,True,
STR-005,2025-01-12,21,9,True,
STR-005,2025-01-12,22,3,True,
STR-005,2025-01-12,23,0,True,
STR-005,2025-01-13,0,0,False,
STR-005,2025-01-13,1,0,False,
STR-005,2025-01-13,2,0,False,
STR-005,2025-01-13,3,0,False,
STR-005,2025-01-13,4,0,False,
STR-005,2025-01-13,5,0,False,
STR-005,2025-01-13,6,2,False,
STR-005,2025-01-13,7,0,False,
STR-005,2025-01-13,8,7,False,
STR-005,2025-01-13,9,1,False,
STR-005,2025-01-13,10,9,False,
STR-005,2025-01-13,11,8,False,
STR-005,2025-01-13,12,13,False,
STR-005,2025-01-13,13,4,False,
STR-005,2025-01-13,14,10,False,
STR-005,2025-01-13,15,5,False,
STR-005,2025-01-13,16,4,False,
STR-005,2025-01-13,17,11,False,
STR-005,2025-01-13,18,10,False,
STR-005,2025-01-13,19,11,False,
STR-005,2025-01-13,20,8,False,
STR-005,2025-01-13,21,9,False,
STR-005,2025-01-13,22,6,False,
STR-005,2025-01-13,23,0,False,
STR-005,2025-01-14,0,0,False,Makar Sankranti / Pongal
STR-005,2025-01-14,1,0,False,Makar Sankranti / Pongal
STR-005,2025-01-14,2,0,False,Makar Sankranti / Pongal
STR-005,2025-01-14,3,0,False,Makar Sankranti / Pongal
STR-005,2025-01-14,4,0,False,Makar Sankranti / Pongal
STR-005,2025-01-14,5,0,False,Makar Sankranti / Pongal
STR-005,2025-01-14,6,4,False,Makar Sankranti / Pongal
STR-005,2025-01-14,7,8,False,Makar Sankranti / Pongal
STR-005,2025-01-14,8,6,False,Makar Sankranti / Pongal
STR-005,2025-01-14,9,12,False,Makar Sankranti / Pongal
STR-005,2025-01-14,10,9,False,Makar Sankranti / Pongal
STR-005,2025-01-14,11,8,False,Makar Sankranti / Pongal
STR-005,2025-01-14,12,9,False,Makar Sankranti / Pongal
STR-005,2025-01-14,13,12,False,Makar Sankranti / Pongal
STR-005,2025-01-14,14,19,False,Makar Sankranti / Pongal
STR-005,2025-01-14,15,16,False,Makar Sankranti / Pongal
STR-005,2025-01-14,16,7,False,Makar Sankranti / Pongal
STR-005,2025-01-14,17,14,False,Makar Sankranti / Pongal
STR-005,2025-01-14,18,17,False,Makar Sankranti / Pongal
STR-005,2025-01-14,19,25,False,Makar Sankranti / Pongal
STR-005,2025-01-14,20,21,False,Makar Sankranti / Pongal
STR-005,2025-01-14,21,11,False,Makar Sankranti / Pongal
STR-005,2025-01-14,22,4,False,Makar Sankranti / Pongal
STR-005,2025-01-14,23,1,False,Makar Sankranti / Pongal
STR-005,2025-01-15,0,0,False,
STR-005,2025-01-15,1,0,False,
STR-005,2025-01-15,2,0,False,
STR-005,2025-01-15,3,0,False,
STR-005,2025-01-15,4,0,False,
STR-005,2025-01-15,5,0,False,
STR-005,2025-01-15,6,2,False,
STR-005,2025-01-15,7,5,False,
STR-005,2025-01-15,8,4,False,
STR-005,2025-01-15,9,4,False,
STR-005,2025-01-15,10,9,False,
STR-005,2025-01-15,11,7,False,
STR-005,2025-01-15,12,9,False,
STR-005,2025-01-15,13,7,False,
STR-005,2025-01-15,14,5,False,
STR-005,2025-01-15,15,7,False,
STR-005,2025-01-15,16,4,False,
STR-005,2025-01-15,17,9,False,
STR-005,2025-01-15,18,5,False,
STR-005,2025-01-15,19,11,False,
STR-005,2025-01-15,20,7,False,
STR-005,2025-01-15,21,11,False,
STR-005,2025-01-15,22,1,False,
STR-005,2025-01-15,23,3,False,
STR-005,2025-01-16,0,0,False,
STR-005,2025-01-16,1,0,False,
STR-005,2025-01-16,2,0,False,
STR-005,2025-01-16,3,0,False,
STR-005,2025-01-16,4,0,False,
STR-005,2025-01-16,5,0,False,
STR-005,2025-01-16,6,0,False,
STR-005,2025-01-16,7,2,False,
STR-005,2025-01-16,8,6,False,
STR-005,2025-01-16,9,2,False,
STR-005,2025-01-16,10,8,False,
STR-005,2025-01-16,11,2,False,
STR-005,2025-01-16,12,6,False,
STR-005,2025-01-16,13,9,False,
STR-005,2025-01-16,14,6,False,
STR-005,2025-01-16,15,10,False,
STR-005,2025-01-16,16,4,False,
STR-005,2025-01-16,17,7,False,
STR-005,2025-01-16,18,12,False,
STR-005,2025-01-16,19,15,False,
STR-005,2025-01-16,20,14,False,
STR-005,2025-01-16,21,11,False,
STR-005,2025-01-16,22,3,False,
STR-005,2025-01-16,23,1,False,
STR-005,2025-01-17,0,0,False,
STR-005,2025-01-17,1,0,False,
STR-005,2025-01-17,2,0,False,
STR-005,2025-01-17,3,0,False,
STR-005,2025-01-17,4,0,False,
STR-005,2025-01-17,5,0,False,
STR-005,2025-01-17,6,3,False,
STR-005,2025-01-17,7,2,False,
STR-005,2025-01-17,8,3,False,
STR-005,2025-01-17,9,8,False,
STR-005,2025-01-17,10,3,False,
STR-005,2025-01-17,11,7,False,
STR-005,2025-01-17,12,6,False,
STR-005,2025-01-17,13,6,False,
STR-005,2025-01-17,14,3,False,
STR-005,2025-01-17,15,6,False,
STR-005,2025-01-17,16,7,False,
STR-005,2025-01-17,17,5,False,
STR-005,2025-01-17,18,9,False,
STR-005,2025-01-17,19,9,False,
STR-005,2025-01-17,20,9,False,
STR-005,2025-01-17,21,12,False,
STR-005,2025-01-17,22,3,False,
STR-005,2025-01-17,23,4,False,
STR-005,2025-01-18,0,0,True,
STR-005,2025-01-18,1,0,True,
STR-005,2025-01-18,2,0,True,
STR-005,2025-01-18,3,0,True,
STR-005,2025-01-18,4,0,True,
STR-005,2025-01-18,5,0,True,
STR-005,2025-01-18,6,2,True,
STR-005,2025-01-18,7,4,True,
STR-005,2025-01-18,8,9,True,
STR-005,2025-01-18,9,12,True,
STR-005,2025-01-18,10,5,True,
STR-005,2025-01-18,11,3,True,
STR-005,2025-01-18,12,5,True,
STR-005,2025-01-18,13,19,True,
STR-005,2025-01-18,14,8,True,
STR-005,2025-01-18,15,12,True,
STR-005,2025-01-18,16,5,True,
STR-005,2025-01-18,17,4,True,
STR-005,2025-01-18,18,12,True,
STR-005,2025-01-18,19,18,True,
STR-005,2025-01-18,20,11,True,
STR-005,2025-01-18,21,10,True,
STR-005,2025-01-18,22,8,True,
STR-005,2025-01-18,23,1,True,
STR-005,2025-01-19,0,0,True,
STR-005,2025-01-19,1,0,True,
STR-005,2025-01-19,2,0,True,
STR-005,2025-01-19,3,0,True,
STR-005,2025-01-19,4,0,True,
STR-005,2025-01-19,5,0,True,
STR-005,2025-01-19,6,4,True,
STR-005,2025-01-19,7,2,True,
STR-005,2025-01-19,8,3,True,
STR-005,2025-01-19,9,7,True,
STR-005,2025-01-19,10,10,True,
STR-005,2025-01-19,11,3,True,
STR-005,2025-01-19,12,17,True,
STR-005,2025-01-19,13,15,True,
STR-005,2025-01-19,14,9,True,
STR-005,2025-01-19,15,10,True,
STR-005,2025-01-19,16,11,True,
STR-005,2025-01-19,17,14,True,
STR-005,2025-01-19,18,17,True,
STR-005,2025-01-19,19,11,True,
STR-005,2025-01-19,20,16,True,
STR-005,2025-01-19,21,9,True,
STR-005,2025-01-19,22,7,True,
STR-005,2025-01-19,23,3,True,
STR-005,2025-01-20,0,0,False,
STR-005,2025-01-20,1,0,False,
STR-005,2025-01-20,2,0,False,
STR-005,2025-01-20,3,0,False,
STR-005,2025-01-20,4,0,False,
STR-005,2025-01-20,5,0,False,
STR-005,2025-01-20,6,1,False,
STR-005,2025-01-20,7,3,False,
STR-005,2025-01-20,8,5,False,
STR-005,2025-01-20,9,7,False,
STR-005,2025-01-20,10,4,False,
STR-005,2025-01-20,11,5,False,
STR-005,2025-01-20,12,13,False,
STR-005,2025-01-20,13,11,False,
STR-005,2025-01-20,14,7,False,
STR-005,2025-01-20,15,6,False,
STR-005,2025-01-20,16,8,False,
STR-005,2025-01-20,17,6,False,
STR-005,2025-01-20,18,16,False,
STR-005,2025-01-20,19,16,False,
STR-005,2025-01-20,20,6,False,
STR-005,2025-01-20,21,13,False,
STR-005,2025-01-20,22,4,False,
STR-005,2025-01-20,23,3,False,
STR-005,2025-01-21,0,0,False,
STR-005,2025-01-21,1,0,False,
STR-005,2025-01-21,2,0,False,
STR-005,2025-01-21,3,0,False,
STR-005,2025-01-21,4,0,False,
STR-005,2025-01-21,5,0,False,
STR-005,2025-01-21,6,0,False,
STR-005,2025-01-21,7,3,False,
STR-005,2025-01-21,8,6,False,
STR-005,2025-01-21,9,2,False,
STR-005,2025-01-21,10,6,False,
STR-005,2025-01-21,11,1,False,
STR-005,2025-01-21,12,8,False,
STR-005,2025-01-21,13,11,False,
STR-005,2025-01-21,14,6,False,
STR-005,2025-01-21,15,6,False,
STR-005,2025-01-21,16,6,False,
STR-005,2025-01-21,17,8,False,
STR-005,2025-01-21,18,7,False,
STR-005,2025-01-21,19,10,False,
STR-005,2025-01-21,20,10,False,
STR-005,2025-01-21,21,7,False,
STR-005,2025-01-21,22,1,False,
STR-005,2025-01-21,23,2,False,
STR-005,2025-01-22,0,0,False,
STR-005,2025-01-22,1,0,False,
STR-005,2025-01-22,2,0,False,
STR-005,2025-01-22,3,0,False,
STR-005,2025-01-22,4,0,False,
STR-005,2025-01-22,5,0,False,
STR-005,2025-01-22,6,2,False,
STR-005,2025-01-22,7,2,False,
STR-005,2025-01-22,8,11,False,
STR-005,2025-01-22,9,7,False,
STR-005,2025-01-22,10,9,False,
STR-005,2025-01-22,11,5,False,
STR-005,2025-01-22,12,7,False,
STR-005,2025-01-22,13,12,False,
STR-005,2025-01-22,14,7,False,
STR-005,2025-01-22,15,8,False,
STR-005,2025-01-22,16,9,False,
STR-005,2025-01-22,17,7,False,
STR-005,2025-01-22,18,9,False,
STR-005,2025-01-22,19,12,False,
STR-005,2025-01-22,20,17,False,
STR-005,2025-01-22,21,6,False,
STR-005,2025-01-22,22,2,False,
STR-005,2025-01-22,23,2,False,
STR-005,2025-01-23,0,0,False,
STR-005,2025-01-23,1,0,False,
STR-005,2025-01-23,2,0,False,
STR-005,2025-01-23,3,0,False,
STR-005,2025-01-23,4,0,False,
STR-005,2025-01-23,5,0,False,
STR-005,2025-01-23,6,2,False,
STR-005,2025-01-23,7,1,False,
STR-005,2025-01-23,8,4,False,
STR-005,2025-01-23,9,4,False,
STR-005,2025-01-23,10,6,False,
STR-005,2025-01-23,11,8,False,
STR-005,2025-01-23,12,6,False,
STR-005,2025-01-23,13,7,False,
STR-005,2025-01-23,14,7,False,
STR-005,2025-01-23,15,7,False,
STR-005,2025-01-23,16,9,False,
STR-005,2025-01-23,17,6,False,
STR-005,2025-01-23,18,6,False,
STR-005,2025-01-23,19,12,False,
STR-005,2025-01-23,20,8,False,
STR-005,2025-01-23,21,6,False,
STR-005,2025-01-23,22,2,False,
STR-005,2025-01-23,23,3,False,
STR-005,2025-01-24,0,0,False,
STR-005,2025-01-24,1,0,False,
STR-005,2025-01-24,2,0,False,
STR-005,2025-01-24,3,0,False,
STR-005,2025-01-24,4,0,False,
STR-005,2025-01-24,5,0,False,
STR-005,2025-01-24,6,1,False,
STR-005,2025-01-24,7,4,False,
STR-005,2025-01-24,8,2,False,
STR-005,2025-01-24,9,8,False,
STR-005,2025-01-24,10,4,False,
STR-005,2025-01-24,11,11,False,
STR-005,2025-01-24,12,16,False,
STR-005,2025-01-24,13,16,False,
STR-005,2025-01-24,14,7,False,
STR-005,2025-01-24,15,9,False,
STR-005,2025-01-24,16,10,False,
STR-005,2025-01-24,17,7,False,
STR-005,2025-01-24,18,10,False,
STR-005,2025-01-24,19,14,False,
STR-005,2025-01-24,20,10,False,
STR-005,2025-01-24,21,8,False,
STR-005,2025-01-24,22,1,False,
STR-005,2025-01-24,23,0,False,
STR-005,2025-01-25,0,0,True,
STR-005,2025-01-25,1,0,True,
STR-005,2025-01-25,2,0,True,
STR-005,2025-01-25,3,0,True,
STR-005,2025-01-25,4,0,True,
STR-005,2025-01-25,5,0,True,
STR-005,2025-01-25,6,0,True,
STR-005,2025-01-25,7,5,True,
STR-005,2025-01-25,8,7,True,
STR-005,2025-01-25,9,9,True,
STR-005,2025-01-25,10,11,True,
STR-005,2025-01-25,11,16,True,
STR-005,2025-01-25,12,15,True,
STR-005,2025-01-25,13,8,True,
STR-005,2025-01-25,14,10,True,
STR-005,2025-01-25,15,12,True,
STR-005,2025-01-25,16,10,True,
STR-005,2025-01-25,17,9,True,
STR-005,2025-01-25,18,23,True,
STR-005,2025-01-25,19,13,True,
STR-005,2025-01-25,20,22,True,
STR-005,2025-01-25,21,9,True,
STR-005,2025-01-25,22,5,True,
STR-005,2025-01-25,23,0,True,
STR-005,2025-01-26,0,0,True,Republic Day
STR-005,2025-01-26,1,0,True,Republic Day
STR-005,2025-01-26,2,0,True,Republic Day
STR-005,2025-01-26,3,0,True,Republic Day
STR-005,2025-01-26,4,0,True,Republic Day
STR-005,2025-01-26,5,0,True,Republic Day
STR-005,2025-01-26,6,3,True,Republic Day
STR-005,2025-01-26,7,11,True,Republic Day
STR-005,2025-01-26,8,12,True,Republic Day
STR-005,2025-01-26,9,11,True,Republic Day
STR-005,2025-01-26,10,16,True,Republic Day
STR-005,2025-01-26,11,13,True,Republic Day
STR-005,2025-01-26,12,28,True,Republic Day
STR-005,2025-01-26,13,21,True,Republic Day
STR-005,2025-01-26,14,19,True,Republic Day
STR-005,2025-01-26,15,17,True,Republic Day
STR-005,2025-01-26,16,16,True,Republic Day
STR-005,2025-01-26,17,14,True,Republic Day
STR-005,2025-01-26,18,29,True,Republic Day
STR-005,2025-01-26,19,40,True,Republic Day
STR-005,2025-01-26,20,22,True,Republic Day
STR-005,2025-01-26,21,17,True,Republic Day
STR-005,2025-01-26,22,8,True,Republic Day
STR-005,2025-01-26,23,7,True,Republic Day
STR-005,2025-01-27,0,0,False,
STR-005,2025-01-27,1,0,False,
STR-005,2025-01-27,2,0,False,
STR-005,2025-01-27,3,0,False,
STR-005,2025-01-27,4,0,False,
STR-005,2025-01-27,5,0,False,
STR-005,2025-01-27,6,2,False,
STR-005,2025-01-27,7,5,False,
STR-005,2025-01-27,8,5,False,
STR-005,2025-01-27,9,3,False,
STR-005,2025-01-27,10,5,False,
STR-005,2025-01-27,11,6,False,
STR-005,2025-01-27,12,9,False,
STR-005,2025-01-27,13,12,False,
STR-005,2025-01-27,14,7,False,
STR-005,2025-01-27,15,4,False,
STR-005,2025-01-27,16,13,False,
STR-005,2025-01-27,17,2,False,
STR-005,2025-01-27,18,8,False,
STR-005,2025-01-27,19,11,False,
STR-005,2025-01-27,20,8,False,
STR-005,2025-01-27,21,7,False,
STR-005,2025-01-27,22,5,False,
STR-005,2025-01-27,23,0,False,
STR-005,2025-01-28,0,0,False,
STR-005,2025-01-28,1,0,False,
STR-005,2025-01-28,2,0,False,
STR-005,2025-01-28,3,0,False,
STR-005,2025-01-28,4,0,False,
STR-005,2025-01-28,5,0,False,
STR-005,2025-01-28,6,2,False,
STR-005,2025-01-28,7,2,False,
STR-005,2025-01-28,8,3,False,
STR-005,2025-01-28,9,4,False,
STR-005,2025-01-28,10,7,False,
STR-005,2025-01-28,11,4,False,
STR-005,2025-01-28,12,8,False,
STR-005,2025-01-28,13,2,False,
STR-005,2025-01-28,14,7,False,
STR-005,2025-01-28,15,5,False,
STR-005,2025-01-28,16,3,False,
STR-005,2025-01-28,17,9,False,
STR-005,2025-01-28,18,8,False,
STR-005,2025-01-28,19,17,False,
STR-005,2025-01-28,20,8,False,
STR-005,2025-01-28,21,7,False,
STR-005,2025-01-28,22,1,False,
STR-005,2025-01-28,23,3,False,
STR-005,2025-01-29,0,0,False,
STR-005,2025-01-29,1,0,False,
STR-005,2025-01-29,2,0,False,
STR-005,2025-01-29,3,0,False,
STR-005,2025-01-29,4,0,False,
STR-005,2025-01-29,5,0,False,
STR-005,2025-01-29,6,1,False,
STR-005,2025-01-29,7,3,False,
STR-005,2025-01-29,8,4,False,
STR-005,2025-01-29,9,4,False,
STR-005,2025-01-29,10,3,False,
STR-005,2025-01-29,11,10,False,
STR-005,2025-01-29,12,7,False,
STR-005,2025-01-29,13,6,False,
STR-005,2025-01-29,14,4,False,
STR-005,2025-01-29,15,8,False,
STR-005,2025-01-29,16,9,False,
STR-005,2025-01-29,17,3,False,
STR-005,2025-01-29,18,11,False,
STR-005,2025-01-29,19,14,False,
STR-005,2025-01-29,20,15,False,
STR-005,2025-01-29,21,9,False,
STR-005,2025-01-29,22,4,False,
STR-005,2025-01-29,23,1,False,
STR-005,2025-01-30,0,0,False,
STR-005,2025-01-30,1,0,False,
STR-005,2025-01-30,2,0,False,
STR-005,2025-01-30,3,0,False,
STR-005,2025-01-30,4,0,False,
STR-005,2025-01-30,5,0,False,
STR-005,2025-01-30,6,1,False,
STR-005,2025-01-30,7,1,False,
STR-005,2025-01-30,8,4,False,
STR-005,2025-01-30,9,5,False,
STR-005,2025-01-30,10,4,False,
STR-005,2025-01-30,11,6,False,
STR-005,2025-01-30,12,9,False,
STR-005,2025-01-30,13,11,False,
STR-005,2025-01-30,14,7,False,
STR-005,2025-01-30,15,8,False,
STR-005,2025-01-30,16,9,False,
STR-005,2025-01-30,17,10,False,
STR-005,2025-01-30,18,14,False,
STR-005,2025-01-30,19,14,False,
STR-005,2025-01-30,20,6,False,
STR-005,2025-01-30,21,10,False,
STR-005,2025-01-30,22,2,False,
STR-005,2025-01-30,23,1,False,
STR-005,2025-01-31,0,0,False,
STR-005,2025-01-31,1,0,False,
STR-005,2025-01-31,2,0,False,
STR-005,2025-01-31,3,0,False,
STR-005,2025-01-31,4,0,False,
STR-005,2025-01-31,5,0,False,
STR-005,2025-01-31,6,2,False,
STR-005,2025-01-31,7,1,False,
STR-005,2025-01-31,8,2,False,
STR-005,2025-01-31,9,6,False,
STR-005,2025-01-31,10,9,False,
STR-005,2025-01-31,11,4,False,
STR-005,2025-01-31,12,13,False,
STR-005,2025-01-31,13,4,False,
STR-005,2025-01-31,14,6,False,
STR-005,2025-01-31,15,4,False,
STR-005,2025-01-31,16,6,False,
STR-005,2025-01-31,17,5,False,
STR-005,2025-01-31,18,12,False,
STR-005,2025-01-31,19,12,False,
STR-005,2025-01-31,20,10,False,
STR-005,2025-01-31,21,14,False,
STR-005,2025-01-31,22,3,False,
STR-005,2025-01-31,23,3,False,
STR-005,2025-02-01,0,0,True,
STR-005,2025-02-01,1,0,True,
STR-005,2025-02-01,2,0,True,
STR-005,2025-02-01,3,0,True,
STR-005,2025-02-01,4,0,True,
STR-005,2025-02-01,5,0,True,
STR-005,2025-02-01,6,4,True,
STR-005,2025-02-01,7,5,True,
STR-005,2025-02-01,8,4,True,
STR-005,2025-02-01,9,15,True,
STR-005,2025-02-01,10,9,True,
STR-005,2025-02-01,11,7,True,
STR-005,2025-02-01,12,23,True,
STR-005,2025-02-01,13,9,True,
STR-005,2025-02-01,14,9,True,
STR-005,2025-02-01,15,10,True,
STR-005,2025-02-01,16,9,True,
STR-005,2025-02-01,17,12,True,
STR-005,2025-02-01,18,10,True,
STR-005,2025-02-01,19,17,True,
STR-005,2025-02-01,20,8,True,
STR-005,2025-02-01,21,13,True,
STR-005,2025-02-01,22,3,True,
STR-005,2025-02-01,23,1,True,
STR-005,2025-02-02,0,0,True,
STR-005,2025-02-02,1,0,True,
STR-005,2025-02-02,2,0,True,
STR-005,2025-02-02,3,0,True,
STR-005,2025-02-02,4,0,True,
STR-005,2025-02-02,5,0,True,
STR-005,2025-02-02,6,0,True,
STR-005,2025-02-02,7,4,True,
STR-005,2025-02-02,8,4,True,
STR-005,2025-02-02,9,4,True,
STR-005,2025-02-02,10,3,True,
STR-005,2025-02-02,11,11,True,
STR-005,2025-02-02,12,11,True,
STR-005,2025-02-02,13,12,True,
STR-005,2025-02-02,14,12,True,
STR-005,2025-02-02,15,8,True,
STR-005,2025-02-02,16,11,True,
STR-005,2025-02-02,17,12,True,
STR-005,2025-02-02,18,19,True,
STR-005,2025-02-02,19,23,True,
STR-005,2025-02-02,20,21,True,
STR-005,2025-02-02,21,18,True,
STR-005,2025-02-02,22,1,True,
STR-005,2025-02-02,23,1,True,
STR-005,2025-02-03,0,0,False,
STR-005,2025-02-03,1,0,False,
STR-005,2025-02-03,2,0,False,
STR-005,2025-02-03,3,0,False,
STR-005,2025-02-03,4,0,False,
STR-005,2025-02-03,5,0,False,
STR-005,2025-02-03,6,1,False,
STR-005,2025-02-03,7,2,False,
STR-005,2025-02-03,8,6,False,
STR-005,2025-02-03,9,4,False,
STR-005,2025-02-03,10,6,False,
STR-005,2025-02-03,11,6,False,
STR-005,2025-02-03,12,8,False,
STR-005,2025-02-03,13,7,False,
STR-005,2025-02-03,14,9,False,
STR-005,2025-02-03,15,4,False,
STR-005,2025-02-03,16,5,False,
STR-005,2025-02-03,17,3,False,
STR-005,2025-02-03,18,18,False,
STR-005,2025-02-03,19,13,False,
STR-005,2025-02-03,20,5,False,
STR-005,2025-02-03,21,9,False,
STR-005,2025-02-03,22,2,False,
STR-005,2025-02-03,23,1,False,
STR-005,2025-02-04,0,0,False,
STR-005,2025-02-04,1,0,False,
STR-005,2025-02-04,2,0,False,
STR-005,2025-02-04,3,0,False,
STR-005,2025-02-04,4,0,False,
STR-005,2025-02-04,5,0,False,
STR-005,2025-02-04,6,0,False,
STR-005,2025-02-04,7,3,False,
STR-005,2025-02-04,8,6,False,
STR-005,2025-02-04,9,9,False,
STR-005,2025-02-04,10,8,False,
STR-005,2025-02-04,11,7,False,
STR-005,2025-02-04,12,8,False,
STR-005,2025-02-04,13,7,False,
STR-005,2025-02-04,14,5,False,
STR-005,2025-02-04,15,10,False,
STR-005,2025-02-04,16,7,False,
STR-005,2025-02-04,17,7,False,
STR-005,2025-02-04,18,8,False,
STR-005,2025-02-04,19,16,False,
STR-005,2025-02-04,20,10,False,
STR-005,2025-02-04,21,9,False,
STR-005,2025-02-04,22,4,False,
STR-005,2025-02-04,23,3,False,
STR-005,2025-02-05,0,0,False,
STR-005,2025-02-05,1,0,False,
STR-005,2025-02-05,2,0,False,
STR-005,2025-02-05,3,0,False,
STR-005,2025-02-05,4,0,False,
STR-005,2025-02-05,5,0,False,
STR-005,2025-02-05,6,3,False,
STR-005,2025-02-05,7,3,False,
STR-005,2025-02-05,8,9,False,
STR-005,2025-02-05,9,4,False,
STR-005,2025-02-05,10,5,False,
STR-005,2025-02-05,11,8,False,
STR-005,2025-02-05,12,9,False,
STR-005,2025-02-05,13,11,False,
STR-005,2025-02-05,14,8,False,
STR-005,2025-02-05,15,10,False,
STR-005,2025-02-05,16,7,False,
STR-005,2025-02-05,17,6,False,
STR-005,2025-02-05,18,12,False,
STR-005,2025-02-05,19,21,False,
STR-005,2025-02-05,20,13,False,
STR-005,2025-02-05,21,11,False,
STR-005,2025-02-05,22,4,False,
STR-005,2025-02-05,23,1,False,
STR-005,2025-02-06,0,0,False,
STR-005,2025-02-06,1,0,False,
STR-005,2025-02-06,2,0,False,
STR-005,2025-02-06,3,0,False,
STR-005,2025-02-06,4,0,False,
STR-005,2025-02-06,5,0,False,
STR-005,2025-02-06,6,2,False,
STR-005,2025-02-06,7,2,False,
STR-005,2025-02-06,8,4,False,
STR-005,2025-02-06,9,9,False,
STR-005,2025-02-06,10,7,False,
STR-005,2025-02-06,11,13,False,
STR-005,2025-02-06,12,12,False,
STR-005,2025-02-06,13,12,False,
STR-005,2025-02-06,14,15,False,
STR-005,2025-02-06,15,12,False,
STR-005,2025-02-06,16,6,False,
STR-005,2025-02-06,17,10,False,
STR-005,2025-02-06,18,7,False,
STR-005,2025-02-06,19,14,False,
STR-005,2025-02-06,20,8,False,
STR-005,2025-02-06,21,6,False,
STR-005,2025-02-06,22,7,False,
STR-005,2025-02-06,23,0,False,
STR-005,2025-02-07,0,0,False,
STR-005,2025-02-07,1,0,False,
STR-005,2025-02-07,2,0,False,
STR-005,2025-02-07,3,0,False,
STR-005,2025-02-07,4,0,False,
STR-005,2025-02-07,5,0,False,
STR-005,2025-02-07,6,1,False,
STR-005,2025-02-07,7,1,False,
STR-005,2025-02-07,8,2,False,
STR-005,2025-02-07,9,7,False,
STR-005,2025-02-07,10,7,False,
STR-005,2025-02-07,11,5,False,
STR-005,2025-02-07,12,8,False,
STR-005,2025-02-07,13,5,False,
STR-005,2025-02-07,14,8,False,
STR-005,2025-02-07,15,8,False,
STR-005,2025-02-07,16,4,False,
STR-005,2025-02-07,17,8,False,
STR-005,2025-02-07,18,15,False,
STR-005,2025-02-07,19,12,False,
STR-005,2025-02-07,20,9,False,
STR-005,2025-02-07,21,8,False,
STR-005,2025-02-07,22,2,False,
STR-005,2025-02-07,23,2,False,
STR-005,2025-02-08,0,0,True,
STR-005,2025-02-08,1,0,True,
STR-005,2025-02-08,2,0,True,
STR-005,2025-02-08,3,0,True,
STR-005,2025-02-08,4,0,True,
STR-005,2025-02-08,5,0,True,
STR-005,2025-02-08,6,1,True,
STR-005,2025-02-08,7,1,True,
STR-005,2025-02-08,8,4,True,
STR-005,2025-02-08,9,4,True,
STR-005,2025-02-08,10,8,True,
STR-005,2025-02-08,11,3,True,
STR-005,2025-02-08,12,16,True,
STR-005,2025-02-08,13,7,True,
STR-005,2025-02-08,14,15,True,
STR-005,2025-02-08,15,6,True,
STR-005,2025-02-08,16,4,True,
STR-005,2025-02-08,17,12,True,
STR-005,2025-02-08,18,9,True,
STR-005,2025-02-08,19,8,True,
STR-005,2025-02-08,20,16,True,
STR-005,2025-02-08,21,10,True,
STR-005,2025-02-08,22,3,True,
STR-005,2025-02-08,23,1,True,
STR-005,2025-02-09,0,0,True,
STR-005,2025-02-09,1,0,True,
STR-005,2025-02-09,2,0,True,
STR-005,2025-02-09,3,0,True,
STR-005,2025-02-09,4,0,True,
STR-005,2025-02-09,5,0,True,
STR-005,2025-02-09,6,3,True,
STR-005,2025-02-09,7,2,True,
STR-005,2025-02-09,8,4,True,
STR-005,2025-02-09,9,8,True,
STR-005,2025-02-09,10,16,True,
STR-005,2025-02-09,11,6,True,
STR-005,2025-02-09,12,15,True,
STR-005,2025-02-09,13,10,True,
STR-005,2025-02-09,14,12,True,
STR-005,2025-02-09,15,9,True,
STR-005,2025-02-09,16,8,True,
STR-005,2025-02-09,17,10,True,
STR-005,2025-02-09,18,14,True,
STR-005,2025-02-09,19,15,True,
STR-005,2025-02-09,20,7,True,
STR-005,2025-02-09,21,7,True,
STR-005,2025-02-09,22,4,True,
STR-005,2025-02-09,23,0,True,
STR-005,2025-02-10,0,0,False,
STR-005,2025-02-10,1,0,False,
STR-005,2025-02-10,2,0,False,
STR-005,2025-02-10,3,0,False,
STR-005,2025-02-10,4,0,False,
STR-005,2025-02-10,5,0,False,
STR-005,2025-02-10,6,0,False,
STR-005,2025-02-10,7,1,False,
STR-005,2025-02-10,8,7,False,
STR-005,2025-02-10,9,5,False,
STR-005,2025-02-10,10,9,False,
STR-005,2025-02-10,11,3,False,
STR-005,2025-02-10,12,4,False,
STR-005,2025-02-10,13,9,False,
STR-005,2025-02-10,14,14,False,
STR-005,2025-02-10,15,9,False,
STR-005,2025-02-10,16,7,False,
STR-005,2025-02-10,17,11,False,
STR-005,2025-02-10,18,13,False,
STR-005,2025-02-10,19,14,False,
STR-005,2025-02-10,20,7,False,
STR-005,2025-02-10,21,12,False,
STR-005,2025-02-10,22,2,False,
STR-005,2025-02-10,23,2,False,
STR-005,2025-02-11,0,0,False,
STR-005,2025-02-11,1,0,False,
STR-005,2025-02-11,2,0,False,
STR-005,2025-02-11,3,0,False,
STR-005,2025-02-11,4,0,False,
STR-005,2025-02-11,5,0,False,
STR-005,2025-02-11,6,1,False,
STR-005,2025-02-11,7,5,False,
STR-005,2025-02-11,8,0,False,
STR-005,2025-02-11,9,7,False,
STR-005,2025-02-11,10,6,False,
STR-005,2025-02-11,11,4,False,
STR-005,2025-02-11,12,11,False,
STR-005,2025-02-11,13,5,False,
STR-005,2025-02-11,14,7,False,
STR-005,2025-02-11,15,10,False,
STR-005,2025-02-11,16,5,False,
STR-005,2025-02-11,17,5,False,
STR-005,2025-02-11,18,11,False,
STR-005,2025-02-11,19,11,False,
STR-005,2025-02-11,20,11,False,
STR-005,2025-02-11,21,5,False,
STR-005,2025-02-11,22,1,False,
STR-005,2025-02-11,23,2,False,
STR-005,2025-02-12,0,0,False,
STR-005,2025-02-12,1,0,False,
STR-005,2025-02-12,2,0,False,
STR-005,2025-02-12,3,0,False,
STR-005,2025-02-12,4,0,False,
STR-005,2025-02-12,5,0,False,
STR-005,2025-02-12,6,4,False,
STR-005,2025-02-12,7,3,False,
STR-005,2025-02-12,8,4,False,
STR-005,2025-02-12,9,9,False,
STR-005,2025-02-12,10,9,False,
STR-005,2025-02-12,11,3,False,
STR-005,2025-02-12,12,8,False,
STR-005,2025-02-12,13,8,False,
STR-005,2025-02-12,14,8,False,
STR-005,2025-02-12,15,9,False,
STR-005,2025-02-12,16,6,False,
STR-005,2025-02-12,17,10,False,
STR-005,2025-02-12,18,8,False,
STR-005,2025-02-12,19,17,False,
STR-005,2025-02-12,20,8,False,
STR-005,2025-02-12,21,9,False,
STR-005,2025-02-12,22,2,False,
STR-005,2025-02-12,23,2,False,
STR-005,2025-02-13,0,0,False,
STR-005,2025-02-13,1,0,False,
STR-005,2025-02-13,2,0,False,
STR-005,2025-02-13,3,0,False,
STR-005,2025-02-13,4,0,False,
STR-005,2025-02-13,5,0,False,
STR-005,2025-02-13,6,2,False,
STR-005,2025-02-13,7,3,False,
STR-005,2025-02-13,8,4,False,
STR-005,2025-02-13,9,6,False,
STR-005,2025-02-13,10,5,False,
STR-005,2025-02-13,11,3,False,
STR-005,2025-02-13,12,10,False,
STR-005,2025-02-13,13,4,False,
STR-005,2025-02-13,14,7,False,
STR-005,2025-02-13,15,4,False,
STR-005,2025-02-13,16,14,False,
STR-005,2025-02-13,17,5,False,
STR-005,2025-02-13,18,9,False,
STR-005,2025-02-13,19,13,False,
STR-005,2025-02-13,20,13,False,
STR-005,2025-02-13,21,8,False,
STR-005,2025-02-13,22,4,False,
STR-005,2025-02-13,23,0,False,
STR-005,2025-02-14,0,0,False,
STR-005,2025-02-14,1,0,False,
STR-005,2025-02-14,2,0,False,
STR-005,2025-02-14,3,0,False,
STR-005,2025-02-14,4,0,False,
STR-005,2025-02-14,5,0,False,
STR-005,2025-02-14,6,1,False,
STR-005,2025-02-14,7,6,False,
STR-005,2025-02-14,8,5,False,
STR-005,2025-02-14,9,5,False,
STR-005,2025-02-14,10,7,False,
STR-005,2025-02-14,11,3,False,
STR-005,2025-02-14,12,7,False,
STR-005,2025-02-14,13,6,False,
STR-005,2025-02-14,14,4,False,
STR-005,2025-02-14,15,5,False,
STR-005,2025-02-14,16,7,False,
STR-005,2025-02-14,17,7,False,
STR-005,2025-02-14,18,8,False,
STR-005,2025-02-14,19,12,False,
STR-005,2025-02-14,20,15,False,
STR-005,2025-02-14,21,9,False,
STR-005,2025-02-14,22,2,False,
STR-005,2025-02-14,23,1,False,
STR-005,2025-02-15,0,0,True,
STR-005,2025-02-15,1,0,True,
STR-005,2025-02-15,2,0,True,
STR-005,2025-02-15,3,0,True,
STR-005,2025-02-15,4,0,True,
STR-005,2025-02-15,5,0,True,
STR-005,2025-02-15,6,1,True,
STR-005,2025-02-15,7,4,True,
STR-005,2025-02-15,8,5,True,
STR-005,2025-02-15,9,7,True,
STR-005,2025-02-15,10,5,True,
STR-005,2025-02-15,11,4,True,
STR-005,2025-02-15,12,13,True,
STR-005,2025-02-15,13,8,True,
STR-005,2025-02-15,14,5,True,
STR-005,2025-02-15,15,9,True,
STR-005,2025-02-15,16,8,True,
STR-005,2025-02-15,17,11,True,
STR-005,2025-02-15,18,17,True,
STR-005,2025-02-15,19,16,True,
STR-005,2025-02-15,20,13,True,
STR-005,2025-02-15,21,10,True,
STR-005,2025-02-15,22,0,True,
STR-005,2025-02-15,23,0,True,
STR-005,2025-02-16,0,0,True,
STR-005,2025-02-16,1,0,True,
STR-005,2025-02-16,2,0,True,
STR-005,2025-02-16,3,0,True,
STR-005,2025-02-16,4,0,True,
STR-005,2025-02-16,5,0,True,
STR-005,2025-02-16,6,2,True,
STR-005,2025-02-16,7,4,True,
STR-005,2025-02-16,8,5,True,
STR-005,2025-02-16,9,3,True,
STR-005,2025-02-16,10,8,True,
STR-005,2025-02-16,11,8,True,
STR-005,2025-02-16,12,11,True,
STR-005,2025-02-16,13,9,True,
STR-005,2025-02-16,14,6,True,
STR-005,2025-02-16,15,11,True,
STR-005,2025-02-16,16,13,True,
STR-005,2025-02-16,17,6,True,
STR-005,2025-02-16,18,16,True,
STR-005,2025-02-16,19,17,True,
STR-005,2025-02-16,20,22,True,
STR-005,2025-02-16,21,12,True,
STR-005,2025-02-16,22,1,True,
STR-005,2025-02-16,23,2,True,
STR-005,2025-02-17,0,0,False,
STR-005,2025-02-17,1,0,False,
STR-005,2025-02-17,2,0,False,
STR-005,2025-02-17,3,0,False,
STR-005,2025-02-17,4,0,False,
STR-005,2025-02-17,5,0,False,
STR-005,2025-02-17,6,1,False,
STR-005,2025-02-17,7,1,False,
STR-005,2025-02-17,8,3,False,
STR-005,2025-02-17,9,4,False,
STR-005,2025-02-17,10,7,False,
STR-005,2025-02-17,11,4,False,
STR-005,2025-02-17,12,11,False,
STR-005,2025-02-17,13,14,False,
STR-005,2025-02-17,14,7,False,
STR-005,2025-02-17,15,9,False,
STR-005,2025-02-17,16,9,False,
STR-005,2025-02-17,17,3,False,
STR-005,2025-02-17,18,11,False,
STR-005,2025-02-17,19,22,False,
STR-005,2025-02-17,20,8,False,
STR-005,2025-02-17,21,11,False,
STR-005,2025-02-17,22,2,False,
STR-005,2025-02-17,23,1,False,
STR-005,2025-02-18,0,0,False,
STR-005,2025-02-18,1,0,False,
STR-005,2025-02-18,2,0,False,
STR-005,2025-02-18,3,0,False,
STR-005,2025-02-18,4,0,False,
STR-005,2025-02-18,5,0,False,
STR-005,2025-02-18,6,4,False,
STR-005,2025-02-18,7,3,False,
STR-005,2025-02-18,8,2,False,
STR-005,2025-02-18,9,2,False,
STR-005,2025-02-18,10,2,False,
STR-005,2025-02-18,11,11,False,
STR-005,2025-02-18,12,14,False,
STR-005,2025-02-18,13,14,False,
STR-005,2025-02-18,14,5,False,
STR-005,2025-02-18,15,2,False,
STR-005,2025-02-18,16,4,False,
STR-005,2025-02-18,17,12,False,
STR-005,2025-02-18,18,9,False,
STR-005,2025-02-18,19,11,False,
STR-005,2025-02-18,20,8,False,
STR-005,2025-02-18,21,5,False,
STR-005,2025-02-18,22,3,False,
STR-005,2025-02-18,23,0,False,
STR-005,2025-02-19,0,0,False,
STR-005,2025-02-19,1,0,False,
STR-005,2025-02-19,2,0,False,
STR-005,2025-02-19,3,0,False,
STR-005,2025-02-19,4,0,False,
STR-005,2025-02-19,5,0,False,
STR-005,2025-02-19,6,1,False,
STR-005,2025-02-19,7,5,False,
STR-005,2025-02-19,8,8,False,
STR-005,2025-02-19,9,6,False,
STR-005,2025-02-19,10,7,False,
STR-005,2025-02-19,11,8,False,
STR-005,2025-02-19,12,20,False,
STR-005,2025-02-19,13,9,False,
STR-005,2025-02-19,14,8,False,
STR-005,2025-02-19,15,6,False,
STR-005,2025-02-19,16,4,False,
STR-005,2025-02-19,17,7,False,
STR-005,2025-02-19,18,12,False,
STR-005,2025-02-19,19,13,False,
STR-005,2025-02-19,20,7,False,
STR-005,2025-02-19,21,13,False,
STR-005,2025-02-19,22,3,False,
STR-005,2025-02-19,23,3,False,
STR-005,2025-02-20,0,0,False,
STR-005,2025-02-20,1,0,False,
STR-005,2025-02-20,2,0,False,
STR-005,2025-02-20,3,0,False,
STR-005,2025-02-20,4,0,False,
STR-005,2025-02-20,5,0,False,
STR-005,2025-02-20,6,2,False,
STR-005,2025-02-20,7,2,False,
STR-005,2025-02-20,8,2,False,
STR-005,2025-02-20,9,8,False,
STR-005,2025-02-20,10,8,False,
STR-005,2025-02-20,11,4,False,
STR-005,2025-02-20,12,13,False,
STR-005,2025-02-20,13,4,False,
STR-005,2025-02-20,14,8,False,
STR-005,2025-02-20,15,6,False,
STR-005,2025-02-20,16,6,False,
STR-005,2025-02-20,17,9,False,
STR-005,2025-02-20,18,7,False,
STR-005,2025-02-20,19,11,False,
STR-005,2025-02-20,20,11,False,
STR-005,2025-02-20,21,7,False,
STR-005,2025-02-20,22,4,False,
STR-005,2025-02-20,23,1,False,
STR-005,2025-02-21,0,0,False,
STR-005,2025-02-21,1,0,False,
STR-005,2025-02-21,2,0,False,
STR-005,2025-02-21,3,0,False,
STR-005,2025-02-21,4,0,False,
STR-005,2025-02-21,5,0,False,
STR-005,2025-02-21,6,2,False,
STR-005,2025-02-21,7,3,False,
STR-005,2025-02-21,8,6,False,
STR-005,2025-02-21,9,8,False,
STR-005,2025-02-21,10,2,False,
STR-005,2025-02-21,11,7,False,
STR-005,2025-02-21,12,11,False,
STR-005,2025-02-21,13,11,False,
STR-005,2025-02-21,14,8,False,
STR-005,2025-02-21,15,3,False,
STR-005,2025-02-21,16,11,False,
STR-005,2025-02-21,17,4,False,
STR-005,2025-02-21,18,10,False,
STR-005,2025-02-21,19,16,False,
STR-005,2025-02-21,20,12,False,
STR-005,2025-02-21,21,7,False,
STR-005,2025-02-21,22,2,False,
STR-005,2025-02-21,23,1,False,
STR-005,2025-02-22,0,0,True,
STR-005,2025-02-22,1,0,True,
STR-005,2025-02-22,2,0,True,
STR-005,2025-02-22,3,0,True,
STR-005,2025-02-22,4,0,True,
STR-005,2025-02-22,5,0,True,
STR-005,2025-02-22,6,1,True,
STR-005,2025-02-22,7,4,True,
STR-005,2025-02-22,8,11,True,
STR-005,2025-02-22,9,8,True,
STR-005,2025-02-22,10,19,True,
STR-005,2025-02-22,11,8,True,
STR-005,2025-02-22,12,13,True,
STR-005,2025-02-22,13,7,True,
STR-005,2025-02-22,14,11,True,
STR-005,2025-02-22,15,11,True,
STR-005,2025-02-22,16,9,True,
STR-005,2025-02-22,17,11,True,
STR-005,2025-02-22,18,13,True,
STR-005,2025-02-22,19,19,True,
STR-005,2025-02-22,20,13,True,
STR-005,2025-02-22,21,12,True,
STR-005,2025-02-22,22,2,True,
STR-005,2025-02-22,23,3,True,
STR-005,2025-02-23,0,0,True,
STR-005,2025-02-23,1,0,True,
STR-005,2025-02-23,2,0,True,
STR-005,2025-02-23,3,0,True,
STR-005,2025-02-23,4,0,True,
STR-005,2025-02-23,5,0,True,
STR-005,2025-02-23,6,4,True,
STR-005,2025-02-23,7,1,True,
STR-005,2025-02-23,8,6,True,
STR-005,2025-02-23,9,10,True,
STR-005,2025-02-23,10,9,True,
STR-005,2025-02-23,11,8,True,
STR-005,2025-02-23,12,16,True,
STR-005,2025-02-23,13,10,True,
STR-005,2025-02-23,14,11,True,
STR-005,2025-02-23,15,4,True,
STR-005,2025-02-23,16,14,True,
STR-005,2025-02-23,17,10,True,
STR-005,2025-02-23,18,12,True,
STR-005,2025-02-23,19,16,True,
STR-005,2025-02-23,20,17,True,
STR-005,2025-02-23,21,7,True,
STR-005,2025-02-23,22,3,True,
STR-005,2025-02-23,23,2,True,
STR-005,2025-02-24,0,0,False,
STR-005,2025-02-24,1,0,False,
STR-005,2025-02-24,2,0,False,
STR-005,2025-02-24,3,0,False,
STR-005,2025-02-24,4,0,False,
STR-005,2025-02-24,5,0,False,
STR-005,2025-02-24,6,1,False,
STR-005,2025-02-24,7,4,False,
STR-005,2025-02-24,8,3,False,
STR-005,2025-02-24,9,9,False,
STR-005,2025-02-24,10,3,False,
STR-005,2025-02-24,11,4,False,
STR-005,2025-02-24,12,8,False,
STR-005,2025-02-24,13,6,False,
STR-005,2025-02-24,14,9,False,
STR-005,2025-02-24,15,7,False,
STR-005,2025-02-24,16,8,False,
STR-005,2025-02-24,17,8,False,
STR-005,2025-02-24,18,11,False,
STR-005,2025-02-24,19,14,False,
STR-005,2025-02-24,20,15,False,
STR-005,2025-02-24,21,6,False,
STR-005,2025-02-24,22,4,False,
STR-005,2025-02-24,23,0,False,
STR-005,2025-02-25,0,0,False,
STR-005,2025-02-25,1,0,False,
STR-005,2025-02-25,2,0,False,
STR-005,2025-02-25,3,0,False,
STR-005,2025-02-25,4,0,False,
STR-005,2025-02-25,5,0,False,
STR-005,2025-02-25,6,1,False,
STR-005,2025-02-25,7,0,False,
STR-005,2025-02-25,8,6,False,
STR-005,2025-02-25,9,0,False,
STR-005,2025-02-25,10,6,False,
STR-005,2025-02-25,11,6,False,
STR-005,2025-02-25,12,8,False,
STR-005,2025-02-25,13,13,False,
STR-005,2025-02-25,14,3,False,
STR-005,2025-02-25,15,11,False,
STR-005,2025-02-25,16,7,False,
STR-005,2025-02-25,17,10,False,
STR-005,2025-02-25,18,8,False,
STR-005,2025-02-25,19,13,False,
STR-005,2025-02-25,20,8,False,
STR-005,2025-02-25,21,10,False,
STR-005,2025-02-25,22,1,False,
STR-005,2025-02-25,23,1,False,
STR-005,2025-02-26,0,0,False,Maha Shivratri
STR-005,2025-02-26,1,0,False,Maha Shivratri
STR-005,2025-02-26,2,0,False,Maha Shivratri
STR-005,2025-02-26,3,0,False,Maha Shivratri
STR-005,2025-02-26,4,0,False,Maha Shivratri
STR-005,2025-02-26,5,0,False,Maha Shivratri
STR-005,2025-02-26,6,3,False,Maha Shivratri
STR-005,2025-02-26,7,5,False,Maha Shivratri
STR-005,2025-02-26,8,4,False,Maha Shivratri
STR-005,2025-02-26,9,8,False,Maha Shivratri
STR-005,2025-02-26,10,10,False,Maha Shivratri
STR-005,2025-02-26,11,7,False,Maha Shivratri
STR-005,2025-02-26,12,10,False,Maha Shivratri
STR-005,2025-02-26,13,14,False,Maha Shivratri
STR-005,2025-02-26,14,13,False,Maha Shivratri
STR-005,2025-02-26,15,11,False,Maha Shivratri
STR-005,2025-02-26,16,9,False,Maha Shivratri
STR-005,2025-02-26,17,9,False,Maha Shivratri
STR-005,2025-02-26,18,17,False,Maha Shivratri
STR-005,2025-02-26,19,23,False,Maha Shivratri
STR-005,2025-02-26,20,18,False,Maha Shivratri
STR-005,2025-02-26,21,11,False,Maha Shivratri
STR-005,2025-02-26,22,5,False,Maha Shivratri
STR-005,2025-02-26,23,2,False,Maha Shivratri
STR-005,2025-02-27,0,0,False,
STR-005,2025-02-27,1,0,False,
STR-005,2025-02-27,2,0,False,
STR-005,2025-02-27,3,0,False,
STR-005,2025-02-27,4,0,False,
STR-005,2025-02-27,5,0,False,
STR-005,2025-02-27,6,1,False,
STR-005,2025-02-27,7,5,False,
STR-005,2025-02-27,8,3,False,
STR-005,2025-02-27,9,7,False,
STR-005,2025-02-27,10,12,False,
STR-005,2025-02-27,11,10,False,
STR-005,2025-02-27,12,6,False,
STR-005,2025-02-27,13,5,False,
STR-005,2025-02-27,14,6,False,
STR-005,2025-02-27,15,6,False,
STR-005,2025-02-27,16,6,False,
STR-005,2025-02-27,17,8,False,
STR-005,2025-02-27,18,12,False,
STR-005,2025-02-27,19,11,False,
STR-005,2025-02-27,20,11,False,
STR-005,2025-02-27,21,7,False,
STR-005,2025-02-27,22,2,False,
STR-005,2025-02-27,23,0,False,
STR-005,2025-02-28,0,0,False,
STR-005,2025-02-28,1,0,False,
STR-005,2025-02-28,2,0,False,
STR-005,2025-02-28,3,0,False,
STR-005,2025-02-28,4,0,False,
STR-005,2025-02-28,5,0,False,
STR-005,2025-02-28,6,2,False,
STR-005,2025-02-28,7,5,False,
STR-005,2025-02-28,8,3,False,
STR-005,2025-02-28,9,7,False,
STR-005,2025-02-28,10,6,False,
STR-005,2025-02-28,11,6,False,
STR-005,2025-02-28,12,14,False,
STR-005,2025-02-28,13,5,False,
STR-005,2025-02-28,14,7,False,
STR-005,2025-02-28,15,7,False,
STR-005,2025-02-28,16,9,False,
STR-005,2025-02-28,17,4,False,
STR-005,2025-02-28,18,10,False,
STR-005,2025-02-28,19,15,False,
STR-005,2025-02-28,20,16,False,
STR-005,2025-02-28,21,5,False,
STR-005,2025-02-28,22,1,False,
STR-005,2025-02-28,23,0,False,
STR-005,2025-03-01,0,0,True,
STR-005,2025-03-01,1,0,True,
STR-005,2025-03-01,2,0,True,
STR-005,2025-03-01,3,0,True,
STR-005,2025-03-01,4,0,True,
STR-005,2025-03-01,5,0,True,
STR-005,2025-03-01,6,1,True,
STR-005,2025-03-01,7,5,True,
STR-005,2025-03-01,8,3,True,
STR-005,2025-03-01,9,6,True,
STR-005,2025-03-01,10,12,True,
STR-005,2025-03-01,11,5,True,
STR-005,2025-03-01,12,18,True,
STR-005,2025-03-01,13,11,True,
STR-005,2025-03-01,14,9,True,
STR-005,2025-03-01,15,5,True,
STR-005,2025-03-01,16,5,True,
STR-005,2025-03-01,17,11,True,
STR-005,2025-03-01,18,11,True,
STR-005,2025-03-01,19,11,True,
STR-005,2025-03-01,20,11,True,
STR-005,2025-03-01,21,14,True,
STR-005,2025-03-01,22,2,True,
STR-005,2025-03-01,23,2,True,
STR-005,2025-03-02,0,0,True,
STR-005,2025-03-02,1,0,True,
STR-005,2025-03-02,2,0,True,
STR-005,2025-03-02,3,0,True,
STR-005,2025-03-02,4,0,True,
STR-005,2025-03-02,5,0,True,
STR-005,2025-03-02,6,2,True,
STR-005,2025-03-02,7,1,True,
STR-005,2025-03-02,8,6,True,
STR-005,2025-03-02,9,4,True,
STR-005,2025-03-02,10,9,True,
STR-005,2025-03-02,11,7,True,
STR-005,2025-03-02,12,11,True,
STR-005,2025-03-02,13,13,True,
STR-005,2025-03-02,14,10,True,
STR-005,2025-03-02,15,6,True,
STR-005,2025-03-02,16,15,True,
STR-005,2025-03-02,17,12,True,
STR-005,2025-03-02,18,19,True,
STR-005,2025-03-02,19,13,True,
STR-005,2025-03-02,20,15,True,
STR-005,2025-03-02,21,20,True,
STR-005,2025-03-02,22,7,True,
STR-005,2025-03-02,23,0,True,
STR-005,2025-03-03,0,0,False,
STR-005,2025-03-03,1,0,False,
STR-005,2025-03-03,2,0,False,
STR-005,2025-03-03,3,0,False,
STR-005,2025-03-03,4,0,False,
STR-005,2025-03-03,5,0,False,
STR-005,2025-03-03,6,0,False,
STR-005,2025-03-03,7,0,False,
STR-005,2025-03-03,8,3,False,
STR-005,2025-03-03,9,1,False,
STR-005,2025-03-03,10,6,False,
STR-005,2025-03-03,11,3,False,
STR-005,2025-03-03,12,16,False,
STR-005,2025-03-03,13,4,False,
STR-005,2025-03-03,14,5,False,
STR-005,2025-03-03,15,8,False,
STR-005,2025-03-03,16,7,False,
STR-005,2025-03-03,17,4,False,
STR-005,2025-03-03,18,12,False,
STR-005,2025-03-03,19,9,False,
STR-005,2025-03-03,20,6,False,
STR-005,2025-03-03,21,8,False,
STR-005,2025-03-03,22,1,False,
STR-005,2025-03-03,23,1,False,
STR-005,2025-03-04,0,0,False,
STR-005,2025-03-04,1,0,False,
STR-005,2025-03-04,2,0,False,
STR-005,2025-03-04,3,0,False,
STR-005,2025-03-04,4,0,False,
STR-005,2025-03-04,5,0,False,
STR-005,2025-03-04,6,0,False,
STR-005,2025-03-04,7,3,False,
STR-005,2025-03-04,8,7,False,
STR-005,2025-03-04,9,4,False,
STR-005,2025-03-04,10,5,False,
STR-005,2025-03-04,11,10,False,
STR-005,2025-03-04,12,8,False,
STR-005,2025-03-04,13,11,False,
STR-005,2025-03-04,14,5,False,
STR-005,2025-03-04,15,9,False,
STR-005,2025-03-04,16,5,False,
STR-005,2025-03-04,17,8,False,
STR-005,2025-03-04,18,13,False,
STR-005,2025-03-04,19,11,False,
STR-005,2025-03-04,20,7,False,
STR-005,2025-03-04,21,9,False,
STR-005,2025-03-04,22,5,False,
STR-005,2025-03-04,23,1,False,
STR-005,2025-03-05,0,0,False,
STR-005,2025-03-05,1,0,False,
STR-005,2025-03-05,2,0,False,
STR-005,2025-03-05,3,0,False,
STR-005,2025-03-05,4,0,False,
STR-005,2025-03-05,5,0,False,
STR-005,2025-03-05,6,4,False,
STR-005,2025-03-05,7,2,False,
STR-005,2025-03-05,8,4,False,
STR-005,2025-03-05,9,4,False,
STR-005,2025-03-05,10,5,False,
STR-005,2025-03-05,11,11,False,
STR-005,2025-03-05,12,12,False,
STR-005,2025-03-05,13,8,False,
STR-005,2025-03-05,14,11,False,
STR-005,2025-03-05,15,7,False,
STR-005,2025-03-05,16,8,False,
STR-005,2025-03-05,17,6,False,
STR-005,2025-03-05,18,5,False,
STR-005,2025-03-05,19,17,False,
STR-005,2025-03-05,20,8,False,
STR-005,2025-03-05,21,5,False,
STR-005,2025-03-05,22,3,False,
STR-005,2025-03-05,23,1,False,
STR-005,2025-03-06,0,0,False,
STR-005,2025-03-06,1,0,False,
STR-005,2025-03-06,2,0,False,
STR-005,2025-03-06,3,0,False,
STR-005,2025-03-06,4,0,False,
STR-005,2025-03-06,5,0,False,
STR-005,2025-03-06,6,2,False,
STR-005,2025-03-06,7,3,False,
STR-005,2025-03-06,8,3,False,
STR-005,2025-03-06,9,4,False,
STR-005,2025-03-06,10,4,False,
STR-005,2025-03-06,11,2,False,
STR-005,2025-03-06,12,3,False,
STR-005,2025-03-06,13,9,False,
STR-005,2025-03-06,14,8,False,
STR-005,2025-03-06,15,6,False,
STR-005,2025-03-06,16,7,False,
STR-005,2025-03-06,17,4,False,
STR-005,2025-03-06,18,12,False,
STR-005,2025-03-06,19,12,False,
STR-005,2025-03-06,20,10,False,
STR-005,2025-03-06,21,10,False,
STR-005,2025-03-06,22,0,False,
STR-005,2025-03-06,23,3,False,
STR-005,2025-03-07,0,0,False,
STR-005,2025-03-07,1,0,False,
STR-005,2025-03-07,2,0,False,
STR-005,2025-03-07,3,0,False,
STR-005,2025-03-07,4,0,False,
STR-005,2025-03-07,5,0,False,
STR-005,2025-03-07,6,3,False,
STR-005,2025-03-07,7,3,False,
STR-005,2025-03-07,8,5,False,
STR-005,2025-03-07,9,3,False,
STR-005,2025-03-07,10,7,False,
STR-005,2025-03-07,11,7,False,
STR-005,2025-03-07,12,10,False,
STR-005,2025-03-07,13,8,False,
STR-005,2025-03-07,14,10,False,
STR-005,2025-03-07,15,4,False,
STR-005,2025-03-07,16,11,False,
STR-005,2025-03-07,17,4,False,
STR-005,2025-03-07,18,13,False,
STR-005,2025-03-07,19,10,False,
STR-005,2025-03-07,20,12,False,
STR-005,2025-03-07,21,10,False,
STR-005,2025-03-07,22,3,False,
STR-005,2025-03-07,23,0,False,
STR-005,2025-03-08,0,0,True,Holi
STR-005,2025-03-08,1,0,True,Holi
STR-005,2025-03-08,2,0,True,Holi
STR-005,2025-03-08,3,0,True,Holi
STR-005,2025-03-08,4,0,True,Holi
STR-005,2025-03-08,5,0,True,Holi
STR-005,2025-03-08,6,2,True,Holi
STR-005,2025-03-08,7,5,True,Holi
STR-005,2025-03-08,8,8,True,Holi
STR-005,2025-03-08,9,13,True,Holi
STR-005,2025-03-08,10,12,True,Holi
STR-005,2025-03-08,11,5,True,Holi
STR-005,2025-03-08,12,16,True,Holi
STR-005,2025-03-08,13,13,True,Holi
STR-005,2025-03-08,14,12,True,Holi
STR-005,2025-03-08,15,10,True,Holi
STR-005,2025-03-08,16,12,True,Holi
STR-005,2025-03-08,17,20,True,Holi
STR-005,2025-03-08,18,19,True,Holi
STR-005,2025-03-08,19,24,True,Holi
STR-005,2025-03-08,20,21,True,Holi
STR-005,2025-03-08,21,9,True,Holi
STR-005,2025-03-08,22,4,True,Holi
STR-005,2025-03-08,23,2,True,Holi
STR-005,2025-03-09,0,0,True,
STR-005,2025-03-09,1,0,True,
STR-005,2025-03-09,2,0,True,
STR-005,2025-03-09,3,0,True,
STR-005,2025-03-09,4,0,True,
STR-005,2025-03-09,5,0,True,
STR-005,2025-03-09,6,0,True,
STR-005,2025-03-09,7,4,True,
STR-005,2025-03-09,8,8,True,
STR-005,2025-03-09,9,7,True,
STR-005,2025-03-09,10,7,True,
STR-005,2025-03-09,11,11,True,
STR-005,2025-03-09,12,13,True,
STR-005,2025-03-09,13,14,True,
STR-005,2025-03-09,14,9,True,
STR-005,2025-03-09,15,7,True,
STR-005,2025-03-09,16,15,True,
STR-005,2025-03-09,17,11,True,
STR-005,2025-03-09,18,19,True,
STR-005,2025-03-09,19,16,True,
STR-005,2025-03-09,20,13,True,
STR-005,2025-03-09,21,10,True,
STR-005,2025-03-09,22,1,True,
STR-005,2025-03-09,23,2,True,
STR-005,2025-03-10,0,0,False,
STR-005,2025-03-10,1,0,False,
STR-005,2025-03-10,2,0,False,
STR-005,2025-03-10,3,0,False,
STR-005,2025-03-10,4,0,False,
STR-005,2025-03-10,5,0,False,
STR-005,2025-03-10,6,1,False,
STR-005,2025-03-10,7,2,False,
STR-005,2025-03-10,8,1,False,
STR-005,2025-03-10,9,7,False,
STR-005,2025-03-10,10,5,False,
STR-005,2025-03-10,11,9,False,
STR-005,2025-03-10,12,11,False,
STR-005,2025-03-10,13,3,False,
STR-005,2025-03-10,14,6,False,
STR-005,2025-03-10,15,4,False,
STR-005,2025-03-10,16,8,False,
STR-005,2025-03-10,17,4,False,
STR-005,2025-03-10,18,14,False,
STR-005,2025-03-10,19,8,False,
STR-005,2025-03-10,20,11,False,
STR-005,2025-03-10,21,8,False,
STR-005,2025-03-10,22,2,False,
STR-005,2025-03-10,23,0,False,
STR-005,2025-03-11,0,0,False,
STR-005,2025-03-11,1,0,False,
STR-005,2025-03-11,2,0,False,
STR-005,2025-03-11,3,0,False,
STR-005,2025-03-11,4,0,False,
STR-005,2025-03-11,5,0,False,
STR-005,2025-03-11,6,0,False,
STR-005,2025-03-11,7,1,False,
STR-005,2025-03-11,8,1,False,
STR-005,2025-03-11,9,8,False,
STR-005,2025-03-11,10,16,False,
STR-005,2025-03-11,11,10,False,
STR-005,2025-03-11,12,13,False,
STR-005,2025-03-11,13,5,False,
STR-005,2025-03-11,14,10,False,
STR-005,2025-03-11,15,8,False,
STR-005,2025-03-11,16,5,False,
STR-005,2025-03-11,17,13,False,
STR-005,2025-03-11,18,12,False,
STR-005,2025-03-11,19,16,False,
STR-005,2025-03-11,20,15,False,
STR-005,2025-03-11,21,3,False,
STR-005,2025-03-11,22,2,False,
STR-005,2025-03-11,23,1,False,
STR-005,2025-03-12,0,0,False,
STR-005,2025-03-12,1,0,False,
STR-005,2025-03-12,2,0,False,
STR-005,2025-03-12,3,0,False,
STR-005,2025-03-12,4,0,False,
STR-005,2025-03-12,5,0,False,
STR-005,2025-03-12,6,2,False,
STR-005,2025-03-12,7,1,False,
STR-005,2025-03-12,8,4,False,
STR-005,2025-03-12,9,4,False,
STR-005,2025-03-12,10,7,False,
STR-005,2025-03-12,11,5,False,
STR-005,2025-03-12,12,8,False,
STR-005,2025-03-12,13,6,False,
STR-005,2025-03-12,14,9,False,
STR-005,2025-03-12,15,3,False,
STR-005,2025-03-12,16,12,False,
STR-005,2025-03-12,17,9,False,
STR-005,2025-03-12,18,10,False,
STR-005,2025-03-12,19,18,False,
STR-005,2025-03-12,20,6,False,
STR-005,2025-03-12,21,10,False,
STR-005,2025-03-12,22,5,False,
STR-005,2025-03-12,23,0,False,
STR-005,2025-03-13,0,0,False,
STR-005,2025-03-13,1,0,False,
STR-005,2025-03-13,2,0,False,
STR-005,2025-03-13,3,0,False,
STR-005,2025-03-13,4,0,False,
STR-005,2025-03-13,5,0,False,
STR-005,2025-03-13,6,3,False,
STR-005,2025-03-13,7,1,False,
STR-005,2025-03-13,8,5,False,
STR-005,2025-03-13,9,7,False,
STR-005,2025-03-13,10,9,False,
STR-005,2025-03-13,11,6,False,
STR-005,2025-03-13,12,16,False,
STR-005,2025-03-13,13,7,False,
STR-005,2025-03-13,14,2,False,
STR-005,2025-03-13,15,12,False,
STR-005,2025-03-13,16,9,False,
STR-005,2025-03-13,17,9,False,
STR-005,2025-03-13,18,17,False,
STR-005,2025-03-13,19,18,False,
STR-005,2025-03-13,20,16,False,
STR-005,2025-03-13,21,11,False,
STR-005,2025-03-13,22,3,False,
STR-005,2025-03-13,23,2,False,
STR-005,2025-03-14,0,0,False,
STR-005,2025-03-14,1,0,False,
STR-005,2025-03-14,2,0,False,
STR-005,2025-03-14,3,0,False,
STR-005,2025-03-14,4,0,False,
STR-005,2025-03-14,5,0,False,
STR-005,2025-03-14,6,2,False,
STR-005,2025-03-14,7,2,False,
STR-005,2025-03-14,8,5,False,
STR-005,2025-03-14,9,5,False,
STR-005,2025-03-14,10,6,False,
STR-005,2025-03-14,11,9,False,
STR-005,2025-03-14,12,8,False,
STR-005,2025-03-14,13,10,False,
STR-005,2025-03-14,14,6,False,
STR-005,2025-03-14,15,9,False,
STR-005,2025-03-14,16,6,False,
STR-005,2025-03-14,17,1,False,
STR-005,2025-03-14,18,10,False,
STR-005,2025-03-14,19,12,False,
STR-005,2025-03-14,20,8,False,
STR-005,2025-03-14,21,9,False,
STR-005,2025-03-14,22,5,False,
STR-005,2025-03-14,23,2,False,
STR-005,2025-03-15,0,0,True,
STR-005,2025-03-15,1,0,True,
STR-005,2025-03-15,2,0,True,
STR-005,2025-03-15,3,0,True,
STR-005,2025-03-15,4,0,True,
STR-005,2025-03-15,5,0,True,
STR-005,2025-03-15,6,2,True,
STR-005,2025-03-15,7,0,True,
STR-005,2025-03-15,8,2,True,
STR-005,2025-03-15,9,7,True,
STR-005,2025-03-15,10,10,True,
STR-005,2025-03-15,11,3,True,
STR-005,2025-03-15,12,11,True,
STR-005,2025-03-15,13,6,True,
STR-005,2025-03-15,14,7,True,
STR-005,2025-03-15,15,10,True,
STR-005,2025-03-15,16,11,True,
STR-005,2025-03-15,17,8,True,
STR-005,2025-03-15,18,12,True,
STR-005,2025-03-15,19,19,True,
STR-005,2025-03-15,20,14,True,
STR-005,2025-03-15,21,15,True,
STR-005,2025-03-15,22,5,True,
STR-005,2025-03-15,23,6,True,
STR-005,2025-03-16,0,0,True,
STR-005,2025-03-16,1,0,True,
STR-005,2025-03-16,2,0,True,
STR-005,2025-03-16,3,0,True,
STR-005,2025-03-16,4,0,True,
STR-005,2025-03-16,5,0,True,
STR-005,2025-03-16,6,3,True,
STR-005,2025-03-16,7,3,True,
STR-005,2025-03-16,8,7,True,
STR-005,2025-03-16,9,4,True,
STR-005,2025-03-16,10,9,True,
STR-005,2025-03-16,11,9,True,
STR-005,2025-03-16,12,15,True,
STR-005,2025-03-16,13,9,True,
STR-005,2025-03-16,14,6,True,
STR-005,2025-03-16,15,13,True,
STR-005,2025-03-16,16,7,True,
STR-005,2025-03-16,17,9,True,
STR-005,2025-03-16,18,15,True,
STR-005,2025-03-16,19,7,True,
STR-005,2025-03-16,20,21,True,
STR-005,2025-03-16,21,8,True,
STR-005,2025-03-16,22,4,True,
STR-005,2025-03-16,23,2,True,
STR-005,2025-03-17,0,0,False,
STR-005,2025-03-17,1,0,False,
STR-005,2025-03-17,2,0,False,
STR-005,2025-03-17,3,0,False,
STR-005,2025-03-17,4,0,False,
STR-005,2025-03-17,5,0,False,
STR-005,2025-03-17,6,3,False,
STR-005,2025-03-17,7,2,False,
STR-005,2025-03-17,8,3,False,
STR-005,2025-03-17,9,6,False,
STR-005,2025-03-17,10,8,False,
STR-005,2025-03-17,11,7,False,
STR-005,2025-03-17,12,9,False,
STR-005,2025-03-17,13,8,False,
STR-005,2025-03-17,14,2,False,
STR-005,2025-03-17,15,6,False,
STR-005,2025-03-17,16,8,False,
STR-005,2025-03-17,17,10,False,
STR-005,2025-03-17,18,5,False,
STR-005,2025-03-17,19,7,False,
STR-005,2025-03-17,20,9,False,
STR-005,2025-03-17,21,6,False,
STR-005,2025-03-17,22,4,False,
STR-005,2025-03-17,23,3,False,
STR-005,2025-03-18,0,0,False,
STR-005,2025-03-18,1,0,False,
STR-005,2025-03-18,2,0,False,
STR-005,2025-03-18,3,0,False,
STR-005,2025-03-18,4,0,False,
STR-005,2025-03-18,5,0,False,
STR-005,2025-03-18,6,2,False,
STR-005,2025-03-18,7,3,False,
STR-005,2025-03-18,8,6,False,
STR-005,2025-03-18,9,5,False,
STR-005,2025-03-18,10,4,False,
STR-005,2025-03-18,11,7,False,
STR-005,2025-03-18,12,11,False,
STR-005,2025-03-18,13,8,False,
STR-005,2025-03-18,14,9,False,
STR-005,2025-03-18,15,6,False,
STR-005,2025-03-18,16,4,False,
STR-005,2025-03-18,17,2,False,
STR-005,2025-03-18,18,10,False,
STR-005,2025-03-18,19,12,False,
STR-005,2025-03-18,20,12,False,
STR-005,2025-03-18,21,10,False,
STR-005,2025-03-18,22,4,False,
STR-005,2025-03-18,23,0,False,
STR-005,2025-03-19,0,0,False,
STR-005,2025-03-19,1,0,False,
STR-005,2025-03-19,2,0,False,
STR-005,2025-03-19,3,0,False,
STR-005,2025-03-19,4,0,False,
STR-005,2025-03-19,5,0,False,
STR-005,2025-03-19,6,0,False,
STR-005,2025-03-19,7,1,False,
STR-005,2025-03-19,8,5,False,
STR-005,2025-03-19,9,7,False,
STR-005,2025-03-19,10,11,False,
STR-005,2025-03-19,11,7,False,
STR-005,2025-03-19,12,7,False,
STR-005,2025-03-19,13,5,False,
STR-005,2025-03-19,14,8,False,
STR-005,2025-03-19,15,6,False,
STR-005,2025-03-19,16,8,False,
STR-005,2025-03-19,17,9,False,
STR-005,2025-03-19,18,8,False,
STR-005,2025-03-19,19,7,False,
STR-005,2025-03-19,20,9,False,
STR-005,2025-03-19,21,4,False,
STR-005,2025-03-19,22,3,False,
STR-005,2025-03-19,23,2,False,
STR-005,2025-03-20,0,0,False,
STR-005,2025-03-20,1,0,False,
STR-005,2025-03-20,2,0,False,
STR-005,2025-03-20,3,0,False,
STR-005,2025-03-20,4,0,False,
STR-005,2025-03-20,5,0,False,
STR-005,2025-03-20,6,2,False,
STR-005,2025-03-20,7,5,False,
STR-005,2025-03-20,8,2,False,
STR-005,2025-03-20,9,2,False,
STR-005,2025-03-20,10,6,False,
STR-005,2025-03-20,11,7,False,
STR-005,2025-03-20,12,7,False,
STR-005,2025-03-20,13,11,False,
STR-005,2025-03-20,14,11,False,
STR-005,2025-03-20,15,10,False,
STR-005,2025-03-20,16,9,False,
STR-005,2025-03-20,17,7,False,
STR-005,2025-03-20,18,9,False,
STR-005,2025-03-20,19,12,False,
STR-005,2025-03-20,20,13,False,
STR-005,2025-03-20,21,9,False,
STR-005,2025-03-20,22,1,False,
STR-005,2025-03-20,23,2,False,
STR-005,2025-03-21,0,0,False,
STR-005,2025-03-21,1,0,False,
STR-005,2025-03-21,2,0,False,
STR-005,2025-03-21,3,0,False,
STR-005,2025-03-21,4,0,False,
STR-005,2025-03-21,5,0,False,
STR-005,2025-03-21,6,0,False,
STR-005,2025-03-21,7,4,False,
STR-005,2025-03-21,8,8,False,
STR-005,2025-03-21,9,3,False,
STR-005,2025-03-21,10,5,False,
STR-005,2025-03-21,11,10,False,
STR-005,2025-03-21,12,10,False,
STR-005,2025-03-21,13,15,False,
STR-005,2025-03-21,14,5,False,
STR-005,2025-03-21,15,9,False,
STR-005,2025-03-21,16,4,False,
STR-005,2025-03-21,17,5,False,
STR-005,2025-03-21,18,10,False,
STR-005,2025-03-21,19,14,False,
STR-005,2025-03-21,20,15,False,
STR-005,2025-03-21,21,10,False,
STR-005,2025-03-21,22,3,False,
STR-005,2025-03-21,23,1,False,
STR-005,2025-03-22,0,0,True,
STR-005,2025-03-22,1,0,True,
STR-005,2025-03-22,2,0,True,
STR-005,2025-03-22,3,0,True,
STR-005,2025-03-22,4,0,True,
STR-005,2025-03-22,5,0,True,
STR-005,2025-03-22,6,0,True,
STR-005,2025-03-22,7,4,True,
STR-005,2025-03-22,8,6,True,
STR-005,2025-03-22,9,2,True,
STR-005,2025-03-22,10,4,True,
STR-005,2025-03-22,11,6,True,
STR-005,2025-03-22,12,11,True,
STR-005,2025-03-22,13,6,True,
STR-005,2025-03-22,14,3,True,
STR-005,2025-03-22,15,7,True,
STR-005,2025-03-22,16,7,True,
STR-005,2025-03-22,17,6,True,
STR-005,2025-03-22,18,14,True,
STR-005,2025-03-22,19,14,True,
STR-005,2025-03-22,20,12,True,
STR-005,2025-03-22,21,11,True,
STR-005,2025-03-22,22,7,True,
STR-005,2025-03-22,23,1,True,
STR-005,2025-03-23,0,0,True,
STR-005,2025-03-23,1,0,True,
STR-005,2025-03-23,2,0,True,
STR-005,2025-03-23,3,0,True,
STR-005,2025-03-23,4,0,True,
STR-005,2025-03-23,5,0,True,
STR-005,2025-03-23,6,1,True,
STR-005,2025-03-23,7,2,True,
STR-005,2025-03-23,8,4,True,
STR-005,2025-03-23,9,5,True,
STR-005,2025-03-23,10,7,True,
STR-005,2025-03-23,11,6,True,
STR-005,2025-03-23,12,12,True,
STR-005,2025-03-23,13,15,True,
STR-005,2025-03-23,14,14,True,
STR-005,2025-03-23,15,11,True,
STR-005,2025-03-23,16,8,True,
STR-005,2025-03-23,17,8,True,
STR-005,2025-03-23,18,12,True,
STR-005,2025-03-23,19,17,True,
STR-005,2025-03-23,20,15,True,
STR-005,2025-03-23,21,6,True,
STR-005,2025-03-23,22,2,True,
STR-005,2025-03-23,23,0,True,
STR-005,2025-03-24,0,0,False,
STR-005,2025-03-24,1,0,False,
STR-005,2025-03-24,2,0,False,
STR-005,2025-03-24,3,0,False,
STR-005,2025-03-24,4,0,False,
STR-005,2025-03-24,5,0,False,
STR-005,2025-03-24,6,2,False,
STR-005,2025-03-24,7,2,False,
STR-005,2025-03-24,8,6,False,
STR-005,2025-03-24,9,9,False,
STR-005,2025-03-24,10,5,False,
STR-005,2025-03-24,11,6,False,
STR-005,2025-03-24,12,14,False,
STR-005,2025-03-24,13,11,False,
STR-005,2025-03-24,14,9,False,
STR-005,2025-03-24,15,8,False,
STR-005,2025-03-24,16,8,False,
STR-005,2025-03-24,17,12,False,
STR-005,2025-03-24,18,10,False,
STR-005,2025-03-24,19,17,False,
STR-005,2025-03-24,20,13,False,
STR-005,2025-03-24,21,11,False,
STR-005,2025-03-24,22,1,False,
STR-005,2025-03-24,23,3,False,
STR-005,2025-03-25,0,0,False,
STR-005,2025-03-25,1,0,False,
STR-005,2025-03-25,2,0,False,
STR-005,2025-03-25,3,0,False,
STR-005,2025-03-25,4,0,False,
STR-005,2025-03-25,5,0,False,
STR-005,2025-03-25,6,0,False,
STR-005,2025-03-25,7,4,False,
STR-005,2025-03-25,8,6,False,
STR-005,2025-03-25,9,5,False,
STR-005,2025-03-25,10,5,False,
STR-005,2025-03-25,11,6,False,
STR-005,2025-03-25,12,8,False,
STR-005,2025-03-25,13,3,False,
STR-005,2025-03-25,14,5,False,
STR-005,2025-03-25,15,8,False,
STR-005,2025-03-25,16,7,False,
STR-005,2025-03-25,17,3,False,
STR-005,2025-03-25,18,12,False,
STR-005,2025-03-25,19,12,False,
STR-005,2025-03-25,20,8,False,
STR-005,2025-03-25,21,8,False,
STR-005,2025-03-25,22,0,False,
STR-005,2025-03-25,23,3,False,
STR-005,2025-03-26,0,0,False,
STR-005,2025-03-26,1,0,False,
STR-005,2025-03-26,2,0,False,
STR-005,2025-03-26,3,0,False,
STR-005,2025-03-26,4,0,False,
STR-005,2025-03-26,5,0,False,
STR-005,2025-03-26,6,2,False,
STR-005,2025-03-26,7,3,False,
STR-005,2025-03-26,8,6,False,
STR-005,2025-03-26,9,4,False,
STR-005,2025-03-26,10,8,False,
STR-005,2025-03-26,11,5,False,
STR-005,2025-03-26,12,8,False,
STR-005,2025-03-26,13,6,False,
STR-005,2025-03-26,14,8,False,
STR-005,2025-03-26,15,6,False,
STR-005,2025-03-26,16,3,False,
STR-005,2025-03-26,17,8,False,
STR-005,2025-03-26,18,20,False,
STR-005,2025-03-26,19,6,False,
STR-005,2025-03-26,20,8,False,
STR-005,2025-03-26,21,3,False,
STR-005,2025-03-26,22,3,False,
STR-005,2025-03-26,23,1,False,
STR-005,2025-03-27,0,0,False,
STR-005,2025-03-27,1,0,False,
STR-005,2025-03-27,2,0,False,
STR-005,2025-03-27,3,0,False,
STR-005,2025-03-27,4,0,False,
STR-005,2025-03-27,5,0,False,
STR-005,2025-03-27,6,2,False,
STR-005,2025-03-27,7,4,False,
STR-005,2025-03-27,8,5,False,
STR-005,2025-03-27,9,6,False,
STR-005,2025-03-27,10,9,False,
STR-005,2025-03-27,11,5,False,
STR-005,2025-03-27,12,15,False,
STR-005,2025-03-27,13,5,False,
STR-005,2025-03-27,14,10,False,
STR-005,2025-03-27,15,11,False,
STR-005,2025-03-27,16,8,False,
STR-005,2025-03-27,17,6,False,
STR-005,2025-03-27,18,13,False,
STR-005,2025-03-27,19,17,False,
STR-005,2025-03-27,20,9,False,
STR-005,2025-03-27,21,10,False,
STR-005,2025-03-27,22,1,False,
STR-005,2025-03-27,23,1,False,
STR-005,2025-03-28,0,0,False,
STR-005,2025-03-28,1,0,False,
STR-005,2025-03-28,2,0,False,
STR-005,2025-03-28,3,0,False,
STR-005,2025-03-28,4,0,False,
STR-005,2025-03-28,5,0,False,
STR-005,2025-03-28,6,1,False,
STR-005,2025-03-28,7,1,False,
STR-005,2025-03-28,8,2,False,
STR-005,2025-03-28,9,6,False,
STR-005,2025-03-28,10,9,False,
STR-005,2025-03-28,11,15,False,
STR-005,2025-03-28,12,12,False,
STR-005,2025-03-28,13,8,False,
STR-005,2025-03-28,14,8,False,
STR-005,2025-03-28,15,10,False,
STR-005,2025-03-28,16,7,False,
STR-005,2025-03-28,17,10,False,
STR-005,2025-03-28,18,15,False,
STR-005,2025-03-28,19,9,False,
STR-005,2025-03-28,20,6,False,
STR-005,2025-03-28,21,4,False,
STR-005,2025-03-28,22,0,False,
STR-005,2025-03-28,23,0,False,
STR-005,2025-03-29,0,0,True,
STR-005,2025-03-29,1,0,True,
STR-005,2025-03-29,2,0,True,
STR-005,2025-03-29,3,0,True,
STR-005,2025-03-29,4,0,True,
STR-005,2025-03-29,5,0,True,
STR-005,2025-03-29,6,3,True,
STR-005,2025-03-29,7,4,True,
STR-005,2025-03-29,8,5,True,
STR-005,2025-03-29,9,9,True,
STR-005,2025-03-29,10,12,True,
STR-005,2025-03-29,11,12,True,
STR-005,2025-03-29,12,12,True,
STR-005,2025-03-29,13,17,True,
STR-005,2025-03-29,14,10,True,
STR-005,2025-03-29,15,10,True,
STR-005,2025-03-29,16,11,True,
STR-005,2025-03-29,17,10,True,
STR-005,2025-03-29,18,11,True,
STR-005,2025-03-29,19,14,True,
STR-005,2025-03-29,20,11,True,
STR-005,2025-03-29,21,8,True,
STR-005,2025-03-29,22,5,True,
STR-005,2025-03-29,23,5,True,
STR-005,2025-03-30,0,0,True,
STR-005,2025-03-30,1,0,True,
STR-005,2025-03-30,2,0,True,
STR-005,2025-03-30,3,0,True,
STR-005,2025-03-30,4,0,True,
STR-005,2025-03-30,5,0,True,
STR-005,2025-03-30,6,2,True,
STR-005,2025-03-30,7,4,True,
STR-005,2025-03-30,8,5,True,
STR-005,2025-03-30,9,10,True,
STR-005,2025-03-30,10,9,True,
STR-005,2025-03-30,11,6,True,
STR-005,2025-03-30,12,13,True,
STR-005,2025-03-30,13,10,True,
STR-005,2025-03-30,14,11,True,
STR-005,2025-03-30,15,7,True,
STR-005,2025-03-30,16,11,True,
STR-005,2025-03-30,17,6,True,
STR-005,2025-03-30,18,14,True,
STR-005,2025-03-30,19,16,True,
STR-005,2025-03-30,20,18,True,
STR-005,2025-03-30,21,14,True,
STR-005,2025-03-30,22,0,True,
STR-005,2025-03-30,23,1,True,
STR-005,2025-03-31,0,0,False,
STR-005,2025-03-31,1,0,False,
STR-005,2025-03-31,2,0,False,
STR-005,2025-03-31,3,0,False,
STR-005,2025-03-31,4,0,False,
STR-005,2025-03-31,5,0,False,
STR-005,2025-03-31,6,1,False,
STR-005,2025-03-31,7,1,False,
STR-005,2025-03-31,8,5,False,
STR-005,2025-03-31,9,4,False,
STR-005,2025-03-31,10,6,False,
STR-005,2025-03-31,11,10,False,
STR-005,2025-03-31,12,9,False,
STR-005,2025-03-31,13,8,False,
STR-005,2025-03-31,14,5,False,
STR-005,2025-03-31,15,6,False,
STR-005,2025-03-31,16,3,False,
STR-005,2025-03-31,17,5,False,
STR-005,2025-03-31,18,7,False,
STR-005,2025-03-31,19,11,False,
STR-005,2025-03-31,20,6,False,
STR-005,2025-03-31,21,10,False,
STR-005,2025-03-31,22,5,False,
STR-005,2025-03-31,23,1,False,
STR-006,2024-10-02,0,0,False,Gandhi Jayanti
STR-006,2024-10-02,1,0,False,Gandhi Jayanti
STR-006,2024-10-02,2,0,False,Gandhi Jayanti
STR-006,2024-10-02,3,0,False,Gandhi Jayanti
STR-006,2024-10-02,4,0,False,Gandhi Jayanti
STR-006,2024-10-02,5,0,False,Gandhi Jayanti
STR-006,2024-10-02,6,16,False,Gandhi Jayanti
STR-006,2024-10-02,7,29,False,Gandhi Jayanti
STR-006,2024-10-02,8,44,False,Gandhi Jayanti
STR-006,2024-10-02,9,69,False,Gandhi Jayanti
STR-006,2024-10-02,10,95,False,Gandhi Jayanti
STR-006,2024-10-02,11,73,False,Gandhi Jayanti
STR-006,2024-10-02,12,104,False,Gandhi Jayanti
STR-006,2024-10-02,13,101,False,Gandhi Jayanti
STR-006,2024-10-02,14,75,False,Gandhi Jayanti
STR-006,2024-10-02,15,71,False,Gandhi Jayanti
STR-006,2024-10-02,16,65,False,Gandhi Jayanti
STR-006,2024-10-02,17,79,False,Gandhi Jayanti
STR-006,2024-10-02,18,120,False,Gandhi Jayanti
STR-006,2024-10-02,19,119,False,Gandhi Jayanti
STR-006,2024-10-02,20,128,False,Gandhi Jayanti
STR-006,2024-10-02,21,111,False,Gandhi Jayanti
STR-006,2024-10-02,22,24,False,Gandhi Jayanti
STR-006,2024-10-02,23,15,False,Gandhi Jayanti
STR-006,2024-10-03,0,0,False,
STR-006,2024-10-03,1,0,False,
STR-006,2024-10-03,2,0,False,
STR-006,2024-10-03,3,0,False,
STR-006,2024-10-03,4,0,False,
STR-006,2024-10-03,5,0,False,
STR-006,2024-10-03,6,6,False,
STR-006,2024-10-03,7,11,False,
STR-006,2024-10-03,8,33,False,
STR-006,2024-10-03,9,38,False,
STR-006,2024-10-03,10,52,False,
STR-006,2024-10-03,11,37,False,
STR-006,2024-10-03,12,73,False,
STR-006,2024-10-03,13,60,False,
STR-006,2024-10-03,14,54,False,
STR-006,2024-10-03,15,46,False,
STR-006,2024-10-03,16,63,False,
STR-006,2024-10-03,17,25,False,
STR-006,2024-10-03,18,56,False,
STR-006,2024-10-03,19,67,False,
STR-006,2024-10-03,20,60,False,
STR-006,2024-10-03,21,52,False,
STR-006,2024-10-03,22,22,False,
STR-006,2024-10-03,23,10,False,
STR-006,2024-10-04,0,0,False,
STR-006,2024-10-04,1,0,False,
STR-006,2024-10-04,2,0,False,
STR-006,2024-10-04,3,0,False,
STR-006,2024-10-04,4,0,False,
STR-006,2024-10-04,5,0,False,
STR-006,2024-10-04,6,11,False,
STR-006,2024-10-04,7,23,False,
STR-006,2024-10-04,8,30,False,
STR-006,2024-10-04,9,30,False,
STR-006,2024-10-04,10,35,False,
STR-006,2024-10-04,11,51,False,
STR-006,2024-10-04,12,74,False,
STR-006,2024-10-04,13,52,False,
STR-006,2024-10-04,14,61,False,
STR-006,2024-10-04,15,55,False,
STR-006,2024-10-04,16,45,False,
STR-006,2024-10-04,17,47,False,
STR-006,2024-10-04,18,74,False,
STR-006,2024-10-04,19,96,False,
STR-006,2024-10-04,20,77,False,
STR-006,2024-10-04,21,51,False,
STR-006,2024-10-04,22,17,False,
STR-006,2024-10-04,23,10,False,
STR-006,2024-10-05,0,0,True,
STR-006,2024-10-05,1,0,True,
STR-006,2024-10-05,2,0,True,
STR-006,2024-10-05,3,0,True,
STR-006,2024-10-05,4,0,True,
STR-006,2024-10-05,5,0,True,
STR-006,2024-10-05,6,11,True,
STR-006,2024-10-05,7,11,True,
STR-006,2024-10-05,8,30,True,
STR-006,2024-10-05,9,40,True,
STR-006,2024-10-05,10,37,True,
STR-006,2024-10-05,11,52,True,
STR-006,2024-10-05,12,74,True,
STR-006,2024-10-05,13,59,True,
STR-006,2024-10-05,14,44,True,
STR-006,2024-10-05,15,36,True,
STR-006,2024-10-05,16,63,True,
STR-006,2024-10-05,17,55,True,
STR-006,2024-10-05,18,71,True,
STR-006,2024-10-05,19,89,True,
STR-006,2024-10-05,20,71,True,
STR-006,2024-10-05,21,67,True,
STR-006,2024-10-05,22,24,True,
STR-006,2024-10-05,23,7,True,
STR-006,2024-10-06,0,0,True,
STR-006,2024-10-06,1,0,True,
STR-006,2024-10-06,2,0,True,
STR-006,2024-10-06,3,0,True,
STR-006,2024-10-06,4,0,True,
STR-006,2024-10-06,5,0,True,
STR-006,2024-10-06,6,8,True,
STR-006,2024-10-06,7,23,True,
STR-006,2024-10-06,8,42,True,
STR-006,2024-10-06,9,39,True,
STR-006,2024-10-06,10,59,True,
STR-006,2024-10-06,11,69,True,
STR-006,2024-10-06,12,101,True,
STR-006,2024-10-06,13,60,True,
STR-006,2024-10-06,14,77,True,
STR-006,2024-10-06,15,52,True,
STR-006,2024-10-06,16,68,True,
STR-006,2024-10-06,17,59,True,
STR-006,2024-10-06,18,108,True,
STR-006,2024-10-06,19,110,True,
STR-006,2024-10-06,20,104,True,
STR-006,2024-10-06,21,65,True,
STR-006,2024-10-06,22,26,True,
STR-006,2024-10-06,23,13,True,
STR-006,2024-10-07,0,0,False,
STR-006,2024-10-07,1,0,False,
STR-006,2024-10-07,2,0,False,
STR-006,2024-10-07,3,0,False,
STR-006,2024-10-07,4,0,False,
STR-006,2024-10-07,5,0,False,
STR-006,2024-10-07,6,7,False,
STR-006,2024-10-07,7,20,False,
STR-006,2024-10-07,8,38,False,
STR-006,2024-10-07,9,43,False,
STR-006,2024-10-07,10,50,False,
STR-006,2024-10-07,11,47,False,
STR-006,2024-10-07,12,70,False,
STR-006,2024-10-07,13,61,False,
STR-006,2024-10-07,14,59,False,
STR-006,2024-10-07,15,57,False,
STR-006,2024-10-07,16,41,False,
STR-006,2024-10-07,17,45,False,
STR-006,2024-10-07,18,67,False,
STR-006,2024-10-07,19,98,False,
STR-006,2024-10-07,20,71,False,
STR-006,2024-10-07,21,60,False,
STR-006,2024-10-07,22,22,False,
STR-006,2024-10-07,23,6,False,
STR-006,2024-10-08,0,0,False,
STR-006,2024-10-08,1,0,False,
STR-006,2024-10-08,2,0,False,
STR-006,2024-10-08,3,0,False,
STR-006,2024-10-08,4,0,False,
STR-006,2024-10-08,5,0,False,
STR-006,2024-10-08,6,12,False,
STR-006,2024-10-08,7,26,False,
STR-006,2024-10-08,8,35,False,
STR-006,2024-10-08,9,33,False,
STR-006,2024-10-08,10,34,False,
STR-006,2024-10-08,11,38,False,
STR-006,2024-10-08,12,71,False,
STR-006,2024-10-08,13,60,False,
STR-006,2024-10-08,14,44,False,
STR-006,2024-10-08,15,40,False,
STR-006,2024-10-08,16,48,False,
STR-006,2024-10-08,17,50,False,
STR-006,2024-10-08,18,79,False,
STR-006,2024-10-08,19,81,False,
STR-006,2024-10-08,20,74,False,
STR-006,2024-10-08,21,62,False,
STR-006,2024-10-08,22,18,False,
STR-006,2024-10-08,23,8,False,
STR-006,2024-10-09,0,0,False,
STR-006,2024-10-09,1,0,False,
STR-006,2024-10-09,2,0,False,
STR-006,2024-10-09,3,0,False,
STR-006,2024-10-09,4,0,False,
STR-006,2024-10-09,5,0,False,
STR-006,2024-10-09,6,18,False,
STR-006,2024-10-09,7,23,False,
STR-006,2024-10-09,8,32,False,
STR-006,2024-10-09,9,51,False,
STR-006,2024-10-09,10,51,False,
STR-006,2024-10-09,11,61,False,
STR-006,2024-10-09,12,71,False,
STR-006,2024-10-09,13,51,False,
STR-006,2024-10-09,14,57,False,
STR-006,2024-10-09,15,43,False,
STR-006,2024-10-09,16,50,False,
STR-006,2024-10-09,17,55,False,
STR-006,2024-10-09,18,88,False,
STR-006,2024-10-09,19,107,False,
STR-006,2024-10-09,20,73,False,
STR-006,2024-10-09,21,57,False,
STR-006,2024-10-09,22,21,False,
STR-006,2024-10-09,23,16,False,
STR-006,2024-10-10,0,0,False,
STR-006,2024-10-10,1,0,False,
STR-006,2024-10-10,2,0,False,
STR-006,2024-10-10,3,0,False,
STR-006,2024-10-10,4,0,False,
STR-006,2024-10-10,5,0,False,
STR-006,2024-10-10,6,9,False,
STR-006,2024-10-10,7,11,False,
STR-006,2024-10-10,8,24,False,
STR-006,2024-10-10,9,32,False,
STR-006,2024-10-10,10,43,False,
STR-006,2024-10-10,11,36,False,
STR-006,2024-10-10,12,67,False,
STR-006,2024-10-10,13,44,False,
STR-006,2024-10-10,14,52,False,
STR-006,2024-10-10,15,41,False,
STR-006,2024-10-10,16,44,False,
STR-006,2024-10-10,17,36,False,
STR-006,2024-10-10,18,59,False,
STR-006,2024-10-10,19,74,False,
STR-006,2024-10-10,20,80,False,
STR-006,2024-10-10,21,45,False,
STR-006,2024-10-10,22,17,False,
STR-006,2024-10-10,23,6,False,
STR-006,2024-10-11,0,0,False,
STR-006,2024-10-11,1,0,False,
STR-006,2024-10-11,2,0,False,
STR-006,2024-10-11,3,0,False,
STR-006,2024-10-11,4,0,False,
STR-006,2024-10-11,5,0,False,
STR-006,2024-10-11,6,10,False,
STR-006,2024-10-11,7,24,False,
STR-006,2024-10-11,8,36,False,
STR-006,2024-10-11,9,40,False,
STR-006,2024-10-11,10,53,False,
STR-006,2024-10-11,11,53,False,
STR-006,2024-10-11,12,64,False,
STR-006,2024-10-11,13,59,False,
STR-006,2024-10-11,14,59,False,
STR-006,2024-10-11,15,50,False,
STR-006,2024-10-11,16,56,False,
STR-006,2024-10-11,17,45,False,
STR-006,2024-10-11,18,80,False,
STR-006,2024-10-11,19,108,False,
STR-006,2024-10-11,20,74,False,
STR-006,2024-10-11,21,65,False,
STR-006,2024-10-11,22,26,False,
STR-006,2024-10-11,23,10,False,
STR-006,2024-10-12,0,0,True,
STR-006,2024-10-12,1,0,True,
STR-006,2024-10-12,2,0,True,
STR-006,2024-10-12,3,0,True,
STR-006,2024-10-12,4,0,True,
STR-006,2024-10-12,5,0,True,
STR-006,2024-10-12,6,11,True,
STR-006,2024-10-12,7,27,True,
STR-006,2024-10-12,8,37,True,
STR-006,2024-10-12,9,47,True,
STR-006,2024-10-12,10,54,True,
STR-006,2024-10-12,11,67,True,
STR-006,2024-10-12,12,97,True,
STR-006,2024-10-12,13,80,True,
STR-006,2024-10-12,14,67,True,
STR-006,2024-10-12,15,51,True,
STR-006,2024-10-12,16,62,True,
STR-006,2024-10-12,17,58,True,
STR-006,2024-10-12,18,108,True,
STR-006,2024-10-12,19,107,True,
STR-006,2024-10-12,20,91,True,
STR-006,2024-10-12,21,70,True,
STR-006,2024-10-12,22,26,True,
STR-006,2024-10-12,23,18,True,
STR-006,2024-10-13,0,0,True,
STR-006,2024-10-13,1,0,True,
STR-006,2024-10-13,2,0,True,
STR-006,2024-10-13,3,0,True,
STR-006,2024-10-13,4,0,True,
STR-006,2024-10-13,5,0,True,
STR-006,2024-10-13,6,20,True,
STR-006,2024-10-13,7,28,True,
STR-006,2024-10-13,8,35,True,
STR-006,2024-10-13,9,49,True,
STR-006,2024-10-13,10,73,True,
STR-006,2024-10-13,11,82,True,
STR-006,2024-10-13,12,88,True,
STR-006,2024-10-13,13,96,True,
STR-006,2024-10-13,14,88,True,
STR-006,2024-10-13,15,68,True,
STR-006,2024-10-13,16,61,True,
STR-006,2024-10-13,17,67,True,
STR-006,2024-10-13,18,112,True,
STR-006,2024-10-13,19,110,True,
STR-006,2024-10-13,20,90,True,
STR-006,2024-10-13,21,72,True,
STR-006,2024-10-13,22,27,True,
STR-006,2024-10-13,23,8,True,
STR-006,2024-10-14,0,0,False,
STR-006,2024-10-14,1,0,False,
STR-006,2024-10-14,2,0,False,
STR-006,2024-10-14,3,0,False,
STR-006,2024-10-14,4,0,False,
STR-006,2024-10-14,5,0,False,
STR-006,2024-10-14,6,10,False,
STR-006,2024-10-14,7,17,False,
STR-006,2024-10-14,8,14,False,
STR-006,2024-10-14,9,31,False,
STR-006,2024-10-14,10,35,False,
STR-006,2024-10-14,11,50,False,
STR-006,2024-10-14,12,53,False,
STR-006,2024-10-14,13,45,False,
STR-006,2024-10-14,14,49,False,
STR-006,2024-10-14,15,38,False,
STR-006,2024-10-14,16,42,False,
STR-006,2024-10-14,17,40,False,
STR-006,2024-10-14,18,73,False,
STR-006,2024-10-14,19,83,False,
STR-006,2024-10-14,20,73,False,
STR-006,2024-10-14,21,37,False,
STR-006,2024-10-14,22,19,False,
STR-006,2024-10-14,23,6,False,
STR-006,2024-10-15,0,0,False,
STR-006,2024-10-15,1,0,False,
STR-006,2024-10-15,2,0,False,
STR-006,2024-10-15,3,0,False,
STR-006,2024-10-15,4,0,False,
STR-006,2024-10-15,5,0,False,
STR-006,2024-10-15,6,9,False,
STR-006,2024-10-15,7,17,False,
STR-006,2024-10-15,8,24,False,
STR-006,2024-10-15,9,43,False,
STR-006,2024-10-15,10,42,False,
STR-006,2024-10-15,11,52,False,
STR-006,2024-10-15,12,66,False,
STR-006,2024-10-15,13,61,False,
STR-006,2024-10-15,14,57,False,
STR-006,2024-10-15,15,43,False,
STR-006,2024-10-15,16,51,False,
STR-006,2024-10-15,17,31,False,
STR-006,2024-10-15,18,77,False,
STR-006,2024-10-15,19,83,False,
STR-006,2024-10-15,20,79,False,
STR-006,2024-10-15,21,47,False,
STR-006,2024-10-15,22,17,False,
STR-006,2024-10-15,23,11,False,
STR-006,2024-10-16,0,0,False,
STR-006,2024-10-16,1,0,False,
STR-006,2024-10-16,2,0,False,
STR-006,2024-10-16,3,0,False,
STR-006,2024-10-16,4,0,False,
STR-006,2024-10-16,5,0,False,
STR-006,2024-10-16,6,9,False,
STR-006,2024-10-16,7,16,False,
STR-006,2024-10-16,8,26,False,
STR-006,2024-10-16,9,42,False,
STR-006,2024-10-16,10,50,False,
STR-006,2024-10-16,11,52,False,
STR-006,2024-10-16,12,57,False,
STR-006,2024-10-16,13,49,False,
STR-006,2024-10-16,14,50,False,
STR-006,2024-10-16,15,53,False,
STR-006,2024-10-16,16,49,False,
STR-006,2024-10-16,17,45,False,
STR-006,2024-10-16,18,74,False,
STR-006,2024-10-16,19,78,False,
STR-006,2024-10-16,20,65,False,
STR-006,2024-10-16,21,45,False,
STR-006,2024-10-16,22,14,False,
STR-006,2024-10-16,23,11,False,
STR-006,2024-10-17,0,0,False,
STR-006,2024-10-17,1,0,False,
STR-006,2024-10-17,2,0,False,
STR-006,2024-10-17,3,0,False,
STR-006,2024-10-17,4,0,False,
STR-006,2024-10-17,5,0,False,
STR-006,2024-10-17,6,11,False,
STR-006,2024-10-17,7,20,False,
STR-006,2024-10-17,8,31,False,
STR-006,2024-10-17,9,36,False,
STR-006,2024-10-17,10,52,False,
STR-006,2024-10-17,11,52,False,
STR-006,2024-10-17,12,83,False,
STR-006,2024-10-17,13,55,False,
STR-006,2024-10-17,14,57,False,
STR-006,2024-10-17,15,56,False,
STR-006,2024-10-17,16,55,False,
STR-006,2024-10-17,17,51,False,
STR-006,2024-10-17,18,75,False,
STR-006,2024-10-17,19,112,False,
STR-006,2024-10-17,20,92,False,
STR-006,2024-10-17,21,61,False,
STR-006,2024-10-17,22,16,False,
STR-006,2024-10-17,23,15,False,
STR-006,2024-10-18,0,0,False,
STR-006,2024-10-18,1,0,False,
STR-006,2024-10-18,2,0,False,
STR-006,2024-10-18,3,0,False,
STR-006,2024-10-18,4,0,False,
STR-006,2024-10-18,5,0,False,
STR-006,2024-10-18,6,9,False,
STR-006,2024-10-18,7,14,False,
STR-006,2024-10-18,8,18,False,
STR-006,2024-10-18,9,29,False,
STR-006,2024-10-18,10,44,False,
STR-006,2024-10-18,11,48,False,
STR-006,2024-10-18,12,58,False,
STR-006,2024-10-18,13,52,False,
STR-006,2024-10-18,14,45,False,
STR-006,2024-10-18,15,52,False,
STR-006,2024-10-18,16,46,False,
STR-006,2024-10-18,17,43,False,
STR-006,2024-10-18,18,79,False,
STR-006,2024-10-18,19,73,False,
STR-006,2024-10-18,20,68,False,
STR-006,2024-10-18,21,47,False,
STR-006,2024-10-18,22,14,False,
STR-006,2024-10-18,23,10,False,
STR-006,2024-10-19,0,0,True,
STR-006,2024-10-19,1,0,True,
STR-006,2024-10-19,2,0,True,
STR-006,2024-10-19,3,0,True,
STR-006,2024-10-19,4,0,True,
STR-006,2024-10-19,5,0,True,
STR-006,2024-10-19,6,8,True,
STR-006,2024-10-19,7,23,True,
STR-006,2024-10-19,8,31,True,
STR-006,2024-10-19,9,50,True,
STR-006,2024-10-19,10,48,True,
STR-006,2024-10-19,11,57,True,
STR-006,2024-10-19,12,73,True,
STR-006,2024-10-19,13,52,True,
STR-006,2024-10-19,14,61,True,
STR-006,2024-10-19,15,47,True,
STR-006,2024-10-19,16,56,True,
STR-006,2024-10-19,17,48,True,
STR-006,2024-10-19,18,75,True,
STR-006,2024-10-19,19,78,True,
STR-006,2024-10-19,20,74,True,
STR-006,2024-10-19,21,65,True,
STR-006,2024-10-19,22,13,True,
STR-006,2024-10-19,23,8,True,
STR-006,2024-10-20,0,0,True,
STR-006,2024-10-20,1,0,True,
STR-006,2024-10-20,2,0,True,
STR-006,2024-10-20,3,0,True,
STR-006,2024-10-20,4,0,True,
STR-006,2024-10-20,5,0,True,
STR-006,2024-10-20,6,15,True,
STR-006,2024-10-20,7,24,True,
STR-006,2024-10-20,8,36,True,
STR-006,2024-10-20,9,53,True,
STR-006,2024-10-20,10,78,True,
STR-006,2024-10-20,11,66,True,
STR-006,2024-10-20,12,83,True,
STR-006,2024-10-20,13,84,True,
STR-006,2024-10-20,14,64,True,
STR-006,2024-10-20,15,49,True,
STR-006,2024-10-20,16,58,True,
STR-006,2024-10-20,17,53,True,
STR-006,2024-10-20,18,94,True,
STR-006,2024-10-20,19,92,True,
STR-006,2024-10-20,20,79,True,
STR-006,2024-10-20,21,77,True,
STR-006,2024-10-20,22,30,True,
STR-006,2024-10-20,23,12,True,
STR-006,2024-10-21,0,0,False,
STR-006,2024-10-21,1,0,False,
STR-006,2024-10-21,2,0,False,
STR-006,2024-10-21,3,0,False,
STR-006,2024-10-21,4,0,False,
STR-006,2024-10-21,5,0,False,
STR-006,2024-10-21,6,6,False,
STR-006,2024-10-21,7,15,False,
STR-006,2024-10-21,8,19,False,
STR-006,2024-10-21,9,45,False,
STR-006,2024-10-21,10,54,False,
STR-006,2024-10-21,11,58,False,
STR-006,2024-10-21,12,79,False,
STR-006,2024-10-21,13,61,False,
STR-006,2024-10-21,14,49,False,
STR-006,2024-10-21,15,41,False,
STR-006,2024-10-21,16,53,False,
STR-006,2024-10-21,17,49,False,
STR-006,2024-10-21,18,68,False,
STR-006,2024-10-21,19,89,False,
STR-006,2024-10-21,20,64,False,
STR-006,2024-10-21,21,58,False,
STR-006,2024-10-21,22,27,False,
STR-006,2024-10-21,23,7,False,
STR-006,2024-10-22,0,0,False,Diwali
STR-006,2024-10-22,1,0,False,Diwali
STR-006,2024-10-22,2,0,False,Diwali
STR-006,2024-10-22,3,0,False,Diwali
STR-006,2024-10-22,4,0,False,Diwali
STR-006,2024-10-22,5,0,False,Diwali
STR-006,2024-10-22,6,19,False,Diwali
STR-006,2024-10-22,7,27,False,Diwali
STR-006,2024-10-22,8,48,False,Diwali
STR-006,2024-10-22,9,65,False,Diwali
STR-006,2024-10-22,10,74,False,Diwali
STR-006,2024-10-22,11,75,False,Diwali
STR-006,2024-10-22,12,117,False,Diwali
STR-006,2024-10-22,13,101,False,Diwali
STR-006,2024-10-22,14,80,False,Diwali
STR-006,2024-10-22,15,79,False,Diwali
STR-006,2024-10-22,16,71,False,Diwali
STR-006,2024-10-22,17,89,False,Diwali
STR-006,2024-10-22,18,123,False,Diwali
STR-006,2024-10-22,19,151,False,Diwali
STR-006,2024-10-22,20,127,False,Diwali
STR-006,2024-10-22,21,101,False,Diwali
STR-006,2024-10-22,22,32,False,Diwali
STR-006,2024-10-22,23,18,False,Diwali
STR-006,2024-10-23,0,0,False,
STR-006,2024-10-23,1,0,False,
STR-006,2024-10-23,2,0,False,
STR-006,2024-10-23,3,0,False,
STR-006,2024-10-23,4,0,False,
STR-006,2024-10-23,5,0,False,
STR-006,2024-10-23,6,9,False,
STR-006,2024-10-23,7,17,False,
STR-006,2024-10-23,8,25,False,
STR-006,2024-10-23,9,24,False,
STR-006,2024-10-23,10,52,False,
STR-006,2024-10-23,11,37,False,
STR-006,2024-10-23,12,53,False,
STR-006,2024-10-23,13,58,False,
STR-006,2024-10-23,14,62,False,
STR-006,2024-10-23,15,43,False,
STR-006,2024-10-23,16,43,False,
STR-006,2024-10-23,17,50,False,
STR-006,2024-10-23,18,72,False,
STR-006,2024-10-23,19,78,False,
STR-006,2024-10-23,20,79,False,
STR-006,2024-10-23,21,50,False,
STR-006,2024-10-23,22,21,False,
STR-006,2024-10-23,23,11,False,
STR-006,2024-10-24,0,0,False,
STR-006,2024-10-24,1,0,False,
STR-006,2024-10-24,2,0,False,
STR-006,2024-10-24,3,0,False,
STR-006,2024-10-24,4,0,False,
STR-006,2024-10-24,5,0,False,
STR-006,2024-10-24,6,12,False,
STR-006,2024-10-24,7,15,False,
STR-006,2024-10-24,8,30,False,
STR-006,2024-10-24,9,33,False,
STR-006,2024-10-24,10,55,False,
STR-006,2024-10-24,11,36,False,
STR-006,2024-10-24,12,58,False,
STR-006,2024-10-24,13,43,False,
STR-006,2024-10-24,14,40,False,
STR-006,2024-10-24,15,33,False,
STR-006,2024-10-24,16,50,False,
STR-006,2024-10-24,17,53,False,
STR-006,2024-10-24,18,62,False,
STR-006,2024-10-24,19,65,False,
STR-006,2024-10-24,20,63,False,
STR-006,2024-10-24,21,57,False,
STR-006,2024-10-24,22,19,False,
STR-006,2024-10-24,23,7,False,
STR-006,2024-10-25,0,0,False,
STR-006,2024-10-25,1,0,False,
STR-006,2024-10-25,2,0,False,
STR-006,2024-10-25,3,0,False,
STR-006,2024-10-25,4,0,False,
STR-006,2024-10-25,5,0,False,
STR-006,2024-10-25,6,14,False,
STR-006,2024-10-25,7,28,False,
STR-006,2024-10-25,8,29,False,
STR-006,2024-10-25,9,43,False,
STR-006,2024-10-25,10,43,False,
STR-006,2024-10-25,11,46,False,
STR-006,2024-10-25,12,60,False,
STR-006,2024-10-25,13,49,False,
STR-006,2024-10-25,14,43,False,
STR-006,2024-10-25,15,50,False,
STR-006,2024-10-25,16,48,False,
STR-006,2024-10-25,17,49,False,
STR-006,2024-10-25,18,81,False,
STR-006,2024-10-25,19,63,False,
STR-006,2024-10-25,20,75,False,
STR-006,2024-10-25,21,51,False,
STR-006,2024-10-25,22,16,False,
STR-006,2024-10-25,23,9,False,
STR-006,2024-10-26,0,0,True,
STR-006,2024-10-26,1,0,True,
STR-006,2024-10-26,2,0,True,
STR-006,2024-10-26,3,0,True,
STR-006,2024-10-26,4,0,True,
STR-006,2024-10-26,5,0,True,
STR-006,2024-10-26,6,17,True,
STR-006,2024-10-26,7,24,True,
STR-006,2024-10-26,8,38,True,
STR-006,2024-10-26,9,54,True,
STR-006,2024-10-26,10,57,True,
STR-006,2024-10-26,11,57,True,
STR-006,2024-10-26,12,103,True,
STR-006,2024-10-26,13,79,True,
STR-006,2024-10-26,14,75,True,
STR-006,2024-10-26,15,65,True,
STR-006,2024-10-26,16,61,True,
STR-006,2024-10-26,17,70,True,
STR-006,2024-10-26,18,127,True,
STR-006,2024-10-26,19,121,True,
STR-006,2024-10-26,20,95,True,
STR-006,2024-10-26,21,70,True,
STR-006,2024-10-26,22,14,True,
STR-006,2024-10-26,23,9,True,
STR-006,2024-10-27,0,0,True,
STR-006,2024-10-27,1,0,True,
STR-006,2024-10-27,2,0,True,
STR-006,2024-10-27,3,0,True,
STR-006,2024-10-27,4,0,True,
STR-006,2024-10-27,5,0,True,
STR-006,2024-10-27,6,9,True,
STR-006,2024-10-27,7,28,True,
STR-006,2024-10-27,8,37,True,
STR-006,2024-10-27,9,45,True,
STR-006,2024-10-27,10,56,True,
STR-006,2024-10-27,11,62,True,
STR-006,2024-10-27,12,89,True,
STR-006,2024-10-27,13,73,True,
STR-006,2024-10-27,14,61,True,
STR-006,2024-10-27,15,64,True,
STR-006,2024-10-27,16,53,True,
STR-006,2024-10-27,17,47,True,
STR-006,2024-10-27,18,88,True,
STR-006,2024-10-27,19,104,True,
STR-006,2024-10-27,20,88,True,
STR-006,2024-10-27,21,76,True,
STR-006,2024-10-27,22,20,True,
STR-006,2024-10-27,23,8,True,
STR-006,2024-10-28,0,0,False,
STR-006,2024-10-28,1,0,False,
STR-006,2024-10-28,2,0,False,
STR-006,2024-10-28,3,0,False,
STR-006,2024-10-28,4,0,False,
STR-006,2024-10-28,5,0,False,
STR-006,2024-10-28,6,11,False,
STR-006,2024-10-28,7,17,False,
STR-006,2024-10-28,8,26,False,
STR-006,2024-10-28,9,28,False,
STR-006,2024-10-28,10,40,False,
STR-006,2024-10-28,11,45,False,
STR-006,2024-10-28,12,59,False,
STR-006,2024-10-28,13,49,False,
STR-006,2024-10-28,14,55,False,
STR-006,2024-10-28,15,45,False,
STR-006,2024-10-28,16,45,False,
STR-006,2024-10-28,17,45,False,
STR-006,2024-10-28,18,67,False,
STR-006,2024-10-28,19,77,False,
STR-006,2024-10-28,20,60,False,
STR-006,2024-10-28,21,50,False,
STR-006,2024-10-28,22,21,False,
STR-006,2024-10-28,23,12,False,
STR-006,2024-10-29,0,0,False,
STR-006,2024-10-29,1,0,False,
STR-006,2024-10-29,2,0,False,
STR-006,2024-10-29,3,0,False,
STR-006,2024-10-29,4,0,False,
STR-006,2024-10-29,5,0,False,
STR-006,2024-10-29,6,7,False,
STR-006,2024-10-29,7,13,False,
STR-006,2024-10-29,8,35,False,
STR-006,2024-10-29,9,27,False,
STR-006,2024-10-29,10,43,False,
STR-006,2024-10-29,11,40,False,
STR-006,2024-10-29,12,75,False,
STR-006,2024-10-29,13,58,False,
STR-006,2024-10-29,14,58,False,
STR-006,2024-10-29,15,52,False,
STR-006,2024-10-29,16,49,False,
STR-006,2024-10-29,17,44,False,
STR-006,2024-10-29,18,71,False,
STR-006,2024-10-29,19,79,False,
STR-006,2024-10-29,20,77,False,
STR-006,2024-10-29,21,57,False,
STR-006,2024-10-29,22,17,False,
STR-006,2024-10-29,23,6,False,
STR-006,2024-10-30,0,0,False,
STR-006,2024-10-30,1,0,False,
STR-006,2024-10-30,2,0,False,
STR-006,2024-10-30,3,0,False,
STR-006,2024-10-30,4,0,False,
STR-006,2024-10-30,5,0,False,
STR-006,2024-10-30,6,9,False,
STR-006,2024-10-30,7,17,False,
STR-006,2024-10-30,8,19,False,
STR-006,2024-10-30,9,32,False,
STR-006,2024-10-30,10,53,False,
STR-006,2024-10-30,11,31,False,
STR-006,2024-10-30,12,52,False,
STR-006,2024-10-30,13,69,False,
STR-006,2024-10-30,14,45,False,
STR-006,2024-10-30,15,48,False,
STR-006,2024-10-30,16,38,False,
STR-006,2024-10-30,17,44,False,
STR-006,2024-10-30,18,70,False,
STR-006,2024-10-30,19,75,False,
STR-006,2024-10-30,20,62,False,
STR-006,2024-10-30,21,42,False,
STR-006,2024-10-30,22,28,False,
STR-006,2024-10-30,23,7,False,
STR-006,2024-10-31,0,0,False,
STR-006,2024-10-31,1,0,False,
STR-006,2024-10-31,2,0,False,
STR-006,2024-10-31,3,0,False,
STR-006,2024-10-31,4,0,False,
STR-006,2024-10-31,5,0,False,
STR-006,2024-10-31,6,4,False,
STR-006,2024-10-31,7,26,False,
STR-006,2024-10-31,8,22,False,
STR-006,2024-10-31,9,35,False,
STR-006,2024-10-31,10,41,False,
STR-006,2024-10-31,11,30,False,
STR-006,2024-10-31,12,48,False,
STR-006,2024-10-31,13,50,False,
STR-006,2024-10-31,14,41,False,
STR-006,2024-10-31,15,36,False,
STR-006,2024-10-31,16,37,False,
STR-006,2024-10-31,17,44,False,
STR-006,2024-10-31,18,59,False,
STR-006,2024-10-31,19,79,False,
STR-006,2024-10-31,20,60,False,
STR-006,2024-10-31,21,38,False,
STR-006,2024-10-31,22,13,False,
STR-006,2024-10-31,23,7,False,
STR-006,2024-11-01,0,0,False,Kannada Rajyotsava
STR-006,2024-11-01,1,0,False,Kannada Rajyotsava
STR-006,2024-11-01,2,0,False,Kannada Rajyotsava
STR-006,2024-11-01,3,0,False,Kannada Rajyotsava
STR-006,2024-11-01,4,0,False,Kannada Rajyotsava
STR-006,2024-11-01,5,0,False,Kannada Rajyotsava
STR-006,2024-11-01,6,16,False,Kannada Rajyotsava
STR-006,2024-11-01,7,34,False,Kannada Rajyotsava
STR-006,2024-11-01,8,53,False,Kannada Rajyotsava
STR-006,2024-11-01,9,65,False,Kannada Rajyotsava
STR-006,2024-11-01,10,93,False,Kannada Rajyotsava
STR-006,2024-11-01,11,78,False,Kannada Rajyotsava
STR-006,2024-11-01,12,108,False,Kannada Rajyotsava
STR-006,2024-11-01,13,99,False,Kannada Rajyotsava
STR-006,2024-11-01,14,89,False,Kannada Rajyotsava
STR-006,2024-11-01,15,77,False,Kannada Rajyotsava
STR-006,2024-11-01,16,69,False,Kannada Rajyotsava
STR-006,2024-11-01,17,82,False,Kannada Rajyotsava
STR-006,2024-11-01,18,130,False,Kannada Rajyotsava
STR-006,2024-11-01,19,158,False,Kannada Rajyotsava
STR-006,2024-11-01,20,117,False,Kannada Rajyotsava
STR-006,2024-11-01,21,98,False,Kannada Rajyotsava
STR-006,2024-11-01,22,29,False,Kannada Rajyotsava
STR-006,2024-11-01,23,15,False,Kannada Rajyotsava
STR-006,2024-11-02,0,0,True,
STR-006,2024-11-02,1,0,True,
STR-006,2024-11-02,2,0,True,
STR-006,2024-11-02,3,0,True,
STR-006,2024-11-02,4,0,True,
STR-006,2024-11-02,5,0,True,
STR-006,2024-11-02,6,13,True,
STR-006,2024-11-02,7,26,True,
STR-006,2024-11-02,8,35,True,
STR-006,2024-11-02,9,51,True,
STR-006,2024-11-02,10,54,True,
STR-006,2024-11-02,11,52,True,
STR-006,2024-11-02,12,84,True,
STR-006,2024-11-02,13,76,True,
STR-006,2024-11-02,14,78,True,
STR-006,2024-11-02,15,54,True,
STR-006,2024-11-02,16,65,True,
STR-006,2024-11-02,17,62,True,
STR-006,2024-11-02,18,95,True,
STR-006,2024-11-02,19,96,True,
STR-006,2024-11-02,20,88,True,
STR-006,2024-11-02,21,71,True,
STR-006,2024-11-02,22,26,True,
STR-006,2024-11-02,23,17,True,
STR-006,2024-11-03,0,0,True,
STR-006,2024-11-03,1,0,True,
STR-006,2024-11-03,2,0,True,
STR-006,2024-11-03,3,0,True,
STR-006,2024-11-03,4,0,True,
STR-006,2024-11-03,5,0,True,
STR-006,2024-11-03,6,12,True,
STR-006,2024-11-03,7,20,True,
STR-006,2024-11-03,8,35,True,
STR-006,2024-11-03,9,60,True,
STR-006,2024-11-03,10,52,True,
STR-006,2024-11-03,11,62,True,
STR-006,2024-11-03,12,82,True,
STR-006,2024-11-03,13,76,True,
STR-006,2024-11-03,14,64,True,
STR-006,2024-11-03,15,69,True,
STR-006,2024-11-03,16,61,True,
STR-006,2024-11-03,17,62,True,
STR-006,2024-11-03,18,115,True,
STR-006,2024-11-03,19,119,True,
STR-006,2024-11-03,20,106,True,
STR-006,2024-11-03,21,85,True,
STR-006,2024-11-03,22,20,True,
STR-006,2024-11-03,23,7,True,
STR-006,2024-11-04,0,0,False,
STR-006,2024-11-04,1,0,False,
STR-006,2024-11-04,2,0,False,
STR-006,2024-11-04,3,0,False,
STR-006,2024-11-04,4,0,False,
STR-006,2024-11-04,5,0,False,
STR-006,2024-11-04,6,6,False,
STR-006,2024-11-04,7,13,False,
STR-006,2024-11-04,8,28,False,
STR-006,2024-11-04,9,27,False,
STR-006,2024-11-04,10,28,False,
STR-006,2024-11-04,11,40,False,
STR-006,2024-11-04,12,55,False,
STR-006,2024-11-04,13,43,False,
STR-006,2024-11-04,14,41,False,
STR-006,2024-11-04,15,39,False,
STR-006,2024-11-04,16,40,False,
STR-006,2024-11-04,17,35,False,
STR-006,2024-11-04,18,63,False,
STR-006,2024-11-04,19,64,False,
STR-006,2024-11-04,20,55,False,
STR-006,2024-11-04,21,46,False,
STR-006,2024-11-04,22,13,False,
STR-006,2024-11-04,23,4,False,
STR-006,2024-11-05,0,0,False,
STR-006,2024-11-05,1,0,False,
STR-006,2024-11-05,2,0,False,
STR-006,2024-11-05,3,0,False,
STR-006,2024-11-05,4,0,False,
STR-006,2024-11-05,5,0,False,
STR-006,2024-11-05,6,11,False,
STR-006,2024-11-05,7,22,False,
STR-006,2024-11-05,8,28,False,
STR-006,2024-11-05,9,34,False,
STR-006,2024-11-05,10,48,False,
STR-006,2024-11-05,11,44,False,
STR-006,2024-11-05,12,73,False,
STR-006,2024-11-05,13,73,False,
STR-006,2024-11-05,14,56,False,
STR-006,2024-11-05,15,51,False,
STR-006,2024-11-05,16,51,False,
STR-006,2024-11-05,17,46,False,
STR-006,2024-11-05,18,71,False,
STR-006,2024-11-05,19,75,False,
STR-006,2024-11-05,20,78,False,
STR-006,2024-11-05,21,57,False,
STR-006,2024-11-05,22,21,False,
STR-006,2024-11-05,23,7,False,
STR-006,2024-11-06,0,0,False,
STR-006,2024-11-06,1,0,False,
STR-006,2024-11-06,2,0,False,
STR-006,2024-11-06,3,0,False,
STR-006,2024-11-06,4,0,False,
STR-006,2024-11-06,5,0,False,
STR-006,2024-11-06,6,11,False,
STR-006,2024-11-06,7,18,False,
STR-006,2024-11-06,8,23,False,
STR-006,2024-11-06,9,35,False,
STR-006,2024-11-06,10,35,False,
STR-006,2024-11-06,11,41,False,
STR-006,2024-11-06,12,62,False,
STR-006,2024-11-06,13,52,False,
STR-006,2024-11-06,14,55,False,
STR-006,2024-11-06,15,56,False,
STR-006,2024-11-06,16,63,False,
STR-006,2024-11-06,17,49,False,
STR-006,2024-11-06,18,83,False,
STR-006,2024-11-06,19,110,False,
STR-006,2024-11-06,20,80,False,
STR-006,2024-11-06,21,54,False,
STR-006,2024-11-06,22,20,False,
STR-006,2024-11-06,23,5,False,
STR-006,2024-11-07,0,0,False,
STR-006,2024-11-07,1,0,False,
STR-006,2024-11-07,2,0,False,
STR-006,2024-11-07,3,0,False,
STR-006,2024-11-07,4,0,False,
STR-006,2024-11-07,5,0,False,
STR-006,2024-11-07,6,12,False,
STR-006,2024-11-07,7,23,False,
STR-006,2024-11-07,8,21,False,
STR-006,2024-11-07,9,41,False,
STR-006,2024-11-07,10,48,False,
STR-006,2024-11-07,11,39,False,
STR-006,2024-11-07,12,89,False,
STR-006,2024-11-07,13,74,False,
STR-006,2024-11-07,14,56,False,
STR-006,2024-11-07,15,42,False,
STR-006,2024-11-07,16,51,False,
STR-006,2024-11-07,17,46,False,
STR-006,2024-11-07,18,85,False,
STR-006,2024-11-07,19,100,False,
STR-006,2024-11-07,20,102,False,
STR-006,2024-11-07,21,62,False,
STR-006,2024-11-07,22,15,False,
STR-006,2024-11-07,23,8,False,
STR-006,2024-11-08,0,0,False,
STR-006,2024-11-08,1,0,False,
STR-006,2024-11-08,2,0,False,
STR-006,2024-11-08,3,0,False,
STR-006,2024-11-08,4,0,False,
STR-006,2024-11-08,5,0,False,
STR-006,2024-11-08,6,13,False,
STR-006,2024-11-08,7,23,False,
STR-006,2024-11-08,8,34,False,
STR-006,2024-11-08,9,45,False,
STR-006,2024-11-08,10,61,False,
STR-006,2024-11-08,11,53,False,
STR-006,2024-11-08,12,58,False,
STR-006,2024-11-08,13,65,False,
STR-006,2024-11-08,14,56,False,
STR-006,2024-11-08,15,47,False,
STR-006,2024-11-08,16,56,False,
STR-006,2024-11-08,17,48,False,
STR-006,2024-11-08,18,92,False,
STR-006,2024-11-08,19,102,False,
STR-006,2024-11-08,20,84,False,
STR-006,2024-11-08,21,60,False,
STR-006,2024-11-08,22,22,False,
STR-006,2024-11-08,23,8,False,
STR-006,2024-11-09,0,0,True,
STR-006,2024-11-09,1,0,True,
STR-006,2024-11-09,2,0,True,
STR-006,2024-11-09,3,0,True,
STR-006,2024-11-09,4,0,True,
STR-006,2024-11-09,5,0,True,
STR-006,2024-11-09,6,7,True,
STR-006,2024-11-09,7,26,True,
STR-006,2024-11-09,8,26,True,
STR-006,2024-11-09,9,40,True,
STR-006,2024-11-09,10,44,True,
STR-006,2024-11-09,11,50,True,
STR-006,2024-11-09,12,77,True,
STR-006,2024-11-09,13,68,True,
STR-006,2024-11-09,14,58,True,
STR-006,2024-11-09,15,58,True,
STR-006,2024-11-09,16,56,True,
STR-006,2024-11-09,17,59,True,
STR-006,2024-11-09,18,69,True,
STR-006,2024-11-09,19,95,True,
STR-006,2024-11-09,20,90,True,
STR-006,2024-11-09,21,80,True,
STR-006,2024-11-09,22,21,True,
STR-006,2024-11-09,23,14,True,
STR-006,2024-11-10,0,0,True,
STR-006,2024-11-10,1,0,True,
STR-006,2024-11-10,2,0,True,
STR-006,2024-11-10,3,0,True,
STR-006,2024-11-10,4,0,True,
STR-006,2024-11-10,5,0,True,
STR-006,2024-11-10,6,25,True,
STR-006,2024-11-10,7,29,True,
STR-006,2024-11-10,8,44,True,
STR-006,2024-11-10,9,46,True,
STR-006,2024-11-10,10,66,True,
STR-006,2024-11-10,11,67,True,
STR-006,2024-11-10,12,95,True,
STR-006,2024-11-10,13,66,True,
STR-006,2024-11-10,14,71,True,
STR-006,2024-11-10,15,57,True,
STR-006,2024-11-10,16,60,True,
STR-006,2024-11-10,17,67,True,
STR-006,2024-11-10,18,119,True,
STR-006,2024-11-10,19,94,True,
STR-006,2024-11-10,20,84,True,
STR-006,2024-11-10,21,72,True,
STR-006,2024-11-10,22,15,True,
STR-006,2024-11-10,23,14,True,
STR-006,2024-11-11,0,0,False,
STR-006,2024-11-11,1,0,False,
STR-006,2024-11-11,2,0,False,
STR-006,2024-11-11,3,0,False,
STR-006,2024-11-11,4,0,False,
STR-006,2024-11-11,5,0,False,
STR-006,2024-11-11,6,8,False,
STR-006,2024-11-11,7,25,False,
STR-006,2024-11-11,8,26,False,
STR-006,2024-11-11,9,42,False,
STR-006,2024-11-11,10,50,False,
STR-006,2024-11-11,11,51,False,
STR-006,2024-11-11,12,68,False,
STR-006,2024-11-11,13,63,False,
STR-006,2024-11-11,14,52,False,
STR-006,2024-11-11,15,53,False,
STR-006,2024-11-11,16,51,False,
STR-006,2024-11-11,17,52,False,
STR-006,2024-11-11,18,91,False,
STR-006,2024-11-11,19,103,False,
STR-006,2024-11-11,20,86,False,
STR-006,2024-11-11,21,72,False,
STR-006,2024-11-11,22,24,False,
STR-006,2024-11-11,23,15,False,
STR-006,2024-11-12,0,0,False,
STR-006,2024-11-12,1,0,False,
STR-006,2024-11-12,2,0,False,
STR-006,2024-11-12,3,0,False,
STR-006,2024-11-12,4,0,False,
STR-006,2024-11-12,5,0,False,
STR-006,2024-11-12,6,15,False,
STR-006,2024-11-12,7,16,False,
STR-006,2024-11-12,8,18,False,
STR-006,2024-11-12,9,42,False,
STR-006,2024-11-12,10,52,False,
STR-006,2024-11-12,11,43,False,
STR-006,2024-11-12,12,67,False,
STR-006,2024-11-12,13,69,False,
STR-006,2024-11-12,14,54,False,
STR-006,2024-11-12,15,54,False,
STR-006,2024-11-12,16,45,False,
STR-006,2024-11-12,17,43,False,
STR-006,2024-11-12,18,60,False,
STR-006,2024-11-12,19,76,False,
STR-006,2024-11-12,20,66,False,
STR-006,2024-11-12,21,63,False,
STR-006,2024-11-12,22,16,False,
STR-006,2024-11-12,23,4,False,
STR-006,2024-11-13,0,0,False,
STR-006,2024-11-13,1,0,False,
STR-006,2024-11-13,2,0,False,
STR-006,2024-11-13,3,0,False,
STR-006,2024-11-13,4,0,False,
STR-006,2024-11-13,5,0,False,
STR-006,2024-11-13,6,4,False,
STR-006,2024-11-13,7,15,False,
STR-006,2024-11-13,8,32,False,
STR-006,2024-11-13,9,26,False,
STR-006,2024-11-13,10,38,False,
STR-006,2024-11-13,11,32,False,
STR-006,2024-11-13,12,61,False,
STR-006,2024-11-13,13,38,False,
STR-006,2024-11-13,14,58,False,
STR-006,2024-11-13,15,33,False,
STR-006,2024-11-13,16,45,False,
STR-006,2024-11-13,17,48,False,
STR-006,2024-11-13,18,72,False,
STR-006,2024-11-13,19,70,False,
STR-006,2024-11-13,20,62,False,
STR-006,2024-11-13,21,59,False,
STR-006,2024-11-13,22,20,False,
STR-006,2024-11-13,23,9,False,
STR-006,2024-11-14,0,0,False,
STR-006,2024-11-14,1,0,False,
STR-006,2024-11-14,2,0,False,
STR-006,2024-11-14,3,0,False,
STR-006,2024-11-14,4,0,False,
STR-006,2024-11-14,5,0,False,
STR-006,2024-11-14,6,10,False,
STR-006,2024-11-14,7,15,False,
STR-006,2024-11-14,8,36,False,
STR-006,2024-11-14,9,42,False,
STR-006,2024-11-14,10,53,False,
STR-006,2024-11-14,11,34,False,
STR-006,2024-11-14,12,62,False,
STR-006,2024-11-14,13,62,False,
STR-006,2024-11-14,14,56,False,
STR-006,2024-11-14,15,53,False,
STR-006,2024-11-14,16,48,False,
STR-006,2024-11-14,17,46,False,
STR-006,2024-11-14,18,76,False,
STR-006,2024-11-14,19,86,False,
STR-006,2024-11-14,20,71,False,
STR-006,2024-11-14,21,59,False,
STR-006,2024-11-14,22,17,False,
STR-006,2024-11-14,23,10,False,
STR-006,2024-11-15,0,0,False,Guru Nanak Jayanti
STR-006,2024-11-15,1,0,False,Guru Nanak Jayanti
STR-006,2024-11-15,2,0,False,Guru Nanak Jayanti
STR-006,2024-11-15,3,0,False,Guru Nanak Jayanti
STR-006,2024-11-15,4,0,False,Guru Nanak Jayanti
STR-006,2024-11-15,5,0,False,Guru Nanak Jayanti
STR-006,2024-11-15,6,15,False,Guru Nanak Jayanti
STR-006,2024-11-15,7,21,False,Guru Nanak Jayanti
STR-006,2024-11-15,8,45,False,Guru Nanak Jayanti
STR-006,2024-11-15,9,53,False,Guru Nanak Jayanti
STR-006,2024-11-15,10,62,False,Guru Nanak Jayanti
STR-006,2024-11-15,11,59,False,Guru Nanak Jayanti
STR-006,2024-11-15,12,84,False,Guru Nanak Jayanti
STR-006,2024-11-15,13,82,False,Guru Nanak Jayanti
STR-006,2024-11-15,14,66,False,Guru Nanak Jayanti
STR-006,2024-11-15,15,53,False,Guru Nanak Jayanti
STR-006,2024-11-15,16,57,False,Guru Nanak Jayanti
STR-006,2024-11-15,17,59,False,Guru Nanak Jayanti
STR-006,2024-11-15,18,86,False,Guru Nanak Jayanti
STR-006,2024-11-15,19,113,False,Guru Nanak Jayanti
STR-006,2024-11-15,20,95,False,Guru Nanak Jayanti
STR-006,2024-11-15,21,61,False,Guru Nanak Jayanti
STR-006,2024-11-15,22,22,False,Guru Nanak Jayanti
STR-006,2024-11-15,23,11,False,Guru Nanak Jayanti
STR-006,2024-11-16,0,0,True,
STR-006,2024-11-16,1,0,True,
STR-006,2024-11-16,2,0,True,
STR-006,2024-11-16,3,0,True,
STR-006,2024-11-16,4,0,True,
STR-006,2024-11-16,5,0,True,
STR-006,2024-11-16,6,8,True,
STR-006,2024-11-16,7,29,True,
STR-006,2024-11-16,8,39,True,
STR-006,2024-11-16,9,46,True,
STR-006,2024-11-16,10,48,True,
STR-006,2024-11-16,11,58,True,
STR-006,2024-11-16,12,80,True,
STR-006,2024-11-16,13,64,True,
STR-006,2024-11-16,14,57,True,
STR-006,2024-11-16,15,59,True,
STR-006,2024-11-16,16,68,True,
STR-006,2024-11-16,17,53,True,
STR-006,2024-11-16,18,95,True,
STR-006,2024-11-16,19,126,True,
STR-006,2024-11-16,20,110,True,
STR-006,2024-11-16,21,68,True,
STR-006,2024-11-16,22,20,True,
STR-006,2024-11-16,23,19,True,
STR-006,2024-11-17,0,0,True,
STR-006,2024-11-17,1,0,True,
STR-006,2024-11-17,2,0,True,
STR-006,2024-11-17,3,0,True,
STR-006,2024-11-17,4,0,True,
STR-006,2024-11-17,5,0,True,
STR-006,2024-11-17,6,4,True,
STR-006,2024-11-17,7,28,True,
STR-006,2024-11-17,8,38,True,
STR-006,2024-11-17,9,63,True,
STR-006,2024-11-17,10,65,True,
STR-006,2024-11-17,11,53,True,
STR-006,2024-11-17,12,82,True,
STR-006,2024-11-17,13,84,True,
STR-006,2024-11-17,14,67,True,
STR-006,2024-11-17,15,70,True,
STR-006,2024-11-17,16,71,True,
STR-006,2024-11-17,17,68,True,
STR-006,2024-11-17,18,89,True,
STR-006,2024-11-17,19,137,True,
STR-006,2024-11-17,20,108,True,
STR-006,2024-11-17,21,86,True,
STR-006,2024-11-17,22,32,True,
STR-006,2024-11-17,23,11,True,
STR-006,2024-11-18,0,0,False,
STR-006,2024-11-18,1,0,False,
STR-006,2024-11-18,2,0,False,
STR-006,2024-11-18,3,0,False,
STR-006,2024-11-18,4,0,False,
STR-006,2024-11-18,5,0,False,
STR-006,2024-11-18,6,10,False,
STR-006,2024-11-18,7,12,False,
STR-006,2024-11-18,8,32,False,
STR-006,2024-11-18,9,34,False,
STR-006,2024-11-18,10,43,False,
STR-006,2024-11-18,11,45,False,
STR-006,2024-11-18,12,65,False,
STR-006,2024-11-18,13,50,False,
STR-006,2024-11-18,14,47,False,
STR-006,2024-11-18,15,48,False,
STR-006,2024-11-18,16,38,False,
STR-006,2024-11-18,17,48,False,
STR-006,2024-11-18,18,79,False,
STR-006,2024-11-18,19,95,False,
STR-006,2024-11-18,20,61,False,
STR-006,2024-11-18,21,54,False,
STR-006,2024-11-18,22,17,False,
STR-006,2024-11-18,23,13,False,
STR-006,2024-11-19,0,0,False,
STR-006,2024-11-19,1,0,False,
STR-006,2024-11-19,2,0,False,
STR-006,2024-11-19,3,0,False,
STR-006,2024-11-19,4,0,False,
STR-006,2024-11-19,5,0,False,
STR-006,2024-11-19,6,7,False,
STR-006,2024-11-19,7,21,False,
STR-006,2024-11-19,8,31,False,
STR-006,2024-11-19,9,41,False,
STR-006,2024-11-19,10,37,False,
STR-006,2024-11-19,11,33,False,
STR-006,2024-11-19,12,58,False,
STR-006,2024-11-19,13,42,False,
STR-006,2024-11-19,14,47,False,
STR-006,2024-11-19,15,49,False,
STR-006,2024-11-19,16,30,False,
STR-006,2024-11-19,17,32,False,
STR-006,2024-11-19,18,57,False,
STR-006,2024-11-19,19,83,False,
STR-006,2024-11-19,20,74,False,
STR-006,2024-11-19,21,45,False,
STR-006,2024-11-19,22,18,False,
STR-006,2024-11-19,23,7,False,
STR-006,2024-11-20,0,0,False,
STR-006,2024-11-20,1,0,False,
STR-006,2024-11-20,2,0,False,
STR-006,2024-11-20,3,0,False,
STR-006,2024-11-20,4,0,False,
STR-006,2024-11-20,5,0,False,
STR-006,2024-11-20,6,4,False,
STR-006,2024-11-20,7,14,False,
STR-006,2024-11-20,8,25,False,
STR-006,2024-11-20,9,25,False,
STR-006,2024-11-20,10,46,False,
STR-006,2024-11-20,11,35,False,
STR-006,2024-11-20,12,58,False,
STR-006,2024-11-20,13,53,False,
STR-006,2024-11-20,14,41,False,
STR-006,2024-11-20,15,45,False,
STR-006,2024-11-20,16,45,False,
STR-006,2024-11-20,17,38,False,
STR-006,2024-11-20,18,60,False,
STR-006,2024-11-20,19,76,False,
STR-006,2024-11-20,20,72,False,
STR-006,2024-11-20,21,39,False,
STR-006,2024-11-20,22,17,False,
STR-006,2024-11-20,23,13,False,
STR-006,2024-11-21,0,0,False,
STR-006,2024-11-21,1,0,False,
STR-006,2024-11-21,2,0,False,
STR-006,2024-11-21,3,0,False,
STR-006,2024-11-21,4,0,False,
STR-006,2024-11-21,5,0,False,
STR-006,2024-11-21,6,8,False,
STR-006,2024-11-21,7,20,False,
STR-006,2024-11-21,8,20,False,
STR-006,2024-11-21,9,45,False,
STR-006,2024-11-21,10,58,False,
STR-006,2024-11-21,11,41,False,
STR-006,2024-11-21,12,67,False,
STR-006,2024-11-21,13,41,False,
STR-006,2024-11-21,14,53,False,
STR-006,2024-11-21,15,35,False,
STR-006,2024-11-21,16,45,False,
STR-006,2024-11-21,17,36,False,
STR-006,2024-11-21,18,63,False,
STR-006,2024-11-21,19,90,False,
STR-006,2024-11-21,20,80,False,
STR-006,2024-11-21,21,47,False,
STR-006,2024-11-21,22,18,False,
STR-006,2024-11-21,23,8,False,
STR-006,2024-11-22,0,0,False,
STR-006,2024-11-22,1,0,False,
STR-006,2024-11-22,2,0,False,
STR-006,2024-11-22,3,0,False,
STR-006,2024-11-22,4,0,False,
STR-006,2024-11-22,5,0,False,
STR-006,2024-11-22,6,17,False,
STR-006,2024-11-22,7,22,False,
STR-006,2024-11-22,8,24,False,
STR-006,2024-11-22,9,48,False,
STR-006,2024-11-22,10,35,False,
STR-006,2024-11-22,11,46,False,
STR-006,2024-11-22,12,65,False,
STR-006,2024-11-22,13,51,False,
STR-006,2024-11-22,14,41,False,
STR-006,2024-11-22,15,45,False,
STR-006,2024-11-22,16,42,False,
STR-006,2024-11-22,17,43,False,
STR-006,2024-11-22,18,64,False,
STR-006,2024-11-22,19,94,False,
STR-006,2024-11-22,20,63,False,
STR-006,2024-11-22,21,54,False,
STR-006,2024-11-22,22,19,False,
STR-006,2024-11-22,23,11,False,
STR-006,2024-11-23,0,0,True,
STR-006,2024-11-23,1,0,True,
STR-006,2024-11-23,2,0,True,
STR-006,2024-11-23,3,0,True,
STR-006,2024-11-23,4,0,True,
STR-006,2024-11-23,5,0,True,
STR-006,2024-11-23,6,11,True,
STR-006,2024-11-23,7,24,True,
STR-006,2024-11-23,8,30,True,
STR-006,2024-11-23,9,47,True,
STR-006,2024-11-23,10,64,True,
STR-006,2024-11-23,11,58,True,
STR-006,2024-11-23,12,97,True,
STR-006,2024-11-23,13,74,True,
STR-006,2024-11-23,14,88,True,
STR-006,2024-11-23,15,51,True,
STR-006,2024-11-23,16,75,True,
STR-006,2024-11-23,17,65,True,
STR-006,2024-11-23,18,80,True,
STR-006,2024-11-23,19,85,True,
STR-006,2024-11-23,20,96,True,
STR-006,2024-11-23,21,69,True,
STR-006,2024-11-23,22,19,True,
STR-006,2024-11-23,23,13,True,
STR-006,2024-11-24,0,0,True,
STR-006,2024-11-24,1,0,True,
STR-006,2024-11-24,2,0,True,
STR-006,2024-11-24,3,0,True,
STR-006,2024-11-24,4,0,True,
STR-006,2024-11-24,5,0,True,
STR-006,2024-11-24,6,14,True,
STR-006,2024-11-24,7,16,True,
STR-006,2024-11-24,8,29,True,
STR-006,2024-11-24,9,40,True,
STR-006,2024-11-24,10,46,True,
STR-006,2024-11-24,11,50,True,
STR-006,2024-11-24,12,77,True,
STR-006,2024-11-24,13,62,True,
STR-006,2024-11-24,14,53,True,
STR-006,2024-11-24,15,62,True,
STR-006,2024-11-24,16,56,True,
STR-006,2024-11-24,17,57,True,
STR-006,2024-11-24,18,82,True,
STR-006,2024-11-24,19,103,True,
STR-006,2024-11-24,20,79,True,
STR-006,2024-11-24,21,87,True,
STR-006,2024-11-24,22,26,True,
STR-006,2024-11-24,23,12,True,
STR-006,2024-11-25,0,0,False,
STR-006,2024-11-25,1,0,False,
STR-006,2024-11-25,2,0,False,
STR-006,2024-11-25,3,0,False,
STR-006,2024-11-25,4,0,False,
STR-006,2024-11-25,5,0,False,
STR-006,2024-11-25,6,8,False,
STR-006,2024-11-25,7,14,False,
STR-006,2024-11-25,8,25,False,
STR-006,2024-11-25,9,30,False,
STR-006,2024-11-25,10,54,False,
STR-006,2024-11-25,11,52,False,
STR-006,2024-11-25,12,70,False,
STR-006,2024-11-25,13,52,False,
STR-006,2024-11-25,14,43,False,
STR-006,2024-11-25,15,45,False,
STR-006,2024-11-25,16,54,False,
STR-006,2024-11-25,17,52,False,
STR-006,2024-11-25,18,83,False,
STR-006,2024-11-25,19,92,False,
STR-006,2024-11-25,20,69,False,
STR-006,2024-11-25,21,54,False,
STR-006,2024-11-25,22,17,False,
STR-006,2024-11-25,23,11,False,
STR-006,2024-11-26,0,0,False,
STR-006,2024-11-26,1,0,False,
STR-006,2024-11-26,2,0,False,
STR-006,2024-11-26,3,0,False,
STR-006,2024-11-26,4,0,False,
STR-006,2024-11-26,5,0,False,
STR-006,2024-11-26,6,6,False,
STR-006,2024-11-26,7,18,False,
STR-006,2024-11-26,8,30,False,
STR-006,2024-11-26,9,41,False,
STR-006,2024-11-26,10,35,False,
STR-006,2024-11-26,11,50,False,
STR-006,2024-11-26,12,75,False,
STR-006,2024-11-26,13,67,False,
STR-006,2024-11-26,14,55,False,
STR-006,2024-11-26,15,50,False,
STR-006,2024-11-26,16,55,False,
STR-006,2024-11-26,17,53,False,
STR-006,2024-11-26,18,73,False,
STR-006,2024-11-26,19,93,False,
STR-006,2024-11-26,20,69,False,
STR-006,2024-11-26,21,50,False,
STR-006,2024-11-26,22,18,False,
STR-006,2024-11-26,23,9,False,
STR-006,2024-11-27,0,0,False,
STR-006,2024-11-27,1,0,False,
STR-006,2024-11-27,2,0,False,
STR-006,2024-11-27,3,0,False,
STR-006,2024-11-27,4,0,False,
STR-006,2024-11-27,5,0,False,
STR-006,2024-11-27,6,13,False,
STR-006,2024-11-27,7,19,False,
STR-006,2024-11-27,8,29,False,
STR-006,2024-11-27,9,31,False,
STR-006,2024-11-27,10,40,False,
STR-006,2024-11-27,11,35,False,
STR-006,2024-11-27,12,50,False,
STR-006,2024-11-27,13,52,False,
STR-006,2024-11-27,14,44,False,
STR-006,2024-11-27,15,52,False,
STR-006,2024-11-27,16,40,False,
STR-006,2024-11-27,17,51,False,
STR-006,2024-11-27,18,72,False,
STR-006,2024-11-27,19,105,False,
STR-006,2024-11-27,20,73,False,
STR-006,2024-11-27,21,41,False,
STR-006,2024-11-27,22,28,False,
STR-006,2024-11-27,23,5,False,
STR-006,2024-11-28,0,0,False,
STR-006,2024-11-28,1,0,False,
STR-006,2024-11-28,2,0,False,
STR-006,2024-11-28,3,0,False,
STR-006,2024-11-28,4,0,False,
STR-006,2024-11-28,5,0,False,
STR-006,2024-11-28,6,8,False,
STR-006,2024-11-28,7,13,False,
STR-006,2024-11-28,8,30,False,
STR-006,2024-11-28,9,29,False,
STR-006,2024-11-28,10,50,False,
STR-006,2024-11-28,11,50,False,
STR-006,2024-11-28,12,48,False,
STR-006,2024-11-28,13,59,False,
STR-006,2024-11-28,14,55,False,
STR-006,2024-11-28,15,37,False,
STR-006,2024-11-28,16,49,False,
STR-006,2024-11-28,17,42,False,
STR-006,2024-11-28,18,75,False,
STR-006,2024-11-28,19,92,False,
STR-006,2024-11-28,20,64,False,
STR-006,2024-11-28,21,59,False,
STR-006,2024-11-28,22,12,False,
STR-006,2024-11-28,23,8,False,
STR-006,2024-11-29,0,0,False,
STR-006,2024-11-29,1,0,False,
STR-006,2024-11-29,2,0,False,
STR-006,2024-11-29,3,0,False,
STR-006,2024-11-29,4,0,False,
STR-006,2024-11-29,5,0,False,
STR-006,2024-11-29,6,7,False,
STR-006,2024-11-29,7,23,False,
STR-006,2024-11-29,8,21,False,
STR-006,2024-11-29,9,30,False,
STR-006,2024-11-29,10,51,False,
STR-006,2024-11-29,11,37,False,
STR-006,2024-11-29,12,47,False,
STR-006,2024-11-29,13,50,False,
STR-006,2024-11-29,14,47,False,
STR-006,2024-11-29,15,37,False,
STR-006,2024-11-29,16,49,False,
STR-006,2024-11-29,17,31,False,
STR-006,2024-11-29,18,63,False,
STR-006,2024-11-29,19,81,False,
STR-006,2024-11-29,20,61,False,
STR-006,2024-11-29,21,48,False,
STR-006,2024-11-29,22,10,False,
STR-006,2024-11-29,23,8,False,
STR-006,2024-11-30,0,0,True,
STR-006,2024-11-30,1,0,True,
STR-006,2024-11-30,2,0,True,
STR-006,2024-11-30,3,0,True,
STR-006,2024-11-30,4,0,True,
STR-006,2024-11-30,5,0,True,
STR-006,2024-11-30,6,13,True,
STR-006,2024-11-30,7,23,True,
STR-006,2024-11-30,8,29,True,
STR-006,2024-11-30,9,38,True,
STR-006,2024-11-30,10,55,True,
STR-006,2024-11-30,11,42,True,
STR-006,2024-11-30,12,78,True,
STR-006,2024-11-30,13,68,True,
STR-006,2024-11-30,14,62,True,
STR-006,2024-11-30,15,50,True,
STR-006,2024-11-30,16,48,True,
STR-006,2024-11-30,17,44,True,
STR-006,2024-11-30,18,79,True,
STR-006,2024-11-30,19,93,True,
STR-006,2024-11-30,20,83,True,
STR-006,2024-11-30,21,58,True,
STR-006,2024-11-30,22,25,True,
STR-006,2024-11-30,23,8,True,
STR-006,2024-12-01,0,0,True,
STR-006,2024-12-01,1,0,True,
STR-006,2024-12-01,2,0,True,
STR-006,2024-12-01,3,0,True,
STR-006,2024-12-01,4,0,True,
STR-006,2024-12-01,5,0,True,
STR-006,2024-12-01,6,13,True,
STR-006,2024-12-01,7,19,True,
STR-006,2024-12-01,8,43,True,
STR-006,2024-12-01,9,58,True,
STR-006,2024-12-01,10,73,True,
STR-006,2024-12-01,11,75,True,
STR-006,2024-12-01,12,94,True,
STR-006,2024-12-01,13,90,True,
STR-006,2024-12-01,14,66,True,
STR-006,2024-12-01,15,65,True,
STR-006,2024-12-01,16,58,True,
STR-006,2024-12-01,17,66,True,
STR-006,2024-12-01,18,100,True,
STR-006,2024-12-01,19,117,True,
STR-006,2024-12-01,20,101,True,
STR-006,2024-12-01,21,97,True,
STR-006,2024-12-01,22,22,True,
STR-006,2024-12-01,23,13,True,
STR-006,2024-12-02,0,0,False,
STR-006,2024-12-02,1,0,False,
STR-006,2024-12-02,2,0,False,
STR-006,2024-12-02,3,0,False,
STR-006,2024-12-02,4,0,False,
STR-006,2024-12-02,5,0,False,
STR-006,2024-12-02,6,2,False,
STR-006,2024-12-02,7,28,False,
STR-006,2024-12-02,8,39,False,
STR-006,2024-12-02,9,40,False,
STR-006,2024-12-02,10,49,False,
STR-006,2024-12-02,11,44,False,
STR-006,2024-12-02,12,77,False,
STR-006,2024-12-02,13,56,False,
STR-006,2024-12-02,14,58,False,
STR-006,2024-12-02,15,51,False,
STR-006,2024-12-02,16,54,False,
STR-006,2024-12-02,17,49,False,
STR-006,2024-12-02,18,89,False,
STR-006,2024-12-02,19,93,False,
STR-006,2024-12-02,20,92,False,
STR-006,2024-12-02,21,70,False,
STR-006,2024-12-02,22,19,False,
STR-006,2024-12-02,23,8,False,
STR-006,2024-12-03,0,0,False,
STR-006,2024-12-03,1,0,False,
STR-006,2024-12-03,2,0,False,
STR-006,2024-12-03,3,0,False,
STR-006,2024-12-03,4,0,False,
STR-006,2024-12-03,5,0,False,
STR-006,2024-12-03,6,13,False,
STR-006,2024-12-03,7,22,False,
STR-006,2024-12-03,8,29,False,
STR-006,2024-12-03,9,42,False,
STR-006,2024-12-03,10,45,False,
STR-006,2024-12-03,11,45,False,
STR-006,2024-12-03,12,78,False,
STR-006,2024-12-03,13,57,False,
STR-006,2024-12-03,14,43,False,
STR-006,2024-12-03,15,52,False,
STR-006,2024-12-03,16,52,False,
STR-006,2024-12-03,17,57,False,
STR-006,2024-12-03,18,55,False,
STR-006,2024-12-03,19,67,False,
STR-006,2024-12-03,20,85,False,
STR-006,2024-12-03,21,48,False,
STR-006,2024-12-03,22,18,False,
STR-006,2024-12-03,23,6,False,
STR-006,2024-12-04,0,0,False,
STR-006,2024-12-04,1,0,False,
STR-006,2024-12-04,2,0,False,
STR-006,2024-12-04,3,0,False,
STR-006,2024-12-04,4,0,False,
STR-006,2024-12-04,5,0,False,
STR-006,2024-12-04,6,3,False,
STR-006,2024-12-04,7,27,False,
STR-006,2024-12-04,8,29,False,
STR-006,2024-12-04,9,40,False,
STR-006,2024-12-04,10,44,False,
STR-006,2024-12-04,11,44,False,
STR-006,2024-12-04,12,67,False,
STR-006,2024-12-04,13,55,False,
STR-006,2024-12-04,14,48,False,
STR-006,2024-12-04,15,39,False,
STR-006,2024-12-04,16,38,False,
STR-006,2024-12-04,17,37,False,
STR-006,2024-12-04,18,70,False,
STR-006,2024-12-04,19,92,False,
STR-006,2024-12-04,20,70,False,
STR-006,2024-12-04,21,50,False,
STR-006,2024-12-04,22,29,False,
STR-006,2024-12-04,23,6,False,
STR-006,2024-12-05,0,0,False,
STR-006,2024-12-05,1,0,False,
STR-006,2024-12-05,2,0,False,
STR-006,2024-12-05,3,0,False,
STR-006,2024-12-05,4,0,False,
STR-006,2024-12-05,5,0,False,
STR-006,2024-12-05,6,10,False,
STR-006,2024-12-05,7,23,False,
STR-006,2024-12-05,8,28,False,
STR-006,2024-12-05,9,26,False,
STR-006,2024-12-05,10,48,False,
STR-006,2024-12-05,11,45,False,
STR-006,2024-12-05,12,54,False,
STR-006,2024-12-05,13,65,False,
STR-006,2024-12-05,14,61,False,
STR-006,2024-12-05,15,55,False,
STR-006,2024-12-05,16,54,False,
STR-006,2024-12-05,17,58,False,
STR-006,2024-12-05,18,77,False,
STR-006,2024-12-05,19,93,False,
STR-006,2024-12-05,20,90,False,
STR-006,2024-12-05,21,62,False,
STR-006,2024-12-05,22,24,False,
STR-006,2024-12-05,23,12,False,
STR-006,2024-12-06,0,0,False,
STR-006,2024-12-06,1,0,False,
STR-006,2024-12-06,2,0,False,
STR-006,2024-12-06,3,0,False,
STR-006,2024-12-06,4,0,False,
STR-006,2024-12-06,5,0,False,
STR-006,2024-12-06,6,4,False,
STR-006,2024-12-06,7,18,False,
STR-006,2024-12-06,8,29,False,
STR-006,2024-12-06,9,43,False,
STR-006,2024-12-06,10,46,False,
STR-006,2024-12-06,11,42,False,
STR-006,2024-12-06,12,66,False,
STR-006,2024-12-06,13,45,False,
STR-006,2024-12-06,14,41,False,
STR-006,2024-12-06,15,38,False,
STR-006,2024-12-06,16,36,False,
STR-006,2024-12-06,17,39,False,
STR-006,2024-12-06,18,56,False,
STR-006,2024-12-06,19,86,False,
STR-006,2024-12-06,20,70,False,
STR-006,2024-12-06,21,56,False,
STR-006,2024-12-06,22,19,False,
STR-006,2024-12-06,23,5,False,
STR-006,2024-12-07,0,0,True,
STR-006,2024-12-07,1,0,True,
STR-006,2024-12-07,2,0,True,
STR-006,2024-12-07,3,0,True,
STR-006,2024-12-07,4,0,True,
STR-006,2024-12-07,5,0,True,
STR-006,2024-12-07,6,9,True,
STR-006,2024-12-07,7,33,True,
STR-006,2024-12-07,8,24,True,
STR-006,2024-12-07,9,54,True,
STR-006,2024-12-07,10,75,True,
STR-006,2024-12-07,11,62,True,
STR-006,2024-12-07,12,86,True,
STR-006,2024-12-07,13,84,True,
STR-006,2024-12-07,14,66,True,
STR-006,2024-12-07,15,67,True,
STR-006,2024-12-07,16,69,True,
STR-006,2024-12-07,17,51,True,
STR-006,2024-12-07,18,92,True,
STR-006,2024-12-07,19,104,True,
STR-006,2024-12-07,20,89,True,
STR-006,2024-12-07,21,76,True,
STR-006,2024-12-07,22,33,True,
STR-006,2024-12-07,23,14,True,
STR-006,2024-12-08,0,0,True,
STR-006,2024-12-08,1,0,True,
STR-006,2024-12-08,2,0,True,
STR-006,2024-12-08,3,0,True,
STR-006,2024-12-08,4,0,True,
STR-006,2024-12-08,5,0,True,
STR-006,2024-12-08,6,10,True,
STR-006,2024-12-08,7,16,True,
STR-006,2024-12-08,8,30,True,
STR-006,2024-12-08,9,33,True,
STR-006,2024-12-08,10,58,True,
STR-006,2024-12-08,11,47,True,
STR-006,2024-12-08,12,74,True,
STR-006,2024-12-08,13,75,True,
STR-006,2024-12-08,14,42,True,
STR-006,2024-12-08,15,61,True,
STR-006,2024-12-08,16,51,True,
STR-006,2024-12-08,17,49,True,
STR-006,2024-12-08,18,92,True,
STR-006,2024-12-08,19,82,True,
STR-006,2024-12-08,20,86,True,
STR-006,2024-12-08,21,57,True,
STR-006,2024-12-08,22,26,True,
STR-006,2024-12-08,23,11,True,
STR-006,2024-12-09,0,0,False,
STR-006,2024-12-09,1,0,False,
STR-006,2024-12-09,2,0,False,
STR-006,2024-12-09,3,0,False,
STR-006,2024-12-09,4,0,False,
STR-006,2024-12-09,5,0,False,
STR-006,2024-12-09,6,7,False,
STR-006,2024-12-09,7,17,False,
STR-006,2024-12-09,8,26,False,
STR-006,2024-12-09,9,48,False,
STR-006,2024-12-09,10,58,False,
STR-006,2024-12-09,11,54,False,
STR-006,2024-12-09,12,60,False,
STR-006,2024-12-09,13,56,False,
STR-006,2024-12-09,14,67,False,
STR-006,2024-12-09,15,49,False,
STR-006,2024-12-09,16,50,False,
STR-006,2024-12-09,17,55,False,
STR-006,2024-12-09,18,86,False,
STR-006,2024-12-09,19,95,False,
STR-006,2024-12-09,20,80,False,
STR-006,2024-12-09,21,60,False,
STR-006,2024-12-09,22,30,False,
STR-006,2024-12-09,23,4,False,
STR-006,2024-12-10,0,0,False,
STR-006,2024-12-10,1,0,False,
STR-006,2024-12-10,2,0,False,
STR-006,2024-12-10,3,0,False,
STR-006,2024-12-10,4,0,False,
STR-006,2024-12-10,5,0,False,
STR-006,2024-12-10,6,8,False,
STR-006,2024-12-10,7,21,False,
STR-006,2024-12-10,8,27,False,
STR-006,2024-12-10,9,44,False,
STR-006,2024-12-10,10,50,False,
STR-006,2024-12-10,11,50,False,
STR-006,2024-12-10,12,66,False,
STR-006,2024-12-10,13,59,False,
STR-006,2024-12-10,14,57,False,
STR-006,2024-12-10,15,55,False,
STR-006,2024-12-10,16,53,False,
STR-006,2024-12-10,17,48,False,
STR-006,2024-12-10,18,82,False,
STR-006,2024-12-10,19,90,False,
STR-006,2024-12-10,20,80,False,
STR-006,2024-12-10,21,59,False,
STR-006,2024-12-10,22,20,False,
STR-006,2024-12-10,23,4,False,
STR-006,2024-12-11,0,0,False,
STR-006,2024-12-11,1,0,False,
STR-006,2024-12-11,2,0,False,
STR-006,2024-12-11,3,0,False,
STR-006,2024-12-11,4,0,False,
STR-006,2024-12-11,5,0,False,
STR-006,2024-12-11,6,8,False,
STR-006,2024-12-11,7,24,False,
STR-006,2024-12-11,8,28,False,
STR-006,2024-12-11,9,51,False,
STR-006,2024-12-11,10,49,False,
STR-006,2024-12-11,11,56,False,
STR-006,2024-12-11,12,66,False,
STR-006,2024-12-11,13,48,False,
STR-006,2024-12-11,14,47,False,
STR-006,2024-12-11,15,29,False,
STR-006,2024-12-11,16,48,False,
STR-006,2024-12-11,17,42,False,
STR-006,2024-12-11,18,66,False,
STR-006,2024-12-11,19,68,False,
STR-006,2024-12-11,20,81,False,
STR-006,2024-12-11,21,44,False,
STR-006,2024-12-11,22,18,False,
STR-006,2024-12-11,23,7,False,
STR-006,2024-12-12,0,0,False,
STR-006,2024-12-12,1,0,False,
STR-006,2024-12-12,2,0,False,
STR-006,2024-12-12,3,0,False,
STR-006,2024-12-12,4,0,False,
STR-006,2024-12-12,5,0,False,
STR-006,2024-12-12,6,18,False,
STR-006,2024-12-12,7,22,False,
STR-006,2024-12-12,8,30,False,
STR-006,2024-12-12,9,40,False,
STR-006,2024-12-12,10,50,False,
STR-006,2024-12-12,11,54,False,
STR-006,2024-12-12,12,62,False,
STR-006,2024-12-12,13,58,False,
STR-006,2024-12-12,14,44,False,
STR-006,2024-12-12,15,38,False,
STR-006,2024-12-12,16,47,False,
STR-006,2024-12-12,17,54,False,
STR-006,2024-12-12,18,109,False,
STR-006,2024-12-12,19,83,False,
STR-006,2024-12-12,20,68,False,
STR-006,2024-12-12,21,71,False,
STR-006,2024-12-12,22,16,False,
STR-006,2024-12-12,23,14,False,
STR-006,2024-12-13,0,0,False,
STR-006,2024-12-13,1,0,False,
STR-006,2024-12-13,2,0,False,
STR-006,2024-12-13,3,0,False,
STR-006,2024-12-13,4,0,False,
STR-006,2024-12-13,5,0,False,
STR-006,2024-12-13,6,14,False,
STR-006,2024-12-13,7,13,False,
STR-006,2024-12-13,8,18,False,
STR-006,2024-12-13,9,36,False,
STR-006,2024-12-13,10,38,False,
STR-006,2024-12-13,11,52,False,
STR-006,2024-12-13,12,61,False,
STR-006,2024-12-13,13,45,False,
STR-006,2024-12-13,14,42,False,
STR-006,2024-12-13,15,53,False,
STR-006,2024-12-13,16,42,False,
STR-006,2024-12-13,17,39,False,
STR-006,2024-12-13,18,51,False,
STR-006,2024-12-13,19,87,False,
STR-006,2024-12-13,20,60,False,
STR-006,2024-12-13,21,46,False,
STR-006,2024-12-13,22,22,False,
STR-006,2024-12-13,23,3,False,
STR-006,2024-12-14,0,0,True,
STR-006,2024-12-14,1,0,True,
STR-006,2024-12-14,2,0,True,
STR-006,2024-12-14,3,0,True,
STR-006,2024-12-14,4,0,True,
STR-006,2024-12-14,5,0,True,
STR-006,2024-12-14,6,10,True,
STR-006,2024-12-14,7,24,True,
STR-006,2024-12-14,8,41,True,
STR-006,2024-12-14,9,59,True,
STR-006,2024-12-14,10,67,True,
STR-006,2024-12-14,11,72,True,
STR-006,2024-12-14,12,94,True,
STR-006,2024-12-14,13,80,True,
STR-006,2024-12-14,14,63,True,
STR-006,2024-12-14,15,69,True,
STR-006,2024-12-14,16,69,True,
STR-006,2024-12-14,17,52,True,
STR-006,2024-12-14,18,105,True,
STR-006,2024-12-14,19,126,True,
STR-006,2024-12-14,20,83,True,
STR-006,2024-12-14,21,71,True,
STR-006,2024-12-14,22,20,True,
STR-006,2024-12-14,23,10,True,
STR-006,2024-12-15,0,0,True,
STR-006,2024-12-15,1,0,True,
STR-006,2024-12-15,2,0,True,
STR-006,2024-12-15,3,0,True,
STR-006,2024-12-15,4,0,True,
STR-006,2024-12-15,5,0,True,
STR-006,2024-12-15,6,13,True,
STR-006,2024-12-15,7,20,True,
STR-006,2024-12-15,8,24,True,
STR-006,2024-12-15,9,46,True,
STR-006,2024-12-15,10,51,True,
STR-006,2024-12-15,11,58,True,
STR-006,2024-12-15,12,98,True,
STR-006,2024-12-15,13,80,True,
STR-006,2024-12-15,14,55,True,
STR-006,2024-12-15,15,63,True,
STR-006,2024-12-15,16,51,True,
STR-006,2024-12-15,17,63,True,
STR-006,2024-12-15,18,99,True,
STR-006,2024-12-15,19,113,True,
STR-006,2024-12-15,20,96,True,
STR-006,2024-12-15,21,82,True,
STR-006,2024-12-15,22,29,True,
STR-006,2024-12-15,23,14,True,
STR-006,2024-12-16,0,0,False,
STR-006,2024-12-16,1,0,False,
STR-006,2024-12-16,2,0,False,
STR-006,2024-12-16,3,0,False,
STR-006,2024-12-16,4,0,False,
STR-006,2024-12-16,5,0,False,
STR-006,2024-12-16,6,6,False,
STR-006,2024-12-16,7,24,False,
STR-006,2024-12-16,8,29,False,
STR-006,2024-12-16,9,34,False,
STR-006,2024-12-16,10,56,False,
STR-006,2024-12-16,11,44,False,
STR-006,2024-12-16,12,55,False,
STR-006,2024-12-16,13,72,False,
STR-006,2024-12-16,14,65,False,
STR-006,2024-12-16,15,41,False,
STR-006,2024-12-16,16,49,False,
STR-006,2024-12-16,17,62,False,
STR-006,2024-12-16,18,77,False,
STR-006,2024-12-16,19,110,False,
STR-006,2024-12-16,20,82,False,
STR-006,2024-12-16,21,56,False,
STR-006,2024-12-16,22,27,False,
STR-006,2024-12-16,23,7,False,
STR-006,2024-12-17,0,0,False,
STR-006,2024-12-17,1,0,False,
STR-006,2024-12-17,2,0,False,
STR-006,2024-12-17,3,0,False,
STR-006,2024-12-17,4,0,False,
STR-006,2024-12-17,5,0,False,
STR-006,2024-12-17,6,14,False,
STR-006,2024-12-17,7,21,False,
STR-006,2024-12-17,8,39,False,
STR-006,2024-12-17,9,35,False,
STR-006,2024-12-17,10,47,False,
STR-006,2024-12-17,11,40,False,
STR-006,2024-12-17,12,69,False,
STR-006,2024-12-17,13,54,False,
STR-006,2024-12-17,14,56,False,
STR-006,2024-12-17,15,49,False,
STR-006,2024-12-17,16,54,False,
STR-006,2024-12-17,17,53,False,
STR-006,2024-12-17,18,90,False,
STR-006,2024-12-17,19,109,False,
STR-006,2024-12-17,20,76,False,
STR-006,2024-12-17,21,54,False,
STR-006,2024-12-17,22,21,False,
STR-006,2024-12-17,23,10,False,
STR-006,2024-12-18,0,0,False,
STR-006,2024-12-18,1,0,False,
STR-006,2024-12-18,2,0,False,
STR-006,2024-12-18,3,0,False,
STR-006,2024-12-18,4,0,False,
STR-006,2024-12-18,5,0,False,
STR-006,2024-12-18,6,10,False,
STR-006,2024-12-18,7,20,False,
STR-006,2024-12-18,8,35,False,
STR-006,2024-12-18,9,48,False,
STR-006,2024-12-18,10,48,False,
STR-006,2024-12-18,11,46,False,
STR-006,2024-12-18,12,69,False,
STR-006,2024-12-18,13,59,False,
STR-006,2024-12-18,14,46,False,
STR-006,2024-12-18,15,34,False,
STR-006,2024-12-18,16,65,False,
STR-006,2024-12-18,17,47,False,
STR-006,2024-12-18,18,83,False,
STR-006,2024-12-18,19,96,False,
STR-006,2024-12-18,20,82,False,
STR-006,2024-12-18,21,56,False,
STR-006,2024-12-18,22,21,False,
STR-006,2024-12-18,23,5,False,
STR-006,2024-12-19,0,0,False,
STR-006,2024-12-19,1,0,False,
STR-006,2024-12-19,2,0,False,
STR-006,2024-12-19,3,0,False,
STR-006,2024-12-19,4,0,False,
STR-006,2024-12-19,5,0,False,
STR-006,2024-12-19,6,12,False,
STR-006,2024-12-19,7,16,False,
STR-006,2024-12-19,8,16,False,
STR-006,2024-12-19,9,38,False,
STR-006,2024-12-19,10,46,False,
STR-006,2024-12-19,11,54,False,
STR-006,2024-12-19,12,52,False,
STR-006,2024-12-19,13,50,False,
STR-006,2024-12-19,14,51,False,
STR-006,2024-12-19,15,36,False,
STR-006,2024-12-19,16,47,False,
STR-006,2024-12-19,17,49,False,
STR-006,2024-12-19,18,72,False,
STR-006,2024-12-19,19,73,False,
STR-006,2024-12-19,20,67,False,
STR-006,2024-12-19,21,47,False,
STR-006,2024-12-19,22,27,False,
STR-006,2024-12-19,23,13,False,
STR-006,2024-12-20,0,0,False,
STR-006,2024-12-20,1,0,False,
STR-006,2024-12-20,2,0,False,
STR-006,2024-12-20,3,0,False,
STR-006,2024-12-20,4,0,False,
STR-006,2024-12-20,5,0,False,
STR-006,2024-12-20,6,5,False,
STR-006,2024-12-20,7,11,False,
STR-006,2024-12-20,8,21,False,
STR-006,2024-12-20,9,31,False,
STR-006,2024-12-20,10,45,False,
STR-006,2024-12-20,11,46,False,
STR-006,2024-12-20,12,51,False,
STR-006,2024-12-20,13,43,False,
STR-006,2024-12-20,14,57,False,
STR-006,2024-12-20,15,36,False,
STR-006,2024-12-20,16,33,False,
STR-006,2024-12-20,17,33,False,
STR-006,2024-12-20,18,68,False,
STR-006,2024-12-20,19,62,False,
STR-006,2024-12-20,20,54,False,
STR-006,2024-12-20,21,45,False,
STR-006,2024-12-20,22,17,False,
STR-006,2024-12-20,23,6,False,
STR-006,2024-12-21,0,0,True,
STR-006,2024-12-21,1,0,True,
STR-006,2024-12-21,2,0,True,
STR-006,2024-12-21,3,0,True,
STR-006,2024-12-21,4,0,True,
STR-006,2024-12-21,5,0,True,
STR-006,2024-12-21,6,8,True,
STR-006,2024-12-21,7,20,True,
STR-006,2024-12-21,8,33,True,
STR-006,2024-12-21,9,45,True,
STR-006,2024-12-21,10,64,True,
STR-006,2024-12-21,11,49,True,
STR-006,2024-12-21,12,68,True,
STR-006,2024-12-21,13,70,True,
STR-006,2024-12-21,14,66,True,
STR-006,2024-12-21,15,62,True,
STR-006,2024-12-21,16,44,True,
STR-006,2024-12-21,17,44,True,
STR-006,2024-12-21,18,103,True,
STR-006,2024-12-21,19,114,True,
STR-006,2024-12-21,20,88,True,
STR-006,2024-12-21,21,71,True,
STR-006,2024-12-21,22,22,True,
STR-006,2024-12-21,23,15,True,
STR-006,2024-12-22,0,0,True,
STR-006,2024-12-22,1,0,True,
STR-006,2024-12-22,2,0,True,
STR-006,2024-12-22,3,0,True,
STR-006,2024-12-22,4,0,True,
STR-006,2024-12-22,5,0,True,
STR-006,2024-12-22,6,7,True,
STR-006,2024-12-22,7,16,True,
STR-006,2024-12-22,8,39,True,
STR-006,2024-12-22,9,39,True,
STR-006,2024-12-22,10,55,True,
STR-006,2024-12-22,11,60,True,
STR-006,2024-12-22,12,84,True,
STR-006,2024-12-22,13,68,True,
STR-006,2024-12-22,14,52,True,
STR-006,2024-12-22,15,48,True,
STR-006,2024-12-22,16,27,True,
STR-006,2024-12-22,17,45,True,
STR-006,2024-12-22,18,90,True,
STR-006,2024-12-22,19,78,True,
STR-006,2024-12-22,20,91,True,
STR-006,2024-12-22,21,53,True,
STR-006,2024-12-22,22,26,True,
STR-006,2024-12-22,23,8,True,
STR-006,2024-12-23,0,0,False,
STR-006,2024-12-23,1,0,False,
STR-006,2024-12-23,2,0,False,
STR-006,2024-12-23,3,0,False,
STR-006,2024-12-23,4,0,False,
STR-006,2024-12-23,5,0,False,
STR-006,2024-12-23,6,8,False,
STR-006,2024-12-23,7,20,False,
STR-006,2024-12-23,8,18,False,
STR-006,2024-12-23,9,35,False,
STR-006,2024-12-23,10,41,False,
STR-006,2024-12-23,11,43,False,
STR-006,2024-12-23,12,59,False,
STR-006,2024-12-23,13,42,False,
STR-006,2024-12-23,14,40,False,
STR-006,2024-12-23,15,34,False,
STR-006,2024-12-23,16,25,False,
STR-006,2024-12-23,17,44,False,
STR-006,2024-12-23,18,62,False,
STR-006,2024-12-23,19,76,False,
STR-006,2024-12-23,20,66,False,
STR-006,2024-12-23,21,50,False,
STR-006,2024-12-23,22,17,False,
STR-006,2024-12-23,23,7,False,
STR-006,2024-12-24,0,0,False,
STR-006,2024-12-24,1,0,False,
STR-006,2024-12-24,2,0,False,
STR-006,2024-12-24,3,0,False,
STR-006,2024-12-24,4,0,False,
STR-006,2024-12-24,5,0,False,
STR-006,2024-12-24,6,9,False,
STR-006,2024-12-24,7,13,False,
STR-006,2024-12-24,8,43,False,
STR-006,2024-12-24,9,40,False,
STR-006,2024-12-24,10,42,False,
STR-006,2024-12-24,11,58,False,
STR-006,2024-12-24,12,82,False,
STR-006,2024-12-24,13,63,False,
STR-006,2024-12-24,14,59,False,
STR-006,2024-12-24,15,63,False,
STR-006,2024-12-24,16,48,False,
STR-006,2024-12-24,17,46,False,
STR-006,2024-12-24,18,82,False,
STR-006,2024-12-24,19,78,False,
STR-006,2024-12-24,20,78,False,
STR-006,2024-12-24,21,55,False,
STR-006,2024-12-24,22,26,False,
STR-006,2024-12-24,23,9,False,
STR-006,2024-12-25,0,0,False,Christmas
STR-006,2024-12-25,1,0,False,Christmas
STR-006,2024-12-25,2,0,False,Christmas
STR-006,2024-12-25,3,0,False,Christmas
STR-006,2024-12-25,4,0,False,Christmas
STR-006,2024-12-25,5,0,False,Christmas
STR-006,2024-12-25,6,17,False,Christmas
STR-006,2024-12-25,7,22,False,Christmas
STR-006,2024-12-25,8,41,False,Christmas
STR-006,2024-12-25,9,61,False,Christmas
STR-006,2024-12-25,10,60,False,Christmas
STR-006,2024-12-25,11,58,False,Christmas
STR-006,2024-12-25,12,76,False,Christmas
STR-006,2024-12-25,13,72,False,Christmas
STR-006,2024-12-25,14,93,False,Christmas
STR-006,2024-12-25,15,56,False,Christmas
STR-006,2024-12-25,16,61,False,Christmas
STR-006,2024-12-25,17,64,False,Christmas
STR-006,2024-12-25,18,90,False,Christmas
STR-006,2024-12-25,19,119,False,Christmas
STR-006,2024-12-25,20,115,False,Christmas
STR-006,2024-12-25,21,78,False,Christmas
STR-006,2024-12-25,22,22,False,Christmas
STR-006,2024-12-25,23,14,False,Christmas
STR-006,2024-12-26,0,0,False,
STR-006,2024-12-26,1,0,False,
STR-006,2024-12-26,2,0,False,
STR-006,2024-12-26,3,0,False,
STR-006,2024-12-26,4,0,False,
STR-006,2024-12-26,5,0,False,
STR-006,2024-12-26,6,7,False,
STR-006,2024-12-26,7,18,False,
STR-006,2024-12-26,8,33,False,
STR-006,2024-12-26,9,33,False,
STR-006,2024-12-26,10,40,False,
STR-006,2024-12-26,11,46,False,
STR-006,2024-12-26,12,64,False,
STR-006,2024-12-26,13,37,False,
STR-006,2024-12-26,14,41,False,
STR-006,2024-12-26,15,40,False,
STR-006,2024-12-26,16,42,False,
STR-006,2024-12-26,17,29,False,
STR-006,2024-12-26,18,50,False,
STR-006,2024-12-26,19,78,False,
STR-006,2024-12-26,20,47,False,
STR-006,2024-12-26,21,45,False,
STR-006,2024-12-26,22,16,False,
STR-006,2024-12-26,23,6,False,
STR-006,2024-12-27,0,0,False,
STR-006,2024-12-27,1,0,False,
STR-006,2024-12-27,2,0,False,
STR-006,2024-12-27,3,0,False,
STR-006,2024-12-27,4,0,False,
STR-006,2024-12-27,5,0,False,
STR-006,2024-12-27,6,13,False,
STR-006,2024-12-27,7,16,False,
STR-006,2024-12-27,8,27,False,
STR-006,2024-12-27,9,46,False,
STR-006,2024-12-27,10,47,False,
STR-006,2024-12-27,11,51,False,
STR-006,2024-12-27,12,74,False,
STR-006,2024-12-27,13,55,False,
STR-006,2024-12-27,14,52,False,
STR-006,2024-12-27,15,44,False,
STR-006,2024-12-27,16,45,False,
STR-006,2024-12-27,17,37,False,
STR-006,2024-12-27,18,58,False,
STR-006,2024-12-27,19,84,False,
STR-006,2024-12-27,20,79,False,
STR-006,2024-12-27,21,42,False,
STR-006,2024-12-27,22,21,False,
STR-006,2024-12-27,23,10,False,
STR-006,2024-12-28,0,0,True,
STR-006,2024-12-28,1,0,True,
STR-006,2024-12-28,2,0,True,
STR-006,2024-12-28,3,0,True,
STR-006,2024-12-28,4,0,True,
STR-006,2024-12-28,5,0,True,
STR-006,2024-12-28,6,7,True,
STR-006,2024-12-28,7,17,True,
STR-006,2024-12-28,8,36,True,
STR-006,2024-12-28,9,56,True,
STR-006,2024-12-28,10,69,True,
STR-006,2024-12-28,11,49,True,
STR-006,2024-12-28,12,91,True,
STR-006,2024-12-28,13,71,True,
STR-006,2024-12-28,14,80,True,
STR-006,2024-12-28,15,72,True,
STR-006,2024-12-28,16,55,True,
STR-006,2024-12-28,17,51,True,
STR-006,2024-12-28,18,94,True,
STR-006,2024-12-28,19,95,True,
STR-006,2024-12-28,20,83,True,
STR-006,2024-12-28,21,58,True,
STR-006,2024-12-28,22,18,True,
STR-006,2024-12-28,23,11,True,
STR-006,2024-12-29,0,0,True,
STR-006,2024-12-29,1,0,True,
STR-006,2024-12-29,2,0,True,
STR-006,2024-12-29,3,0,True,
STR-006,2024-12-29,4,0,True,
STR-006,2024-12-29,5,0,True,
STR-006,2024-12-29,6,17,True,
STR-006,2024-12-29,7,17,True,
STR-006,2024-12-29,8,39,True,
STR-006,2024-12-29,9,42,True,
STR-006,2024-12-29,10,51,True,
STR-006,2024-12-29,11,48,True,
STR-006,2024-12-29,12,71,True,
STR-006,2024-12-29,13,61,True,
STR-006,2024-12-29,14,44,True,
STR-006,2024-12-29,15,42,True,
STR-006,2024-12-29,16,57,True,
STR-006,2024-12-29,17,51,True,
STR-006,2024-12-29,18,67,True,
STR-006,2024-12-29,19,104,True,
STR-006,2024-12-29,20,84,True,
STR-006,2024-12-29,21,56,True,
STR-006,2024-12-29,22,15,True,
STR-006,2024-12-29,23,12,True,
STR-006,2024-12-30,0,0,False,
STR-006,2024-12-30,1,0,False,
STR-006,2024-12-30,2,0,False,
STR-006,2024-12-30,3,0,False,
STR-006,2024-12-30,4,0,False,
STR-006,2024-12-30,5,0,False,
STR-006,2024-12-30,6,11,False,
STR-006,2024-12-30,7,13,False,
STR-006,2024-12-30,8,35,False,
STR-006,2024-12-30,9,43,False,
STR-006,2024-12-30,10,51,False,
STR-006,2024-12-30,11,44,False,
STR-006,2024-12-30,12,67,False,
STR-006,2024-12-30,13,46,False,
STR-006,2024-12-30,14,71,False,
STR-006,2024-12-30,15,40,False,
STR-006,2024-12-30,16,38,False,
STR-006,2024-12-30,17,46,False,
STR-006,2024-12-30,18,75,False,
STR-006,2024-12-30,19,85,False,
STR-006,2024-12-30,20,65,False,
STR-006,2024-12-30,21,53,False,
STR-006,2024-12-30,22,18,False,
STR-006,2024-12-30,23,6,False,
STR-006,2024-12-31,0,0,False,
STR-006,2024-12-31,1,0,False,
STR-006,2024-12-31,2,0,False,
STR-006,2024-12-31,3,0,False,
STR-006,2024-12-31,4,0,False,
STR-006,2024-12-31,5,0,False,
STR-006,2024-12-31,6,21,False,
STR-006,2024-12-31,7,14,False,
STR-006,2024-12-31,8,25,False,
STR-006,2024-12-31,9,31,False,
STR-006,2024-12-31,10,51,False,
STR-006,2024-12-31,11,34,False,
STR-006,2024-12-31,12,62,False,
STR-006,2024-12-31,13,56,False,
STR-006,2024-12-31,14,54,False,
STR-006,2024-12-31,15,40,False,
STR-006,2024-12-31,16,43,False,
STR-006,2024-12-31,17,49,False,
STR-006,2024-12-31,18,66,False,
STR-006,2024-12-31,19,86,False,
STR-006,2024-12-31,20,68,False,
STR-006,2024-12-31,21,57,False,
STR-006,2024-12-31,22,12,False,
STR-006,2024-12-31,23,7,False,
STR-006,2025-01-01,0,0,False,
STR-006,2025-01-01,1,0,False,
STR-006,2025-01-01,2,0,False,
STR-006,2025-01-01,3,0,False,
STR-006,2025-01-01,4,0,False,
STR-006,2025-01-01,5,0,False,
STR-006,2025-01-01,6,5,False,
STR-006,2025-01-01,7,18,False,
STR-006,2025-01-01,8,34,False,
STR-006,2025-01-01,9,40,False,
STR-006,2025-01-01,10,43,False,
STR-006,2025-01-01,11,52,False,
STR-006,2025-01-01,12,56,False,
STR-006,2025-01-01,13,58,False,
STR-006,2025-01-01,14,42,False,
STR-006,2025-01-01,15,54,False,
STR-006,2025-01-01,16,33,False,
STR-006,2025-01-01,17,49,False,
STR-006,2025-01-01,18,69,False,
STR-006,2025-01-01,19,92,False,
STR-006,2025-01-01,20,82,False,
STR-006,2025-01-01,21,68,False,
STR-006,2025-01-01,22,16,False,
STR-006,2025-01-01,23,8,False,
STR-006,2025-01-02,0,0,False,
STR-006,2025-01-02,1,0,False,
STR-006,2025-01-02,2,0,False,
STR-006,2025-01-02,3,0,False,
STR-006,2025-01-02,4,0,False,
STR-006,2025-01-02,5,0,False,
STR-006,2025-01-02,6,11,False,
STR-006,2025-01-02,7,18,False,
STR-006,2025-01-02,8,28,False,
STR-006,2025-01-02,9,36,False,
STR-006,2025-01-02,10,45,False,
STR-006,2025-01-02,11,32,False,
STR-006,2025-01-02,12,75,False,
STR-006,2025-01-02,13,52,False,
STR-006,2025-01-02,14,46,False,
STR-006,2025-01-02,15,38,False,
STR-006,2025-01-02,16,37,False,
STR-006,2025-01-02,17,39,False,
STR-006,2025-01-02,18,66,False,
STR-006,2025-01-02,19,89,False,
STR-006,2025-01-02,20,68,False,
STR-006,2025-01-02,21,57,False,
STR-006,2025-01-02,22,8,False,
STR-006,2025-01-02,23,8,False,
STR-006,2025-01-03,0,0,False,
STR-006,2025-01-03,1,0,False,
STR-006,2025-01-03,2,0,False,
STR-006,2025-01-03,3,0,False,
STR-006,2025-01-03,4,0,False,
STR-006,2025-01-03,5,0,False,
STR-006,2025-01-03,6,4,False,
STR-006,2025-01-03,7,14,False,
STR-006,2025-01-03,8,22,False,
STR-006,2025-01-03,9,38,False,
STR-006,2025-01-03,10,47,False,
STR-006,2025-01-03,11,45,False,
STR-006,2025-01-03,12,59,False,
STR-006,2025-01-03,13,45,False,
STR-006,2025-01-03,14,39,False,
STR-006,2025-01-03,15,55,False,
STR-006,2025-01-03,16,42,False,
STR-006,2025-01-03,17,46,False,
STR-006,2025-01-03,18,72,False,
STR-006,2025-01-03,19,76,False,
STR-006,2025-01-03,20,67,False,
STR-006,2025-01-03,21,61,False,
STR-006,2025-01-03,22,15,False,
STR-006,2025-01-03,23,7,False,
STR-006,2025-01-04,0,0,True,
STR-006,2025-01-04,1,0,True,
STR-006,2025-01-04,2,0,True,
STR-006,2025-01-04,3,0,True,
STR-006,2025-01-04,4,0,True,
STR-006,2025-01-04,5,0,True,
STR-006,2025-01-04,6,8,True,
STR-006,2025-01-04,7,24,True,
STR-006,2025-01-04,8,32,True,
STR-006,2025-01-04,9,49,True,
STR-006,2025-01-04,10,59,True,
STR-006,2025-01-04,11,62,True,
STR-006,2025-01-04,12,75,True,
STR-006,2025-01-04,13,60,True,
STR-006,2025-01-04,14,58,True,
STR-006,2025-01-04,15,60,True,
STR-006,2025-01-04,16,55,True,
STR-006,2025-01-04,17,57,True,
STR-006,2025-01-04,18,105,True,
STR-006,2025-01-04,19,126,True,
STR-006,2025-01-04,20,92,True,
STR-006,2025-01-04,21,80,True,
STR-006,2025-01-04,22,24,True,
STR-006,2025-01-04,23,11,True,
STR-006,2025-01-05,0,0,True,
STR-006,2025-01-05,1,0,True,
STR-006,2025-01-05,2,0,True,
STR-006,2025-01-05,3,0,True,
STR-006,2025-01-05,4,0,True,
STR-006,2025-01-05,5,0,True,
STR-006,2025-01-05,6,6,True,
STR-006,2025-01-05,7,18,True,
STR-006,2025-01-05,8,34,True,
STR-006,2025-01-05,9,33,True,
STR-006,2025-01-05,10,36,True,
STR-006,2025-01-05,11,58,True,
STR-006,2025-01-05,12,85,True,
STR-006,2025-01-05,13,60,True,
STR-006,2025-01-05,14,52,True,
STR-006,2025-01-05,15,54,True,
STR-006,2025-01-05,16,38,True,
STR-006,2025-01-05,17,51,True,
STR-006,2025-01-05,18,95,True,
STR-006,2025-01-05,19,90,True,
STR-006,2025-01-05,20,67,True,
STR-006,2025-01-05,21,65,True,
STR-006,2025-01-05,22,20,True,
STR-006,2025-01-05,23,11,True,
STR-006,2025-01-06,0,0,False,
STR-006,2025-01-06,1,0,False,
STR-006,2025-01-06,2,0,False,
STR-006,2025-01-06,3,0,False,
STR-006,2025-01-06,4,0,False,
STR-006,2025-01-06,5,0,False,
STR-006,2025-01-06,6,9,False,
STR-006,2025-01-06,7,20,False,
STR-006,2025-01-06,8,30,False,
STR-006,2025-01-06,9,46,False,
STR-006,2025-01-06,10,51,False,
STR-006,2025-01-06,11,45,False,
STR-006,2025-01-06,12,84,False,
STR-006,2025-01-06,13,74,False,
STR-006,2025-01-06,14,55,False,
STR-006,2025-01-06,15,50,False,
STR-006,2025-01-06,16,48,False,
STR-006,2025-01-06,17,50,False,
STR-006,2025-01-06,18,81,False,
STR-006,2025-01-06,19,79,False,
STR-006,2025-01-06,20,93,False,
STR-006,2025-01-06,21,51,False,
STR-006,2025-01-06,22,23,False,
STR-006,2025-01-06,23,10,False,
STR-006,2025-01-07,0,0,False,
STR-006,2025-01-07,1,0,False,
STR-006,2025-01-07,2,0,False,
STR-006,2025-01-07,3,0,False,
STR-006,2025-01-07,4,0,False,
STR-006,2025-01-07,5,0,False,
STR-006,2025-01-07,6,13,False,
STR-006,2025-01-07,7,10,False,
STR-006,2025-01-07,8,22,False,
STR-006,2025-01-07,9,34,False,
STR-006,2025-01-07,10,63,False,
STR-006,2025-01-07,11,37,False,
STR-006,2025-01-07,12,62,False,
STR-006,2025-01-07,13,58,False,
STR-006,2025-01-07,14,32,False,
STR-006,2025-01-07,15,38,False,
STR-006,2025-01-07,16,39,False,
STR-006,2025-01-07,17,50,False,
STR-006,2025-01-07,18,69,False,
STR-006,2025-01-07,19,70,False,
STR-006,2025-01-07,20,71,False,
STR-006,2025-01-07,21,65,False,
STR-006,2025-01-07,22,22,False,
STR-006,2025-01-07,23,8,False,
STR-006,2025-01-08,0,0,False,
STR-006,2025-01-08,1,0,False,
STR-006,2025-01-08,2,0,False,
STR-006,2025-01-08,3,0,False,
STR-006,2025-01-08,4,0,False,
STR-006,2025-01-08,5,0,False,
STR-006,2025-01-08,6,13,False,
STR-006,2025-01-08,7,16,False,
STR-006,2025-01-08,8,19,False,
STR-006,2025-01-08,9,30,False,
STR-006,2025-01-08,10,39,False,
STR-006,2025-01-08,11,33,False,
STR-006,2025-01-08,12,51,False,
STR-006,2025-01-08,13,49,False,
STR-006,2025-01-08,14,30,False,
STR-006,2025-01-08,15,33,False,
STR-006,2025-01-08,16,48,False,
STR-006,2025-01-08,17,51,False,
STR-006,2025-01-08,18,70,False,
STR-006,2025-01-08,19,72,False,
STR-006,2025-01-08,20,64,False,
STR-006,2025-01-08,21,54,False,
STR-006,2025-01-08,22,14,False,
STR-006,2025-01-08,23,9,False,
STR-006,2025-01-09,0,0,False,
STR-006,2025-01-09,1,0,False,
STR-006,2025-01-09,2,0,False,
STR-006,2025-01-09,3,0,False,
STR-006,2025-01-09,4,0,False,
STR-006,2025-01-09,5,0,False,
STR-006,2025-01-09,6,5,False,
STR-006,2025-01-09,7,10,False,
STR-006,2025-01-09,8,21,False,
STR-006,2025-01-09,9,23,False,
STR-006,2025-01-09,10,34,False,
STR-006,2025-01-09,11,39,False,
STR-006,2025-01-09,12,76,False,
STR-006,2025-01-09,13,45,False,
STR-006,2025-01-09,14,45,False,
STR-006,2025-01-09,15,37,False,
STR-006,2025-01-09,16,47,False,
STR-006,2025-01-09,17,23,False,
STR-006,2025-01-09,18,61,False,
STR-006,2025-01-09,19,89,False,
STR-006,2025-01-09,20,78,False,
STR-006,2025-01-09,21,47,False,
STR-006,2025-01-09,22,10,False,
STR-006,2025-01-09,23,7,False,
STR-006,2025-01-10,0,0,False,
STR-006,2025-01-10,1,0,False,
STR-006,2025-01-10,2,0,False,
STR-006,2025-01-10,3,0,False,
STR-006,2025-01-10,4,0,False,
STR-006,2025-01-10,5,0,False,
STR-006,2025-01-10,6,10,False,
STR-006,2025-01-10,7,22,False,
STR-006,2025-01-10,8,26,False,
STR-006,2025-01-10,9,26,False,
STR-006,2025-01-10,10,44,False,
STR-006,2025-01-10,11,42,False,
STR-006,2025-01-10,12,50,False,
STR-006,2025-01-10,13,60,False,
STR-006,2025-01-10,14,43,False,
STR-006,2025-01-10,15,45,False,
STR-006,2025-01-10,16,50,False,
STR-006,2025-01-10,17,53,False,
STR-006,2025-01-10,18,70,False,
STR-006,2025-01-10,19,97,False,
STR-006,2025-01-10,20,84,False,
STR-006,2025-01-10,21,51,False,
STR-006,2025-01-10,22,20,False,
STR-006,2025-01-10,23,11,False,
STR-006,2025-01-11,0,0,True,
STR-006,2025-01-11,1,0,True,
STR-006,2025-01-11,2,0,True,
STR-006,2025-01-11,3,0,True,
STR-006,2025-01-11,4,0,True,
STR-006,2025-01-11,5,0,True,
STR-006,2025-01-11,6,13,True,
STR-006,2025-01-11,7,18,True,
STR-006,2025-01-11,8,33,True,
STR-006,2025-01-11,9,49,True,
STR-006,2025-01-11,10,51,True,
STR-006,2025-01-11,11,60,True,
STR-006,2025-01-11,12,77,True,
STR-006,2025-01-11,13,74,True,
STR-006,2025-01-11,14,54,True,
STR-006,2025-01-11,15,42,True,
STR-006,2025-01-11,16,51,True,
STR-006,2025-01-11,17,57,True,
STR-006,2025-01-11,18,74,True,
STR-006,2025-01-11,19,91,True,
STR-006,2025-01-11,20,88,True,
STR-006,2025-01-11,21,56,True,
STR-006,2025-01-11,22,24,True,
STR-006,2025-01-11,23,10,True,
STR-006,2025-01-12,0,0,True,
STR-006,2025-01-12,1,0,True,
STR-006,2025-01-12,2,0,True,
STR-006,2025-01-12,3,0,True,
STR-006,2025-01-12,4,0,True,
STR-006,2025-01-12,5,0,True,
STR-006,2025-01-12,6,14,True,
STR-006,2025-01-12,7,20,True,
STR-006,2025-01-12,8,39,True,
STR-006,2025-01-12,9,50,True,
STR-006,2025-01-12,10,60,True,
STR-006,2025-01-12,11,50,True,
STR-006,2025-01-12,12,66,True,
STR-006,2025-01-12,13,75,True,
STR-006,2025-01-12,14,51,True,
STR-006,2025-01-12,15,65,True,
STR-006,2025-01-12,16,68,True,
STR-006,2025-01-12,17,52,True,
STR-006,2025-01-12,18,96,True,
STR-006,2025-01-12,19,94,True,
STR-006,2025-01-12,20,89,True,
STR-006,2025-01-12,21,69,True,
STR-006,2025-01-12,22,24,True,
STR-006,2025-01-12,23,15,True,
STR-006,2025-01-13,0,0,False,
STR-006,2025-01-13,1,0,False,
STR-006,2025-01-13,2,0,False,
STR-006,2025-01-13,3,0,False,
STR-006,2025-01-13,4,0,False,
STR-006,2025-01-13,5,0,False,
STR-006,2025-01-13,6,14,False,
STR-006,2025-01-13,7,5,False,
STR-006,2025-01-13,8,25,False,
STR-006,2025-01-13,9,35,False,
STR-006,2025-01-13,10,58,False,
STR-006,2025-01-13,11,48,False,
STR-006,2025-01-13,12,67,False,
STR-006,2025-01-13,13,59,False,
STR-006,2025-01-13,14,45,False,
STR-006,2025-01-13,15,53,False,
STR-006,2025-01-13,16,41,False,
STR-006,2025-01-13,17,56,False,
STR-006,2025-01-13,18,81,False,
STR-006,2025-01-13,19,67,False,
STR-006,2025-01-13,20,73,False,
STR-006,2025-01-13,21,52,False,
STR-006,2025-01-13,22,17,False,
STR-006,2025-01-13,23,11,False,
STR-006,2025-01-14,0,0,False,Makar Sankranti / Pongal
STR-006,2025-01-14,1,0,False,Makar Sankranti / Pongal
STR-006,2025-01-14,2,0,False,Makar Sankranti / Pongal
STR-006,2025-01-14,3,0,False,Makar Sankranti / Pongal
STR-006,2025-01-14,4,0,False,Makar Sankranti / Pongal
STR-006,2025-01-14,5,0,False,Makar Sankranti / Pongal
STR-006,2025-01-14,6,18,False,Makar Sankranti / Pongal
STR-006,2025-01-14,7,36,False,Makar Sankranti / Pongal
STR-006,2025-01-14,8,51,False,Makar Sankranti / Pongal
STR-006,2025-01-14,9,68,False,Makar Sankranti / Pongal
STR-006,2025-01-14,10,79,False,Makar Sankranti / Pongal
STR-006,2025-01-14,11,87,False,Makar Sankranti / Pongal
STR-006,2025-01-14,12,119,False,Makar Sankranti / Pongal
STR-006,2025-01-14,13,115,False,Makar Sankranti / Pongal
STR-006,2025-01-14,14,97,False,Makar Sankranti / Pongal
STR-006,2025-01-14,15,100,False,Makar Sankranti / Pongal
STR-006,2025-01-14,16,94,False,Makar Sankranti / Pongal
STR-006,2025-01-14,17,87,False,Makar Sankranti / Pongal
STR-006,2025-01-14,18,143,False,Makar Sankranti / Pongal
STR-006,2025-01-14,19,128,False,Makar Sankranti / Pongal
STR-006,2025-01-14,20,141,False,Makar Sankranti / Pongal
STR-006,2025-01-14,21,105,False,Makar Sankranti / Pongal
STR-006,2025-01-14,22,43,False,Makar Sankranti / Pongal
STR-006,2025-01-14,23,17,False,Makar Sankranti / Pongal
STR-006,2025-01-15,0,0,False,
STR-006,2025-01-15,1,0,False,
STR-006,2025-01-15,2,0,False,
STR-006,2025-01-15,3,0,False,
STR-006,2025-01-15,4,0,False,
STR-006,2025-01-15,5,0,False,
STR-006,2025-01-15,6,7,False,
STR-006,2025-01-15,7,18,False,
STR-006,2025-01-15,8,35,False,
STR-006,2025-01-15,9,38,False,
STR-006,2025-01-15,10,39,False,
STR-006,2025-01-15,11,44,False,
STR-006,2025-01-15,12,69,False,
STR-006,2025-01-15,13,70,False,
STR-006,2025-01-15,14,49,False,
STR-006,2025-01-15,15,38,False,
STR-006,2025-01-15,16,45,False,
STR-006,2025-01-15,17,38,False,
STR-006,2025-01-15,18,84,False,
STR-006,2025-01-15,19,78,False,
STR-006,2025-01-15,20,60,False,
STR-006,2025-01-15,21,61,False,
STR-006,2025-01-15,22,19,False,
STR-006,2025-01-15,23,11,False,
STR-006,2025-01-16,0,0,False,
STR-006,2025-01-16,1,0,False,
STR-006,2025-01-16,2,0,False,
STR-006,2025-01-16,3,0,False,
STR-006,2025-01-16,4,0,False,
STR-006,2025-01-16,5,0,False,
STR-006,2025-01-16,6,9,False,
STR-006,2025-01-16,7,18,False,
STR-006,2025-01-16,8,32,False,
STR-006,2025-01-16,9,33,False,
STR-006,2025-01-16,10,54,False,
STR-006,2025-01-16,11,62,False,
STR-006,2025-01-16,12,57,False,
STR-006,2025-01-16,13,61,False,
STR-006,2025-01-16,14,56,False,
STR-006,2025-01-16,15,57,False,
STR-006,2025-01-16,16,49,False,
STR-006,2025-01-16,17,54,False,
STR-006,2025-01-16,18,100,False,
STR-006,2025-01-16,19,97,False,
STR-006,2025-01-16,20,73,False,
STR-006,2025-01-16,21,60,False,
STR-006,2025-01-16,22,19,False,
STR-006,2025-01-16,23,7,False,
STR-006,2025-01-17,0,0,False,
STR-006,2025-01-17,1,0,False,
STR-006,2025-01-17,2,0,False,
STR-006,2025-01-17,3,0,False,
STR-006,2025-01-17,4,0,False,
STR-006,2025-01-17,5,0,False,
STR-006,2025-01-17,6,4,False,
STR-006,2025-01-17,7,13,False,
STR-006,2025-01-17,8,24,False,
STR-006,2025-01-17,9,44,False,
STR-006,2025-01-17,10,38,False,
STR-006,2025-01-17,11,43,False,
STR-006,2025-01-17,12,59,False,
STR-006,2025-01-17,13,50,False,
STR-006,2025-01-17,14,34,False,
STR-006,2025-01-17,15,44,False,
STR-006,2025-01-17,16,50,False,
STR-006,2025-01-17,17,43,False,
STR-006,2025-01-17,18,56,False,
STR-006,2025-01-17,19,85,False,
STR-006,2025-01-17,20,64,False,
STR-006,2025-01-17,21,48,False,
STR-006,2025-01-17,22,20,False,
STR-006,2025-01-17,23,6,False,
STR-006,2025-01-18,0,0,True,
STR-006,2025-01-18,1,0,True,
STR-006,2025-01-18,2,0,True,
STR-006,2025-01-18,3,0,True,
STR-006,2025-01-18,4,0,True,
STR-006,2025-01-18,5,0,True,
STR-006,2025-01-18,6,17,True,
STR-006,2025-01-18,7,26,True,
STR-006,2025-01-18,8,30,True,
STR-006,2025-01-18,9,52,True,
STR-006,2025-01-18,10,60,True,
STR-006,2025-01-18,11,60,True,
STR-006,2025-01-18,12,123,True,
STR-006,2025-01-18,13,83,True,
STR-006,2025-01-18,14,51,True,
STR-006,2025-01-18,15,70,True,
STR-006,2025-01-18,16,37,True,
STR-006,2025-01-18,17,61,True,
STR-006,2025-01-18,18,119,True,
STR-006,2025-01-18,19,104,True,
STR-006,2025-01-18,20,112,True,
STR-006,2025-01-18,21,85,True,
STR-006,2025-01-18,22,24,True,
STR-006,2025-01-18,23,13,True,
STR-006,2025-01-19,0,0,True,
STR-006,2025-01-19,1,0,True,
STR-006,2025-01-19,2,0,True,
STR-006,2025-01-19,3,0,True,
STR-006,2025-01-19,4,0,True,
STR-006,2025-01-19,5,0,True,
STR-006,2025-01-19,6,12,True,
STR-006,2025-01-19,7,21,True,
STR-006,2025-01-19,8,33,True,
STR-006,2025-01-19,9,44,True,
STR-006,2025-01-19,10,51,True,
STR-006,2025-01-19,11,50,True,
STR-006,2025-01-19,12,69,True,
STR-006,2025-01-19,13,76,True,
STR-006,2025-01-19,14,58,True,
STR-006,2025-01-19,15,47,True,
STR-006,2025-01-19,16,57,True,
STR-006,2025-01-19,17,45,True,
STR-006,2025-01-19,18,91,True,
STR-006,2025-01-19,19,97,True,
STR-006,2025-01-19,20,88,True,
STR-006,2025-01-19,21,76,True,
STR-006,2025-01-19,22,17,True,
STR-006,2025-01-19,23,13,True,
STR-006,2025-01-20,0,0,False,
STR-006,2025-01-20,1,0,False,
STR-006,2025-01-20,2,0,False,
STR-006,2025-01-20,3,0,False,
STR-006,2025-01-20,4,0,False,
STR-006,2025-01-20,5,0,False,
STR-006,2025-01-20,6,18,False,
STR-006,2025-01-20,7,17,False,
STR-006,2025-01-20,8,30,False,
STR-006,2025-01-20,9,37,False,
STR-006,2025-01-20,10,51,False,
STR-006,2025-01-20,11,66,False,
STR-006,2025-01-20,12,76,False,
STR-006,2025-01-20,13,51,False,
STR-006,2025-01-20,14,60,False,
STR-006,2025-01-20,15,63,False,
STR-006,2025-01-20,16,53,False,
STR-006,2025-01-20,17,62,False,
STR-006,2025-01-20,18,73,False,
STR-006,2025-01-20,19,76,False,
STR-006,2025-01-20,20,70,False,
STR-006,2025-01-20,21,65,False,
STR-006,2025-01-20,22,25,False,
STR-006,2025-01-20,23,8,False,
STR-006,2025-01-21,0,0,False,
STR-006,2025-01-21,1,0,False,
STR-006,2025-01-21,2,0,False,
STR-006,2025-01-21,3,0,False,
STR-006,2025-01-21,4,0,False,
STR-006,2025-01-21,5,0,False,
STR-006,2025-01-21,6,10,False,
STR-006,2025-01-21,7,21,False,
STR-006,2025-01-21,8,31,False,
STR-006,2025-01-21,9,41,False,
STR-006,2025-01-21,10,55,False,
STR-006,2025-01-21,11,43,False,
STR-006,2025-01-21,12,65,False,
STR-006,2025-01-21,13,54,False,
STR-006,2025-01-21,14,46,False,
STR-006,2025-01-21,15,44,False,
STR-006,2025-01-21,16,44,False,
STR-006,2025-01-21,17,45,False,
STR-006,2025-01-21,18,75,False,
STR-006,2025-01-21,19,75,False,
STR-006,2025-01-21,20,80,False,
STR-006,2025-01-21,21,63,False,
STR-006,2025-01-21,22,13,False,
STR-006,2025-01-21,23,9,False,
STR-006,2025-01-22,0,0,False,
STR-006,2025-01-22,1,0,False,
STR-006,2025-01-22,2,0,False,
STR-006,2025-01-22,3,0,False,
STR-006,2025-01-22,4,0,False,
STR-006,2025-01-22,5,0,False,
STR-006,2025-01-22,6,7,False,
STR-006,2025-01-22,7,17,False,
STR-006,2025-01-22,8,30,False,
STR-006,2025-01-22,9,36,False,
STR-006,2025-01-22,10,63,False,
STR-006,2025-01-22,11,47,False,
STR-006,2025-01-22,12,79,False,
STR-006,2025-01-22,13,70,False,
STR-006,2025-01-22,14,61,False,
STR-006,2025-01-22,15,67,False,
STR-006,2025-01-22,16,59,False,
STR-006,2025-01-22,17,53,False,
STR-006,2025-01-22,18,92,False,
STR-006,2025-01-22,19,91,False,
STR-006,2025-01-22,20,84,False,
STR-006,2025-01-22,21,67,False,
STR-006,2025-01-22,22,16,False,
STR-006,2025-01-22,23,10,False,
STR-006,2025-01-23,0,0,False,
STR-006,2025-01-23,1,0,False,
STR-006,2025-01-23,2,0,False,
STR-006,2025-01-23,3,0,False,
STR-006,2025-01-23,4,0,False,
STR-006,2025-01-23,5,0,False,
STR-006,2025-01-23,6,5,False,
STR-006,2025-01-23,7,15,False,
STR-006,2025-01-23,8,23,False,
STR-006,2025-01-23,9,37,False,
STR-006,2025-01-23,10,42,False,
STR-006,2025-01-23,11,37,False,
STR-006,2025-01-23,12,55,False,
STR-006,2025-01-23,13,39,False,
STR-006,2025-01-23,14,46,False,
STR-006,2025-01-23,15,47,False,
STR-006,2025-01-23,16,30,False,
STR-006,2025-01-23,17,41,False,
STR-006,2025-01-23,18,75,False,
STR-006,2025-01-23,19,71,False,
STR-006,2025-01-23,20,58,False,
STR-006,2025-01-23,21,43,False,
STR-006,2025-01-23,22,15,False,
STR-006,2025-01-23,23,11,False,
STR-006,2025-01-24,0,0,False,
STR-006,2025-01-24,1,0,False,
STR-006,2025-01-24,2,0,False,
STR-006,2025-01-24,3,0,False,
STR-006,2025-01-24,4,0,False,
STR-006,2025-01-24,5,0,False,
STR-006,2025-01-24,6,9,False,
STR-006,2025-01-24,7,15,False,
STR-006,2025-01-24,8,31,False,
STR-006,2025-01-24,9,41,False,
STR-006,2025-01-24,10,44,False,
STR-006,2025-01-24,11,38,False,
STR-006,2025-01-24,12,72,False,
STR-006,2025-01-24,13,60,False,
STR-006,2025-01-24,14,50,False,
STR-006,2025-01-24,15,51,False,
STR-006,2025-01-24,16,68,False,
STR-006,2025-01-24,17,50,False,
STR-006,2025-01-24,18,57,False,
STR-006,2025-01-24,19,86,False,
STR-006,2025-01-24,20,73,False,
STR-006,2025-01-24,21,48,False,
STR-006,2025-01-24,22,17,False,
STR-006,2025-01-24,23,9,False,
STR-006,2025-01-25,0,0,True,
STR-006,2025-01-25,1,0,True,
STR-006,2025-01-25,2,0,True,
STR-006,2025-01-25,3,0,True,
STR-006,2025-01-25,4,0,True,
STR-006,2025-01-25,5,0,True,
STR-006,2025-01-25,6,13,True,
STR-006,2025-01-25,7,23,True,
STR-006,2025-01-25,8,29,True,
STR-006,2025-01-25,9,32,True,
STR-006,2025-01-25,10,52,True,
STR-006,2025-01-25,11,57,True,
STR-006,2025-01-25,12,76,True,
STR-006,2025-01-25,13,75,True,
STR-006,2025-01-25,14,41,True,
STR-006,2025-01-25,15,49,True,
STR-006,2025-01-25,16,59,True,
STR-006,2025-01-25,17,64,True,
STR-006,2025-01-25,18,91,True,
STR-006,2025-01-25,19,109,True,
STR-006,2025-01-25,20,85,True,
STR-006,2025-01-25,21,61,True,
STR-006,2025-01-25,22,17,True,
STR-006,2025-01-25,23,16,True,
STR-006,2025-01-26,0,0,True,Republic Day
STR-006,2025-01-26,1,0,True,Republic Day
STR-006,2025-01-26,2,0,True,Republic Day
STR-006,2025-01-26,3,0,True,Republic Day
STR-006,2025-01-26,4,0,True,Republic Day
STR-006,2025-01-26,5,0,True,Republic Day
STR-006,2025-01-26,6,23,True,Republic Day
STR-006,2025-01-26,7,40,True,Republic Day
STR-006,2025-01-26,8,55,True,Republic Day
STR-006,2025-01-26,9,72,True,Republic Day
STR-006,2025-01-26,10,116,True,Republic Day
STR-006,2025-01-26,11,109,True,Republic Day
STR-006,2025-01-26,12,131,True,Republic Day
STR-006,2025-01-26,13,149,True,Republic Day
STR-006,2025-01-26,14,109,True,Republic Day
STR-006,2025-01-26,15,103,True,Republic Day
STR-006,2025-01-26,16,90,True,Republic Day
STR-006,2025-01-26,17,103,True,Republic Day
STR-006,2025-01-26,18,154,True,Republic Day
STR-006,2025-01-26,19,177,True,Republic Day
STR-006,2025-01-26,20,154,True,Republic Day
STR-006,2025-01-26,21,111,True,Republic Day
STR-006,2025-01-26,22,38,True,Republic Day
STR-006,2025-01-26,23,20,True,Republic Day
STR-006,2025-01-27,0,0,False,
STR-006,2025-01-27,1,0,False,
STR-006,2025-01-27,2,0,False,
STR-006,2025-01-27,3,0,False,
STR-006,2025-01-27,4,0,False,
STR-006,2025-01-27,5,0,False,
STR-006,2025-01-27,6,9,False,
STR-006,2025-01-27,7,22,False,
STR-006,2025-01-27,8,23,False,
STR-006,2025-01-27,9,33,False,
STR-006,2025-01-27,10,43,False,
STR-006,2025-01-27,11,48,False,
STR-006,2025-01-27,12,59,False,
STR-006,2025-01-27,13,52,False,
STR-006,2025-01-27,14,52,False,
STR-006,2025-01-27,15,52,False,
STR-006,2025-01-27,16,49,False,
STR-006,2025-01-27,17,58,False,
STR-006,2025-01-27,18,72,False,
STR-006,2025-01-27,19,96,False,
STR-006,2025-01-27,20,72,False,
STR-006,2025-01-27,21,55,False,
STR-006,2025-01-27,22,11,False,
STR-006,2025-01-27,23,11,False,
STR-006,2025-01-28,0,0,False,
STR-006,2025-01-28,1,0,False,
STR-006,2025-01-28,2,0,False,
STR-006,2025-01-28,3,0,False,
STR-006,2025-01-28,4,0,False,
STR-006,2025-01-28,5,0,False,
STR-006,2025-01-28,6,10,False,
STR-006,2025-01-28,7,19,False,
STR-006,2025-01-28,8,27,False,
STR-006,2025-01-28,9,29,False,
STR-006,2025-01-28,10,49,False,
STR-006,2025-01-28,11,43,False,
STR-006,2025-01-28,12,76,False,
STR-006,2025-01-28,13,61,False,
STR-006,2025-01-28,14,50,False,
STR-006,2025-01-28,15,45,False,
STR-006,2025-01-28,16,44,False,
STR-006,2025-01-28,17,39,False,
STR-006,2025-01-28,18,79,False,
STR-006,2025-01-28,19,90,False,
STR-006,2025-01-28,20,82,False,
STR-006,2025-01-28,21,46,False,
STR-006,2025-01-28,22,18,False,
STR-006,2025-01-28,23,6,False,
STR-006,2025-01-29,0,0,False,
STR-006,2025-01-29,1,0,False,
STR-006,2025-01-29,2,0,False,
STR-006,2025-01-29,3,0,False,
STR-006,2025-01-29,4,0,False,
STR-006,2025-01-29,5,0,False,
STR-006,2025-01-29,6,6,False,
STR-006,2025-01-29,7,19,False,
STR-006,2025-01-29,8,19,False,
STR-006,2025-01-29,9,43,False,
STR-006,2025-01-29,10,39,False,
STR-006,2025-01-29,11,39,False,
STR-006,2025-01-29,12,52,False,
STR-006,2025-01-29,13,53,False,
STR-006,2025-01-29,14,45,False,
STR-006,2025-01-29,15,48,False,
STR-006,2025-01-29,16,37,False,
STR-006,2025-01-29,17,44,False,
STR-006,2025-01-29,18,67,False,
STR-006,2025-01-29,19,75,False,
STR-006,2025-01-29,20,62,False,
STR-006,2025-01-29,21,44,False,
STR-006,2025-01-29,22,15,False,
STR-006,2025-01-29,23,9,False,
STR-006,2025-01-30,0,0,False,
STR-006,2025-01-30,1,0,False,
STR-006,2025-01-30,2,0,False,
STR-006,2025-01-30,3,0,False,
STR-006,2025-01-30,4,0,False,
STR-006,2025-01-30,5,0,False,
STR-006,2025-01-30,6,8,False,
STR-006,2025-01-30,7,10,False,
STR-006,2025-01-30,8,29,False,
STR-006,2025-01-30,9,37,False,
STR-006,2025-01-30,10,44,False,
STR-006,2025-01-30,11,47,False,
STR-006,2025-01-30,12,63,False,
STR-006,2025-01-30,13,66,False,
STR-006,2025-01-30,14,47,False,
STR-006,2025-01-30,15,50,False,
STR-006,2025-01-30,16,30,False,
STR-006,2025-01-30,17,44,False,
STR-006,2025-01-30,18,68,False,
STR-006,2025-01-30,19,62,False,
STR-006,2025-01-30,20,56,False,
STR-006,2025-01-30,21,51,False,
STR-006,2025-01-30,22,12,False,
STR-006,2025-01-30,23,6,False,
STR-006,2025-01-31,0,0,False,
STR-006,2025-01-31,1,0,False,
STR-006,2025-01-31,2,0,False,
STR-006,2025-01-31,3,0,False,
STR-006,2025-01-31,4,0,False,
STR-006,2025-01-31,5,0,False,
STR-006,2025-01-31,6,12,False,
STR-006,2025-01-31,7,17,False,
STR-006,2025-01-31,8,27,False,
STR-006,2025-01-31,9,34,False,
STR-006,2025-01-31,10,44,False,
STR-006,2025-01-31,11,50,False,
STR-006,2025-01-31,12,64,False,
STR-006,2025-01-31,13,54,False,
STR-006,2025-01-31,14,50,False,
STR-006,2025-01-31,15,50,False,
STR-006,2025-01-31,16,49,False,
STR-006,2025-01-31,17,35,False,
STR-006,2025-01-31,18,84,False,
STR-006,2025-01-31,19,77,False,
STR-006,2025-01-31,20,77,False,
STR-006,2025-01-31,21,49,False,
STR-006,2025-01-31,22,18,False,
STR-006,2025-01-31,23,1,False,
STR-006,2025-02-01,0,0,True,
STR-006,2025-02-01,1,0,True,
STR-006,2025-02-01,2,0,True,
STR-006,2025-02-01,3,0,True,
STR-006,2025-02-01,4,0,True,
STR-006,2025-02-01,5,0,True,
STR-006,2025-02-01,6,12,True,
STR-006,2025-02-01,7,22,True,
STR-006,2025-02-01,8,34,True,
STR-006,2025-02-01,9,47,True,
STR-006,2025-02-01,10,56,True,
STR-006,2025-02-01,11,46,True,
STR-006,2025-02-01,12,107,True,
STR-006,2025-02-01,13,82,True,
STR-006,2025-02-01,14,75,True,
STR-006,2025-02-01,15,56,True,
STR-006,2025-02-01,16,55,True,
STR-006,2025-02-01,17,71,True,
STR-006,2025-02-01,18,83,True,
STR-006,2025-02-01,19,113,True,
STR-006,2025-02-01,20,90,True,
STR-006,2025-02-01,21,61,True,
STR-006,2025-02-01,22,33,True,
STR-006,2025-02-01,23,16,True,
STR-006,2025-02-02,0,0,True,
STR-006,2025-02-02,1,0,True,
STR-006,2025-02-02,2,0,True,
STR-006,2025-02-02,3,0,True,
STR-006,2025-02-02,4,0,True,
STR-006,2025-02-02,5,0,True,
STR-006,2025-02-02,6,12,True,
STR-006,2025-02-02,7,18,True,
STR-006,2025-02-02,8,50,True,
STR-006,2025-02-02,9,44,True,
STR-006,2025-02-02,10,57,True,
STR-006,2025-02-02,11,68,True,
STR-006,2025-02-02,12,77,True,
STR-006,2025-02-02,13,73,True,
STR-006,2025-02-02,14,72,True,
STR-006,2025-02-02,15,45,True,
STR-006,2025-02-02,16,44,True,
STR-006,2025-02-02,17,53,True,
STR-006,2025-02-02,18,111,True,
STR-006,2025-02-02,19,104,True,
STR-006,2025-02-02,20,99,True,
STR-006,2025-02-02,21,64,True,
STR-006,2025-02-02,22,23,True,
STR-006,2025-02-02,23,16,True,
STR-006,2025-02-03,0,0,False,
STR-006,2025-02-03,1,0,False,
STR-006,2025-02-03,2,0,False,
STR-006,2025-02-03,3,0,False,
STR-006,2025-02-03,4,0,False,
STR-006,2025-02-03,5,0,False,
STR-006,2025-02-03,6,9,False,
STR-006,2025-02-03,7,20,False,
STR-006,2025-02-03,8,23,False,
STR-006,2025-02-03,9,37,False,
STR-006,2025-02-03,10,40,False,
STR-006,2025-02-03,11,50,False,
STR-006,2025-02-03,12,45,False,
STR-006,2025-02-03,13,50,False,
STR-006,2025-02-03,14,45,False,
STR-006,2025-02-03,15,40,False,
STR-006,2025-02-03,16,48,False,
STR-006,2025-02-03,17,48,False,
STR-006,2025-02-03,18,58,False,
STR-006,2025-02-03,19,73,False,
STR-006,2025-02-03,20,77,False,
STR-006,2025-02-03,21,73,False,
STR-006,2025-02-03,22,22,False,
STR-006,2025-02-03,23,11,False,
STR-006,2025-02-04,0,0,False,
STR-006,2025-02-04,1,0,False,
STR-006,2025-02-04,2,0,False,
STR-006,2025-02-04,3,0,False,
STR-006,2025-02-04,4,0,False,
STR-006,2025-02-04,5,0,False,
STR-006,2025-02-04,6,10,False,
STR-006,2025-02-04,7,14,False,
STR-006,2025-02-04,8,22,False,
STR-006,2025-02-04,9,35,False,
STR-006,2025-02-04,10,48,False,
STR-006,2025-02-04,11,50,False,
STR-006,2025-02-04,12,58,False,
STR-006,2025-02-04,13,52,False,
STR-006,2025-02-04,14,58,False,
STR-006,2025-02-04,15,60,False,
STR-006,2025-02-04,16,41,False,
STR-006,2025-02-04,17,41,False,
STR-006,2025-02-04,18,79,False,
STR-006,2025-02-04,19,82,False,
STR-006,2025-02-04,20,71,False,
STR-006,2025-02-04,21,51,False,
STR-006,2025-02-04,22,22,False,
STR-006,2025-02-04,23,2,False,
STR-006,2025-02-05,0,0,False,
STR-006,2025-02-05,1,0,False,
STR-006,2025-02-05,2,0,False,
STR-006,2025-02-05,3,0,False,
STR-006,2025-02-05,4,0,False,
STR-006,2025-02-05,5,0,False,
STR-006,2025-02-05,6,9,False,
STR-006,2025-02-05,7,23,False,
STR-006,2025-02-05,8,21,False,
STR-006,2025-02-05,9,37,False,
STR-006,2025-02-05,10,53,False,
STR-006,2025-02-05,11,52,False,
STR-006,2025-02-05,12,62,False,
STR-006,2025-02-05,13,50,False,
STR-006,2025-02-05,14,52,False,
STR-006,2025-02-05,15,46,False,
STR-006,2025-02-05,16,41,False,
STR-006,2025-02-05,17,50,False,
STR-006,2025-02-05,18,64,False,
STR-006,2025-02-05,19,80,False,
STR-006,2025-02-05,20,94,False,
STR-006,2025-02-05,21,44,False,
STR-006,2025-02-05,22,15,False,
STR-006,2025-02-05,23,16,False,
STR-006,2025-02-06,0,0,False,
STR-006,2025-02-06,1,0,False,
STR-006,2025-02-06,2,0,False,
STR-006,2025-02-06,3,0,False,
STR-006,2025-02-06,4,0,False,
STR-006,2025-02-06,5,0,False,
STR-006,2025-02-06,6,13,False,
STR-006,2025-02-06,7,20,False,
STR-006,2025-02-06,8,28,False,
STR-006,2025-02-06,9,42,False,
STR-006,2025-02-06,10,40,False,
STR-006,2025-02-06,11,46,False,
STR-006,2025-02-06,12,74,False,
STR-006,2025-02-06,13,58,False,
STR-006,2025-02-06,14,49,False,
STR-006,2025-02-06,15,50,False,
STR-006,2025-02-06,16,35,False,
STR-006,2025-02-06,17,44,False,
STR-006,2025-02-06,18,76,False,
STR-006,2025-02-06,19,74,False,
STR-006,2025-02-06,20,82,False,
STR-006,2025-02-06,21,56,False,
STR-006,2025-02-06,22,19,False,
STR-006,2025-02-06,23,10,False,
STR-006,2025-02-07,0,0,False,
STR-006,2025-02-07,1,0,False,
STR-006,2025-02-07,2,0,False,
STR-006,2025-02-07,3,0,False,
STR-006,2025-02-07,4,0,False,
STR-006,2025-02-07,5,0,False,
STR-006,2025-02-07,6,10,False,
STR-006,2025-02-07,7,20,False,
STR-006,2025-02-07,8,26,False,
STR-006,2025-02-07,9,41,False,
STR-006,2025-02-07,10,43,False,
STR-006,2025-02-07,11,35,False,
STR-006,2025-02-07,12,62,False,
STR-006,2025-02-07,13,55,False,
STR-006,2025-02-07,14,54,False,
STR-006,2025-02-07,15,53,False,
STR-006,2025-02-07,16,52,False,
STR-006,2025-02-07,17,45,False,
STR-006,2025-02-07,18,73,False,
STR-006,2025-02-07,19,90,False,
STR-006,2025-02-07,20,77,False,
STR-006,2025-02-07,21,47,False,
STR-006,2025-02-07,22,20,False,
STR-006,2025-02-07,23,7,False,
STR-006,2025-02-08,0,0,True,
STR-006,2025-02-08,1,0,True,
STR-006,2025-02-08,2,0,True,
STR-006,2025-02-08,3,0,True,
STR-006,2025-02-08,4,0,True,
STR-006,2025-02-08,5,0,True,
STR-006,2025-02-08,6,12,True,
STR-006,2025-02-08,7,17,True,
STR-006,2025-02-08,8,26,True,
STR-006,2025-02-08,9,38,True,
STR-006,2025-02-08,10,51,True,
STR-006,2025-02-08,11,67,True,
STR-006,2025-02-08,12,54,True,
STR-006,2025-02-08,13,82,True,
STR-006,2025-02-08,14,45,True,
STR-006,2025-02-08,15,53,True,
STR-006,2025-02-08,16,51,True,
STR-006,2025-02-08,17,62,True,
STR-006,2025-02-08,18,83,True,
STR-006,2025-02-08,19,97,True,
STR-006,2025-02-08,20,92,True,
STR-006,2025-02-08,21,56,True,
STR-006,2025-02-08,22,23,True,
STR-006,2025-02-08,23,8,True,
STR-006,2025-02-09,0,0,True,
STR-006,2025-02-09,1,0,True,
STR-006,2025-02-09,2,0,True,
STR-006,2025-02-09,3,0,True,
STR-006,2025-02-09,4,0,True,
STR-006,2025-02-09,5,0,True,
STR-006,2025-02-09,6,12,True,
STR-006,2025-02-09,7,22,True,
STR-006,2025-02-09,8,30,True,
STR-006,2025-02-09,9,44,True,
STR-006,2025-02-09,10,63,True,
STR-006,2025-02-09,11,54,True,
STR-006,2025-02-09,12,87,True,
STR-006,2025-02-09,13,69,True,
STR-006,2025-02-09,14,63,True,
STR-006,2025-02-09,15,76,True,
STR-006,2025-02-09,16,44,True,
STR-006,2025-02-09,17,59,True,
STR-006,2025-02-09,18,85,True,
STR-006,2025-02-09,19,124,True,
STR-006,2025-02-09,20,98,True,
STR-006,2025-02-09,21,70,True,
STR-006,2025-02-09,22,24,True,
STR-006,2025-02-09,23,17,True,
STR-006,2025-02-10,0,0,False,
STR-006,2025-02-10,1,0,False,
STR-006,2025-02-10,2,0,False,
STR-006,2025-02-10,3,0,False,
STR-006,2025-02-10,4,0,False,
STR-006,2025-02-10,5,0,False,
STR-006,2025-02-10,6,12,False,
STR-006,2025-02-10,7,20,False,
STR-006,2025-02-10,8,42,False,
STR-006,2025-02-10,9,46,False,
STR-006,2025-02-10,10,44,False,
STR-006,2025-02-10,11,53,False,
STR-006,2025-02-10,12,67,False,
STR-006,2025-02-10,13,60,False,
STR-006,2025-02-10,14,50,False,
STR-006,2025-02-10,15,47,False,
STR-006,2025-02-10,16,41,False,
STR-006,2025-02-10,17,48,False,
STR-006,2025-02-10,18,94,False,
STR-006,2025-02-10,19,89,False,
STR-006,2025-02-10,20,78,False,
STR-006,2025-02-10,21,53,False,
STR-006,2025-02-10,22,11,False,
STR-006,2025-02-10,23,8,False,
STR-006,2025-02-11,0,0,False,
STR-006,2025-02-11,1,0,False,
STR-006,2025-02-11,2,0,False,
STR-006,2025-02-11,3,0,False,
STR-006,2025-02-11,4,0,False,
STR-006,2025-02-11,5,0,False,
STR-006,2025-02-11,6,9,False,
STR-006,2025-02-11,7,15,False,
STR-006,2025-02-11,8,38,False,
STR-006,2025-02-11,9,29,False,
STR-006,2025-02-11,10,42,False,
STR-006,2025-02-11,11,45,False,
STR-006,2025-02-11,12,57,False,
STR-006,2025-02-11,13,64,False,
STR-006,2025-02-11,14,37,False,
STR-006,2025-02-11,15,49,False,
STR-006,2025-02-11,16,43,False,
STR-006,2025-02-11,17,49,False,
STR-006,2025-02-11,18,71,False,
STR-006,2025-02-11,19,70,False,
STR-006,2025-02-11,20,78,False,
STR-006,2025-02-11,21,58,False,
STR-006,2025-02-11,22,10,False,
STR-006,2025-02-11,23,7,False,
STR-006,2025-02-12,0,0,False,
STR-006,2025-02-12,1,0,False,
STR-006,2025-02-12,2,0,False,
STR-006,2025-02-12,3,0,False,
STR-006,2025-02-12,4,0,False,
STR-006,2025-02-12,5,0,False,
STR-006,2025-02-12,6,9,False,
STR-006,2025-02-12,7,17,False,
STR-006,2025-02-12,8,35,False,
STR-006,2025-02-12,9,41,False,
STR-006,2025-02-12,10,45,False,
STR-006,2025-02-12,11,45,False,
STR-006,2025-02-12,12,70,False,
STR-006,2025-02-12,13,70,False,
STR-006,2025-02-12,14,53,False,
STR-006,2025-02-12,15,39,False,
STR-006,2025-02-12,16,39,False,
STR-006,2025-02-12,17,49,False,
STR-006,2025-02-12,18,71,False,
STR-006,2025-02-12,19,85,False,
STR-006,2025-02-12,20,78,False,
STR-006,2025-02-12,21,67,False,
STR-006,2025-02-12,22,24,False,
STR-006,2025-02-12,23,4,False,
STR-006,2025-02-13,0,0,False,
STR-006,2025-02-13,1,0,False,
STR-006,2025-02-13,2,0,False,
STR-006,2025-02-13,3,0,False,
STR-006,2025-02-13,4,0,False,
STR-006,2025-02-13,5,0,False,
STR-006,2025-02-13,6,4,False,
STR-006,2025-02-13,7,22,False,
STR-006,2025-02-13,8,18,False,
STR-006,2025-02-13,9,38,False,
STR-006,2025-02-13,10,38,False,
STR-006,2025-02-13,11,32,False,
STR-006,2025-02-13,12,67,False,
STR-006,2025-02-13,13,48,False,
STR-006,2025-02-13,14,44,False,
STR-006,2025-02-13,15,39,False,
STR-006,2025-02-13,16,40,False,
STR-006,2025-02-13,17,40,False,
STR-006,2025-02-13,18,69,False,
STR-006,2025-02-13,19,82,False,
STR-006,2025-02-13,20,46,False,
STR-006,2025-02-13,21,54,False,
STR-006,2025-02-13,22,10,False,
STR-006,2025-02-13,23,8,False,
STR-006,2025-02-14,0,0,False,
STR-006,2025-02-14,1,0,False,
STR-006,2025-02-14,2,0,False,
STR-006,2025-02-14,3,0,False,
STR-006,2025-02-14,4,0,False,
STR-006,2025-02-14,5,0,False,
STR-006,2025-02-14,6,10,False,
STR-006,2025-02-14,7,21,False,
STR-006,2025-02-14,8,37,False,
STR-006,2025-02-14,9,38,False,
STR-006,2025-02-14,10,45,False,
STR-006,2025-02-14,11,48,False,
STR-006,2025-02-14,12,73,False,
STR-006,2025-02-14,13,64,False,
STR-006,2025-02-14,14,57,False,
STR-006,2025-02-14,15,58,False,
STR-006,2025-02-14,16,58,False,
STR-006,2025-02-14,17,54,False,
STR-006,2025-02-14,18,87,False,
STR-006,2025-02-14,19,102,False,
STR-006,2025-02-14,20,77,False,
STR-006,2025-02-14,21,72,False,
STR-006,2025-02-14,22,24,False,
STR-006,2025-02-14,23,13,False,
STR-006,2025-02-15,0,0,True,
STR-006,2025-02-15,1,0,True,
STR-006,2025-02-15,2,0,True,
STR-006,2025-02-15,3,0,True,
STR-006,2025-02-15,4,0,True,
STR-006,2025-02-15,5,0,True,
STR-006,2025-02-15,6,14,True,
STR-006,2025-02-15,7,23,True,
STR-006,2025-02-15,8,35,True,
STR-006,2025-02-15,9,53,True,
STR-006,2025-02-15,10,60,True,
STR-006,2025-02-15,11,58,True,
STR-006,2025-02-15,12,77,True,
STR-006,2025-02-15,13,62,True,
STR-006,2025-02-15,14,70,True,
STR-006,2025-02-15,15,62,True,
STR-006,2025-02-15,16,56,True,
STR-006,2025-02-15,17,71,True,
STR-006,2025-02-15,18,99,True,
STR-006,2025-02-15,19,122,True,
STR-006,2025-02-15,20,111,True,
STR-006,2025-02-15,21,60,True,
STR-006,2025-02-15,22,18,True,
STR-006,2025-02-15,23,12,True,
STR-006,2025-02-16,0,0,True,
STR-006,2025-02-16,1,0,True,
STR-006,2025-02-16,2,0,True,
STR-006,2025-02-16,3,0,True,
STR-006,2025-02-16,4,0,True,
STR-006,2025-02-16,5,0,True,
STR-006,2025-02-16,6,9,True,
STR-006,2025-02-16,7,25,True,
STR-006,2025-02-16,8,37,True,
STR-006,2025-02-16,9,49,True,
STR-006,2025-02-16,10,71,True,
STR-006,2025-02-16,11,66,True,
STR-006,2025-02-16,12,85,True,
STR-006,2025-02-16,13,58,True,
STR-006,2025-02-16,14,75,True,
STR-006,2025-02-16,15,67,True,
STR-006,2025-02-16,16,51,True,
STR-006,2025-02-16,17,61,True,
STR-006,2025-02-16,18,89,True,
STR-006,2025-02-16,19,113,True,
STR-006,2025-02-16,20,103,True,
STR-006,2025-02-16,21,70,True,
STR-006,2025-02-16,22,26,True,
STR-006,2025-02-16,23,14,True,
STR-006,2025-02-17,0,0,False,
STR-006,2025-02-17,1,0,False,
STR-006,2025-02-17,2,0,False,
STR-006,2025-02-17,3,0,False,
STR-006,2025-02-17,4,0,False,
STR-006,2025-02-17,5,0,False,
STR-006,2025-02-17,6,9,False,
STR-006,2025-02-17,7,28,False,
STR-006,2025-02-17,8,17,False,
STR-006,2025-02-17,9,23,False,
STR-006,2025-02-17,10,45,False,
STR-006,2025-02-17,11,47,False,
STR-006,2025-02-17,12,66,False,
STR-006,2025-02-17,13,51,False,
STR-006,2025-02-17,14,45,False,
STR-006,2025-02-17,15,35,False,
STR-006,2025-02-17,16,49,False,
STR-006,2025-02-17,17,48,False,
STR-006,2025-02-17,18,67,False,
STR-006,2025-02-17,19,71,False,
STR-006,2025-02-17,20,68,False,
STR-006,2025-02-17,21,48,False,
STR-006,2025-02-17,22,18,False,
STR-006,2025-02-17,23,6,False,
STR-006,2025-02-18,0,0,False,
STR-006,2025-02-18,1,0,False,
STR-006,2025-02-18,2,0,False,
STR-006,2025-02-18,3,0,False,
STR-006,2025-02-18,4,0,False,
STR-006,2025-02-18,5,0,False,
STR-006,2025-02-18,6,10,False,
STR-006,2025-02-18,7,24,False,
STR-006,2025-02-18,8,30,False,
STR-006,2025-02-18,9,25,False,
STR-006,2025-02-18,10,47,False,
STR-006,2025-02-18,11,56,False,
STR-006,2025-02-18,12,78,False,
STR-006,2025-02-18,13,51,False,
STR-006,2025-02-18,14,67,False,
STR-006,2025-02-18,15,61,False,
STR-006,2025-02-18,16,53,False,
STR-006,2025-02-18,17,44,False,
STR-006,2025-02-18,18,90,False,
STR-006,2025-02-18,19,88,False,
STR-006,2025-02-18,20,109,False,
STR-006,2025-02-18,21,64,False,
STR-006,2025-02-18,22,27,False,
STR-006,2025-02-18,23,6,False,
STR-006,2025-02-19,0,0,False,
STR-006,2025-02-19,1,0,False,
STR-006,2025-02-19,2,0,False,
STR-006,2025-02-19,3,0,False,
STR-006,2025-02-19,4,0,False,
STR-006,2025-02-19,5,0,False,
STR-006,2025-02-19,6,7,False,
STR-006,2025-02-19,7,21,False,
STR-006,2025-02-19,8,30,False,
STR-006,2025-02-19,9,43,False,
STR-006,2025-02-19,10,63,False,
STR-006,2025-02-19,11,51,False,
STR-006,2025-02-19,12,65,False,
STR-006,2025-02-19,13,48,False,
STR-006,2025-02-19,14,47,False,
STR-006,2025-02-19,15,56,False,
STR-006,2025-02-19,16,56,False,
STR-006,2025-02-19,17,54,False,
STR-006,2025-02-19,18,79,False,
STR-006,2025-02-19,19,87,False,
STR-006,2025-02-19,20,64,False,
STR-006,2025-02-19,21,52,False,
STR-006,2025-02-19,22,18,False,
STR-006,2025-02-19,23,10,False,
STR-006,2025-02-20,0,0,False,
STR-006,2025-02-20,1,0,False,
STR-006,2025-02-20,2,0,False,
STR-006,2025-02-20,3,0,False,
STR-006,2025-02-20,4,0,False,
STR-006,2025-02-20,5,0,False,
STR-006,2025-02-20,6,12,False,
STR-006,2025-02-20,7,15,False,
STR-006,2025-02-20,8,19,False,
STR-006,2025-02-20,9,35,False,
STR-006,2025-02-20,10,47,False,
STR-006,2025-02-20,11,49,False,
STR-006,2025-02-20,12,50,False,
STR-006,2025-02-20,13,45,False,
STR-006,2025-02-20,14,46,False,
STR-006,2025-02-20,15,38,False,
STR-006,2025-02-20,16,46,False,
STR-006,2025-02-20,17,48,False,
STR-006,2025-02-20,18,63,False,
STR-006,2025-02-20,19,77,False,
STR-006,2025-02-20,20,61,False,
STR-006,2025-02-20,21,49,False,
STR-006,2025-02-20,22,11,False,
STR-006,2025-02-20,23,6,False,
STR-006,2025-02-21,0,0,False,
STR-006,2025-02-21,1,0,False,
STR-006,2025-02-21,2,0,False,
STR-006,2025-02-21,3,0,False,
STR-006,2025-02-21,4,0,False,
STR-006,2025-02-21,5,0,False,
STR-006,2025-02-21,6,13,False,
STR-006,2025-02-21,7,20,False,
STR-006,2025-02-21,8,25,False,
STR-006,2025-02-21,9,35,False,
STR-006,2025-02-21,10,59,False,
STR-006,2025-02-21,11,59,False,
STR-006,2025-02-21,12,71,False,
STR-006,2025-02-21,13,52,False,
STR-006,2025-02-21,14,68,False,
STR-006,2025-02-21,15,40,False,
STR-006,2025-02-21,16,36,False,
STR-006,2025-02-21,17,44,False,
STR-006,2025-02-21,18,88,False,
STR-006,2025-02-21,19,74,False,
STR-006,2025-02-21,20,63,False,
STR-006,2025-02-21,21,64,False,
STR-006,2025-02-21,22,20,False,
STR-006,2025-02-21,23,13,False,
STR-006,2025-02-22,0,0,True,
STR-006,2025-02-22,1,0,True,
STR-006,2025-02-22,2,0,True,
STR-006,2025-02-22,3,0,True,
STR-006,2025-02-22,4,0,True,
STR-006,2025-02-22,5,0,True,
STR-006,2025-02-22,6,11,True,
STR-006,2025-02-22,7,27,True,
STR-006,2025-02-22,8,34,True,
STR-006,2025-02-22,9,47,True,
STR-006,2025-02-22,10,49,True,
STR-006,2025-02-22,11,50,True,
STR-006,2025-02-22,12,69,True,
STR-006,2025-02-22,13,59,True,
STR-006,2025-02-22,14,59,True,
STR-006,2025-02-22,15,52,True,
STR-006,2025-02-22,16,56,True,
STR-006,2025-02-22,17,47,True,
STR-006,2025-02-22,18,75,True,
STR-006,2025-02-22,19,97,True,
STR-006,2025-02-22,20,73,True,
STR-006,2025-02-22,21,52,True,
STR-006,2025-02-22,22,16,True,
STR-006,2025-02-22,23,6,True,
STR-006,2025-02-23,0,0,True,
STR-006,2025-02-23,1,0,True,
STR-006,2025-02-23,2,0,True,
STR-006,2025-02-23,3,0,True,
STR-006,2025-02-23,4,0,True,
STR-006,2025-02-23,5,0,True,
STR-006,2025-02-23,6,12,True,
STR-006,2025-02-23,7,31,True,
STR-006,2025-02-23,8,39,True,
STR-006,2025-02-23,9,28,True,
STR-006,2025-02-23,10,66,True,
STR-006,2025-02-23,11,61,True,
STR-006,2025-02-23,12,80,True,
STR-006,2025-02-23,13,72,True,
STR-006,2025-02-23,14,74,True,
STR-006,2025-02-23,15,59,True,
STR-006,2025-02-23,16,57,True,
STR-006,2025-02-23,17,63,True,
STR-006,2025-02-23,18,74,True,
STR-006,2025-02-23,19,99,True,
STR-006,2025-02-23,20,73,True,
STR-006,2025-02-23,21,75,True,
STR-006,2025-02-23,22,31,True,
STR-006,2025-02-23,23,9,True,
STR-006,2025-02-24,0,0,False,
STR-006,2025-02-24,1,0,False,
STR-006,2025-02-24,2,0,False,
STR-006,2025-02-24,3,0,False,
STR-006,2025-02-24,4,0,False,
STR-006,2025-02-24,5,0,False,
STR-006,2025-02-24,6,11,False,
STR-006,2025-02-24,7,17,False,
STR-006,2025-02-24,8,32,False,
STR-006,2025-02-24,9,44,False,
STR-006,2025-02-24,10,62,False,
STR-006,2025-02-24,11,58,False,
STR-006,2025-02-24,12,68,False,
STR-006,2025-02-24,13,53,False,
STR-006,2025-02-24,14,52,False,
STR-006,2025-02-24,15,47,False,
STR-006,2025-02-24,16,56,False,
STR-006,2025-02-24,17,50,False,
STR-006,2025-02-24,18,71,False,
STR-006,2025-02-24,19,80,False,
STR-006,2025-02-24,20,90,False,
STR-006,2025-02-24,21,51,False,
STR-006,2025-02-24,22,16,False,
STR-006,2025-02-24,23,13,False,
STR-006,2025-02-25,0,0,False,
STR-006,2025-02-25,1,0,False,
STR-006,2025-02-25,2,0,False,
STR-006,2025-02-25,3,0,False,
STR-006,2025-02-25,4,0,False,
STR-006,2025-02-25,5,0,False,
STR-006,2025-02-25,6,10,False,
STR-006,2025-02-25,7,13,False,
STR-006,2025-02-25,8,31,False,
STR-006,2025-02-25,9,38,False,
STR-006,2025-02-25,10,55,False,
STR-006,2025-02-25,11,45,False,
STR-006,2025-02-25,12,62,False,
STR-006,2025-02-25,13,69,False,
STR-006,2025-02-25,14,54,False,
STR-006,2025-02-25,15,50,False,
STR-006,2025-02-25,16,50,False,
STR-006,2025-02-25,17,54,False,
STR-006,2025-02-25,18,87,False,
STR-006,2025-02-25,19,86,False,
STR-006,2025-02-25,20,88,False,
STR-006,2025-02-25,21,65,False,
STR-006,2025-02-25,22,12,False,
STR-006,2025-02-25,23,10,False,
STR-006,2025-02-26,0,0,False,Maha Shivratri
STR-006,2025-02-26,1,0,False,Maha Shivratri
STR-006,2025-02-26,2,0,False,Maha Shivratri
STR-006,2025-02-26,3,0,False,Maha Shivratri
STR-006,2025-02-26,4,0,False,Maha Shivratri
STR-006,2025-02-26,5,0,False,Maha Shivratri
STR-006,2025-02-26,6,15,False,Maha Shivratri
STR-006,2025-02-26,7,36,False,Maha Shivratri
STR-006,2025-02-26,8,63,False,Maha Shivratri
STR-006,2025-02-26,9,86,False,Maha Shivratri
STR-006,2025-02-26,10,68,False,Maha Shivratri
STR-006,2025-02-26,11,78,False,Maha Shivratri
STR-006,2025-02-26,12,126,False,Maha Shivratri
STR-006,2025-02-26,13,117,False,Maha Shivratri
STR-006,2025-02-26,14,86,False,Maha Shivratri
STR-006,2025-02-26,15,94,False,Maha Shivratri
STR-006,2025-02-26,16,82,False,Maha Shivratri
STR-006,2025-02-26,17,83,False,Maha Shivratri
STR-006,2025-02-26,18,117,False,Maha Shivratri
STR-006,2025-02-26,19,145,False,Maha Shivratri
STR-006,2025-02-26,20,135,False,Maha Shivratri
STR-006,2025-02-26,21,108,False,Maha Shivratri
STR-006,2025-02-26,22,38,False,Maha Shivratri
STR-006,2025-02-26,23,15,False,Maha Shivratri
STR-006,2025-02-27,0,0,False,
STR-006,2025-02-27,1,0,False,
STR-006,2025-02-27,2,0,False,
STR-006,2025-02-27,3,0,False,
STR-006,2025-02-27,4,0,False,
STR-006,2025-02-27,5,0,False,
STR-006,2025-02-27,6,6,False,
STR-006,2025-02-27,7,30,False,
STR-006,2025-02-27,8,36,False,
STR-006,2025-02-27,9,49,False,
STR-006,2025-02-27,10,64,False,
STR-006,2025-02-27,11,44,False,
STR-006,2025-02-27,12,75,False,
STR-006,2025-02-27,13,71,False,
STR-006,2025-02-27,14,59,False,
STR-006,2025-02-27,15,55,False,
STR-006,2025-02-27,16,42,False,
STR-006,2025-02-27,17,63,False,
STR-006,2025-02-27,18,76,False,
STR-006,2025-02-27,19,91,False,
STR-006,2025-02-27,20,82,False,
STR-006,2025-02-27,21,75,False,
STR-006,2025-02-27,22,11,False,
STR-006,2025-02-27,23,13,False,
STR-006,2025-02-28,0,0,False,
STR-006,2025-02-28,1,0,False,
STR-006,2025-02-28,2,0,False,
STR-006,2025-02-28,3,0,False,
STR-006,2025-02-28,4,0,False,
STR-006,2025-02-28,5,0,False,
STR-006,2025-02-28,6,4,False,
STR-006,2025-02-28,7,14,False,
STR-006,2025-02-28,8,27,False,
STR-006,2025-02-28,9,36,False,
STR-006,2025-02-28,10,40,False,
STR-006,2025-02-28,11,43,False,
STR-006,2025-02-28,12,65,False,
STR-006,2025-02-28,13,47,False,
STR-006,2025-02-28,14,45,False,
STR-006,2025-02-28,15,40,False,
STR-006,2025-02-28,16,55,False,
STR-006,2025-02-28,17,42,False,
STR-006,2025-02-28,18,55,False,
STR-006,2025-02-28,19,82,False,
STR-006,2025-02-28,20,74,False,
STR-006,2025-02-28,21,49,False,
STR-006,2025-02-28,22,15,False,
STR-006,2025-02-28,23,8,False,
STR-006,2025-03-01,0,0,True,
STR-006,2025-03-01,1,0,True,
STR-006,2025-03-01,2,0,True,
STR-006,2025-03-01,3,0,True,
STR-006,2025-03-01,4,0,True,
STR-006,2025-03-01,5,0,True,
STR-006,2025-03-01,6,10,True,
STR-006,2025-03-01,7,23,True,
STR-006,2025-03-01,8,39,True,
STR-006,2025-03-01,9,39,True,
STR-006,2025-03-01,10,58,True,
STR-006,2025-03-01,11,62,True,
STR-006,2025-03-01,12,91,True,
STR-006,2025-03-01,13,73,True,
STR-006,2025-03-01,14,83,True,
STR-006,2025-03-01,15,68,True,
STR-006,2025-03-01,16,62,True,
STR-006,2025-03-01,17,62,True,
STR-006,2025-03-01,18,82,True,
STR-006,2025-03-01,19,104,True,
STR-006,2025-03-01,20,86,True,
STR-006,2025-03-01,21,71,True,
STR-006,2025-03-01,22,18,True,
STR-006,2025-03-01,23,10,True,
STR-006,2025-03-02,0,0,True,
STR-006,2025-03-02,1,0,True,
STR-006,2025-03-02,2,0,True,
STR-006,2025-03-02,3,0,True,
STR-006,2025-03-02,4,0,True,
STR-006,2025-03-02,5,0,True,
STR-006,2025-03-02,6,14,True,
STR-006,2025-03-02,7,16,True,
STR-006,2025-03-02,8,35,True,
STR-006,2025-03-02,9,44,True,
STR-006,2025-03-02,10,51,True,
STR-006,2025-03-02,11,48,True,
STR-006,2025-03-02,12,64,True,
STR-006,2025-03-02,13,51,True,
STR-006,2025-03-02,14,61,True,
STR-006,2025-03-02,15,55,True,
STR-006,2025-03-02,16,60,True,
STR-006,2025-03-02,17,41,True,
STR-006,2025-03-02,18,83,True,
STR-006,2025-03-02,19,99,True,
STR-006,2025-03-02,20,76,True,
STR-006,2025-03-02,21,60,True,
STR-006,2025-03-02,22,18,True,
STR-006,2025-03-02,23,14,True,
STR-006,2025-03-03,0,0,False,
STR-006,2025-03-03,1,0,False,
STR-006,2025-03-03,2,0,False,
STR-006,2025-03-03,3,0,False,
STR-006,2025-03-03,4,0,False,
STR-006,2025-03-03,5,0,False,
STR-006,2025-03-03,6,10,False,
STR-006,2025-03-03,7,19,False,
STR-006,2025-03-03,8,21,False,
STR-006,2025-03-03,9,30,False,
STR-006,2025-03-03,10,55,False,
STR-006,2025-03-03,11,35,False,
STR-006,2025-03-03,12,56,False,
STR-006,2025-03-03,13,61,False,
STR-006,2025-03-03,14,43,False,
STR-006,2025-03-03,15,37,False,
STR-006,2025-03-03,16,43,False,
STR-006,2025-03-03,17,34,False,
STR-006,2025-03-03,18,54,False,
STR-006,2025-03-03,19,65,False,
STR-006,2025-03-03,20,74,False,
STR-006,2025-03-03,21,51,False,
STR-006,2025-03-03,22,15,False,
STR-006,2025-03-03,23,10,False,
STR-006,2025-03-04,0,0,False,
STR-006,2025-03-04,1,0,False,
STR-006,2025-03-04,2,0,False,
STR-006,2025-03-04,3,0,False,
STR-006,2025-03-04,4,0,False,
STR-006,2025-03-04,5,0,False,
STR-006,2025-03-04,6,11,False,
STR-006,2025-03-04,7,20,False,
STR-006,2025-03-04,8,21,False,
STR-006,2025-03-04,9,37,False,
STR-006,2025-03-04,10,48,False,
STR-006,2025-03-04,11,52,False,
STR-006,2025-03-04,12,54,False,
STR-006,2025-03-04,13,50,False,
STR-006,2025-03-04,14,44,False,
STR-006,2025-03-04,15,53,False,
STR-006,2025-03-04,16,43,False,
STR-006,2025-03-04,17,42,False,
STR-006,2025-03-04,18,83,False,
STR-006,2025-03-04,19,81,False,
STR-006,2025-03-04,20,61,False,
STR-006,2025-03-04,21,48,False,
STR-006,2025-03-04,22,22,False,
STR-006,2025-03-04,23,10,False,
STR-006,2025-03-05,0,0,False,
STR-006,2025-03-05,1,0,False,
STR-006,2025-03-05,2,0,False,
STR-006,2025-03-05,3,0,False,
STR-006,2025-03-05,4,0,False,
STR-006,2025-03-05,5,0,False,
STR-006,2025-03-05,6,5,False,
STR-006,2025-03-05,7,23,False,
STR-006,2025-03-05,8,27,False,
STR-006,2025-03-05,9,37,False,
STR-006,2025-03-05,10,50,False,
STR-006,2025-03-05,11,44,False,
STR-006,2025-03-05,12,67,False,
STR-006,2025-03-05,13,52,False,
STR-006,2025-03-05,14,42,False,
STR-006,2025-03-05,15,55,False,
STR-006,2025-03-05,16,46,False,
STR-006,2025-03-05,17,39,False,
STR-006,2025-03-05,18,78,False,
STR-006,2025-03-05,19,84,False,
STR-006,2025-03-05,20,71,False,
STR-006,2025-03-05,21,49,False,
STR-006,2025-03-05,22,12,False,
STR-006,2025-03-05,23,11,False,
STR-006,2025-03-06,0,0,False,
STR-006,2025-03-06,1,0,False,
STR-006,2025-03-06,2,0,False,
STR-006,2025-03-06,3,0,False,
STR-006,2025-03-06,4,0,False,
STR-006,2025-03-06,5,0,False,
STR-006,2025-03-06,6,8,False,
STR-006,2025-03-06,7,21,False,
STR-006,2025-03-06,8,30,False,
STR-006,2025-03-06,9,45,False,
STR-006,2025-03-06,10,56,False,
STR-006,2025-03-06,11,50,False,
STR-006,2025-03-06,12,75,False,
STR-006,2025-03-06,13,47,False,
STR-006,2025-03-06,14,56,False,
STR-006,2025-03-06,15,58,False,
STR-006,2025-03-06,16,56,False,
STR-006,2025-03-06,17,54,False,
STR-006,2025-03-06,18,82,False,
STR-006,2025-03-06,19,83,False,
STR-006,2025-03-06,20,85,False,
STR-006,2025-03-06,21,67,False,
STR-006,2025-03-06,22,23,False,
STR-006,2025-03-06,23,19,False,
STR-006,2025-03-07,0,0,False,
STR-006,2025-03-07,1,0,False,
STR-006,2025-03-07,2,0,False,
STR-006,2025-03-07,3,0,False,
STR-006,2025-03-07,4,0,False,
STR-006,2025-03-07,5,0,False,
STR-006,2025-03-07,6,11,False,
STR-006,2025-03-07,7,24,False,
STR-006,2025-03-07,8,32,False,
STR-006,2025-03-07,9,28,False,
STR-006,2025-03-07,10,36,False,
STR-006,2025-03-07,11,35,False,
STR-006,2025-03-07,12,69,False,
STR-006,2025-03-07,13,43,False,
STR-006,2025-03-07,14,41,False,
STR-006,2025-03-07,15,50,False,
STR-006,2025-03-07,16,42,False,
STR-006,2025-03-07,17,48,False,
STR-006,2025-03-07,18,70,False,
STR-006,2025-03-07,19,82,False,
STR-006,2025-03-07,20,64,False,
STR-006,2025-03-07,21,49,False,
STR-006,2025-03-07,22,20,False,
STR-006,2025-03-07,23,15,False,
STR-006,2025-03-08,0,0,True,Holi
STR-006,2025-03-08,1,0,True,Holi
STR-006,2025-03-08,2,0,True,Holi
STR-006,2025-03-08,3,0,True,Holi
STR-006,2025-03-08,4,0,True,Holi
STR-006,2025-03-08,5,0,True,Holi
STR-006,2025-03-08,6,18,True,Holi
STR-006,2025-03-08,7,37,True,Holi
STR-006,2025-03-08,8,56,True,Holi
STR-006,2025-03-08,9,80,True,Holi
STR-006,2025-03-08,10,81,True,Holi
STR-006,2025-03-08,11,88,True,Holi
STR-006,2025-03-08,12,138,True,Holi
STR-006,2025-03-08,13,115,True,Holi
STR-006,2025-03-08,14,98,True,Holi
STR-006,2025-03-08,15,106,True,Holi
STR-006,2025-03-08,16,102,True,Holi
STR-006,2025-03-08,17,85,True,Holi
STR-006,2025-03-08,18,134,True,Holi
STR-006,2025-03-08,19,186,True,Holi
STR-006,2025-03-08,20,139,True,Holi
STR-006,2025-03-08,21,94,True,Holi
STR-006,2025-03-08,22,32,True,Holi
STR-006,2025-03-08,23,22,True,Holi
STR-006,2025-03-09,0,0,True,
STR-006,2025-03-09,1,0,True,
STR-006,2025-03-09,2,0,True,
STR-006,2025-03-09,3,0,True,
STR-006,2025-03-09,4,0,True,
STR-006,2025-03-09,5,0,True,
STR-006,2025-03-09,6,15,True,
STR-006,2025-03-09,7,27,True,
STR-006,2025-03-09,8,39,True,
STR-006,2025-03-09,9,37,True,
STR-006,2025-03-09,10,51,True,
STR-006,2025-03-09,11,44,True,
STR-006,2025-03-09,12,76,True,
STR-006,2025-03-09,13,54,True,
STR-006,2025-03-09,14,63,True,
STR-006,2025-03-09,15,59,True,
STR-006,2025-03-09,16,59,True,
STR-006,2025-03-09,17,64,True,
STR-006,2025-03-09,18,111,True,
STR-006,2025-03-09,19,104,True,
STR-006,2025-03-09,20,83,True,
STR-006,2025-03-09,21,76,True,
STR-006,2025-03-09,22,17,True,
STR-006,2025-03-09,23,10,True,
STR-006,2025-03-10,0,0,False,
STR-006,2025-03-10,1,0,False,
STR-006,2025-03-10,2,0,False,
STR-006,2025-03-10,3,0,False,
STR-006,2025-03-10,4,0,False,
STR-006,2025-03-10,5,0,False,
STR-006,2025-03-10,6,15,False,
STR-006,2025-03-10,7,24,False,
STR-006,2025-03-10,8,30,False,
STR-006,2025-03-10,9,35,False,
STR-006,2025-03-10,10,48,False,
STR-006,2025-03-10,11,46,False,
STR-006,2025-03-10,12,62,False,
STR-006,2025-03-10,13,65,False,
STR-006,2025-03-10,14,53,False,
STR-006,2025-03-10,15,46,False,
STR-006,2025-03-10,16,50,False,
STR-006,2025-03-10,17,42,False,
STR-006,2025-03-10,18,85,False,
STR-006,2025-03-10,19,79,False,
STR-006,2025-03-10,20,66,False,
STR-006,2025-03-10,21,44,False,
STR-006,2025-03-10,22,22,False,
STR-006,2025-03-10,23,9,False,
STR-006,2025-03-11,0,0,False,
STR-006,2025-03-11,1,0,False,
STR-006,2025-03-11,2,0,False,
STR-006,2025-03-11,3,0,False,
STR-006,2025-03-11,4,0,False,
STR-006,2025-03-11,5,0,False,
STR-006,2025-03-11,6,12,False,
STR-006,2025-03-11,7,21,False,
STR-006,2025-03-11,8,28,False,
STR-006,2025-03-11,9,40,False,
STR-006,2025-03-11,10,47,False,
STR-006,2025-03-11,11,58,False,
STR-006,2025-03-11,12,76,False,
STR-006,2025-03-11,13,58,False,
STR-006,2025-03-11,14,45,False,
STR-006,2025-03-11,15,37,False,
STR-006,2025-03-11,16,53,False,
STR-006,2025-03-11,17,47,False,
STR-006,2025-03-11,18,66,False,
STR-006,2025-03-11,19,88,False,
STR-006,2025-03-11,20,84,False,
STR-006,2025-03-11,21,51,False,
STR-006,2025-03-11,22,19,False,
STR-006,2025-03-11,23,14,False,
STR-006,2025-03-12,0,0,False,
STR-006,2025-03-12,1,0,False,
STR-006,2025-03-12,2,0,False,
STR-006,2025-03-12,3,0,False,
STR-006,2025-03-12,4,0,False,
STR-006,2025-03-12,5,0,False,
STR-006,2025-03-12,6,8,False,
STR-006,2025-03-12,7,22,False,
STR-006,2025-03-12,8,22,False,
STR-006,2025-03-12,9,30,False,
STR-006,2025-03-12,10,30,False,
STR-006,2025-03-12,11,43,False,
STR-006,2025-03-12,12,59,False,
STR-006,2025-03-12,13,59,False,
STR-006,2025-03-12,14,43,False,
STR-006,2025-03-12,15,47,False,
STR-006,2025-03-12,16,30,False,
STR-006,2025-03-12,17,47,False,
STR-006,2025-03-12,18,79,False,
STR-006,2025-03-12,19,83,False,
STR-006,2025-03-12,20,65,False,
STR-006,2025-03-12,21,44,False,
STR-006,2025-03-12,22,12,False,
STR-006,2025-03-12,23,9,False,
STR-006,2025-03-13,0,0,False,
STR-006,2025-03-13,1,0,False,
STR-006,2025-03-13,2,0,False,
STR-006,2025-03-13,3,0,False,
STR-006,2025-03-13,4,0,False,
STR-006,2025-03-13,5,0,False,
STR-006,2025-03-13,6,9,False,
STR-006,2025-03-13,7,9,False,
STR-006,2025-03-13,8,31,False,
STR-006,2025-03-13,9,37,False,
STR-006,2025-03-13,10,53,False,
STR-006,2025-03-13,11,53,False,
STR-006,2025-03-13,12,75,False,
STR-006,2025-03-13,13,69,False,
STR-006,2025-03-13,14,54,False,
STR-006,2025-03-13,15,40,False,
STR-006,2025-03-13,16,48,False,
STR-006,2025-03-13,17,47,False,
STR-006,2025-03-13,18,83,False,
STR-006,2025-03-13,19,84,False,
STR-006,2025-03-13,20,87,False,
STR-006,2025-03-13,21,62,False,
STR-006,2025-03-13,22,16,False,
STR-006,2025-03-13,23,12,False,
STR-006,2025-03-14,0,0,False,
STR-006,2025-03-14,1,0,False,
STR-006,2025-03-14,2,0,False,
STR-006,2025-03-14,3,0,False,
STR-006,2025-03-14,4,0,False,
STR-006,2025-03-14,5,0,False,
STR-006,2025-03-14,6,8,False,
STR-006,2025-03-14,7,23,False,
STR-006,2025-03-14,8,22,False,
STR-006,2025-03-14,9,26,False,
STR-006,2025-03-14,10,33,False,
STR-006,2025-03-14,11,44,False,
STR-006,2025-03-14,12,64,False,
STR-006,2025-03-14,13,63,False,
STR-006,2025-03-14,14,52,False,
STR-006,2025-03-14,15,59,False,
STR-006,2025-03-14,16,41,False,
STR-006,2025-03-14,17,52,False,
STR-006,2025-03-14,18,71,False,
STR-006,2025-03-14,19,90,False,
STR-006,2025-03-14,20,72,False,
STR-006,2025-03-14,21,55,False,
STR-006,2025-03-14,22,25,False,
STR-006,2025-03-14,23,9,False,
STR-006,2025-03-15,0,0,True,
STR-006,2025-03-15,1,0,True,
STR-006,2025-03-15,2,0,True,
STR-006,2025-03-15,3,0,True,
STR-006,2025-03-15,4,0,True,
STR-006,2025-03-15,5,0,True,
STR-006,2025-03-15,6,14,True,
STR-006,2025-03-15,7,30,True,
STR-006,2025-03-15,8,25,True,
STR-006,2025-03-15,9,45,True,
STR-006,2025-03-15,10,68,True,
STR-006,2025-03-15,11,74,True,
STR-006,2025-03-15,12,89,True,
STR-006,2025-03-15,13,70,True,
STR-006,2025-03-15,14,86,True,
STR-006,2025-03-15,15,64,True,
STR-006,2025-03-15,16,70,True,
STR-006,2025-03-15,17,63,True,
STR-006,2025-03-15,18,103,True,
STR-006,2025-03-15,19,106,True,
STR-006,2025-03-15,20,91,True,
STR-006,2025-03-15,21,94,True,
STR-006,2025-03-15,22,20,True,
STR-006,2025-03-15,23,10,True,
STR-006,2025-03-16,0,0,True,
STR-006,2025-03-16,1,0,True,
STR-006,2025-03-16,2,0,True,
STR-006,2025-03-16,3,0,True,
STR-006,2025-03-16,4,0,True,
STR-006,2025-03-16,5,0,True,
STR-006,2025-03-16,6,15,True,
STR-006,2025-03-16,7,26,True,
STR-006,2025-03-16,8,25,True,
STR-006,2025-03-16,9,55,True,
STR-006,2025-03-16,10,66,True,
STR-006,2025-03-16,11,59,True,
STR-006,2025-03-16,12,75,True,
STR-006,2025-03-16,13,71,True,
STR-006,2025-03-16,14,67,True,
STR-006,2025-03-16,15,61,True,
STR-006,2025-03-16,16,72,True,
STR-006,2025-03-16,17,68,True,
STR-006,2025-03-16,18,92,True,
STR-006,2025-03-16,19,111,True,
STR-006,2025-03-16,20,95,True,
STR-006,2025-03-16,21,70,True,
STR-006,2025-03-16,22,19,True,
STR-006,2025-03-16,23,11,True,
STR-006,2025-03-17,0,0,False,
STR-006,2025-03-17,1,0,False,
STR-006,2025-03-17,2,0,False,
STR-006,2025-03-17,3,0,False,
STR-006,2025-03-17,4,0,False,
STR-006,2025-03-17,5,0,False,
STR-006,2025-03-17,6,4,False,
STR-006,2025-03-17,7,18,False,
STR-006,2025-03-17,8,27,False,
STR-006,2025-03-17,9,42,False,
STR-006,2025-03-17,10,61,False,
STR-006,2025-03-17,11,51,False,
STR-006,2025-03-17,12,53,False,
STR-006,2025-03-17,13,51,False,
STR-006,2025-03-17,14,40,False,
STR-006,2025-03-17,15,54,False,
STR-006,2025-03-17,16,47,False,
STR-006,2025-03-17,17,50,False,
STR-006,2025-03-17,18,83,False,
STR-006,2025-03-17,19,106,False,
STR-006,2025-03-17,20,82,False,
STR-006,2025-03-17,21,60,False,
STR-006,2025-03-17,22,19,False,
STR-006,2025-03-17,23,10,False,
STR-006,2025-03-18,0,0,False,
STR-006,2025-03-18,1,0,False,
STR-006,2025-03-18,2,0,False,
STR-006,2025-03-18,3,0,False,
STR-006,2025-03-18,4,0,False,
STR-006,2025-03-18,5,0,False,
STR-006,2025-03-18,6,6,False,
STR-006,2025-03-18,7,21,False,
STR-006,2025-03-18,8,29,False,
STR-006,2025-03-18,9,35,False,
STR-006,2025-03-18,10,38,False,
STR-006,2025-03-18,11,49,False,
STR-006,2025-03-18,12,79,False,
STR-006,2025-03-18,13,48,False,
STR-006,2025-03-18,14,45,False,
STR-006,2025-03-18,15,40,False,
STR-006,2025-03-18,16,48,False,
STR-006,2025-03-18,17,59,False,
STR-006,2025-03-18,18,79,False,
STR-006,2025-03-18,19,85,False,
STR-006,2025-03-18,20,74,False,
STR-006,2025-03-18,21,58,False,
STR-006,2025-03-18,22,22,False,
STR-006,2025-03-18,23,9,False,
STR-006,2025-03-19,0,0,False,
STR-006,2025-03-19,1,0,False,
STR-006,2025-03-19,2,0,False,
STR-006,2025-03-19,3,0,False,
STR-006,2025-03-19,4,0,False,
STR-006,2025-03-19,5,0,False,
STR-006,2025-03-19,6,6,False,
STR-006,2025-03-19,7,20,False,
STR-006,2025-03-19,8,27,False,
STR-006,2025-03-19,9,24,False,
STR-006,2025-03-19,10,41,False,
STR-006,2025-03-19,11,46,False,
STR-006,2025-03-19,12,70,False,
STR-006,2025-03-19,13,51,False,
STR-006,2025-03-19,14,58,False,
STR-006,2025-03-19,15,43,False,
STR-006,2025-03-19,16,55,False,
STR-006,2025-03-19,17,32,False,
STR-006,2025-03-19,18,73,False,
STR-006,2025-03-19,19,87,False,
STR-006,2025-03-19,20,70,False,
STR-006,2025-03-19,21,64,False,
STR-006,2025-03-19,22,15,False,
STR-006,2025-03-19,23,6,False,
STR-006,2025-03-20,0,0,False,
STR-006,2025-03-20,1,0,False,
STR-006,2025-03-20,2,0,False,
STR-006,2025-03-20,3,0,False,
STR-006,2025-03-20,4,0,False,
STR-006,2025-03-20,5,0,False,
STR-006,2025-03-20,6,5,False,
STR-006,2025-03-20,7,5,False,
STR-006,2025-03-20,8,19,False,
STR-006,2025-03-20,9,27,False,
STR-006,2025-03-20,10,37,False,
STR-006,2025-03-20,11,44,False,
STR-006,2025-03-20,12,65,False,
STR-006,2025-03-20,13,45,False,
STR-006,2025-03-20,14,40,False,
STR-006,2025-03-20,15,58,False,
STR-006,2025-03-20,16,40,False,
STR-006,2025-03-20,17,39,False,
STR-006,2025-03-20,18,60,False,
STR-006,2025-03-20,19,66,False,
STR-006,2025-03-20,20,58,False,
STR-006,2025-03-20,21,39,False,
STR-006,2025-03-20,22,25,False,
STR-006,2025-03-20,23,5,False,
STR-006,2025-03-21,0,0,False,
STR-006,2025-03-21,1,0,False,
STR-006,2025-03-21,2,0,False,
STR-006,2025-03-21,3,0,False,
STR-006,2025-03-21,4,0,False,
STR-006,2025-03-21,5,0,False,
STR-006,2025-03-21,6,7,False,
STR-006,2025-03-21,7,26,False,
STR-006,2025-03-21,8,31,False,
STR-006,2025-03-21,9,29,False,
STR-006,2025-03-21,10,51,False,
STR-006,2025-03-21,11,45,False,
STR-006,2025-03-21,12,59,False,
STR-006,2025-03-21,13,60,False,
STR-006,2025-03-21,14,63,False,
STR-006,2025-03-21,15,49,False,
STR-006,2025-03-21,16,54,False,
STR-006,2025-03-21,17,48,False,
STR-006,2025-03-21,18,87,False,
STR-006,2025-03-21,19,84,False,
STR-006,2025-03-21,20,89,False,
STR-006,2025-03-21,21,56,False,
STR-006,2025-03-21,22,15,False,
STR-006,2025-03-21,23,14,False,
STR-006,2025-03-22,0,0,True,
STR-006,2025-03-22,1,0,True,
STR-006,2025-03-22,2,0,True,
STR-006,2025-03-22,3,0,True,
STR-006,2025-03-22,4,0,True,
STR-006,2025-03-22,5,0,True,
STR-006,2025-03-22,6,7,True,
STR-006,2025-03-22,7,22,True,
STR-006,2025-03-22,8,34,True,
STR-006,2025-03-22,9,41,True,
STR-006,2025-03-22,10,54,True,
STR-006,2025-03-22,11,49,True,
STR-006,2025-03-22,12,78,True,
STR-006,2025-03-22,13,77,True,
STR-006,2025-03-22,14,58,True,
STR-006,2025-03-22,15,42,True,
STR-006,2025-03-22,16,47,True,
STR-006,2025-03-22,17,64,True,
STR-006,2025-03-22,18,72,True,
STR-006,2025-03-22,19,86,True,
STR-006,2025-03-22,20,72,True,
STR-006,2025-03-22,21,68,True,
STR-006,2025-03-22,22,21,True,
STR-006,2025-03-22,23,13,True,
STR-006,2025-03-23,0,0,True,
STR-006,2025-03-23,1,0,True,
STR-006,2025-03-23,2,0,True,
STR-006,2025-03-23,3,0,True,
STR-006,2025-03-23,4,0,True,
STR-006,2025-03-23,5,0,True,
STR-006,2025-03-23,6,11,True,
STR-006,2025-03-23,7,13,True,
STR-006,2025-03-23,8,35,True,
STR-006,2025-03-23,9,43,True,
STR-006,2025-03-23,10,47,True,
STR-006,2025-03-23,11,46,True,
STR-006,2025-03-23,12,50,True,
STR-006,2025-03-23,13,76,True,
STR-006,2025-03-23,14,56,True,
STR-006,2025-03-23,15,57,True,
STR-006,2025-03-23,16,42,True,
STR-006,2025-03-23,17,52,True,
STR-006,2025-03-23,18,77,True,
STR-006,2025-03-23,19,91,True,
STR-006,2025-03-23,20,91,True,
STR-006,2025-03-23,21,72,True,
STR-006,2025-03-23,22,17,True,
STR-006,2025-03-23,23,12,True,
STR-006,2025-03-24,0,0,False,
STR-006,2025-03-24,1,0,False,
STR-006,2025-03-24,2,0,False,
STR-006,2025-03-24,3,0,False,
STR-006,2025-03-24,4,0,False,
STR-006,2025-03-24,5,0,False,
STR-006,2025-03-24,6,7,False,
STR-006,2025-03-24,7,27,False,
STR-006,2025-03-24,8,33,False,
STR-006,2025-03-24,9,47,False,
STR-006,2025-03-24,10,54,False,
STR-006,2025-03-24,11,52,False,
STR-006,2025-03-24,12,72,False,
STR-006,2025-03-24,13,58,False,
STR-006,2025-03-24,14,57,False,
STR-006,2025-03-24,15,41,False,
STR-006,2025-03-24,16,49,False,
STR-006,2025-03-24,17,42,False,
STR-006,2025-03-24,18,87,False,
STR-006,2025-03-24,19,77,False,
STR-006,2025-03-24,20,69,False,
STR-006,2025-03-24,21,58,False,
STR-006,2025-03-24,22,11,False,
STR-006,2025-03-24,23,11,False,
STR-006,2025-03-25,0,0,False,
STR-006,2025-03-25,1,0,False,
STR-006,2025-03-25,2,0,False,
STR-006,2025-03-25,3,0,False,
STR-006,2025-03-25,4,0,False,
STR-006,2025-03-25,5,0,False,
STR-006,2025-03-25,6,9,False,
STR-006,2025-03-25,7,25,False,
STR-006,2025-03-25,8,23,False,
STR-006,2025-03-25,9,36,False,
STR-006,2025-03-25,10,41,False,
STR-006,2025-03-25,11,32,False,
STR-006,2025-03-25,12,66,False,
STR-006,2025-03-25,13,47,False,
STR-006,2025-03-25,14,57,False,
STR-006,2025-03-25,15,49,False,
STR-006,2025-03-25,16,36,False,
STR-006,2025-03-25,17,44,False,
STR-006,2025-03-25,18,69,False,
STR-006,2025-03-25,19,78,False,
STR-006,2025-03-25,20,73,False,
STR-006,2025-03-25,21,48,False,
STR-006,2025-03-25,22,23,False,
STR-006,2025-03-25,23,10,False,
STR-006,2025-03-26,0,0,False,
STR-006,2025-03-26,1,0,False,
STR-006,2025-03-26,2,0,False,
STR-006,2025-03-26,3,0,False,
STR-006,2025-03-26,4,0,False,
STR-006,2025-03-26,5,0,False,
STR-006,2025-03-26,6,6,False,
STR-006,2025-03-26,7,21,False,
STR-006,2025-03-26,8,29,False,
STR-006,2025-03-26,9,47,False,
STR-006,2025-03-26,10,32,False,
STR-006,2025-03-26,11,50,False,
STR-006,2025-03-26,12,58,False,
STR-006,2025-03-26,13,52,False,
STR-006,2025-03-26,14,55,False,
STR-006,2025-03-26,15,52,False,
STR-006,2025-03-26,16,34,False,
STR-006,2025-03-26,17,53,False,
STR-006,2025-03-26,18,91,False,
STR-006,2025-03-26,19,96,False,
STR-006,2025-03-26,20,96,False,
STR-006,2025-03-26,21,51,False,
STR-006,2025-03-26,22,19,False,
STR-006,2025-03-26,23,8,False,
STR-006,2025-03-27,0,0,False,
STR-006,2025-03-27,1,0,False,
STR-006,2025-03-27,2,0,False,
STR-006,2025-03-27,3,0,False,
STR-006,2025-03-27,4,0,False,
STR-006,2025-03-27,5,0,False,
STR-006,2025-03-27,6,5,False,
STR-006,2025-03-27,7,18,False,
STR-006,2025-03-27,8,31,False,
STR-006,2025-03-27,9,46,False,
STR-006,2025-03-27,10,41,False,
STR-006,2025-03-27,11,34,False,
STR-006,2025-03-27,12,70,False,
STR-006,2025-03-27,13,61,False,
STR-006,2025-03-27,14,47,False,
STR-006,2025-03-27,15,35,False,
STR-006,2025-03-27,16,48,False,
STR-006,2025-03-27,17,32,False,
STR-006,2025-03-27,18,54,False,
STR-006,2025-03-27,19,82,False,
STR-006,2025-03-27,20,69,False,
STR-006,2025-03-27,21,48,False,
STR-006,2025-03-27,22,20,False,
STR-006,2025-03-27,23,9,False,
STR-006,2025-03-28,0,0,False,
STR-006,2025-03-28,1,0,False,
STR-006,2025-03-28,2,0,False,
STR-006,2025-03-28,3,0,False,
STR-006,2025-03-28,4,0,False,
STR-006,2025-03-28,5,0,False,
STR-006,2025-03-28,6,7,False,
STR-006,2025-03-28,7,11,False,
STR-006,2025-03-28,8,31,False,
STR-006,2025-03-28,9,29,False,
STR-006,2025-03-28,10,27,False,
STR-006,2025-03-28,11,43,False,
STR-006,2025-03-28,12,58,False,
STR-006,2025-03-28,13,51,False,
STR-006,2025-03-28,14,49,False,
STR-006,2025-03-28,15,33,False,
STR-006,2025-03-28,16,49,False,
STR-006,2025-03-28,17,41,False,
STR-006,2025-03-28,18,64,False,
STR-006,2025-03-28,19,83,False,
STR-006,2025-03-28,20,68,False,
STR-006,2025-03-28,21,49,False,
STR-006,2025-03-28,22,14,False,
STR-006,2025-03-28,23,8,False,
STR-006,2025-03-29,0,0,True,
STR-006,2025-03-29,1,0,True,
STR-006,2025-03-29,2,0,True,
STR-006,2025-03-29,3,0,True,
STR-006,2025-03-29,4,0,True,
STR-006,2025-03-29,5,0,True,
STR-006,2025-03-29,6,9,True,
STR-006,2025-03-29,7,17,True,
STR-006,2025-03-29,8,28,True,
STR-006,2025-03-29,9,35,True,
STR-006,2025-03-29,10,53,True,
STR-006,2025-03-29,11,48,True,
STR-006,2025-03-29,12,72,True,
STR-006,2025-03-29,13,51,True,
STR-006,2025-03-29,14,54,True,
STR-006,2025-03-29,15,48,True,
STR-006,2025-03-29,16,51,True,
STR-006,2025-03-29,17,56,True,
STR-006,2025-03-29,18,89,True,
STR-006,2025-03-29,19,96,True,
STR-006,2025-03-29,20,85,True,
STR-006,2025-03-29,21,54,True,
STR-006,2025-03-29,22,17,True,
STR-006,2025-03-29,23,12,True,
STR-006,2025-03-30,0,0,True,
STR-006,2025-03-30,1,0,True,
STR-006,2025-03-30,2,0,True,
STR-006,2025-03-30,3,0,True,
STR-006,2025-03-30,4,0,True,
STR-006,2025-03-30,5,0,True,
STR-006,2025-03-30,6,9,True,
STR-006,2025-03-30,7,24,True,
STR-006,2025-03-30,8,36,True,
STR-006,2025-03-30,9,40,True,
STR-006,2025-03-30,10,49,True,
STR-006,2025-03-30,11,44,True,
STR-006,2025-03-30,12,70,True,
STR-006,2025-03-30,13,74,True,
STR-006,2025-03-30,14,59,True,
STR-006,2025-03-30,15,60,True,
STR-006,2025-03-30,16,49,True,
STR-006,2025-03-30,17,54,True,
STR-006,2025-03-30,18,84,True,
STR-006,2025-03-30,19,83,True,
STR-006,2025-03-30,20,103,True,
STR-006,2025-03-30,21,62,True,
STR-006,2025-03-30,22,25,True,
STR-006,2025-03-30,23,14,True,
STR-006,2025-03-31,0,0,False,
STR-006,2025-03-31,1,0,False,
STR-006,2025-03-31,2,0,False,
STR-006,2025-03-31,3,0,False,
STR-006,2025-03-31,4,0,False,
STR-006,2025-03-31,5,0,False,
STR-006,2025-03-31,6,6,False,
STR-006,2025-03-31,7,19,False,
STR-006,2025-03-31,8,22,False,
STR-006,2025-03-31,9,34,False,
STR-006,2025-03-31,10,45,False,
STR-006,2025-03-31,11,50,False,
STR-006,2025-03-31,12,54,False,
STR-006,2025-03-31,13,42,False,
STR-006,2025-03-31,14,49,False,
STR-006,2025-03-31,15,37,False,
STR-006,2025-03-31,16,43,False,
STR-006,2025-03-31,17,37,False,
STR-006,2025-03-31,18,65,False,
STR-006,2025-03-31,19,65,False,
STR-006,2025-03-31,20,64,False,
STR-006,2025-03-31,21,50,False,
STR-006,2025-03-31,22,18,False,
STR-006,2025-03-31,23,8,False,
